Namespace(model='3b', schedule='interleaved-1f1b', dp=2, pp=2, batch_size=16, mbs=4, seq_len=256, warmup=2, iters=5, trace_iters=3, tracing=False, naive_grad_sync=False, activation_checkpointing=False, bucketing=False, zero_stage=0, nsight=True, no_render_dag=False, no_nvtx=False)
2026-04-02 00:44:15,383	INFO worker.py:2007 -- Started a local Ray instance.
/m-coriander/coriander/wxdeng/conda-envs/piper_ref/lib/python3.10/site-packages/ray/_private/worker.py:2046: FutureWarning: Tip: In future versions of Ray, Ray will no longer override accelerator visible devices env var if num_gpus=0 or num_gpus=None (default). To enable this behavior and turn off this error message, set RAY_ACCEL_ENV_VAR_OVERRIDE_ON_ZERO=0
  warnings.warn(
{'placement_group_id': '5407beef4a6f1391efb1e2187ac801000000', 'name': '', 'bundles': {0: {'CPU': 2.0, 'GPU': 2.0}, 1: {'CPU': 2.0, 'GPU': 2.0}}, 'bundles_to_node_id': {0: 'f0c75df4ea06d44cc128533a85e33b04e3078e5210678a40b952e491', 1: 'f0c75df4ea06d44cc128533a85e33b04e3078e5210678a40b952e491'}, 'strategy': 'PACK', 'state': 'CREATED', 'stats': {'end_to_end_creation_latency_ms': 3.093, 'scheduling_latency_ms': 2.952, 'scheduling_attempt': 1, 'highest_retry_delay_ms': 0.0, 'scheduling_state': 'FINISHED'}}
[36m(run_dp_rank pid=2566731)[0m Namespace(model='3b', schedule='interleaved-1f1b', dp=2, pp=2, batch_size=16, mbs=4, seq_len=256, warmup=2, iters=5, trace_iters=3, tracing=False, naive_grad_sync=False, activation_checkpointing=False, bucketing=False, zero_stage=0, nsight=True, no_render_dag=False, no_nvtx=False)
[36m(run_dp_rank pid=2566731)[0m 2026-04-02 00:44:28,859 - piper_coordinator - DEBUG - Running DP rank 1 of 2 with 10.158.48.71:42187 as master address
[36m(run_dp_rank pid=2566790)[0m 2026-04-02 00:44:28,878 - piper_coordinator - DEBUG - Running DP rank 2 of 2 with 10.158.48.71:42187 as master address
[36m(run_dp_rank pid=2566790)[0m Namespace(model='3b', schedule='interleaved-1f1b', dp=2, pp=2, batch_size=16, mbs=4, seq_len=256, warmup=2, iters=5, trace_iters=3, tracing=False, naive_grad_sync=False, activation_checkpointing=False, bucketing=False, zero_stage=0, nsight=True, no_render_dag=False, no_nvtx=False)
[36m(run_dp_rank pid=2566731)[0m Schedule:
[36m(run_dp_rank pid=2566731)[0m 0:0:f    	0:1:f    	2:0:f    	2:1:f    	 ------ 	0:2:f    	2:0:b    	0:3:f    	2:1:b    	2:2:f    	0:0:b    	2:3:f    	0:1:b    	 ------ 	2:2:b    	2:3:b    	0:2:b    	0:3:b    	
[36m(run_dp_rank pid=2566731)[0m  ------ 	1:0:f    	1:1:f    	3:0:f    	3:0:b    	3:1:f    	3:1:b    	1:2:f    	1:0:b    	1:3:f    	1:1:b    	3:2:f    	3:2:b    	3:3:f    	3:3:b    	1:2:b    	1:3:b    	 ------ 	
[36m(run_dp_rank pid=2566790)[0m Schedule:
[36m(run_dp_rank pid=2566790)[0m 0:0:f    	0:1:f    	2:0:f    	2:1:f    	 ------ 	0:2:f    	2:0:b    	0:3:f    	2:1:b    	2:2:f    	0:0:b    	2:3:f    	0:1:b    	 ------ 	2:2:b    	2:3:b    	0:2:b    	0:3:b    	
[36m(run_dp_rank pid=2566790)[0m  ------ 	1:0:f    	1:1:f    	3:0:f    	3:0:b    	3:1:f    	3:1:b    	1:2:f    	1:0:b    	1:3:f    	1:1:b    	3:2:f    	3:2:b    	3:3:f    	3:3:b    	1:2:b    	1:3:b    	 ------ 	
[36m(run_dp_rank pid=2566731)[0m 2026-04-02 00:44:32,158 - piper_actor - DEBUG - DP rank 0 created actor Actor(PiperActor, a893e9579719b70d6e07566801000000) global rank 0
[36m(run_dp_rank pid=2566731)[0m 2026-04-02 00:44:32,159 - piper_actor - DEBUG - DP rank 0 created actor Actor(PiperActor, 94861bcc21eee2100009998b01000000) global rank 1
[36m(run_dp_rank pid=2566790)[0m 2026-04-02 00:44:32,153 - piper_actor - DEBUG - DP rank 1 created actor Actor(PiperActor, 40770c3658706bf9dc2b596201000000) global rank 2
[36m(run_dp_rank pid=2566790)[0m 2026-04-02 00:44:32,154 - piper_actor - DEBUG - DP rank 1 created actor Actor(PiperActor, 86c373e9d853b5d7fdd4596a01000000) global rank 3
[36m(PiperActor pid=2587918)[0m 2026-04-02 00:45:38,797 - piper_actor - DEBUG - Initializing Ray actor 2 GPU 2
[36m(PiperActor pid=2587911)[0m 2026-04-02 00:45:38,785 - piper_actor - DEBUG - Initializing Ray actor 3 GPU 3
[36m(PiperActor pid=2587915)[0m 2026-04-02 00:45:39,246 - piper_actor - DEBUG - Initializing Ray actor 0 GPU 0
[36m(PiperActor pid=2587930)[0m 2026-04-02 00:45:39,219 - piper_actor - DEBUG - Initializing Ray actor 1 GPU 1
[36m(run_dp_rank pid=2566731)[0m 2026-04-02 00:45:43,529 - piper_compile - DEBUG - Master address for process groups: 10.158.48.71:57215
[36m(PiperActor pid=2587915)[0m 2026-04-02 00:45:43,531 - piper_actor - INFO - Actor 0 using GPU 0, master addr 10.158.48.71:57215
[36m(PiperActor pid=2587930)[0m 2026-04-02 00:45:43,534 - piper_actor - INFO - Actor 1 using GPU 1, master addr 10.158.48.71:57215
[36m(run_dp_rank pid=2566790)[0m 2026-04-02 00:45:43,690 - piper_compile - DEBUG - Master address for process groups: 10.158.48.71:57215
[36m(PiperActor pid=2587918)[0m 2026-04-02 00:45:43,696 - piper_actor - INFO - Actor 2 using GPU 2, master addr 10.158.48.71:57215
[36m(PiperActor pid=2587911)[0m 2026-04-02 00:45:43,699 - piper_actor - INFO - Actor 3 using GPU 3, master addr 10.158.48.71:57215
[36m(PiperActor pid=2587930)[0m 2026-04-02 00:45:43,869 - piper_actor - DEBUG - Actor 1 has GPU 1, joined the global process group
[36m(PiperActor pid=2587930)[0m 2026-04-02 00:45:43,871 - piper_actor - DEBUG - Global rank 1 joined its dp group 1 along with ranks [1, 3]
[36m(PiperActor pid=2587930)[0m 2026-04-02 00:45:43,873 - piper_actor - INFO - Global rank 1 warmed up pp communicators
[36m(PiperActor pid=2587918)[0m 2026-04-02 00:45:44,477 - piper_actor - DEBUG - Actor 2 has GPU 2, joined the global process group
[36m(PiperActor pid=2587918)[0m 2026-04-02 00:45:44,479 - piper_actor - DEBUG - Global rank 2 joined its dp group 0 along with ranks [0, 2]
[36m(PiperActor pid=2587918)[0m 2026-04-02 00:45:44,480 - piper_actor - INFO - Global rank 2 warmed up pp communicators
[36m(PiperActor pid=2587911)[0m 2026-04-02 00:45:44,481 - piper_actor - DEBUG - Actor 3 has GPU 3, joined the global process group
[36m(PiperActor pid=2587911)[0m 2026-04-02 00:45:44,484 - piper_actor - DEBUG - Global rank 3 joined its dp group 1 along with ranks [1, 3]
[36m(PiperActor pid=2587911)[0m 2026-04-02 00:45:44,486 - piper_actor - INFO - Global rank 3 warmed up pp communicators
[36m(PiperActor pid=2587915)[0m 2026-04-02 00:45:44,482 - piper_actor - DEBUG - Actor 0 has GPU 0, joined the global process group
[36m(PiperActor pid=2587915)[0m 2026-04-02 00:45:44,485 - piper_actor - DEBUG - Global rank 0 joined its dp group 0 along with ranks [0, 2]
[36m(PiperActor pid=2587915)[0m 2026-04-02 00:45:44,487 - piper_actor - INFO - Global rank 0 warmed up pp communicators
[36m(run_dp_rank pid=2566731)[0m Model size: 3607 M parameters (6.72 GB), dtype: torch.bfloat16
[36m(run_dp_rank pid=2566790)[0m 2026-04-02 00:45:44,621 - piper_compile - INFO - DP rank 1 waiting for dp_rank=0 to finish compiling...
[36m(run_dp_rank pid=2566731)[0m 2026-04-02 00:45:50,231 - piper_backend - DEBUG - Graph has stage annotations: True
[36m(run_dp_rank pid=2566731)[0m 2026-04-02 00:45:50,233 - piper_graph_transform - DEBUG - Found stage nodes in graph
[36m(PiperActor pid=2587915)[0m 2026-04-02 00:45:50,940 - piper_actor - DEBUG - Loading stage 0 (1 module(s)) on actor 0
[36m(PiperActor pid=2587930)[0m 2026-04-02 00:45:51,198 - piper_actor - DEBUG - Loading stage 1 (1 module(s)) on actor 1
[36m(PiperActor pid=2587915)[0m 2026-04-02 00:45:54,015 - piper_actor - DEBUG - Actor 0 imported and initialized Triton kernel modules
[36m(PiperActor pid=2587915)[0m 2026-04-02 00:45:54,015 - piper_actor - DEBUG - Manually registering Triton kernel at index 0 on actor 0...
[36m(PiperActor pid=2587930)[0m 2026-04-02 00:45:54,084 - piper_actor - DEBUG - Actor 1 imported and initialized Triton kernel modules
[36m(PiperActor pid=2587930)[0m 2026-04-02 00:45:54,085 - piper_actor - DEBUG - Manually registering Triton kernel at index 0 on actor 1...
[36m(PiperActor pid=2587915)[0m 2026-04-02 00:45:57,122 - piper_actor - DEBUG - Actor 0 registered kernel at id_to_kernel[0] (copied from index 0)
[36m(PiperActor pid=2587930)[0m 2026-04-02 00:45:57,096 - piper_actor - DEBUG - Actor 1 registered kernel at id_to_kernel[0] (copied from index 0)
[36m(PiperActor pid=2587930)[0m 2026-04-02 00:45:57,146 - piper_actor - DEBUG - _replace_meta_constants: No meta device tensors found to replace! (checked 0 submodules)
[36m(PiperActor pid=2587930)[0m 2026-04-02 00:45:57,146 - piper_actor - DEBUG - Stage 1 module 0 input indices: [0]
[36m(PiperActor pid=2587915)[0m 2026-04-02 00:45:57,174 - piper_actor - DEBUG - _replace_meta_constants: No meta device tensors found to replace! (checked 0 submodules)
[36m(PiperActor pid=2587915)[0m 2026-04-02 00:45:57,174 - piper_actor - DEBUG - Stage 0 module 0 input indices: [1]
[36m(PiperActor pid=2587930)[0m 2026-04-02 00:45:57,179 - piper_actor - DEBUG - Loading stage 3 (1 module(s)) on actor 1
[36m(PiperActor pid=2587930)[0m 2026-04-02 00:45:57,179 - piper_actor - DEBUG - Actor 1 imported and initialized Triton kernel modules
[36m(PiperActor pid=2587930)[0m 2026-04-02 00:45:57,179 - piper_actor - DEBUG - Manually registering Triton kernel at index 0 on actor 1...
[36m(PiperActor pid=2587915)[0m 2026-04-02 00:45:57,212 - piper_actor - DEBUG - Loading stage 2 (1 module(s)) on actor 0
[36m(PiperActor pid=2587915)[0m 2026-04-02 00:45:57,213 - piper_actor - DEBUG - Actor 0 imported and initialized Triton kernel modules
[36m(PiperActor pid=2587915)[0m 2026-04-02 00:45:57,213 - piper_actor - DEBUG - Manually registering Triton kernel at index 0 on actor 0...
[36m(PiperActor pid=2587930)[0m 2026-04-02 00:45:57,204 - piper_actor - DEBUG - Actor 1 registered kernel at id_to_kernel[0] (copied from index 0)
[36m(PiperActor pid=2587915)[0m 2026-04-02 00:45:57,271 - piper_actor - DEBUG - Actor 0 registered kernel at id_to_kernel[0] (copied from index 0)
[36m(PiperActor pid=2587930)[0m 2026-04-02 00:45:57,254 - piper_actor - DEBUG - _replace_meta_constants: No meta device tensors found to replace! (checked 0 submodules)
[36m(PiperActor pid=2587930)[0m 2026-04-02 00:45:57,254 - piper_actor - DEBUG - Stage 3 module 0 input indices: [0]
[36m(PiperActor pid=2587915)[0m 2026-04-02 00:45:57,321 - piper_actor - DEBUG - _replace_meta_constants: No meta device tensors found to replace! (checked 0 submodules)
[36m(PiperActor pid=2587915)[0m 2026-04-02 00:45:57,321 - piper_actor - DEBUG - Stage 2 module 0 input indices: [0]
[36m(run_dp_rank pid=2566731)[0m 2026-04-02 00:45:57,706 - piper_backend - DEBUG - Built task DAG: 34 nodes, 28 data edges, 32 temporal edges
[36m(run_dp_rank pid=2566731)[0m 2026-04-02 00:45:57,706 - piper_backend - DEBUG - Inserted ALL_REDUCE nodes for DP gradient sync
[36m(run_dp_rank pid=2566731)[0m 2026-04-02 00:45:57,707 - piper_graph_transform - WARNING - graphviz Python package not installed; skipping DAG visualisation
[36m(run_dp_rank pid=2566731)[0m 2026-04-02 00:45:57,707 - piper_graph_transform - WARNING - graphviz Python package not installed; skipping DAG visualisation
[36m(run_dp_rank pid=2566731)[0m 2026-04-02 00:45:57,711 - piper_backend - DEBUG - Loaded per-rank DAGs onto 2 actors
[36m(run_dp_rank pid=2566731)[0m 2026-04-02 00:45:58,543 - piper_backend - WARNING - Should not directly call compiled module, running non-distributed execution
[36m(run_dp_rank pid=2566731)[0m 2026-04-02 00:45:58,544 - piper_compile - INFO - DP rank 0 stage graphs loaded onto actors.
[36m(run_dp_rank pid=2566731)[0m 2026-04-02 00:46:00,977 - piper_compile - INFO - DP rank 0 published compiled stage data.
[36m(run_dp_rank pid=2566790)[0m 2026-04-02 00:46:00,991 - piper_compile - INFO - DP rank 1 received compiled stage data, loading onto actors...
[36m(PiperActor pid=2587918)[0m 2026-04-02 00:46:01,999 - piper_actor - DEBUG - Loading stage 0 (1 module(s)) on actor 2
[36m(PiperActor pid=2587911)[0m 2026-04-02 00:46:01,002 - piper_actor - DEBUG - Loading stage 1 (1 module(s)) on actor 3
[36m(PiperActor pid=2587915)[0m 2026-04-02 00:46:00,983 - piper_actor - DEBUG - Actor 0 loaded inputs 1
[36m(PiperActor pid=2587918)[0m 2026-04-02 00:46:04,100 - piper_actor - DEBUG - Actor 2 imported and initialized Triton kernel modules
[36m(PiperActor pid=2587918)[0m 2026-04-02 00:46:04,101 - piper_actor - DEBUG - Manually registering Triton kernel at index 0 on actor 2...
[36m(PiperActor pid=2587911)[0m 2026-04-02 00:46:04,161 - piper_actor - DEBUG - Actor 3 imported and initialized Triton kernel modules
[36m(PiperActor pid=2587911)[0m 2026-04-02 00:46:04,161 - piper_actor - DEBUG - Manually registering Triton kernel at index 0 on actor 3...
[36m(run_dp_rank pid=2566731)[0m Running 2 warmup iterations...
[36m(run_dp_rank pid=2566731)[0m 2026-04-02 00:46:06,266 - piper_compile - INFO - DP rank 0 real inputs/labels loaded onto actors.
[36m(run_dp_rank pid=2566731)[0m 2026-04-02 00:46:06,266 - piper_compile - INFO - DP rank 0 done.
[36m(PiperActor pid=2587918)[0m 2026-04-02 00:46:06,232 - piper_actor - DEBUG - Actor 2 registered kernel at id_to_kernel[0] (copied from index 0)
[36m(PiperActor pid=2587918)[0m 2026-04-02 00:46:06,282 - piper_actor - DEBUG - _replace_meta_constants: No meta device tensors found to replace! (checked 0 submodules)
[36m(PiperActor pid=2587918)[0m 2026-04-02 00:46:06,283 - piper_actor - DEBUG - Stage 0 module 0 input indices: [1]
[36m(PiperActor pid=2587911)[0m 2026-04-02 00:46:06,231 - piper_actor - DEBUG - Actor 3 registered kernel at id_to_kernel[0] (copied from index 0)
[36m(PiperActor pid=2587911)[0m 2026-04-02 00:46:06,282 - piper_actor - DEBUG - _replace_meta_constants: No meta device tensors found to replace! (checked 0 submodules)
[36m(PiperActor pid=2587911)[0m 2026-04-02 00:46:06,282 - piper_actor - DEBUG - Stage 1 module 0 input indices: [0]
[36m(PiperActor pid=2587915)[0m 2026-04-02 00:46:06,272 - piper_actor - DEBUG - run_dag dispatch (time 0): forward s0 mb0 bkt=0
[36m(PiperActor pid=2587930)[0m 2026-04-02 00:46:06,254 - piper_actor - DEBUG - Actor 1 loaded labels torch.Size([16, 256, 128256])
[36m(PiperActor pid=2587930)[0m 2026-04-02 00:46:06,272 - piper_actor - DEBUG - run_dag dispatch (time -1): recv s1 mb0 bkt=0
[36m(PiperActor pid=2587930)[0m 2026-04-02 00:46:06,273 - piper_actor - DEBUG - exec_recv key ((1, 0), 0) from peer pp rank 0
[36m(PiperActor pid=2587930)[0m [rank1]:[W402 00:46:06.786149359 ProcessGroupNCCL.cpp:4068] Warning: An unbatched P2P op (send/recv) was called on this ProcessGroup with size 2.  In lazy initialization mode, this will result in a new 2-rank NCCL communicator to be created. (function operator())
[36m(PiperActor pid=2587918)[0m 2026-04-02 00:46:06,423 - piper_actor - DEBUG - Loading stage 2 (1 module(s)) on actor 2
[36m(PiperActor pid=2587918)[0m 2026-04-02 00:46:06,423 - piper_actor - DEBUG - Actor 2 imported and initialized Triton kernel modules
[36m(PiperActor pid=2587918)[0m 2026-04-02 00:46:06,424 - piper_actor - DEBUG - Manually registering Triton kernel at index 0 on actor 2...
[36m(PiperActor pid=2587918)[0m 2026-04-02 00:46:06,533 - piper_actor - DEBUG - Actor 2 registered kernel at id_to_kernel[0] (copied from index 0)
[36m(PiperActor pid=2587911)[0m 2026-04-02 00:46:06,423 - piper_actor - DEBUG - Loading stage 3 (1 module(s)) on actor 3
[36m(PiperActor pid=2587911)[0m 2026-04-02 00:46:06,423 - piper_actor - DEBUG - Actor 3 imported and initialized Triton kernel modules
[36m(PiperActor pid=2587911)[0m 2026-04-02 00:46:06,423 - piper_actor - DEBUG - Manually registering Triton kernel at index 0 on actor 3...
[36m(PiperActor pid=2587911)[0m 2026-04-02 00:46:06,530 - piper_actor - DEBUG - Actor 3 registered kernel at id_to_kernel[0] (copied from index 0)
[36m(PiperActor pid=2587918)[0m 2026-04-02 00:46:06,583 - piper_actor - DEBUG - _replace_meta_constants: No meta device tensors found to replace! (checked 0 submodules)
[36m(PiperActor pid=2587918)[0m 2026-04-02 00:46:06,583 - piper_actor - DEBUG - Stage 2 module 0 input indices: [0]
[36m(PiperActor pid=2587911)[0m 2026-04-02 00:46:06,587 - piper_actor - DEBUG - _replace_meta_constants: No meta device tensors found to replace! (checked 0 submodules)
[36m(PiperActor pid=2587911)[0m 2026-04-02 00:46:06,587 - piper_actor - DEBUG - Stage 3 module 0 input indices: [0]
[36m(run_dp_rank pid=2566790)[0m 2026-04-02 00:46:06,741 - piper_compile - INFO - DP rank 1 stage graphs and DAGs loaded onto actors.
[36m(PiperActor pid=2587918)[0m 2026-04-02 00:46:06,746 - piper_actor - DEBUG - Actor 2 loaded inputs 1
[36m(PiperActor pid=2587915)[0m 2026-04-02 00:46:07,353 - piper_actor - DEBUG - run_dag dispatch (time 1): forward s0 mb1 bkt=0
[36m(PiperActor pid=2587915)[0m 2026-04-02 00:46:07,397 - piper_actor - DEBUG - run_dag dispatch (time 1): send s0 mb0 bkt=0
[36m(PiperActor pid=2587915)[0m 2026-04-02 00:46:07,397 - piper_actor - DEBUG - exec_send key ((0, 0), 0) to peer pp rank 1
[36m(PiperActor pid=2587915)[0m [rank0]:[W402 00:46:07.910366509 ProcessGroupNCCL.cpp:4068] Warning: An unbatched P2P op (send/recv) was called on this ProcessGroup with size 2.  In lazy initialization mode, this will result in a new 2-rank NCCL communicator to be created. (function operator())
[36m(PiperActor pid=2587911)[0m 2026-04-02 00:46:10,307 - piper_actor - DEBUG - Actor 3 loaded labels torch.Size([16, 256, 128256])
[36m(run_dp_rank pid=2566790)[0m 2026-04-02 00:46:10,319 - piper_compile - INFO - DP rank 1 real inputs/labels loaded onto actors.
[36m(run_dp_rank pid=2566790)[0m 2026-04-02 00:46:10,319 - piper_compile - INFO - DP rank 1 done.
[36m(run_dp_rank pid=2566790)[0m Running 2 warmup iterations...
[36m(PiperActor pid=2587918)[0m 2026-04-02 00:46:10,325 - piper_actor - DEBUG - run_dag dispatch (time 0): forward s0 mb0 bkt=0
[36m(PiperActor pid=2587911)[0m 2026-04-02 00:46:10,326 - piper_actor - DEBUG - run_dag dispatch (time -1): recv s1 mb0 bkt=0
[36m(PiperActor pid=2587911)[0m 2026-04-02 00:46:10,327 - piper_actor - DEBUG - exec_recv key ((1, 0), 0) from peer pp rank 0
[36m(PiperActor pid=2587911)[0m [rank3]:[W402 00:46:10.840752211 ProcessGroupNCCL.cpp:4068] Warning: An unbatched P2P op (send/recv) was called on this ProcessGroup with size 2.  In lazy initialization mode, this will result in a new 2-rank NCCL communicator to be created. (function operator())
[36m(PiperActor pid=2587918)[0m 2026-04-02 00:46:11,501 - piper_actor - DEBUG - run_dag dispatch (time 1): forward s0 mb1 bkt=0
[36m(PiperActor pid=2587918)[0m 2026-04-02 00:46:12,051 - piper_actor - DEBUG - run_dag dispatch (time 1): send s0 mb0 bkt=0
[36m(PiperActor pid=2587918)[0m 2026-04-02 00:46:12,052 - piper_actor - DEBUG - exec_send key ((0, 0), 0) to peer pp rank 1
[36m(PiperActor pid=2587918)[0m [rank2]:[W402 00:46:12.565194252 ProcessGroupNCCL.cpp:4068] Warning: An unbatched P2P op (send/recv) was called on this ProcessGroup with size 2.  In lazy initialization mode, this will result in a new 2-rank NCCL communicator to be created. (function operator())
[36m(PiperActor pid=2587915)[0m 2026-04-02 00:46:18,172 - piper_actor - DEBUG - run_dag dispatch (time 1): recv s2 mb0 bkt=0
[36m(PiperActor pid=2587915)[0m 2026-04-02 00:46:18,173 - piper_actor - DEBUG - exec_recv key ((2, 0), 0) from peer pp rank 1
[36m(PiperActor pid=2587915)[0m [rank0]:[W402 00:46:18.686477824 ProcessGroupNCCL.cpp:4068] Warning: An unbatched P2P op (send/recv) was called on this ProcessGroup with size 2.  In lazy initialization mode, this will result in a new 2-rank NCCL communicator to be created. (function operator())
[36m(PiperActor pid=2587930)[0m 2026-04-02 00:46:18,179 - piper_actor - DEBUG - run_dag dispatch (time 0): forward s1 mb0 bkt=0
[36m(PiperActor pid=2587918)[0m 2026-04-02 00:46:19,364 - piper_actor - DEBUG - run_dag dispatch (time 1): recv s2 mb0 bkt=0
[36m(PiperActor pid=2587918)[0m 2026-04-02 00:46:19,365 - piper_actor - DEBUG - exec_recv key ((2, 0), 0) from peer pp rank 1
[36m(PiperActor pid=2587918)[0m [rank2]:[W402 00:46:19.878127961 ProcessGroupNCCL.cpp:4068] Warning: An unbatched P2P op (send/recv) was called on this ProcessGroup with size 2.  In lazy initialization mode, this will result in a new 2-rank NCCL communicator to be created. (function operator())
[36m(PiperActor pid=2587911)[0m 2026-04-02 00:46:19,374 - piper_actor - DEBUG - run_dag dispatch (time 0): forward s1 mb0 bkt=0
[36m(PiperActor pid=2587930)[0m 2026-04-02 00:46:19,418 - piper_actor - DEBUG - run_dag dispatch (time 0): recv s1 mb1 bkt=0
[36m(PiperActor pid=2587930)[0m 2026-04-02 00:46:19,419 - piper_actor - DEBUG - exec_recv key ((1, 0), 1) from peer pp rank 0
[36m(PiperActor pid=2587930)[0m 2026-04-02 00:46:19,419 - piper_actor - DEBUG - run_dag dispatch (time 1): forward s1 mb1 bkt=0
[36m(PiperActor pid=2587930)[0m 2026-04-02 00:46:19,575 - piper_actor - DEBUG - run_dag dispatch (time 1): recv s3 mb0 bkt=0
[36m(PiperActor pid=2587930)[0m 2026-04-02 00:46:19,575 - piper_actor - DEBUG - exec_recv key ((3, 0), 0) from peer pp rank 0
[36m(PiperActor pid=2587930)[0m 2026-04-02 00:46:19,576 - piper_actor - DEBUG - run_dag dispatch (time 1): send s1 mb0 bkt=0
[36m(PiperActor pid=2587930)[0m 2026-04-02 00:46:19,576 - piper_actor - DEBUG - exec_send key ((1, 0), 0) to peer pp rank 0
[36m(PiperActor pid=2587930)[0m [rank1]:[W402 00:46:19.089298663 ProcessGroupNCCL.cpp:4068] Warning: An unbatched P2P op (send/recv) was called on this ProcessGroup with size 2.  In lazy initialization mode, this will result in a new 2-rank NCCL communicator to be created. (function operator())
[36m(PiperActor pid=2587911)[0m 2026-04-02 00:46:20,491 - piper_actor - DEBUG - run_dag dispatch (time 0): recv s1 mb1 bkt=0
[36m(PiperActor pid=2587911)[0m 2026-04-02 00:46:20,491 - piper_actor - DEBUG - exec_recv key ((1, 0), 1) from peer pp rank 0
[36m(PiperActor pid=2587911)[0m 2026-04-02 00:46:20,492 - piper_actor - DEBUG - run_dag dispatch (time 1): forward s1 mb1 bkt=0
[36m(PiperActor pid=2587911)[0m 2026-04-02 00:46:20,897 - piper_actor - DEBUG - run_dag dispatch (time 1): recv s3 mb0 bkt=0
[36m(PiperActor pid=2587911)[0m 2026-04-02 00:46:20,897 - piper_actor - DEBUG - exec_recv key ((3, 0), 0) from peer pp rank 0
[36m(PiperActor pid=2587911)[0m 2026-04-02 00:46:20,898 - piper_actor - DEBUG - run_dag dispatch (time 1): send s1 mb0 bkt=0
[36m(PiperActor pid=2587911)[0m 2026-04-02 00:46:20,899 - piper_actor - DEBUG - exec_send key ((1, 0), 0) to peer pp rank 0
[36m(PiperActor pid=2587911)[0m [rank3]:[W402 00:46:20.411726385 ProcessGroupNCCL.cpp:4068] Warning: An unbatched P2P op (send/recv) was called on this ProcessGroup with size 2.  In lazy initialization mode, this will result in a new 2-rank NCCL communicator to be created. (function operator())
[36m(PiperActor pid=2587918)[0m 2026-04-02 00:46:28,486 - piper_actor - DEBUG - run_dag dispatch (time 2): forward s2 mb0 bkt=0
[36m(PiperActor pid=2587911)[0m 2026-04-02 00:46:28,486 - piper_actor - DEBUG - run_dag dispatch (time 2): forward s3 mb0 bkt=0
[36m(PiperActor pid=2587915)[0m 2026-04-02 00:46:28,627 - piper_actor - DEBUG - run_dag dispatch (time 2): forward s2 mb0 bkt=0
[36m(PiperActor pid=2587930)[0m 2026-04-02 00:46:28,627 - piper_actor - DEBUG - run_dag dispatch (time 2): forward s3 mb0 bkt=0
[36m(PiperActor pid=2587918)[0m 2026-04-02 00:46:28,759 - piper_actor - DEBUG - run_dag dispatch (time 2): send s0 mb1 bkt=0
[36m(PiperActor pid=2587918)[0m 2026-04-02 00:46:28,760 - piper_actor - DEBUG - exec_send key ((0, 0), 1) to peer pp rank 1
[36m(PiperActor pid=2587918)[0m 2026-04-02 00:46:28,760 - piper_actor - DEBUG - run_dag dispatch (time 2): recv s2 mb1 bkt=0
[36m(PiperActor pid=2587918)[0m 2026-04-02 00:46:28,761 - piper_actor - DEBUG - exec_recv key ((2, 0), 1) from peer pp rank 1
[36m(PiperActor pid=2587918)[0m 2026-04-02 00:46:28,761 - piper_actor - DEBUG - run_dag dispatch (time 3): forward s2 mb1 bkt=0
[36m(PiperActor pid=2587915)[0m 2026-04-02 00:46:29,802 - piper_actor - DEBUG - run_dag dispatch (time 2): send s0 mb1 bkt=0
[36m(PiperActor pid=2587915)[0m 2026-04-02 00:46:29,802 - piper_actor - DEBUG - exec_send key ((0, 0), 1) to peer pp rank 1
[36m(PiperActor pid=2587915)[0m 2026-04-02 00:46:29,803 - piper_actor - DEBUG - run_dag dispatch (time 2): recv s2 mb1 bkt=0
[36m(PiperActor pid=2587915)[0m 2026-04-02 00:46:29,803 - piper_actor - DEBUG - exec_recv key ((2, 0), 1) from peer pp rank 1
[36m(PiperActor pid=2587915)[0m 2026-04-02 00:46:29,803 - piper_actor - DEBUG - run_dag dispatch (time 3): forward s2 mb1 bkt=0
[36m(PiperActor pid=2587918)[0m 2026-04-02 00:46:29,924 - piper_actor - DEBUG - run_dag dispatch (time 3): send s2 mb0 bkt=0
[36m(PiperActor pid=2587918)[0m 2026-04-02 00:46:29,924 - piper_actor - DEBUG - exec_send key ((2, 0), 0) to peer pp rank 1
[36m(PiperActor pid=2587918)[0m 2026-04-02 00:46:29,925 - piper_actor - DEBUG - run_dag dispatch (time 4): forward s0 mb2 bkt=0
[36m(PiperActor pid=2587911)[0m 2026-04-02 00:46:29,945 - piper_actor - DEBUG - run_dag dispatch (time 2): send s1 mb1 bkt=0
[36m(PiperActor pid=2587911)[0m 2026-04-02 00:46:29,946 - piper_actor - DEBUG - exec_send key ((1, 0), 1) to peer pp rank 0
[36m(PiperActor pid=2587911)[0m 2026-04-02 00:46:29,946 - piper_actor - DEBUG - run_dag dispatch (time 3): backward s3 mb0 bkt=0
[36m(PiperActor pid=2587911)[0m 2026-04-02 00:46:30,074 - piper_actor - DEBUG - run_dag dispatch (time 3): recv s3 mb1 bkt=0
[36m(PiperActor pid=2587911)[0m 2026-04-02 00:46:30,074 - piper_actor - DEBUG - exec_recv key ((3, 0), 1) from peer pp rank 0
[36m(PiperActor pid=2587911)[0m 2026-04-02 00:46:30,075 - piper_actor - DEBUG - run_dag dispatch (time 4): forward s3 mb1 bkt=0
[36m(PiperActor pid=2587911)[0m 2026-04-02 00:46:30,087 - piper_actor - DEBUG - run_dag dispatch (time 4): send s3 mb0 bkt=0
[36m(PiperActor pid=2587911)[0m 2026-04-02 00:46:30,087 - piper_actor - DEBUG - exec_send key (None, 0) to peer pp rank 0
[36m(PiperActor pid=2587911)[0m 2026-04-02 00:46:30,087 - piper_actor - DEBUG - run_dag dispatch (time 5): backward s3 mb1 bkt=0
[36m(PiperActor pid=2587915)[0m 2026-04-02 00:46:30,146 - piper_actor - DEBUG - run_dag dispatch (time 3): send s2 mb0 bkt=0
[36m(PiperActor pid=2587915)[0m 2026-04-02 00:46:30,146 - piper_actor - DEBUG - exec_send key ((2, 0), 0) to peer pp rank 1
[36m(PiperActor pid=2587915)[0m 2026-04-02 00:46:30,146 - piper_actor - DEBUG - run_dag dispatch (time 4): forward s0 mb2 bkt=0
[36m(PiperActor pid=2587930)[0m 2026-04-02 00:46:30,177 - piper_actor - DEBUG - run_dag dispatch (time 2): send s1 mb1 bkt=0
[36m(PiperActor pid=2587930)[0m 2026-04-02 00:46:30,177 - piper_actor - DEBUG - exec_send key ((1, 0), 1) to peer pp rank 0
[36m(PiperActor pid=2587930)[0m 2026-04-02 00:46:30,178 - piper_actor - DEBUG - run_dag dispatch (time 3): backward s3 mb0 bkt=0
[36m(PiperActor pid=2587918)[0m 2026-04-02 00:46:30,334 - piper_actor - DEBUG - run_dag dispatch (time 4): send s2 mb1 bkt=0
[36m(PiperActor pid=2587918)[0m 2026-04-02 00:46:30,335 - piper_actor - DEBUG - exec_send key ((2, 0), 1) to peer pp rank 1
[36m(PiperActor pid=2587918)[0m 2026-04-02 00:46:30,335 - piper_actor - DEBUG - run_dag dispatch (time 4): recv s2 mb0 bkt=0
[36m(PiperActor pid=2587918)[0m 2026-04-02 00:46:30,335 - piper_actor - DEBUG - exec_recv key (None, 0) from peer pp rank 1
[36m(PiperActor pid=2587918)[0m 2026-04-02 00:46:30,336 - piper_actor - DEBUG - run_dag dispatch (time 5): backward s2 mb0 bkt=0
[36m(PiperActor pid=2587911)[0m 2026-04-02 00:46:30,340 - piper_actor - DEBUG - run_dag dispatch (time 5): recv s1 mb2 bkt=0
[36m(PiperActor pid=2587911)[0m 2026-04-02 00:46:30,340 - piper_actor - DEBUG - exec_recv key ((1, 0), 2) from peer pp rank 0
[36m(PiperActor pid=2587911)[0m 2026-04-02 00:46:30,341 - piper_actor - DEBUG - run_dag dispatch (time 6): forward s1 mb2 bkt=0
[36m(PiperActor pid=2587930)[0m 2026-04-02 00:46:30,288 - piper_actor - DEBUG - run_dag dispatch (time 3): recv s3 mb1 bkt=0
[36m(PiperActor pid=2587930)[0m 2026-04-02 00:46:30,288 - piper_actor - DEBUG - exec_recv key ((3, 0), 1) from peer pp rank 0
[36m(PiperActor pid=2587930)[0m 2026-04-02 00:46:30,289 - piper_actor - DEBUG - run_dag dispatch (time 4): forward s3 mb1 bkt=0
[36m(PiperActor pid=2587930)[0m 2026-04-02 00:46:30,300 - piper_actor - DEBUG - run_dag dispatch (time 4): send s3 mb0 bkt=0
[36m(PiperActor pid=2587930)[0m 2026-04-02 00:46:30,300 - piper_actor - DEBUG - exec_send key (None, 0) to peer pp rank 0
[36m(PiperActor pid=2587930)[0m 2026-04-02 00:46:30,300 - piper_actor - DEBUG - run_dag dispatch (time 5): backward s3 mb1 bkt=0
[36m(PiperActor pid=2587911)[0m 2026-04-02 00:46:30,385 - piper_actor - DEBUG - run_dag dispatch (time 6): recv s1 mb0 bkt=0
[36m(PiperActor pid=2587911)[0m 2026-04-02 00:46:30,385 - piper_actor - DEBUG - exec_recv key (None, 0) from peer pp rank 0
[36m(PiperActor pid=2587911)[0m 2026-04-02 00:46:30,386 - piper_actor - DEBUG - run_dag dispatch (time 6): send s3 mb1 bkt=0
[36m(PiperActor pid=2587911)[0m 2026-04-02 00:46:30,386 - piper_actor - DEBUG - exec_send key (None, 1) to peer pp rank 0
[36m(PiperActor pid=2587911)[0m 2026-04-02 00:46:30,386 - piper_actor - DEBUG - run_dag dispatch (time 7): backward s1 mb0 bkt=0
[36m(PiperActor pid=2587918)[0m 2026-04-02 00:46:30,957 - piper_actor - DEBUG - run_dag dispatch (time 5): send s0 mb2 bkt=0
[36m(PiperActor pid=2587918)[0m 2026-04-02 00:46:30,958 - piper_actor - DEBUG - exec_send key ((0, 0), 2) to peer pp rank 1
[36m(PiperActor pid=2587918)[0m 2026-04-02 00:46:30,958 - piper_actor - DEBUG - run_dag dispatch (time 6): forward s0 mb3 bkt=0
[36m(PiperActor pid=2587918)[0m 2026-04-02 00:46:30,969 - piper_actor - DEBUG - run_dag dispatch (time 6): send s2 mb0 bkt=0
[36m(PiperActor pid=2587918)[0m 2026-04-02 00:46:30,969 - piper_actor - DEBUG - exec_send key (None, 0) to peer pp rank 1
[36m(PiperActor pid=2587918)[0m 2026-04-02 00:46:30,970 - piper_actor - DEBUG - run_dag dispatch (time 6): recv s2 mb1 bkt=0
[36m(PiperActor pid=2587918)[0m 2026-04-02 00:46:30,970 - piper_actor - DEBUG - exec_recv key (None, 1) from peer pp rank 1
[36m(PiperActor pid=2587918)[0m 2026-04-02 00:46:30,970 - piper_actor - DEBUG - run_dag dispatch (time 7): backward s2 mb1 bkt=0
[36m(PiperActor pid=2587918)[0m 2026-04-02 00:46:30,992 - piper_actor - DEBUG - run_dag dispatch (time 7): send s0 mb3 bkt=0
[36m(PiperActor pid=2587918)[0m 2026-04-02 00:46:30,992 - piper_actor - DEBUG - exec_send key ((0, 0), 3) to peer pp rank 1
[36m(PiperActor pid=2587918)[0m 2026-04-02 00:46:30,992 - piper_actor - DEBUG - run_dag dispatch (time 7): recv s2 mb2 bkt=0
[36m(PiperActor pid=2587918)[0m 2026-04-02 00:46:30,993 - piper_actor - DEBUG - exec_recv key ((2, 0), 2) from peer pp rank 1
[36m(PiperActor pid=2587918)[0m 2026-04-02 00:46:30,993 - piper_actor - DEBUG - run_dag dispatch (time 8): forward s2 mb2 bkt=0
[36m(PiperActor pid=2587918)[0m 2026-04-02 00:46:31,003 - piper_actor - DEBUG - run_dag dispatch (time 8): send s2 mb1 bkt=0
[36m(PiperActor pid=2587918)[0m 2026-04-02 00:46:31,004 - piper_actor - DEBUG - exec_send key (None, 1) to peer pp rank 1
[36m(PiperActor pid=2587918)[0m 2026-04-02 00:46:31,004 - piper_actor - DEBUG - run_dag dispatch (time 8): recv s0 mb0 bkt=0
[36m(PiperActor pid=2587918)[0m 2026-04-02 00:46:31,004 - piper_actor - DEBUG - exec_recv key (None, 0) from peer pp rank 1
[36m(PiperActor pid=2587918)[0m 2026-04-02 00:46:31,004 - piper_actor - DEBUG - run_dag dispatch (time 9): backward s0 mb0 bkt=0
[36m(PiperActor pid=2587911)[0m 2026-04-02 00:46:30,961 - piper_actor - DEBUG - run_dag dispatch (time 7): recv s1 mb3 bkt=0
[36m(PiperActor pid=2587911)[0m 2026-04-02 00:46:30,961 - piper_actor - DEBUG - exec_recv key ((1, 0), 3) from peer pp rank 0
[36m(PiperActor pid=2587911)[0m 2026-04-02 00:46:30,962 - piper_actor - DEBUG - run_dag dispatch (time 7): send s1 mb2 bkt=0
[36m(PiperActor pid=2587911)[0m 2026-04-02 00:46:30,962 - piper_actor - DEBUG - exec_send key ((1, 0), 2) to peer pp rank 0
[36m(PiperActor pid=2587911)[0m 2026-04-02 00:46:30,963 - piper_actor - DEBUG - run_dag dispatch (time 8): forward s1 mb3 bkt=0
[36m(PiperActor pid=2587911)[0m 2026-04-02 00:46:30,981 - piper_actor - DEBUG - run_dag dispatch (time 8): recv s1 mb1 bkt=0
[36m(PiperActor pid=2587911)[0m 2026-04-02 00:46:30,981 - piper_actor - DEBUG - exec_recv key (None, 1) from peer pp rank 0
[36m(PiperActor pid=2587911)[0m 2026-04-02 00:46:30,981 - piper_actor - DEBUG - run_dag dispatch (time 8): send s1 mb0 bkt=0
[36m(PiperActor pid=2587911)[0m 2026-04-02 00:46:30,981 - piper_actor - DEBUG - exec_send key (None, 0) to peer pp rank 0
[36m(PiperActor pid=2587911)[0m 2026-04-02 00:46:30,982 - piper_actor - DEBUG - run_dag dispatch (time 9): backward s1 mb1 bkt=0
[36m(PiperActor pid=2587911)[0m 2026-04-02 00:46:31,016 - piper_actor - DEBUG - run_dag dispatch (time 9): recv s3 mb2 bkt=0
[36m(PiperActor pid=2587911)[0m 2026-04-02 00:46:31,016 - piper_actor - DEBUG - exec_recv key ((3, 0), 2) from peer pp rank 0
[36m(PiperActor pid=2587911)[0m 2026-04-02 00:46:31,017 - piper_actor - DEBUG - run_dag dispatch (time 9): send s1 mb3 bkt=0
[36m(PiperActor pid=2587911)[0m 2026-04-02 00:46:31,017 - piper_actor - DEBUG - exec_send key ((1, 0), 3) to peer pp rank 0
[36m(PiperActor pid=2587911)[0m 2026-04-02 00:46:31,017 - piper_actor - DEBUG - run_dag dispatch (time 10): forward s3 mb2 bkt=0
[36m(PiperActor pid=2587915)[0m 2026-04-02 00:46:30,957 - piper_actor - DEBUG - run_dag dispatch (time 4): send s2 mb1 bkt=0
[36m(PiperActor pid=2587915)[0m 2026-04-02 00:46:30,957 - piper_actor - DEBUG - exec_send key ((2, 0), 1) to peer pp rank 1
[36m(PiperActor pid=2587915)[0m 2026-04-02 00:46:30,958 - piper_actor - DEBUG - run_dag dispatch (time 4): recv s2 mb0 bkt=0
[36m(PiperActor pid=2587915)[0m 2026-04-02 00:46:30,958 - piper_actor - DEBUG - exec_recv key (None, 0) from peer pp rank 1
[36m(PiperActor pid=2587915)[0m 2026-04-02 00:46:30,958 - piper_actor - DEBUG - run_dag dispatch (time 5): backward s2 mb0 bkt=0
[36m(PiperActor pid=2587930)[0m 2026-04-02 00:46:30,962 - piper_actor - DEBUG - run_dag dispatch (time 5): recv s1 mb2 bkt=0
[36m(PiperActor pid=2587930)[0m 2026-04-02 00:46:30,962 - piper_actor - DEBUG - exec_recv key ((1, 0), 2) from peer pp rank 0
[36m(PiperActor pid=2587930)[0m 2026-04-02 00:46:30,963 - piper_actor - DEBUG - run_dag dispatch (time 6): forward s1 mb2 bkt=0
[36m(PiperActor pid=2587930)[0m 2026-04-02 00:46:31,008 - piper_actor - DEBUG - run_dag dispatch (time 6): recv s1 mb0 bkt=0
[36m(PiperActor pid=2587930)[0m 2026-04-02 00:46:31,008 - piper_actor - DEBUG - exec_recv key (None, 0) from peer pp rank 0
[36m(PiperActor pid=2587930)[0m 2026-04-02 00:46:31,008 - piper_actor - DEBUG - run_dag dispatch (time 6): send s3 mb1 bkt=0
[36m(PiperActor pid=2587930)[0m 2026-04-02 00:46:31,008 - piper_actor - DEBUG - exec_send key (None, 1) to peer pp rank 0
[36m(PiperActor pid=2587930)[0m 2026-04-02 00:46:31,009 - piper_actor - DEBUG - run_dag dispatch (time 7): backward s1 mb0 bkt=0
[36m(PiperActor pid=2587911)[0m 2026-04-02 00:46:31,036 - piper_actor - DEBUG - run_dag dispatch (time 10): send s1 mb1 bkt=0
[36m(PiperActor pid=2587911)[0m 2026-04-02 00:46:31,036 - piper_actor - DEBUG - exec_send key (None, 1) to peer pp rank 0
[36m(PiperActor pid=2587911)[0m 2026-04-02 00:46:31,036 - piper_actor - DEBUG - run_dag dispatch (time 11): backward s3 mb2 bkt=0
[36m(PiperActor pid=2587915)[0m 2026-04-02 00:46:31,034 - piper_actor - DEBUG - run_dag dispatch (time 5): send s0 mb2 bkt=0
[36m(PiperActor pid=2587915)[0m 2026-04-02 00:46:31,035 - piper_actor - DEBUG - exec_send key ((0, 0), 2) to peer pp rank 1
[36m(PiperActor pid=2587915)[0m 2026-04-02 00:46:31,035 - piper_actor - DEBUG - run_dag dispatch (time 6): forward s0 mb3 bkt=0
[36m(PiperActor pid=2587915)[0m 2026-04-02 00:46:31,046 - piper_actor - DEBUG - run_dag dispatch (time 6): send s2 mb0 bkt=0
[36m(PiperActor pid=2587915)[0m 2026-04-02 00:46:31,046 - piper_actor - DEBUG - exec_send key (None, 0) to peer pp rank 1
[36m(PiperActor pid=2587915)[0m 2026-04-02 00:46:31,046 - piper_actor - DEBUG - run_dag dispatch (time 6): recv s2 mb1 bkt=0
[36m(PiperActor pid=2587915)[0m 2026-04-02 00:46:31,047 - piper_actor - DEBUG - exec_recv key (None, 1) from peer pp rank 1
[36m(PiperActor pid=2587915)[0m 2026-04-02 00:46:31,047 - piper_actor - DEBUG - run_dag dispatch (time 7): backward s2 mb1 bkt=0
[36m(PiperActor pid=2587930)[0m 2026-04-02 00:46:31,043 - piper_actor - DEBUG - run_dag dispatch (time 7): recv s1 mb3 bkt=0
[36m(PiperActor pid=2587930)[0m 2026-04-02 00:46:31,044 - piper_actor - DEBUG - exec_recv key ((1, 0), 3) from peer pp rank 0
[36m(PiperActor pid=2587930)[0m 2026-04-02 00:46:31,044 - piper_actor - DEBUG - run_dag dispatch (time 7): send s1 mb2 bkt=0
[36m(PiperActor pid=2587930)[0m 2026-04-02 00:46:31,044 - piper_actor - DEBUG - exec_send key ((1, 0), 2) to peer pp rank 0
[36m(PiperActor pid=2587930)[0m 2026-04-02 00:46:31,044 - piper_actor - DEBUG - run_dag dispatch (time 8): forward s1 mb3 bkt=0
[36m(PiperActor pid=2587915)[0m 2026-04-02 00:46:31,069 - piper_actor - DEBUG - run_dag dispatch (time 7): send s0 mb3 bkt=0
[36m(PiperActor pid=2587915)[0m 2026-04-02 00:46:31,069 - piper_actor - DEBUG - exec_send key ((0, 0), 3) to peer pp rank 1
[36m(PiperActor pid=2587915)[0m 2026-04-02 00:46:31,069 - piper_actor - DEBUG - run_dag dispatch (time 7): recv s2 mb2 bkt=0
[36m(PiperActor pid=2587915)[0m 2026-04-02 00:46:31,069 - piper_actor - DEBUG - exec_recv key ((2, 0), 2) from peer pp rank 1
[36m(PiperActor pid=2587915)[0m 2026-04-02 00:46:31,070 - piper_actor - DEBUG - run_dag dispatch (time 8): forward s2 mb2 bkt=0
[36m(PiperActor pid=2587915)[0m 2026-04-02 00:46:31,080 - piper_actor - DEBUG - run_dag dispatch (time 8): send s2 mb1 bkt=0
[36m(PiperActor pid=2587915)[0m 2026-04-02 00:46:31,081 - piper_actor - DEBUG - exec_send key (None, 1) to peer pp rank 1
[36m(PiperActor pid=2587915)[0m 2026-04-02 00:46:31,081 - piper_actor - DEBUG - run_dag dispatch (time 8): recv s0 mb0 bkt=0
[36m(PiperActor pid=2587915)[0m 2026-04-02 00:46:31,081 - piper_actor - DEBUG - exec_recv key (None, 0) from peer pp rank 1
[36m(PiperActor pid=2587915)[0m 2026-04-02 00:46:31,081 - piper_actor - DEBUG - run_dag dispatch (time 9): backward s0 mb0 bkt=0
[36m(PiperActor pid=2587930)[0m 2026-04-02 00:46:31,063 - piper_actor - DEBUG - run_dag dispatch (time 8): recv s1 mb1 bkt=0
[36m(PiperActor pid=2587930)[0m 2026-04-02 00:46:31,063 - piper_actor - DEBUG - exec_recv key (None, 1) from peer pp rank 0
[36m(PiperActor pid=2587930)[0m 2026-04-02 00:46:31,064 - piper_actor - DEBUG - run_dag dispatch (time 8): send s1 mb0 bkt=0
[36m(PiperActor pid=2587930)[0m 2026-04-02 00:46:31,064 - piper_actor - DEBUG - exec_send key (None, 0) to peer pp rank 0
[36m(PiperActor pid=2587930)[0m 2026-04-02 00:46:31,064 - piper_actor - DEBUG - run_dag dispatch (time 9): backward s1 mb1 bkt=0
[36m(PiperActor pid=2587930)[0m 2026-04-02 00:46:31,097 - piper_actor - DEBUG - run_dag dispatch (time 9): recv s3 mb2 bkt=0
[36m(PiperActor pid=2587930)[0m 2026-04-02 00:46:31,097 - piper_actor - DEBUG - exec_recv key ((3, 0), 2) from peer pp rank 0
[36m(PiperActor pid=2587930)[0m 2026-04-02 00:46:31,098 - piper_actor - DEBUG - run_dag dispatch (time 9): send s1 mb3 bkt=0
[36m(PiperActor pid=2587930)[0m 2026-04-02 00:46:31,098 - piper_actor - DEBUG - exec_send key ((1, 0), 3) to peer pp rank 0
[36m(PiperActor pid=2587930)[0m 2026-04-02 00:46:31,098 - piper_actor - DEBUG - run_dag dispatch (time 10): forward s3 mb2 bkt=0
[36m(PiperActor pid=2587918)[0m 2026-04-02 00:46:31,109 - piper_actor - DEBUG - run_dag dispatch (time 9): send s2 mb2 bkt=0
[36m(PiperActor pid=2587918)[0m 2026-04-02 00:46:31,109 - piper_actor - DEBUG - exec_send key ((2, 0), 2) to peer pp rank 1
[36m(PiperActor pid=2587918)[0m 2026-04-02 00:46:31,110 - piper_actor - DEBUG - run_dag dispatch (time 9): recv s2 mb3 bkt=0
[36m(PiperActor pid=2587918)[0m 2026-04-02 00:46:31,110 - piper_actor - DEBUG - exec_recv key ((2, 0), 3) from peer pp rank 1
[36m(PiperActor pid=2587918)[0m 2026-04-02 00:46:31,110 - piper_actor - DEBUG - run_dag dispatch (time 10): forward s2 mb3 bkt=0
[36m(PiperActor pid=2587918)[0m 2026-04-02 00:46:31,121 - piper_actor - DEBUG - run_dag dispatch (time 10): recv s0 mb1 bkt=0
[36m(PiperActor pid=2587918)[0m 2026-04-02 00:46:31,121 - piper_actor - DEBUG - exec_recv key (None, 1) from peer pp rank 1
[36m(PiperActor pid=2587918)[0m 2026-04-02 00:46:31,121 - piper_actor - DEBUG - run_dag dispatch (time 11): backward s0 mb1 bkt=0
[36m(PiperActor pid=2587911)[0m 2026-04-02 00:46:31,114 - piper_actor - DEBUG - run_dag dispatch (time 11): recv s3 mb3 bkt=0
[36m(PiperActor pid=2587911)[0m 2026-04-02 00:46:31,114 - piper_actor - DEBUG - exec_recv key ((3, 0), 3) from peer pp rank 0
[36m(PiperActor pid=2587911)[0m 2026-04-02 00:46:31,115 - piper_actor - DEBUG - run_dag dispatch (time 12): forward s3 mb3 bkt=0
[36m(PiperActor pid=2587930)[0m 2026-04-02 00:46:31,117 - piper_actor - DEBUG - run_dag dispatch (time 10): send s1 mb1 bkt=0
[36m(PiperActor pid=2587930)[0m 2026-04-02 00:46:31,117 - piper_actor - DEBUG - exec_send key (None, 1) to peer pp rank 0
[36m(PiperActor pid=2587930)[0m 2026-04-02 00:46:31,117 - piper_actor - DEBUG - run_dag dispatch (time 11): backward s3 mb2 bkt=0
[36m(PiperActor pid=2587918)[0m 2026-04-02 00:46:31,146 - piper_actor - DEBUG - run_dag dispatch (time 11): send s2 mb3 bkt=0
[36m(PiperActor pid=2587918)[0m 2026-04-02 00:46:31,146 - piper_actor - DEBUG - exec_send key ((2, 0), 3) to peer pp rank 1
[36m(PiperActor pid=2587918)[0m 2026-04-02 00:46:31,147 - piper_actor - DEBUG - run_dag dispatch (time 11): recv s2 mb2 bkt=0
[36m(PiperActor pid=2587918)[0m 2026-04-02 00:46:31,147 - piper_actor - DEBUG - exec_recv key (None, 2) from peer pp rank 1
[36m(PiperActor pid=2587918)[0m 2026-04-02 00:46:31,147 - piper_actor - DEBUG - run_dag dispatch (time 12): backward s2 mb2 bkt=0
[36m(PiperActor pid=2587918)[0m 2026-04-02 00:46:31,171 - piper_actor - DEBUG - run_dag dispatch (time 12): recv s2 mb3 bkt=0
[36m(PiperActor pid=2587918)[0m 2026-04-02 00:46:31,171 - piper_actor - DEBUG - exec_recv key (None, 3) from peer pp rank 1
[36m(PiperActor pid=2587918)[0m 2026-04-02 00:46:31,172 - piper_actor - DEBUG - run_dag dispatch (time 13): backward s2 mb3 bkt=0
[36m(PiperActor pid=2587911)[0m 2026-04-02 00:46:31,157 - piper_actor - DEBUG - run_dag dispatch (time 12): send s3 mb2 bkt=0
[36m(PiperActor pid=2587911)[0m 2026-04-02 00:46:31,157 - piper_actor - DEBUG - exec_send key (None, 2) to peer pp rank 0
[36m(PiperActor pid=2587911)[0m 2026-04-02 00:46:31,157 - piper_actor - DEBUG - run_dag dispatch (time 13): backward s3 mb3 bkt=0
[36m(PiperActor pid=2587915)[0m 2026-04-02 00:46:31,166 - piper_actor - DEBUG - run_dag dispatch (time 9): send s2 mb2 bkt=0
[36m(PiperActor pid=2587915)[0m 2026-04-02 00:46:31,166 - piper_actor - DEBUG - exec_send key ((2, 0), 2) to peer pp rank 1
[36m(PiperActor pid=2587915)[0m 2026-04-02 00:46:31,167 - piper_actor - DEBUG - run_dag dispatch (time 9): recv s2 mb3 bkt=0
[36m(PiperActor pid=2587915)[0m 2026-04-02 00:46:31,167 - piper_actor - DEBUG - exec_recv key ((2, 0), 3) from peer pp rank 1
[36m(PiperActor pid=2587915)[0m 2026-04-02 00:46:31,167 - piper_actor - DEBUG - run_dag dispatch (time 10): forward s2 mb3 bkt=0
[36m(PiperActor pid=2587915)[0m 2026-04-02 00:46:31,178 - piper_actor - DEBUG - run_dag dispatch (time 10): recv s0 mb1 bkt=0
[36m(PiperActor pid=2587915)[0m 2026-04-02 00:46:31,178 - piper_actor - DEBUG - exec_recv key (None, 1) from peer pp rank 1
[36m(PiperActor pid=2587915)[0m 2026-04-02 00:46:31,178 - piper_actor - DEBUG - run_dag dispatch (time 11): backward s0 mb1 bkt=0
[36m(PiperActor pid=2587930)[0m 2026-04-02 00:46:31,171 - piper_actor - DEBUG - run_dag dispatch (time 11): recv s3 mb3 bkt=0
[36m(PiperActor pid=2587930)[0m 2026-04-02 00:46:31,171 - piper_actor - DEBUG - exec_recv key ((3, 0), 3) from peer pp rank 0
[36m(PiperActor pid=2587930)[0m 2026-04-02 00:46:31,172 - piper_actor - DEBUG - run_dag dispatch (time 12): forward s3 mb3 bkt=0
[36m(PiperActor pid=2587918)[0m 2026-04-02 00:46:31,204 - piper_actor - DEBUG - run_dag dispatch (time 13): send s2 mb2 bkt=0
[36m(PiperActor pid=2587918)[0m 2026-04-02 00:46:31,205 - piper_actor - DEBUG - exec_send key (None, 2) to peer pp rank 1
[36m(PiperActor pid=2587918)[0m 2026-04-02 00:46:31,205 - piper_actor - DEBUG - run_dag dispatch (time 13): recv s0 mb2 bkt=0
[36m(PiperActor pid=2587918)[0m 2026-04-02 00:46:31,205 - piper_actor - DEBUG - exec_recv key (None, 2) from peer pp rank 1
[36m(PiperActor pid=2587918)[0m 2026-04-02 00:46:31,206 - piper_actor - DEBUG - run_dag dispatch (time 14): backward s0 mb2 bkt=0
[36m(PiperActor pid=2587911)[0m 2026-04-02 00:46:31,188 - piper_actor - DEBUG - run_dag dispatch (time 13): recv s1 mb2 bkt=0
[36m(PiperActor pid=2587911)[0m 2026-04-02 00:46:31,188 - piper_actor - DEBUG - exec_recv key (None, 2) from peer pp rank 0
[36m(PiperActor pid=2587911)[0m 2026-04-02 00:46:31,188 - piper_actor - DEBUG - run_dag dispatch (time 14): backward s1 mb2 bkt=0
[36m(PiperActor pid=2587915)[0m 2026-04-02 00:46:31,201 - piper_actor - DEBUG - run_dag dispatch (time 11): send s2 mb3 bkt=0
[36m(PiperActor pid=2587915)[0m 2026-04-02 00:46:31,202 - piper_actor - DEBUG - exec_send key ((2, 0), 3) to peer pp rank 1
[36m(PiperActor pid=2587915)[0m 2026-04-02 00:46:31,202 - piper_actor - DEBUG - run_dag dispatch (time 11): recv s2 mb2 bkt=0
[36m(PiperActor pid=2587915)[0m 2026-04-02 00:46:31,202 - piper_actor - DEBUG - exec_recv key (None, 2) from peer pp rank 1
[36m(PiperActor pid=2587915)[0m 2026-04-02 00:46:31,202 - piper_actor - DEBUG - run_dag dispatch (time 12): backward s2 mb2 bkt=0
[36m(PiperActor pid=2587930)[0m 2026-04-02 00:46:31,214 - piper_actor - DEBUG - run_dag dispatch (time 12): send s3 mb2 bkt=0
[36m(PiperActor pid=2587930)[0m 2026-04-02 00:46:31,214 - piper_actor - DEBUG - exec_send key (None, 2) to peer pp rank 0
[36m(PiperActor pid=2587930)[0m 2026-04-02 00:46:31,215 - piper_actor - DEBUG - run_dag dispatch (time 13): backward s3 mb3 bkt=0
[36m(PiperActor pid=2587911)[0m 2026-04-02 00:46:31,246 - piper_actor - DEBUG - run_dag dispatch (time 14): recv s1 mb3 bkt=0
[36m(PiperActor pid=2587911)[0m 2026-04-02 00:46:31,246 - piper_actor - DEBUG - exec_recv key (None, 3) from peer pp rank 0
[36m(PiperActor pid=2587911)[0m 2026-04-02 00:46:31,247 - piper_actor - DEBUG - run_dag dispatch (time 14): send s3 mb3 bkt=0
[36m(PiperActor pid=2587911)[0m 2026-04-02 00:46:31,247 - piper_actor - DEBUG - exec_send key (None, 3) to peer pp rank 0
[36m(PiperActor pid=2587911)[0m 2026-04-02 00:46:31,247 - piper_actor - DEBUG - run_dag dispatch (time 14): all_reduce s3 mb3 bkt=0
[36m(PiperActor pid=2587915)[0m 2026-04-02 00:46:31,225 - piper_actor - DEBUG - run_dag dispatch (time 12): recv s2 mb3 bkt=0
[36m(PiperActor pid=2587915)[0m 2026-04-02 00:46:31,225 - piper_actor - DEBUG - exec_recv key (None, 3) from peer pp rank 1
[36m(PiperActor pid=2587915)[0m 2026-04-02 00:46:31,225 - piper_actor - DEBUG - run_dag dispatch (time 13): backward s2 mb3 bkt=0
[36m(PiperActor pid=2587930)[0m 2026-04-02 00:46:31,245 - piper_actor - DEBUG - run_dag dispatch (time 13): recv s1 mb2 bkt=0
[36m(PiperActor pid=2587930)[0m 2026-04-02 00:46:31,245 - piper_actor - DEBUG - exec_recv key (None, 2) from peer pp rank 0
[36m(PiperActor pid=2587930)[0m 2026-04-02 00:46:31,246 - piper_actor - DEBUG - run_dag dispatch (time 14): backward s1 mb2 bkt=0
[36m(PiperActor pid=2587918)[0m 2026-04-02 00:46:31,284 - piper_actor - DEBUG - run_dag dispatch (time 14): send s2 mb3 bkt=0
[36m(PiperActor pid=2587918)[0m 2026-04-02 00:46:31,285 - piper_actor - DEBUG - exec_send key (None, 3) to peer pp rank 1
[36m(PiperActor pid=2587918)[0m 2026-04-02 00:46:31,285 - piper_actor - DEBUG - run_dag dispatch (time 14): recv s0 mb3 bkt=0
[36m(PiperActor pid=2587918)[0m 2026-04-02 00:46:31,285 - piper_actor - DEBUG - exec_recv key (None, 3) from peer pp rank 1
[36m(PiperActor pid=2587918)[0m 2026-04-02 00:46:31,285 - piper_actor - DEBUG - run_dag dispatch (time 14): all_reduce s2 mb3 bkt=0
[36m(PiperActor pid=2587915)[0m 2026-04-02 00:46:31,261 - piper_actor - DEBUG - run_dag dispatch (time 13): send s2 mb2 bkt=0
[36m(PiperActor pid=2587915)[0m 2026-04-02 00:46:31,262 - piper_actor - DEBUG - exec_send key (None, 2) to peer pp rank 1
[36m(PiperActor pid=2587915)[0m 2026-04-02 00:46:31,262 - piper_actor - DEBUG - run_dag dispatch (time 13): recv s0 mb2 bkt=0
[36m(PiperActor pid=2587915)[0m 2026-04-02 00:46:31,262 - piper_actor - DEBUG - exec_recv key (None, 2) from peer pp rank 1
[36m(PiperActor pid=2587915)[0m 2026-04-02 00:46:31,263 - piper_actor - DEBUG - run_dag dispatch (time 14): backward s0 mb2 bkt=0
[36m(PiperActor pid=2587930)[0m 2026-04-02 00:46:31,303 - piper_actor - DEBUG - run_dag dispatch (time 14): recv s1 mb3 bkt=0
[36m(PiperActor pid=2587930)[0m 2026-04-02 00:46:31,304 - piper_actor - DEBUG - exec_recv key (None, 3) from peer pp rank 0
[36m(PiperActor pid=2587930)[0m 2026-04-02 00:46:31,304 - piper_actor - DEBUG - run_dag dispatch (time 14): send s3 mb3 bkt=0
[36m(PiperActor pid=2587930)[0m 2026-04-02 00:46:31,304 - piper_actor - DEBUG - exec_send key (None, 3) to peer pp rank 0
[36m(PiperActor pid=2587930)[0m 2026-04-02 00:46:31,305 - piper_actor - DEBUG - run_dag dispatch (time 14): all_reduce s3 mb3 bkt=0
[36m(PiperActor pid=2587915)[0m 2026-04-02 00:46:31,340 - piper_actor - DEBUG - run_dag dispatch (time 14): send s2 mb3 bkt=0
[36m(PiperActor pid=2587915)[0m 2026-04-02 00:46:31,341 - piper_actor - DEBUG - exec_send key (None, 3) to peer pp rank 1
[36m(PiperActor pid=2587915)[0m 2026-04-02 00:46:31,341 - piper_actor - DEBUG - run_dag dispatch (time 14): recv s0 mb3 bkt=0
[36m(PiperActor pid=2587915)[0m 2026-04-02 00:46:31,342 - piper_actor - DEBUG - exec_recv key (None, 3) from peer pp rank 1
[36m(PiperActor pid=2587915)[0m 2026-04-02 00:46:31,342 - piper_actor - DEBUG - run_dag dispatch (time 14): all_reduce s2 mb3 bkt=0
[36m(PiperActor pid=2587918)[0m 2026-04-02 00:46:40,504 - piper_actor - DEBUG - run_dag dispatch (time 15): backward s0 mb3 bkt=0
[36m(PiperActor pid=2587918)[0m 2026-04-02 00:46:40,554 - piper_actor - DEBUG - run_dag dispatch (time 16): update s0 mb3 bkt=0
[36m(PiperActor pid=2587911)[0m 2026-04-02 00:46:40,504 - piper_actor - DEBUG - run_dag dispatch (time 15): backward s1 mb3 bkt=0
[36m(PiperActor pid=2587911)[0m 2026-04-02 00:46:40,529 - piper_actor - DEBUG - run_dag dispatch (time 15): send s1 mb2 bkt=0
[36m(PiperActor pid=2587911)[0m 2026-04-02 00:46:40,529 - piper_actor - DEBUG - exec_send key (None, 2) to peer pp rank 0
[36m(PiperActor pid=2587911)[0m 2026-04-02 00:46:40,530 - piper_actor - DEBUG - run_dag dispatch (time 16): update s1 mb3 bkt=0
[36m(PiperActor pid=2587915)[0m 2026-04-02 00:46:40,504 - piper_actor - DEBUG - run_dag dispatch (time 15): backward s0 mb3 bkt=0
[36m(PiperActor pid=2587915)[0m 2026-04-02 00:46:40,553 - piper_actor - DEBUG - run_dag dispatch (time 16): update s0 mb3 bkt=0
[36m(PiperActor pid=2587930)[0m 2026-04-02 00:46:40,503 - piper_actor - DEBUG - run_dag dispatch (time 15): backward s1 mb3 bkt=0
[36m(PiperActor pid=2587930)[0m 2026-04-02 00:46:40,528 - piper_actor - DEBUG - run_dag dispatch (time 15): send s1 mb2 bkt=0
[36m(PiperActor pid=2587930)[0m 2026-04-02 00:46:40,528 - piper_actor - DEBUG - exec_send key (None, 2) to peer pp rank 0
[36m(PiperActor pid=2587930)[0m 2026-04-02 00:46:40,529 - piper_actor - DEBUG - run_dag dispatch (time 16): update s1 mb3 bkt=0
[36m(PiperActor pid=2587911)[0m 2026-04-02 00:46:41,553 - piper_actor - DEBUG - run_dag dispatch (time 16): send s1 mb3 bkt=0
[36m(PiperActor pid=2587911)[0m 2026-04-02 00:46:41,554 - piper_actor - DEBUG - exec_send key (None, 3) to peer pp rank 0
[36m(PiperActor pid=2587911)[0m 2026-04-02 00:46:41,554 - piper_actor - DEBUG - run_dag dispatch (time 16): all_reduce s1 mb3 bkt=0
[36m(PiperActor pid=2587930)[0m 2026-04-02 00:46:41,543 - piper_actor - DEBUG - run_dag dispatch (time 16): send s1 mb3 bkt=0
[36m(PiperActor pid=2587930)[0m 2026-04-02 00:46:41,543 - piper_actor - DEBUG - exec_send key (None, 3) to peer pp rank 0
[36m(PiperActor pid=2587930)[0m 2026-04-02 00:46:41,544 - piper_actor - DEBUG - run_dag dispatch (time 16): all_reduce s1 mb3 bkt=0
[36m(PiperActor pid=2587915)[0m 2026-04-02 00:46:41,699 - piper_actor - DEBUG - run_dag dispatch (time 16): all_reduce s0 mb3 bkt=0
[36m(PiperActor pid=2587918)[0m 2026-04-02 00:46:41,911 - piper_actor - DEBUG - run_dag dispatch (time 16): all_reduce s0 mb3 bkt=0
[36m(PiperActor pid=2587915)[0m 2026-04-02 00:46:42,708 - piper_actor - DEBUG - run_dag dispatch (time 0): forward s0 mb0 bkt=0
[36m(PiperActor pid=2587915)[0m 2026-04-02 00:46:42,720 - piper_actor - DEBUG - run_dag dispatch (time 1): forward s0 mb1 bkt=0
[36m(PiperActor pid=2587915)[0m 2026-04-02 00:46:42,732 - piper_actor - DEBUG - run_dag dispatch (time 1): send s0 mb0 bkt=0
[36m(PiperActor pid=2587915)[0m 2026-04-02 00:46:42,732 - piper_actor - DEBUG - exec_send key ((0, 0), 0) to peer pp rank 1
[36m(PiperActor pid=2587915)[0m 2026-04-02 00:46:42,732 - piper_actor - DEBUG - run_dag dispatch (time 1): recv s2 mb0 bkt=0
[36m(PiperActor pid=2587915)[0m 2026-04-02 00:46:42,732 - piper_actor - DEBUG - exec_recv key ((2, 0), 0) from peer pp rank 1
[36m(PiperActor pid=2587915)[0m 2026-04-02 00:46:42,733 - piper_actor - DEBUG - run_dag dispatch (time 2): forward s2 mb0 bkt=0
[36m(PiperActor pid=2587930)[0m 2026-04-02 00:46:42,708 - piper_actor - DEBUG - run_dag dispatch (time -1): recv s1 mb0 bkt=0
[36m(PiperActor pid=2587930)[0m 2026-04-02 00:46:42,708 - piper_actor - DEBUG - exec_recv key ((1, 0), 0) from peer pp rank 0
[36m(PiperActor pid=2587930)[0m 2026-04-02 00:46:42,709 - piper_actor - DEBUG - run_dag dispatch (time 0): forward s1 mb0 bkt=0
[36m(PiperActor pid=2587930)[0m 2026-04-02 00:46:42,720 - piper_actor - DEBUG - run_dag dispatch (time 0): recv s1 mb1 bkt=0
[36m(PiperActor pid=2587930)[0m 2026-04-02 00:46:42,721 - piper_actor - DEBUG - exec_recv key ((1, 0), 1) from peer pp rank 0
[36m(PiperActor pid=2587930)[0m 2026-04-02 00:46:42,721 - piper_actor - DEBUG - run_dag dispatch (time 1): forward s1 mb1 bkt=0
[36m(PiperActor pid=2587930)[0m 2026-04-02 00:46:42,732 - piper_actor - DEBUG - run_dag dispatch (time 1): recv s3 mb0 bkt=0
[36m(PiperActor pid=2587930)[0m 2026-04-02 00:46:42,732 - piper_actor - DEBUG - exec_recv key ((3, 0), 0) from peer pp rank 0
[36m(PiperActor pid=2587930)[0m 2026-04-02 00:46:42,733 - piper_actor - DEBUG - run_dag dispatch (time 1): send s1 mb0 bkt=0
[36m(PiperActor pid=2587930)[0m 2026-04-02 00:46:42,733 - piper_actor - DEBUG - exec_send key ((1, 0), 0) to peer pp rank 0
[36m(PiperActor pid=2587930)[0m 2026-04-02 00:46:42,733 - piper_actor - DEBUG - run_dag dispatch (time 2): forward s3 mb0 bkt=0
[36m(PiperActor pid=2587915)[0m 2026-04-02 00:46:42,744 - piper_actor - DEBUG - run_dag dispatch (time 2): send s0 mb1 bkt=0
[36m(PiperActor pid=2587915)[0m 2026-04-02 00:46:42,745 - piper_actor - DEBUG - exec_send key ((0, 0), 1) to peer pp rank 1
[36m(PiperActor pid=2587915)[0m 2026-04-02 00:46:42,745 - piper_actor - DEBUG - run_dag dispatch (time 2): recv s2 mb1 bkt=0
[36m(PiperActor pid=2587915)[0m 2026-04-02 00:46:42,745 - piper_actor - DEBUG - exec_recv key ((2, 0), 1) from peer pp rank 1
[36m(PiperActor pid=2587915)[0m 2026-04-02 00:46:42,745 - piper_actor - DEBUG - run_dag dispatch (time 3): forward s2 mb1 bkt=0
[36m(PiperActor pid=2587915)[0m 2026-04-02 00:46:42,757 - piper_actor - DEBUG - run_dag dispatch (time 3): send s2 mb0 bkt=0
[36m(PiperActor pid=2587915)[0m 2026-04-02 00:46:42,757 - piper_actor - DEBUG - exec_send key ((2, 0), 0) to peer pp rank 1
[36m(PiperActor pid=2587915)[0m 2026-04-02 00:46:42,757 - piper_actor - DEBUG - run_dag dispatch (time 4): forward s0 mb2 bkt=0
[36m(PiperActor pid=2587915)[0m 2026-04-02 00:46:42,769 - piper_actor - DEBUG - run_dag dispatch (time 4): send s2 mb1 bkt=0
[36m(PiperActor pid=2587915)[0m 2026-04-02 00:46:42,769 - piper_actor - DEBUG - exec_send key ((2, 0), 1) to peer pp rank 1
[36m(PiperActor pid=2587915)[0m 2026-04-02 00:46:42,770 - piper_actor - DEBUG - run_dag dispatch (time 4): recv s2 mb0 bkt=0
[36m(PiperActor pid=2587915)[0m 2026-04-02 00:46:42,770 - piper_actor - DEBUG - exec_recv key (None, 0) from peer pp rank 1
[36m(PiperActor pid=2587915)[0m 2026-04-02 00:46:42,770 - piper_actor - DEBUG - run_dag dispatch (time 5): backward s2 mb0 bkt=0
[36m(PiperActor pid=2587930)[0m 2026-04-02 00:46:42,745 - piper_actor - DEBUG - run_dag dispatch (time 2): send s1 mb1 bkt=0
[36m(PiperActor pid=2587930)[0m 2026-04-02 00:46:42,745 - piper_actor - DEBUG - exec_send key ((1, 0), 1) to peer pp rank 0
[36m(PiperActor pid=2587930)[0m 2026-04-02 00:46:42,745 - piper_actor - DEBUG - run_dag dispatch (time 3): backward s3 mb0 bkt=0
[36m(PiperActor pid=2587930)[0m 2026-04-02 00:46:42,775 - piper_actor - DEBUG - run_dag dispatch (time 3): recv s3 mb1 bkt=0
[36m(PiperActor pid=2587930)[0m 2026-04-02 00:46:42,776 - piper_actor - DEBUG - exec_recv key ((3, 0), 1) from peer pp rank 0
[36m(PiperActor pid=2587915)[0m 2026-04-02 00:46:42,793 - piper_actor - DEBUG - run_dag dispatch (time 5): send s0 mb2 bkt=0
[36m(PiperActor pid=2587915)[0m 2026-04-02 00:46:42,794 - piper_actor - DEBUG - exec_send key ((0, 0), 2) to peer pp rank 1
[36m(PiperActor pid=2587915)[0m 2026-04-02 00:46:42,794 - piper_actor - DEBUG - run_dag dispatch (time 6): forward s0 mb3 bkt=0
[36m(PiperActor pid=2587930)[0m 2026-04-02 00:46:42,776 - piper_actor - DEBUG - run_dag dispatch (time 4): forward s3 mb1 bkt=0
[36m(PiperActor pid=2587915)[0m 2026-04-02 00:46:42,848 - piper_actor - DEBUG - run_dag dispatch (time 6): send s2 mb0 bkt=0
[36m(PiperActor pid=2587915)[0m 2026-04-02 00:46:42,849 - piper_actor - DEBUG - exec_send key (None, 0) to peer pp rank 1
[36m(PiperActor pid=2587915)[0m 2026-04-02 00:46:42,849 - piper_actor - DEBUG - run_dag dispatch (time 6): recv s2 mb1 bkt=0
[36m(PiperActor pid=2587915)[0m 2026-04-02 00:46:42,849 - piper_actor - DEBUG - exec_recv key (None, 1) from peer pp rank 1
[36m(PiperActor pid=2587915)[0m 2026-04-02 00:46:42,850 - piper_actor - DEBUG - run_dag dispatch (time 7): backward s2 mb1 bkt=0
[36m(PiperActor pid=2587930)[0m 2026-04-02 00:46:42,818 - piper_actor - DEBUG - run_dag dispatch (time 4): send s3 mb0 bkt=0
[36m(PiperActor pid=2587930)[0m 2026-04-02 00:46:42,818 - piper_actor - DEBUG - exec_send key (None, 0) to peer pp rank 0
[36m(PiperActor pid=2587930)[0m 2026-04-02 00:46:42,819 - piper_actor - DEBUG - run_dag dispatch (time 5): backward s3 mb1 bkt=0
[36m(PiperActor pid=2587930)[0m 2026-04-02 00:46:42,850 - piper_actor - DEBUG - run_dag dispatch (time 5): recv s1 mb2 bkt=0
[36m(PiperActor pid=2587930)[0m 2026-04-02 00:46:42,851 - piper_actor - DEBUG - exec_recv key ((1, 0), 2) from peer pp rank 0
[36m(PiperActor pid=2587930)[0m 2026-04-02 00:46:42,851 - piper_actor - DEBUG - run_dag dispatch (time 6): forward s1 mb2 bkt=0
[36m(PiperActor pid=2587915)[0m 2026-04-02 00:46:42,884 - piper_actor - DEBUG - run_dag dispatch (time 7): send s0 mb3 bkt=0
[36m(PiperActor pid=2587915)[0m 2026-04-02 00:46:42,884 - piper_actor - DEBUG - exec_send key ((0, 0), 3) to peer pp rank 1
[36m(PiperActor pid=2587915)[0m 2026-04-02 00:46:42,885 - piper_actor - DEBUG - run_dag dispatch (time 7): recv s2 mb2 bkt=0
[36m(PiperActor pid=2587915)[0m 2026-04-02 00:46:42,885 - piper_actor - DEBUG - exec_recv key ((2, 0), 2) from peer pp rank 1
[36m(PiperActor pid=2587915)[0m 2026-04-02 00:46:42,885 - piper_actor - DEBUG - run_dag dispatch (time 8): forward s2 mb2 bkt=0
[36m(PiperActor pid=2587930)[0m 2026-04-02 00:46:42,892 - piper_actor - DEBUG - run_dag dispatch (time 6): recv s1 mb0 bkt=0
[36m(PiperActor pid=2587930)[0m 2026-04-02 00:46:42,892 - piper_actor - DEBUG - exec_recv key (None, 0) from peer pp rank 0
[36m(PiperActor pid=2587918)[0m 2026-04-02 00:46:42,924 - piper_actor - DEBUG - run_dag dispatch (time 0): forward s0 mb0 bkt=0
[36m(PiperActor pid=2587911)[0m 2026-04-02 00:46:42,924 - piper_actor - DEBUG - run_dag dispatch (time -1): recv s1 mb0 bkt=0
[36m(PiperActor pid=2587911)[0m 2026-04-02 00:46:42,924 - piper_actor - DEBUG - exec_recv key ((1, 0), 0) from peer pp rank 0
[36m(PiperActor pid=2587911)[0m 2026-04-02 00:46:42,924 - piper_actor - DEBUG - run_dag dispatch (time 0): forward s1 mb0 bkt=0
[36m(PiperActor pid=2587915)[0m 2026-04-02 00:46:42,922 - piper_actor - DEBUG - run_dag dispatch (time 8): send s2 mb1 bkt=0
[36m(PiperActor pid=2587915)[0m 2026-04-02 00:46:42,922 - piper_actor - DEBUG - exec_send key (None, 1) to peer pp rank 1
[36m(PiperActor pid=2587915)[0m 2026-04-02 00:46:42,923 - piper_actor - DEBUG - run_dag dispatch (time 8): recv s0 mb0 bkt=0
[36m(PiperActor pid=2587915)[0m 2026-04-02 00:46:42,923 - piper_actor - DEBUG - exec_recv key (None, 0) from peer pp rank 1
[36m(PiperActor pid=2587915)[0m 2026-04-02 00:46:42,923 - piper_actor - DEBUG - run_dag dispatch (time 9): backward s0 mb0 bkt=0
[36m(PiperActor pid=2587930)[0m 2026-04-02 00:46:42,892 - piper_actor - DEBUG - run_dag dispatch (time 6): send s3 mb1 bkt=0
[36m(PiperActor pid=2587930)[0m 2026-04-02 00:46:42,892 - piper_actor - DEBUG - exec_send key (None, 1) to peer pp rank 0
[36m(PiperActor pid=2587930)[0m 2026-04-02 00:46:42,893 - piper_actor - DEBUG - run_dag dispatch (time 7): backward s1 mb0 bkt=0
[36m(PiperActor pid=2587930)[0m 2026-04-02 00:46:42,921 - piper_actor - DEBUG - run_dag dispatch (time 7): recv s1 mb3 bkt=0
[36m(PiperActor pid=2587930)[0m 2026-04-02 00:46:42,922 - piper_actor - DEBUG - exec_recv key ((1, 0), 3) from peer pp rank 0
[36m(PiperActor pid=2587930)[0m 2026-04-02 00:46:42,922 - piper_actor - DEBUG - run_dag dispatch (time 7): send s1 mb2 bkt=0
[36m(PiperActor pid=2587930)[0m 2026-04-02 00:46:42,922 - piper_actor - DEBUG - exec_send key ((1, 0), 2) to peer pp rank 0
[36m(PiperActor pid=2587930)[0m 2026-04-02 00:46:42,922 - piper_actor - DEBUG - run_dag dispatch (time 8): forward s1 mb3 bkt=0
[36m(PiperActor pid=2587918)[0m 2026-04-02 00:46:42,936 - piper_actor - DEBUG - run_dag dispatch (time 1): forward s0 mb1 bkt=0
[36m(PiperActor pid=2587918)[0m 2026-04-02 00:46:42,947 - piper_actor - DEBUG - run_dag dispatch (time 1): send s0 mb0 bkt=0
[36m(PiperActor pid=2587918)[0m 2026-04-02 00:46:42,947 - piper_actor - DEBUG - exec_send key ((0, 0), 0) to peer pp rank 1
[36m(PiperActor pid=2587918)[0m 2026-04-02 00:46:42,948 - piper_actor - DEBUG - run_dag dispatch (time 1): recv s2 mb0 bkt=0
[36m(PiperActor pid=2587918)[0m 2026-04-02 00:46:42,948 - piper_actor - DEBUG - exec_recv key ((2, 0), 0) from peer pp rank 1
[36m(PiperActor pid=2587918)[0m 2026-04-02 00:46:42,948 - piper_actor - DEBUG - run_dag dispatch (time 2): forward s2 mb0 bkt=0
[36m(PiperActor pid=2587918)[0m 2026-04-02 00:46:42,960 - piper_actor - DEBUG - run_dag dispatch (time 2): send s0 mb1 bkt=0
[36m(PiperActor pid=2587918)[0m 2026-04-02 00:46:42,960 - piper_actor - DEBUG - exec_send key ((0, 0), 1) to peer pp rank 1
[36m(PiperActor pid=2587918)[0m 2026-04-02 00:46:42,961 - piper_actor - DEBUG - run_dag dispatch (time 2): recv s2 mb1 bkt=0
[36m(PiperActor pid=2587918)[0m 2026-04-02 00:46:42,961 - piper_actor - DEBUG - exec_recv key ((2, 0), 1) from peer pp rank 1
[36m(PiperActor pid=2587918)[0m 2026-04-02 00:46:42,961 - piper_actor - DEBUG - run_dag dispatch (time 3): forward s2 mb1 bkt=0
[36m(PiperActor pid=2587911)[0m 2026-04-02 00:46:42,937 - piper_actor - DEBUG - run_dag dispatch (time 0): recv s1 mb1 bkt=0
[36m(PiperActor pid=2587911)[0m 2026-04-02 00:46:42,937 - piper_actor - DEBUG - exec_recv key ((1, 0), 1) from peer pp rank 0
[36m(PiperActor pid=2587911)[0m 2026-04-02 00:46:42,937 - piper_actor - DEBUG - run_dag dispatch (time 1): forward s1 mb1 bkt=0
[36m(PiperActor pid=2587911)[0m 2026-04-02 00:46:42,948 - piper_actor - DEBUG - run_dag dispatch (time 1): recv s3 mb0 bkt=0
[36m(PiperActor pid=2587911)[0m 2026-04-02 00:46:42,948 - piper_actor - DEBUG - exec_recv key ((3, 0), 0) from peer pp rank 0
[36m(PiperActor pid=2587911)[0m 2026-04-02 00:46:42,949 - piper_actor - DEBUG - run_dag dispatch (time 1): send s1 mb0 bkt=0
[36m(PiperActor pid=2587911)[0m 2026-04-02 00:46:42,949 - piper_actor - DEBUG - exec_send key ((1, 0), 0) to peer pp rank 0
[36m(PiperActor pid=2587911)[0m 2026-04-02 00:46:42,949 - piper_actor - DEBUG - run_dag dispatch (time 2): forward s3 mb0 bkt=0
[36m(PiperActor pid=2587911)[0m 2026-04-02 00:46:42,961 - piper_actor - DEBUG - run_dag dispatch (time 2): send s1 mb1 bkt=0
[36m(PiperActor pid=2587911)[0m 2026-04-02 00:46:42,961 - piper_actor - DEBUG - exec_send key ((1, 0), 1) to peer pp rank 0
[36m(PiperActor pid=2587911)[0m 2026-04-02 00:46:42,962 - piper_actor - DEBUG - run_dag dispatch (time 3): backward s3 mb0 bkt=0
[36m(PiperActor pid=2587915)[0m 2026-04-02 00:46:42,960 - piper_actor - DEBUG - run_dag dispatch (time 9): send s2 mb2 bkt=0
[36m(PiperActor pid=2587915)[0m 2026-04-02 00:46:42,960 - piper_actor - DEBUG - exec_send key ((2, 0), 2) to peer pp rank 1
[36m(PiperActor pid=2587915)[0m 2026-04-02 00:46:42,961 - piper_actor - DEBUG - run_dag dispatch (time 9): recv s2 mb3 bkt=0
[36m(PiperActor pid=2587915)[0m 2026-04-02 00:46:42,961 - piper_actor - DEBUG - exec_recv key ((2, 0), 3) from peer pp rank 1
[36m(PiperActor pid=2587915)[0m 2026-04-02 00:46:42,961 - piper_actor - DEBUG - run_dag dispatch (time 10): forward s2 mb3 bkt=0
[36m(PiperActor pid=2587930)[0m 2026-04-02 00:46:42,938 - piper_actor - DEBUG - run_dag dispatch (time 8): recv s1 mb1 bkt=0
[36m(PiperActor pid=2587930)[0m 2026-04-02 00:46:42,938 - piper_actor - DEBUG - exec_recv key (None, 1) from peer pp rank 0
[36m(PiperActor pid=2587930)[0m 2026-04-02 00:46:42,938 - piper_actor - DEBUG - run_dag dispatch (time 8): send s1 mb0 bkt=0
[36m(PiperActor pid=2587930)[0m 2026-04-02 00:46:42,938 - piper_actor - DEBUG - exec_send key (None, 0) to peer pp rank 0
[36m(PiperActor pid=2587930)[0m 2026-04-02 00:46:42,939 - piper_actor - DEBUG - run_dag dispatch (time 9): backward s1 mb1 bkt=0
[36m(PiperActor pid=2587930)[0m 2026-04-02 00:46:42,971 - piper_actor - DEBUG - run_dag dispatch (time 9): recv s3 mb2 bkt=0
[36m(PiperActor pid=2587930)[0m 2026-04-02 00:46:42,971 - piper_actor - DEBUG - exec_recv key ((3, 0), 2) from peer pp rank 0
[36m(PiperActor pid=2587930)[0m 2026-04-02 00:46:42,971 - piper_actor - DEBUG - run_dag dispatch (time 9): send s1 mb3 bkt=0
[36m(PiperActor pid=2587930)[0m 2026-04-02 00:46:42,972 - piper_actor - DEBUG - exec_send key ((1, 0), 3) to peer pp rank 0
[36m(PiperActor pid=2587930)[0m 2026-04-02 00:46:42,972 - piper_actor - DEBUG - run_dag dispatch (time 10): forward s3 mb2 bkt=0
[36m(PiperActor pid=2587918)[0m 2026-04-02 00:46:42,972 - piper_actor - DEBUG - run_dag dispatch (time 3): send s2 mb0 bkt=0
[36m(PiperActor pid=2587918)[0m 2026-04-02 00:46:42,972 - piper_actor - DEBUG - exec_send key ((2, 0), 0) to peer pp rank 1
[36m(PiperActor pid=2587918)[0m 2026-04-02 00:46:42,973 - piper_actor - DEBUG - run_dag dispatch (time 4): forward s0 mb2 bkt=0
[36m(PiperActor pid=2587918)[0m 2026-04-02 00:46:42,984 - piper_actor - DEBUG - run_dag dispatch (time 4): send s2 mb1 bkt=0
[36m(PiperActor pid=2587918)[0m 2026-04-02 00:46:42,985 - piper_actor - DEBUG - exec_send key ((2, 0), 1) to peer pp rank 1
[36m(PiperActor pid=2587918)[0m 2026-04-02 00:46:42,985 - piper_actor - DEBUG - run_dag dispatch (time 4): recv s2 mb0 bkt=0
[36m(PiperActor pid=2587918)[0m 2026-04-02 00:46:42,985 - piper_actor - DEBUG - exec_recv key (None, 0) from peer pp rank 1
[36m(PiperActor pid=2587918)[0m 2026-04-02 00:46:42,985 - piper_actor - DEBUG - run_dag dispatch (time 5): backward s2 mb0 bkt=0
[36m(PiperActor pid=2587918)[0m 2026-04-02 00:46:43,009 - piper_actor - DEBUG - run_dag dispatch (time 5): send s0 mb2 bkt=0
[36m(PiperActor pid=2587918)[0m 2026-04-02 00:46:43,009 - piper_actor - DEBUG - exec_send key ((0, 0), 2) to peer pp rank 1
[36m(PiperActor pid=2587918)[0m 2026-04-02 00:46:43,009 - piper_actor - DEBUG - run_dag dispatch (time 6): forward s0 mb3 bkt=0
[36m(PiperActor pid=2587911)[0m 2026-04-02 00:46:42,991 - piper_actor - DEBUG - run_dag dispatch (time 3): recv s3 mb1 bkt=0
[36m(PiperActor pid=2587911)[0m 2026-04-02 00:46:42,991 - piper_actor - DEBUG - exec_recv key ((3, 0), 1) from peer pp rank 0
[36m(PiperActor pid=2587911)[0m 2026-04-02 00:46:42,992 - piper_actor - DEBUG - run_dag dispatch (time 4): forward s3 mb1 bkt=0
[36m(PiperActor pid=2587915)[0m 2026-04-02 00:46:42,979 - piper_actor - DEBUG - run_dag dispatch (time 10): recv s0 mb1 bkt=0
[36m(PiperActor pid=2587915)[0m 2026-04-02 00:46:42,979 - piper_actor - DEBUG - exec_recv key (None, 1) from peer pp rank 1
[36m(PiperActor pid=2587915)[0m 2026-04-02 00:46:42,980 - piper_actor - DEBUG - run_dag dispatch (time 11): backward s0 mb1 bkt=0
[36m(PiperActor pid=2587930)[0m 2026-04-02 00:46:42,988 - piper_actor - DEBUG - run_dag dispatch (time 10): send s1 mb1 bkt=0
[36m(PiperActor pid=2587930)[0m 2026-04-02 00:46:42,988 - piper_actor - DEBUG - exec_send key (None, 1) to peer pp rank 0
[36m(PiperActor pid=2587930)[0m 2026-04-02 00:46:42,988 - piper_actor - DEBUG - run_dag dispatch (time 11): backward s3 mb2 bkt=0
[36m(PiperActor pid=2587911)[0m 2026-04-02 00:46:43,033 - piper_actor - DEBUG - run_dag dispatch (time 4): send s3 mb0 bkt=0
[36m(PiperActor pid=2587911)[0m 2026-04-02 00:46:43,033 - piper_actor - DEBUG - exec_send key (None, 0) to peer pp rank 0
[36m(PiperActor pid=2587911)[0m 2026-04-02 00:46:43,034 - piper_actor - DEBUG - run_dag dispatch (time 5): backward s3 mb1 bkt=0
[36m(PiperActor pid=2587915)[0m 2026-04-02 00:46:43,016 - piper_actor - DEBUG - run_dag dispatch (time 11): send s2 mb3 bkt=0
[36m(PiperActor pid=2587915)[0m 2026-04-02 00:46:43,016 - piper_actor - DEBUG - exec_send key ((2, 0), 3) to peer pp rank 1
[36m(PiperActor pid=2587915)[0m 2026-04-02 00:46:43,017 - piper_actor - DEBUG - run_dag dispatch (time 11): recv s2 mb2 bkt=0
[36m(PiperActor pid=2587915)[0m 2026-04-02 00:46:43,017 - piper_actor - DEBUG - exec_recv key (None, 2) from peer pp rank 1
[36m(PiperActor pid=2587915)[0m 2026-04-02 00:46:43,017 - piper_actor - DEBUG - run_dag dispatch (time 12): backward s2 mb2 bkt=0
[36m(PiperActor pid=2587930)[0m 2026-04-02 00:46:43,019 - piper_actor - DEBUG - run_dag dispatch (time 11): recv s3 mb3 bkt=0
[36m(PiperActor pid=2587930)[0m 2026-04-02 00:46:43,019 - piper_actor - DEBUG - exec_recv key ((3, 0), 3) from peer pp rank 0
[36m(PiperActor pid=2587930)[0m 2026-04-02 00:46:43,019 - piper_actor - DEBUG - run_dag dispatch (time 12): forward s3 mb3 bkt=0
[36m(PiperActor pid=2587918)[0m 2026-04-02 00:46:43,062 - piper_actor - DEBUG - run_dag dispatch (time 6): send s2 mb0 bkt=0
[36m(PiperActor pid=2587918)[0m 2026-04-02 00:46:43,062 - piper_actor - DEBUG - exec_send key (None, 0) to peer pp rank 1
[36m(PiperActor pid=2587918)[0m 2026-04-02 00:46:43,063 - piper_actor - DEBUG - run_dag dispatch (time 6): recv s2 mb1 bkt=0
[36m(PiperActor pid=2587918)[0m 2026-04-02 00:46:43,063 - piper_actor - DEBUG - exec_recv key (None, 1) from peer pp rank 1
[36m(PiperActor pid=2587918)[0m 2026-04-02 00:46:43,063 - piper_actor - DEBUG - run_dag dispatch (time 7): backward s2 mb1 bkt=0
[36m(PiperActor pid=2587911)[0m 2026-04-02 00:46:43,064 - piper_actor - DEBUG - run_dag dispatch (time 5): recv s1 mb2 bkt=0
[36m(PiperActor pid=2587911)[0m 2026-04-02 00:46:43,064 - piper_actor - DEBUG - exec_recv key ((1, 0), 2) from peer pp rank 0
[36m(PiperActor pid=2587911)[0m 2026-04-02 00:46:43,065 - piper_actor - DEBUG - run_dag dispatch (time 6): forward s1 mb2 bkt=0
[36m(PiperActor pid=2587915)[0m 2026-04-02 00:46:43,052 - piper_actor - DEBUG - run_dag dispatch (time 12): recv s2 mb3 bkt=0
[36m(PiperActor pid=2587915)[0m 2026-04-02 00:46:43,053 - piper_actor - DEBUG - exec_recv key (None, 3) from peer pp rank 1
[36m(PiperActor pid=2587915)[0m 2026-04-02 00:46:43,053 - piper_actor - DEBUG - run_dag dispatch (time 13): backward s2 mb3 bkt=0
[36m(PiperActor pid=2587930)[0m 2026-04-02 00:46:43,061 - piper_actor - DEBUG - run_dag dispatch (time 12): send s3 mb2 bkt=0
[36m(PiperActor pid=2587930)[0m 2026-04-02 00:46:43,061 - piper_actor - DEBUG - exec_send key (None, 2) to peer pp rank 0
[36m(PiperActor pid=2587930)[0m 2026-04-02 00:46:43,061 - piper_actor - DEBUG - run_dag dispatch (time 13): backward s3 mb3 bkt=0
[36m(PiperActor pid=2587918)[0m 2026-04-02 00:46:43,098 - piper_actor - DEBUG - run_dag dispatch (time 7): send s0 mb3 bkt=0
[36m(PiperActor pid=2587918)[0m 2026-04-02 00:46:43,098 - piper_actor - DEBUG - exec_send key ((0, 0), 3) to peer pp rank 1
[36m(PiperActor pid=2587918)[0m 2026-04-02 00:46:43,098 - piper_actor - DEBUG - run_dag dispatch (time 7): recv s2 mb2 bkt=0
[36m(PiperActor pid=2587918)[0m 2026-04-02 00:46:43,099 - piper_actor - DEBUG - exec_recv key ((2, 0), 2) from peer pp rank 1
[36m(PiperActor pid=2587918)[0m 2026-04-02 00:46:43,099 - piper_actor - DEBUG - run_dag dispatch (time 8): forward s2 mb2 bkt=0
[36m(PiperActor pid=2587911)[0m 2026-04-02 00:46:43,103 - piper_actor - DEBUG - run_dag dispatch (time 6): recv s1 mb0 bkt=0
[36m(PiperActor pid=2587911)[0m 2026-04-02 00:46:43,104 - piper_actor - DEBUG - exec_recv key (None, 0) from peer pp rank 0
[36m(PiperActor pid=2587911)[0m 2026-04-02 00:46:43,104 - piper_actor - DEBUG - run_dag dispatch (time 6): send s3 mb1 bkt=0
[36m(PiperActor pid=2587911)[0m 2026-04-02 00:46:43,104 - piper_actor - DEBUG - exec_send key (None, 1) to peer pp rank 0
[36m(PiperActor pid=2587911)[0m 2026-04-02 00:46:43,104 - piper_actor - DEBUG - run_dag dispatch (time 7): backward s1 mb0 bkt=0
[36m(PiperActor pid=2587915)[0m 2026-04-02 00:46:43,108 - piper_actor - DEBUG - run_dag dispatch (time 13): send s2 mb2 bkt=0
[36m(PiperActor pid=2587915)[0m 2026-04-02 00:46:43,109 - piper_actor - DEBUG - exec_send key (None, 2) to peer pp rank 1
[36m(PiperActor pid=2587915)[0m 2026-04-02 00:46:43,109 - piper_actor - DEBUG - run_dag dispatch (time 13): recv s0 mb2 bkt=0
[36m(PiperActor pid=2587915)[0m 2026-04-02 00:46:43,109 - piper_actor - DEBUG - exec_recv key (None, 2) from peer pp rank 1
[36m(PiperActor pid=2587915)[0m 2026-04-02 00:46:43,110 - piper_actor - DEBUG - run_dag dispatch (time 14): backward s0 mb2 bkt=0
[36m(PiperActor pid=2587930)[0m 2026-04-02 00:46:43,092 - piper_actor - DEBUG - run_dag dispatch (time 13): recv s1 mb2 bkt=0
[36m(PiperActor pid=2587930)[0m 2026-04-02 00:46:43,092 - piper_actor - DEBUG - exec_recv key (None, 2) from peer pp rank 0
[36m(PiperActor pid=2587930)[0m 2026-04-02 00:46:43,093 - piper_actor - DEBUG - run_dag dispatch (time 14): backward s1 mb2 bkt=0
[36m(PiperActor pid=2587918)[0m 2026-04-02 00:46:43,134 - piper_actor - DEBUG - run_dag dispatch (time 8): send s2 mb1 bkt=0
[36m(PiperActor pid=2587918)[0m 2026-04-02 00:46:43,134 - piper_actor - DEBUG - exec_send key (None, 1) to peer pp rank 1
[36m(PiperActor pid=2587918)[0m 2026-04-02 00:46:43,134 - piper_actor - DEBUG - run_dag dispatch (time 8): recv s0 mb0 bkt=0
[36m(PiperActor pid=2587918)[0m 2026-04-02 00:46:43,134 - piper_actor - DEBUG - exec_recv key (None, 0) from peer pp rank 1
[36m(PiperActor pid=2587918)[0m 2026-04-02 00:46:43,135 - piper_actor - DEBUG - run_dag dispatch (time 9): backward s0 mb0 bkt=0
[36m(PiperActor pid=2587911)[0m 2026-04-02 00:46:43,133 - piper_actor - DEBUG - run_dag dispatch (time 7): recv s1 mb3 bkt=0
[36m(PiperActor pid=2587911)[0m 2026-04-02 00:46:43,133 - piper_actor - DEBUG - exec_recv key ((1, 0), 3) from peer pp rank 0
[36m(PiperActor pid=2587911)[0m 2026-04-02 00:46:43,134 - piper_actor - DEBUG - run_dag dispatch (time 7): send s1 mb2 bkt=0
[36m(PiperActor pid=2587911)[0m 2026-04-02 00:46:43,134 - piper_actor - DEBUG - exec_send key ((1, 0), 2) to peer pp rank 0
[36m(PiperActor pid=2587911)[0m 2026-04-02 00:46:43,134 - piper_actor - DEBUG - run_dag dispatch (time 8): forward s1 mb3 bkt=0
[36m(PiperActor pid=2587911)[0m 2026-04-02 00:46:43,150 - piper_actor - DEBUG - run_dag dispatch (time 8): recv s1 mb1 bkt=0
[36m(PiperActor pid=2587911)[0m 2026-04-02 00:46:43,150 - piper_actor - DEBUG - exec_recv key (None, 1) from peer pp rank 0
[36m(PiperActor pid=2587911)[0m 2026-04-02 00:46:43,150 - piper_actor - DEBUG - run_dag dispatch (time 8): send s1 mb0 bkt=0
[36m(PiperActor pid=2587911)[0m 2026-04-02 00:46:43,150 - piper_actor - DEBUG - exec_send key (None, 0) to peer pp rank 0
[36m(PiperActor pid=2587911)[0m 2026-04-02 00:46:43,150 - piper_actor - DEBUG - run_dag dispatch (time 9): backward s1 mb1 bkt=0
[36m(PiperActor pid=2587930)[0m 2026-04-02 00:46:43,150 - piper_actor - DEBUG - run_dag dispatch (time 14): recv s1 mb3 bkt=0
[36m(PiperActor pid=2587930)[0m 2026-04-02 00:46:43,150 - piper_actor - DEBUG - exec_recv key (None, 3) from peer pp rank 0
[36m(PiperActor pid=2587930)[0m 2026-04-02 00:46:43,151 - piper_actor - DEBUG - run_dag dispatch (time 14): send s3 mb3 bkt=0
[36m(PiperActor pid=2587930)[0m 2026-04-02 00:46:43,151 - piper_actor - DEBUG - exec_send key (None, 3) to peer pp rank 0
[36m(PiperActor pid=2587930)[0m 2026-04-02 00:46:43,151 - piper_actor - DEBUG - run_dag dispatch (time 14): all_reduce s3 mb3 bkt=0
[36m(PiperActor pid=2587930)[0m 2026-04-02 00:46:43,152 - piper_actor - DEBUG - run_dag dispatch (time 15): backward s1 mb3 bkt=0
[36m(PiperActor pid=2587918)[0m 2026-04-02 00:46:43,171 - piper_actor - DEBUG - run_dag dispatch (time 9): send s2 mb2 bkt=0
[36m(PiperActor pid=2587918)[0m 2026-04-02 00:46:43,172 - piper_actor - DEBUG - exec_send key ((2, 0), 2) to peer pp rank 1
[36m(PiperActor pid=2587918)[0m 2026-04-02 00:46:43,172 - piper_actor - DEBUG - run_dag dispatch (time 9): recv s2 mb3 bkt=0
[36m(PiperActor pid=2587918)[0m 2026-04-02 00:46:43,172 - piper_actor - DEBUG - exec_recv key ((2, 0), 3) from peer pp rank 1
[36m(PiperActor pid=2587918)[0m 2026-04-02 00:46:43,173 - piper_actor - DEBUG - run_dag dispatch (time 10): forward s2 mb3 bkt=0
[36m(PiperActor pid=2587918)[0m 2026-04-02 00:46:43,191 - piper_actor - DEBUG - run_dag dispatch (time 10): recv s0 mb1 bkt=0
[36m(PiperActor pid=2587918)[0m 2026-04-02 00:46:43,191 - piper_actor - DEBUG - exec_recv key (None, 1) from peer pp rank 1
[36m(PiperActor pid=2587918)[0m 2026-04-02 00:46:43,191 - piper_actor - DEBUG - run_dag dispatch (time 11): backward s0 mb1 bkt=0
[36m(PiperActor pid=2587911)[0m 2026-04-02 00:46:43,183 - piper_actor - DEBUG - run_dag dispatch (time 9): recv s3 mb2 bkt=0
[36m(PiperActor pid=2587911)[0m 2026-04-02 00:46:43,183 - piper_actor - DEBUG - exec_recv key ((3, 0), 2) from peer pp rank 0
[36m(PiperActor pid=2587911)[0m 2026-04-02 00:46:43,183 - piper_actor - DEBUG - run_dag dispatch (time 9): send s1 mb3 bkt=0
[36m(PiperActor pid=2587911)[0m 2026-04-02 00:46:43,184 - piper_actor - DEBUG - exec_send key ((1, 0), 3) to peer pp rank 0
[36m(PiperActor pid=2587911)[0m 2026-04-02 00:46:43,184 - piper_actor - DEBUG - run_dag dispatch (time 10): forward s3 mb2 bkt=0
[36m(PiperActor pid=2587911)[0m 2026-04-02 00:46:43,200 - piper_actor - DEBUG - run_dag dispatch (time 10): send s1 mb1 bkt=0
[36m(PiperActor pid=2587911)[0m 2026-04-02 00:46:43,200 - piper_actor - DEBUG - exec_send key (None, 1) to peer pp rank 0
[36m(PiperActor pid=2587911)[0m 2026-04-02 00:46:43,200 - piper_actor - DEBUG - run_dag dispatch (time 11): backward s3 mb2 bkt=0
[36m(PiperActor pid=2587915)[0m 2026-04-02 00:46:43,188 - piper_actor - DEBUG - run_dag dispatch (time 14): send s2 mb3 bkt=0
[36m(PiperActor pid=2587915)[0m 2026-04-02 00:46:43,189 - piper_actor - DEBUG - exec_send key (None, 3) to peer pp rank 1
[36m(PiperActor pid=2587915)[0m 2026-04-02 00:46:43,189 - piper_actor - DEBUG - run_dag dispatch (time 14): recv s0 mb3 bkt=0
[36m(PiperActor pid=2587915)[0m 2026-04-02 00:46:43,189 - piper_actor - DEBUG - exec_recv key (None, 3) from peer pp rank 1
[36m(PiperActor pid=2587915)[0m 2026-04-02 00:46:43,190 - piper_actor - DEBUG - run_dag dispatch (time 14): all_reduce s2 mb3 bkt=0
[36m(PiperActor pid=2587915)[0m 2026-04-02 00:46:43,190 - piper_actor - DEBUG - run_dag dispatch (time 15): backward s0 mb3 bkt=0
[36m(PiperActor pid=2587930)[0m 2026-04-02 00:46:43,189 - piper_actor - DEBUG - run_dag dispatch (time 15): send s1 mb2 bkt=0
[36m(PiperActor pid=2587930)[0m 2026-04-02 00:46:43,189 - piper_actor - DEBUG - exec_send key (None, 2) to peer pp rank 0
[36m(PiperActor pid=2587930)[0m 2026-04-02 00:46:43,189 - piper_actor - DEBUG - run_dag dispatch (time 16): update s1 mb3 bkt=0
[36m(PiperActor pid=2587918)[0m 2026-04-02 00:46:43,228 - piper_actor - DEBUG - run_dag dispatch (time 11): send s2 mb3 bkt=0
[36m(PiperActor pid=2587918)[0m 2026-04-02 00:46:43,228 - piper_actor - DEBUG - exec_send key ((2, 0), 3) to peer pp rank 1
[36m(PiperActor pid=2587918)[0m 2026-04-02 00:46:43,228 - piper_actor - DEBUG - run_dag dispatch (time 11): recv s2 mb2 bkt=0
[36m(PiperActor pid=2587918)[0m 2026-04-02 00:46:43,228 - piper_actor - DEBUG - exec_recv key (None, 2) from peer pp rank 1
[36m(PiperActor pid=2587918)[0m 2026-04-02 00:46:43,229 - piper_actor - DEBUG - run_dag dispatch (time 12): backward s2 mb2 bkt=0
[36m(PiperActor pid=2587911)[0m 2026-04-02 00:46:43,230 - piper_actor - DEBUG - run_dag dispatch (time 11): recv s3 mb3 bkt=0
[36m(PiperActor pid=2587911)[0m 2026-04-02 00:46:43,231 - piper_actor - DEBUG - exec_recv key ((3, 0), 3) from peer pp rank 0
[36m(PiperActor pid=2587911)[0m 2026-04-02 00:46:43,231 - piper_actor - DEBUG - run_dag dispatch (time 12): forward s3 mb3 bkt=0
[36m(PiperActor pid=2587915)[0m 2026-04-02 00:46:43,235 - piper_actor - DEBUG - run_dag dispatch (time 16): update s0 mb3 bkt=0
[36m(PiperActor pid=2587918)[0m 2026-04-02 00:46:43,264 - piper_actor - DEBUG - run_dag dispatch (time 12): recv s2 mb3 bkt=0
[36m(PiperActor pid=2587918)[0m 2026-04-02 00:46:43,264 - piper_actor - DEBUG - exec_recv key (None, 3) from peer pp rank 1
[36m(PiperActor pid=2587918)[0m 2026-04-02 00:46:43,265 - piper_actor - DEBUG - run_dag dispatch (time 13): backward s2 mb3 bkt=0
[36m(PiperActor pid=2587911)[0m 2026-04-02 00:46:43,272 - piper_actor - DEBUG - run_dag dispatch (time 12): send s3 mb2 bkt=0
[36m(PiperActor pid=2587911)[0m 2026-04-02 00:46:43,272 - piper_actor - DEBUG - exec_send key (None, 2) to peer pp rank 0
[36m(PiperActor pid=2587911)[0m 2026-04-02 00:46:43,273 - piper_actor - DEBUG - run_dag dispatch (time 13): backward s3 mb3 bkt=0
[36m(PiperActor pid=2587918)[0m 2026-04-02 00:46:43,320 - piper_actor - DEBUG - run_dag dispatch (time 13): send s2 mb2 bkt=0
[36m(PiperActor pid=2587918)[0m 2026-04-02 00:46:43,320 - piper_actor - DEBUG - exec_send key (None, 2) to peer pp rank 1
[36m(PiperActor pid=2587918)[0m 2026-04-02 00:46:43,320 - piper_actor - DEBUG - run_dag dispatch (time 13): recv s0 mb2 bkt=0
[36m(PiperActor pid=2587918)[0m 2026-04-02 00:46:43,320 - piper_actor - DEBUG - exec_recv key (None, 2) from peer pp rank 1
[36m(PiperActor pid=2587918)[0m 2026-04-02 00:46:43,321 - piper_actor - DEBUG - run_dag dispatch (time 14): backward s0 mb2 bkt=0
[36m(PiperActor pid=2587911)[0m 2026-04-02 00:46:43,303 - piper_actor - DEBUG - run_dag dispatch (time 13): recv s1 mb2 bkt=0
[36m(PiperActor pid=2587911)[0m 2026-04-02 00:46:43,304 - piper_actor - DEBUG - exec_recv key (None, 2) from peer pp rank 0
[36m(PiperActor pid=2587911)[0m 2026-04-02 00:46:43,304 - piper_actor - DEBUG - run_dag dispatch (time 14): backward s1 mb2 bkt=0
[36m(PiperActor pid=2587911)[0m 2026-04-02 00:46:43,361 - piper_actor - DEBUG - run_dag dispatch (time 14): recv s1 mb3 bkt=0
[36m(PiperActor pid=2587911)[0m 2026-04-02 00:46:43,362 - piper_actor - DEBUG - exec_recv key (None, 3) from peer pp rank 0
[36m(PiperActor pid=2587911)[0m 2026-04-02 00:46:43,362 - piper_actor - DEBUG - run_dag dispatch (time 14): send s3 mb3 bkt=0
[36m(PiperActor pid=2587911)[0m 2026-04-02 00:46:43,362 - piper_actor - DEBUG - exec_send key (None, 3) to peer pp rank 0
[36m(PiperActor pid=2587911)[0m 2026-04-02 00:46:43,363 - piper_actor - DEBUG - run_dag dispatch (time 14): all_reduce s3 mb3 bkt=0
[36m(PiperActor pid=2587911)[0m 2026-04-02 00:46:43,363 - piper_actor - DEBUG - run_dag dispatch (time 15): backward s1 mb3 bkt=0
[36m(PiperActor pid=2587918)[0m 2026-04-02 00:46:43,399 - piper_actor - DEBUG - run_dag dispatch (time 14): send s2 mb3 bkt=0
[36m(PiperActor pid=2587918)[0m 2026-04-02 00:46:43,400 - piper_actor - DEBUG - exec_send key (None, 3) to peer pp rank 1
[36m(PiperActor pid=2587918)[0m 2026-04-02 00:46:43,400 - piper_actor - DEBUG - run_dag dispatch (time 14): recv s0 mb3 bkt=0
[36m(PiperActor pid=2587918)[0m 2026-04-02 00:46:43,400 - piper_actor - DEBUG - exec_recv key (None, 3) from peer pp rank 1
[36m(PiperActor pid=2587918)[0m 2026-04-02 00:46:43,401 - piper_actor - DEBUG - run_dag dispatch (time 14): all_reduce s2 mb3 bkt=0
[36m(PiperActor pid=2587918)[0m 2026-04-02 00:46:43,401 - piper_actor - DEBUG - run_dag dispatch (time 15): backward s0 mb3 bkt=0
[36m(PiperActor pid=2587911)[0m 2026-04-02 00:46:43,400 - piper_actor - DEBUG - run_dag dispatch (time 15): send s1 mb2 bkt=0
[36m(PiperActor pid=2587911)[0m 2026-04-02 00:46:43,400 - piper_actor - DEBUG - exec_send key (None, 2) to peer pp rank 0
[36m(PiperActor pid=2587911)[0m 2026-04-02 00:46:43,400 - piper_actor - DEBUG - run_dag dispatch (time 16): update s1 mb3 bkt=0
[36m(PiperActor pid=2587918)[0m 2026-04-02 00:46:43,443 - piper_actor - DEBUG - run_dag dispatch (time 16): update s0 mb3 bkt=0
[36m(PiperActor pid=2587930)[0m 2026-04-02 00:46:43,539 - piper_actor - DEBUG - run_dag dispatch (time 16): send s1 mb3 bkt=0
[36m(PiperActor pid=2587930)[0m 2026-04-02 00:46:43,540 - piper_actor - DEBUG - exec_send key (None, 3) to peer pp rank 0
[36m(PiperActor pid=2587930)[0m 2026-04-02 00:46:43,540 - piper_actor - DEBUG - run_dag dispatch (time 16): all_reduce s1 mb3 bkt=0
[36m(PiperActor pid=2587911)[0m 2026-04-02 00:46:43,616 - piper_actor - DEBUG - run_dag dispatch (time 16): send s1 mb3 bkt=0
[36m(PiperActor pid=2587911)[0m 2026-04-02 00:46:43,617 - piper_actor - DEBUG - exec_send key (None, 3) to peer pp rank 0
[36m(PiperActor pid=2587911)[0m 2026-04-02 00:46:43,617 - piper_actor - DEBUG - run_dag dispatch (time 16): all_reduce s1 mb3 bkt=0
[36m(PiperActor pid=2587918)[0m 2026-04-02 00:46:43,703 - piper_actor - DEBUG - run_dag dispatch (time 16): all_reduce s0 mb3 bkt=0
[36m(PiperActor pid=2587915)[0m 2026-04-02 00:46:43,702 - piper_actor - DEBUG - run_dag dispatch (time 16): all_reduce s0 mb3 bkt=0
[36m(run_dp_rank pid=2566731)[0m Running 5 timed iterations...
[36m(run_dp_rank pid=2566790)[0m Running 5 timed iterations...
[36m(PiperActor pid=2587918)[0m 2026-04-02 00:46:44,715 - piper_actor - DEBUG - run_dag dispatch (time 0): forward s0 mb0 bkt=0
[36m(PiperActor pid=2587918)[0m 2026-04-02 00:46:44,726 - piper_actor - DEBUG - run_dag dispatch (time 1): forward s0 mb1 bkt=0
[36m(PiperActor pid=2587918)[0m 2026-04-02 00:46:44,737 - piper_actor - DEBUG - run_dag dispatch (time 1): send s0 mb0 bkt=0
[36m(PiperActor pid=2587918)[0m 2026-04-02 00:46:44,737 - piper_actor - DEBUG - exec_send key ((0, 0), 0) to peer pp rank 1
[36m(PiperActor pid=2587918)[0m 2026-04-02 00:46:44,737 - piper_actor - DEBUG - run_dag dispatch (time 1): recv s2 mb0 bkt=0
[36m(PiperActor pid=2587918)[0m 2026-04-02 00:46:44,737 - piper_actor - DEBUG - exec_recv key ((2, 0), 0) from peer pp rank 1
[36m(PiperActor pid=2587918)[0m 2026-04-02 00:46:44,738 - piper_actor - DEBUG - run_dag dispatch (time 2): forward s2 mb0 bkt=0
[36m(PiperActor pid=2587918)[0m 2026-04-02 00:46:44,748 - piper_actor - DEBUG - run_dag dispatch (time 2): send s0 mb1 bkt=0
[36m(PiperActor pid=2587918)[0m 2026-04-02 00:46:44,748 - piper_actor - DEBUG - exec_send key ((0, 0), 1) to peer pp rank 1
[36m(PiperActor pid=2587918)[0m 2026-04-02 00:46:44,749 - piper_actor - DEBUG - run_dag dispatch (time 2): recv s2 mb1 bkt=0
[36m(PiperActor pid=2587918)[0m 2026-04-02 00:46:44,749 - piper_actor - DEBUG - exec_recv key ((2, 0), 1) from peer pp rank 1
[36m(PiperActor pid=2587918)[0m 2026-04-02 00:46:44,749 - piper_actor - DEBUG - run_dag dispatch (time 3): forward s2 mb1 bkt=0
[36m(PiperActor pid=2587918)[0m 2026-04-02 00:46:44,759 - piper_actor - DEBUG - run_dag dispatch (time 3): send s2 mb0 bkt=0
[36m(PiperActor pid=2587918)[0m 2026-04-02 00:46:44,760 - piper_actor - DEBUG - exec_send key ((2, 0), 0) to peer pp rank 1
[36m(PiperActor pid=2587918)[0m 2026-04-02 00:46:44,760 - piper_actor - DEBUG - run_dag dispatch (time 4): forward s0 mb2 bkt=0
[36m(PiperActor pid=2587918)[0m 2026-04-02 00:46:44,770 - piper_actor - DEBUG - run_dag dispatch (time 4): send s2 mb1 bkt=0
[36m(PiperActor pid=2587918)[0m 2026-04-02 00:46:44,770 - piper_actor - DEBUG - exec_send key ((2, 0), 1) to peer pp rank 1
[36m(PiperActor pid=2587918)[0m 2026-04-02 00:46:44,771 - piper_actor - DEBUG - run_dag dispatch (time 4): recv s2 mb0 bkt=0
[36m(PiperActor pid=2587918)[0m 2026-04-02 00:46:44,771 - piper_actor - DEBUG - exec_recv key (None, 0) from peer pp rank 1
[36m(PiperActor pid=2587918)[0m 2026-04-02 00:46:44,771 - piper_actor - DEBUG - run_dag dispatch (time 5): backward s2 mb0 bkt=0
[36m(PiperActor pid=2587918)[0m 2026-04-02 00:46:44,798 - piper_actor - DEBUG - run_dag dispatch (time 5): send s0 mb2 bkt=0
[36m(PiperActor pid=2587918)[0m 2026-04-02 00:46:44,798 - piper_actor - DEBUG - exec_send key ((0, 0), 2) to peer pp rank 1
[36m(PiperActor pid=2587918)[0m 2026-04-02 00:46:44,799 - piper_actor - DEBUG - run_dag dispatch (time 6): forward s0 mb3 bkt=0
[36m(PiperActor pid=2587911)[0m 2026-04-02 00:46:44,716 - piper_actor - DEBUG - run_dag dispatch (time -1): recv s1 mb0 bkt=0
[36m(PiperActor pid=2587911)[0m 2026-04-02 00:46:44,716 - piper_actor - DEBUG - exec_recv key ((1, 0), 0) from peer pp rank 0
[36m(PiperActor pid=2587911)[0m 2026-04-02 00:46:44,716 - piper_actor - DEBUG - run_dag dispatch (time 0): forward s1 mb0 bkt=0
[36m(PiperActor pid=2587911)[0m 2026-04-02 00:46:44,728 - piper_actor - DEBUG - run_dag dispatch (time 0): recv s1 mb1 bkt=0
[36m(PiperActor pid=2587911)[0m 2026-04-02 00:46:44,728 - piper_actor - DEBUG - exec_recv key ((1, 0), 1) from peer pp rank 0
[36m(PiperActor pid=2587911)[0m 2026-04-02 00:46:44,729 - piper_actor - DEBUG - run_dag dispatch (time 1): forward s1 mb1 bkt=0
[36m(PiperActor pid=2587911)[0m 2026-04-02 00:46:44,739 - piper_actor - DEBUG - run_dag dispatch (time 1): recv s3 mb0 bkt=0
[36m(PiperActor pid=2587911)[0m 2026-04-02 00:46:44,739 - piper_actor - DEBUG - exec_recv key ((3, 0), 0) from peer pp rank 0
[36m(PiperActor pid=2587911)[0m 2026-04-02 00:46:44,739 - piper_actor - DEBUG - run_dag dispatch (time 1): send s1 mb0 bkt=0
[36m(PiperActor pid=2587911)[0m 2026-04-02 00:46:44,739 - piper_actor - DEBUG - exec_send key ((1, 0), 0) to peer pp rank 0
[36m(PiperActor pid=2587911)[0m 2026-04-02 00:46:44,740 - piper_actor - DEBUG - run_dag dispatch (time 2): forward s3 mb0 bkt=0
[36m(PiperActor pid=2587911)[0m 2026-04-02 00:46:44,752 - piper_actor - DEBUG - run_dag dispatch (time 2): send s1 mb1 bkt=0
[36m(PiperActor pid=2587911)[0m 2026-04-02 00:46:44,752 - piper_actor - DEBUG - exec_send key ((1, 0), 1) to peer pp rank 0
[36m(PiperActor pid=2587911)[0m 2026-04-02 00:46:44,753 - piper_actor - DEBUG - run_dag dispatch (time 3): backward s3 mb0 bkt=0
[36m(PiperActor pid=2587911)[0m 2026-04-02 00:46:44,780 - piper_actor - DEBUG - run_dag dispatch (time 3): recv s3 mb1 bkt=0
[36m(PiperActor pid=2587911)[0m 2026-04-02 00:46:44,781 - piper_actor - DEBUG - exec_recv key ((3, 0), 1) from peer pp rank 0
[36m(PiperActor pid=2587911)[0m 2026-04-02 00:46:44,781 - piper_actor - DEBUG - run_dag dispatch (time 4): forward s3 mb1 bkt=0
[36m(PiperActor pid=2587911)[0m 2026-04-02 00:46:44,823 - piper_actor - DEBUG - run_dag dispatch (time 4): send s3 mb0 bkt=0
[36m(PiperActor pid=2587911)[0m 2026-04-02 00:46:44,823 - piper_actor - DEBUG - exec_send key (None, 0) to peer pp rank 0
[36m(PiperActor pid=2587911)[0m 2026-04-02 00:46:44,823 - piper_actor - DEBUG - run_dag dispatch (time 5): backward s3 mb1 bkt=0
[36m(PiperActor pid=2587915)[0m 2026-04-02 00:46:44,715 - piper_actor - DEBUG - run_dag dispatch (time 0): forward s0 mb0 bkt=0
[36m(PiperActor pid=2587915)[0m 2026-04-02 00:46:44,726 - piper_actor - DEBUG - run_dag dispatch (time 1): forward s0 mb1 bkt=0
[36m(PiperActor pid=2587915)[0m 2026-04-02 00:46:44,737 - piper_actor - DEBUG - run_dag dispatch (time 1): send s0 mb0 bkt=0
[36m(PiperActor pid=2587915)[0m 2026-04-02 00:46:44,737 - piper_actor - DEBUG - exec_send key ((0, 0), 0) to peer pp rank 1
[36m(PiperActor pid=2587915)[0m 2026-04-02 00:46:44,737 - piper_actor - DEBUG - run_dag dispatch (time 1): recv s2 mb0 bkt=0
[36m(PiperActor pid=2587915)[0m 2026-04-02 00:46:44,737 - piper_actor - DEBUG - exec_recv key ((2, 0), 0) from peer pp rank 1
[36m(PiperActor pid=2587915)[0m 2026-04-02 00:46:44,738 - piper_actor - DEBUG - run_dag dispatch (time 2): forward s2 mb0 bkt=0
[36m(PiperActor pid=2587915)[0m 2026-04-02 00:46:44,748 - piper_actor - DEBUG - run_dag dispatch (time 2): send s0 mb1 bkt=0
[36m(PiperActor pid=2587915)[0m 2026-04-02 00:46:44,748 - piper_actor - DEBUG - exec_send key ((0, 0), 1) to peer pp rank 1
[36m(PiperActor pid=2587915)[0m 2026-04-02 00:46:44,748 - piper_actor - DEBUG - run_dag dispatch (time 2): recv s2 mb1 bkt=0
[36m(PiperActor pid=2587915)[0m 2026-04-02 00:46:44,749 - piper_actor - DEBUG - exec_recv key ((2, 0), 1) from peer pp rank 1
[36m(PiperActor pid=2587915)[0m 2026-04-02 00:46:44,749 - piper_actor - DEBUG - run_dag dispatch (time 3): forward s2 mb1 bkt=0
[36m(PiperActor pid=2587915)[0m 2026-04-02 00:46:44,760 - piper_actor - DEBUG - run_dag dispatch (time 3): send s2 mb0 bkt=0
[36m(PiperActor pid=2587915)[0m 2026-04-02 00:46:44,760 - piper_actor - DEBUG - exec_send key ((2, 0), 0) to peer pp rank 1
[36m(PiperActor pid=2587915)[0m 2026-04-02 00:46:44,760 - piper_actor - DEBUG - run_dag dispatch (time 4): forward s0 mb2 bkt=0
[36m(PiperActor pid=2587915)[0m 2026-04-02 00:46:44,771 - piper_actor - DEBUG - run_dag dispatch (time 4): send s2 mb1 bkt=0
[36m(PiperActor pid=2587915)[0m 2026-04-02 00:46:44,771 - piper_actor - DEBUG - exec_send key ((2, 0), 1) to peer pp rank 1
[36m(PiperActor pid=2587915)[0m 2026-04-02 00:46:44,771 - piper_actor - DEBUG - run_dag dispatch (time 4): recv s2 mb0 bkt=0
[36m(PiperActor pid=2587915)[0m 2026-04-02 00:46:44,771 - piper_actor - DEBUG - exec_recv key (None, 0) from peer pp rank 1
[36m(PiperActor pid=2587915)[0m 2026-04-02 00:46:44,772 - piper_actor - DEBUG - run_dag dispatch (time 5): backward s2 mb0 bkt=0
[36m(PiperActor pid=2587915)[0m 2026-04-02 00:46:44,798 - piper_actor - DEBUG - run_dag dispatch (time 5): send s0 mb2 bkt=0
[36m(PiperActor pid=2587915)[0m 2026-04-02 00:46:44,798 - piper_actor - DEBUG - exec_send key ((0, 0), 2) to peer pp rank 1
[36m(PiperActor pid=2587915)[0m 2026-04-02 00:46:44,799 - piper_actor - DEBUG - run_dag dispatch (time 6): forward s0 mb3 bkt=0
[36m(PiperActor pid=2587930)[0m 2026-04-02 00:46:44,715 - piper_actor - DEBUG - run_dag dispatch (time -1): recv s1 mb0 bkt=0
[36m(PiperActor pid=2587930)[0m 2026-04-02 00:46:44,715 - piper_actor - DEBUG - exec_recv key ((1, 0), 0) from peer pp rank 0
[36m(PiperActor pid=2587930)[0m 2026-04-02 00:46:44,716 - piper_actor - DEBUG - run_dag dispatch (time 0): forward s1 mb0 bkt=0
[36m(PiperActor pid=2587930)[0m 2026-04-02 00:46:44,727 - piper_actor - DEBUG - run_dag dispatch (time 0): recv s1 mb1 bkt=0
[36m(PiperActor pid=2587930)[0m 2026-04-02 00:46:44,727 - piper_actor - DEBUG - exec_recv key ((1, 0), 1) from peer pp rank 0
[36m(PiperActor pid=2587930)[0m 2026-04-02 00:46:44,727 - piper_actor - DEBUG - run_dag dispatch (time 1): forward s1 mb1 bkt=0
[36m(PiperActor pid=2587930)[0m 2026-04-02 00:46:44,738 - piper_actor - DEBUG - run_dag dispatch (time 1): recv s3 mb0 bkt=0
[36m(PiperActor pid=2587930)[0m 2026-04-02 00:46:44,738 - piper_actor - DEBUG - exec_recv key ((3, 0), 0) from peer pp rank 0
[36m(PiperActor pid=2587930)[0m 2026-04-02 00:46:44,738 - piper_actor - DEBUG - run_dag dispatch (time 1): send s1 mb0 bkt=0
[36m(PiperActor pid=2587930)[0m 2026-04-02 00:46:44,738 - piper_actor - DEBUG - exec_send key ((1, 0), 0) to peer pp rank 0
[36m(PiperActor pid=2587930)[0m 2026-04-02 00:46:44,739 - piper_actor - DEBUG - run_dag dispatch (time 2): forward s3 mb0 bkt=0
[36m(PiperActor pid=2587930)[0m 2026-04-02 00:46:44,750 - piper_actor - DEBUG - run_dag dispatch (time 2): send s1 mb1 bkt=0
[36m(PiperActor pid=2587930)[0m 2026-04-02 00:46:44,750 - piper_actor - DEBUG - exec_send key ((1, 0), 1) to peer pp rank 0
[36m(PiperActor pid=2587930)[0m 2026-04-02 00:46:44,750 - piper_actor - DEBUG - run_dag dispatch (time 3): backward s3 mb0 bkt=0
[36m(PiperActor pid=2587930)[0m 2026-04-02 00:46:44,780 - piper_actor - DEBUG - run_dag dispatch (time 3): recv s3 mb1 bkt=0
[36m(PiperActor pid=2587930)[0m 2026-04-02 00:46:44,781 - piper_actor - DEBUG - exec_recv key ((3, 0), 1) from peer pp rank 0
[36m(PiperActor pid=2587930)[0m 2026-04-02 00:46:44,781 - piper_actor - DEBUG - run_dag dispatch (time 4): forward s3 mb1 bkt=0
[36m(PiperActor pid=2587930)[0m 2026-04-02 00:46:44,823 - piper_actor - DEBUG - run_dag dispatch (time 4): send s3 mb0 bkt=0
[36m(PiperActor pid=2587930)[0m 2026-04-02 00:46:44,823 - piper_actor - DEBUG - exec_send key (None, 0) to peer pp rank 0
[36m(PiperActor pid=2587930)[0m 2026-04-02 00:46:44,824 - piper_actor - DEBUG - run_dag dispatch (time 5): backward s3 mb1 bkt=0
[36m(PiperActor pid=2587918)[0m 2026-04-02 00:46:44,852 - piper_actor - DEBUG - run_dag dispatch (time 6): send s2 mb0 bkt=0
[36m(PiperActor pid=2587918)[0m 2026-04-02 00:46:44,852 - piper_actor - DEBUG - exec_send key (None, 0) to peer pp rank 1
[36m(PiperActor pid=2587918)[0m 2026-04-02 00:46:44,852 - piper_actor - DEBUG - run_dag dispatch (time 6): recv s2 mb1 bkt=0
[36m(PiperActor pid=2587918)[0m 2026-04-02 00:46:44,853 - piper_actor - DEBUG - exec_recv key (None, 1) from peer pp rank 1
[36m(PiperActor pid=2587918)[0m 2026-04-02 00:46:44,853 - piper_actor - DEBUG - run_dag dispatch (time 7): backward s2 mb1 bkt=0
[36m(PiperActor pid=2587911)[0m 2026-04-02 00:46:44,854 - piper_actor - DEBUG - run_dag dispatch (time 5): recv s1 mb2 bkt=0
[36m(PiperActor pid=2587911)[0m 2026-04-02 00:46:44,854 - piper_actor - DEBUG - exec_recv key ((1, 0), 2) from peer pp rank 0
[36m(PiperActor pid=2587911)[0m 2026-04-02 00:46:44,855 - piper_actor - DEBUG - run_dag dispatch (time 6): forward s1 mb2 bkt=0
[36m(PiperActor pid=2587915)[0m 2026-04-02 00:46:44,852 - piper_actor - DEBUG - run_dag dispatch (time 6): send s2 mb0 bkt=0
[36m(PiperActor pid=2587915)[0m 2026-04-02 00:46:44,852 - piper_actor - DEBUG - exec_send key (None, 0) to peer pp rank 1
[36m(PiperActor pid=2587915)[0m 2026-04-02 00:46:44,853 - piper_actor - DEBUG - run_dag dispatch (time 6): recv s2 mb1 bkt=0
[36m(PiperActor pid=2587915)[0m 2026-04-02 00:46:44,853 - piper_actor - DEBUG - exec_recv key (None, 1) from peer pp rank 1
[36m(PiperActor pid=2587915)[0m 2026-04-02 00:46:44,853 - piper_actor - DEBUG - run_dag dispatch (time 7): backward s2 mb1 bkt=0
[36m(PiperActor pid=2587930)[0m 2026-04-02 00:46:44,854 - piper_actor - DEBUG - run_dag dispatch (time 5): recv s1 mb2 bkt=0
[36m(PiperActor pid=2587930)[0m 2026-04-02 00:46:44,854 - piper_actor - DEBUG - exec_recv key ((1, 0), 2) from peer pp rank 0
[36m(PiperActor pid=2587930)[0m 2026-04-02 00:46:44,855 - piper_actor - DEBUG - run_dag dispatch (time 6): forward s1 mb2 bkt=0
[36m(PiperActor pid=2587918)[0m 2026-04-02 00:46:44,887 - piper_actor - DEBUG - run_dag dispatch (time 7): send s0 mb3 bkt=0
[36m(PiperActor pid=2587918)[0m 2026-04-02 00:46:44,888 - piper_actor - DEBUG - exec_send key ((0, 0), 3) to peer pp rank 1
[36m(PiperActor pid=2587918)[0m 2026-04-02 00:46:44,888 - piper_actor - DEBUG - run_dag dispatch (time 7): recv s2 mb2 bkt=0
[36m(PiperActor pid=2587918)[0m 2026-04-02 00:46:44,888 - piper_actor - DEBUG - exec_recv key ((2, 0), 2) from peer pp rank 1
[36m(PiperActor pid=2587918)[0m 2026-04-02 00:46:44,889 - piper_actor - DEBUG - run_dag dispatch (time 8): forward s2 mb2 bkt=0
[36m(PiperActor pid=2587911)[0m 2026-04-02 00:46:44,894 - piper_actor - DEBUG - run_dag dispatch (time 6): recv s1 mb0 bkt=0
[36m(PiperActor pid=2587911)[0m 2026-04-02 00:46:44,894 - piper_actor - DEBUG - exec_recv key (None, 0) from peer pp rank 0
[36m(PiperActor pid=2587911)[0m 2026-04-02 00:46:44,894 - piper_actor - DEBUG - run_dag dispatch (time 6): send s3 mb1 bkt=0
[36m(PiperActor pid=2587911)[0m 2026-04-02 00:46:44,894 - piper_actor - DEBUG - exec_send key (None, 1) to peer pp rank 0
[36m(PiperActor pid=2587911)[0m 2026-04-02 00:46:44,895 - piper_actor - DEBUG - run_dag dispatch (time 7): backward s1 mb0 bkt=0
[36m(PiperActor pid=2587915)[0m 2026-04-02 00:46:44,888 - piper_actor - DEBUG - run_dag dispatch (time 7): send s0 mb3 bkt=0
[36m(PiperActor pid=2587915)[0m 2026-04-02 00:46:44,888 - piper_actor - DEBUG - exec_send key ((0, 0), 3) to peer pp rank 1
[36m(PiperActor pid=2587915)[0m 2026-04-02 00:46:44,889 - piper_actor - DEBUG - run_dag dispatch (time 7): recv s2 mb2 bkt=0
[36m(PiperActor pid=2587915)[0m 2026-04-02 00:46:44,889 - piper_actor - DEBUG - exec_recv key ((2, 0), 2) from peer pp rank 1
[36m(PiperActor pid=2587915)[0m 2026-04-02 00:46:44,889 - piper_actor - DEBUG - run_dag dispatch (time 8): forward s2 mb2 bkt=0
[36m(PiperActor pid=2587930)[0m 2026-04-02 00:46:44,894 - piper_actor - DEBUG - run_dag dispatch (time 6): recv s1 mb0 bkt=0
[36m(PiperActor pid=2587930)[0m 2026-04-02 00:46:44,894 - piper_actor - DEBUG - exec_recv key (None, 0) from peer pp rank 0
[36m(PiperActor pid=2587930)[0m 2026-04-02 00:46:44,894 - piper_actor - DEBUG - run_dag dispatch (time 6): send s3 mb1 bkt=0
[36m(PiperActor pid=2587930)[0m 2026-04-02 00:46:44,894 - piper_actor - DEBUG - exec_send key (None, 1) to peer pp rank 0
[36m(PiperActor pid=2587930)[0m 2026-04-02 00:46:44,895 - piper_actor - DEBUG - run_dag dispatch (time 7): backward s1 mb0 bkt=0
[36m(PiperActor pid=2587918)[0m 2026-04-02 00:46:44,924 - piper_actor - DEBUG - run_dag dispatch (time 8): send s2 mb1 bkt=0
[36m(PiperActor pid=2587918)[0m 2026-04-02 00:46:44,924 - piper_actor - DEBUG - exec_send key (None, 1) to peer pp rank 1
[36m(PiperActor pid=2587918)[0m 2026-04-02 00:46:44,924 - piper_actor - DEBUG - run_dag dispatch (time 8): recv s0 mb0 bkt=0
[36m(PiperActor pid=2587918)[0m 2026-04-02 00:46:44,924 - piper_actor - DEBUG - exec_recv key (None, 0) from peer pp rank 1
[36m(PiperActor pid=2587918)[0m 2026-04-02 00:46:44,925 - piper_actor - DEBUG - run_dag dispatch (time 9): backward s0 mb0 bkt=0
[36m(PiperActor pid=2587911)[0m 2026-04-02 00:46:44,923 - piper_actor - DEBUG - run_dag dispatch (time 7): recv s1 mb3 bkt=0
[36m(PiperActor pid=2587911)[0m 2026-04-02 00:46:44,924 - piper_actor - DEBUG - exec_recv key ((1, 0), 3) from peer pp rank 0
[36m(PiperActor pid=2587911)[0m 2026-04-02 00:46:44,924 - piper_actor - DEBUG - run_dag dispatch (time 7): send s1 mb2 bkt=0
[36m(PiperActor pid=2587911)[0m 2026-04-02 00:46:44,924 - piper_actor - DEBUG - exec_send key ((1, 0), 2) to peer pp rank 0
[36m(PiperActor pid=2587911)[0m 2026-04-02 00:46:44,925 - piper_actor - DEBUG - run_dag dispatch (time 8): forward s1 mb3 bkt=0
[36m(PiperActor pid=2587911)[0m 2026-04-02 00:46:44,939 - piper_actor - DEBUG - run_dag dispatch (time 8): recv s1 mb1 bkt=0
[36m(PiperActor pid=2587911)[0m 2026-04-02 00:46:44,939 - piper_actor - DEBUG - exec_recv key (None, 1) from peer pp rank 0
[36m(PiperActor pid=2587911)[0m 2026-04-02 00:46:44,940 - piper_actor - DEBUG - run_dag dispatch (time 8): send s1 mb0 bkt=0
[36m(PiperActor pid=2587911)[0m 2026-04-02 00:46:44,940 - piper_actor - DEBUG - exec_send key (None, 0) to peer pp rank 0
[36m(PiperActor pid=2587911)[0m 2026-04-02 00:46:44,940 - piper_actor - DEBUG - run_dag dispatch (time 9): backward s1 mb1 bkt=0
[36m(PiperActor pid=2587915)[0m 2026-04-02 00:46:44,924 - piper_actor - DEBUG - run_dag dispatch (time 8): send s2 mb1 bkt=0
[36m(PiperActor pid=2587915)[0m 2026-04-02 00:46:44,924 - piper_actor - DEBUG - exec_send key (None, 1) to peer pp rank 1
[36m(PiperActor pid=2587915)[0m 2026-04-02 00:46:44,924 - piper_actor - DEBUG - run_dag dispatch (time 8): recv s0 mb0 bkt=0
[36m(PiperActor pid=2587915)[0m 2026-04-02 00:46:44,924 - piper_actor - DEBUG - exec_recv key (None, 0) from peer pp rank 1
[36m(PiperActor pid=2587915)[0m 2026-04-02 00:46:44,925 - piper_actor - DEBUG - run_dag dispatch (time 9): backward s0 mb0 bkt=0
[36m(PiperActor pid=2587930)[0m 2026-04-02 00:46:44,923 - piper_actor - DEBUG - run_dag dispatch (time 7): recv s1 mb3 bkt=0
[36m(PiperActor pid=2587930)[0m 2026-04-02 00:46:44,924 - piper_actor - DEBUG - exec_recv key ((1, 0), 3) from peer pp rank 0
[36m(PiperActor pid=2587930)[0m 2026-04-02 00:46:44,924 - piper_actor - DEBUG - run_dag dispatch (time 7): send s1 mb2 bkt=0
[36m(PiperActor pid=2587930)[0m 2026-04-02 00:46:44,924 - piper_actor - DEBUG - exec_send key ((1, 0), 2) to peer pp rank 0
[36m(PiperActor pid=2587930)[0m 2026-04-02 00:46:44,925 - piper_actor - DEBUG - run_dag dispatch (time 8): forward s1 mb3 bkt=0
[36m(PiperActor pid=2587930)[0m 2026-04-02 00:46:44,940 - piper_actor - DEBUG - run_dag dispatch (time 8): recv s1 mb1 bkt=0
[36m(PiperActor pid=2587930)[0m 2026-04-02 00:46:44,940 - piper_actor - DEBUG - exec_recv key (None, 1) from peer pp rank 0
[36m(PiperActor pid=2587930)[0m 2026-04-02 00:46:44,940 - piper_actor - DEBUG - run_dag dispatch (time 8): send s1 mb0 bkt=0
[36m(PiperActor pid=2587930)[0m 2026-04-02 00:46:44,940 - piper_actor - DEBUG - exec_send key (None, 0) to peer pp rank 0
[36m(PiperActor pid=2587930)[0m 2026-04-02 00:46:44,940 - piper_actor - DEBUG - run_dag dispatch (time 9): backward s1 mb1 bkt=0
[36m(PiperActor pid=2587918)[0m 2026-04-02 00:46:44,962 - piper_actor - DEBUG - run_dag dispatch (time 9): send s2 mb2 bkt=0
[36m(PiperActor pid=2587918)[0m 2026-04-02 00:46:44,962 - piper_actor - DEBUG - exec_send key ((2, 0), 2) to peer pp rank 1
[36m(PiperActor pid=2587918)[0m 2026-04-02 00:46:44,962 - piper_actor - DEBUG - run_dag dispatch (time 9): recv s2 mb3 bkt=0
[36m(PiperActor pid=2587918)[0m 2026-04-02 00:46:44,963 - piper_actor - DEBUG - exec_recv key ((2, 0), 3) from peer pp rank 1
[36m(PiperActor pid=2587918)[0m 2026-04-02 00:46:44,963 - piper_actor - DEBUG - run_dag dispatch (time 10): forward s2 mb3 bkt=0
[36m(PiperActor pid=2587918)[0m 2026-04-02 00:46:44,981 - piper_actor - DEBUG - run_dag dispatch (time 10): recv s0 mb1 bkt=0
[36m(PiperActor pid=2587918)[0m 2026-04-02 00:46:44,981 - piper_actor - DEBUG - exec_recv key (None, 1) from peer pp rank 1
[36m(PiperActor pid=2587918)[0m 2026-04-02 00:46:44,981 - piper_actor - DEBUG - run_dag dispatch (time 11): backward s0 mb1 bkt=0
[36m(PiperActor pid=2587911)[0m 2026-04-02 00:46:44,972 - piper_actor - DEBUG - run_dag dispatch (time 9): recv s3 mb2 bkt=0
[36m(PiperActor pid=2587911)[0m 2026-04-02 00:46:44,972 - piper_actor - DEBUG - exec_recv key ((3, 0), 2) from peer pp rank 0
[36m(PiperActor pid=2587911)[0m 2026-04-02 00:46:44,973 - piper_actor - DEBUG - run_dag dispatch (time 9): send s1 mb3 bkt=0
[36m(PiperActor pid=2587911)[0m 2026-04-02 00:46:44,973 - piper_actor - DEBUG - exec_send key ((1, 0), 3) to peer pp rank 0
[36m(PiperActor pid=2587911)[0m 2026-04-02 00:46:44,973 - piper_actor - DEBUG - run_dag dispatch (time 10): forward s3 mb2 bkt=0
[36m(PiperActor pid=2587911)[0m 2026-04-02 00:46:44,989 - piper_actor - DEBUG - run_dag dispatch (time 10): send s1 mb1 bkt=0
[36m(PiperActor pid=2587911)[0m 2026-04-02 00:46:44,989 - piper_actor - DEBUG - exec_send key (None, 1) to peer pp rank 0
[36m(PiperActor pid=2587911)[0m 2026-04-02 00:46:44,990 - piper_actor - DEBUG - run_dag dispatch (time 11): backward s3 mb2 bkt=0
[36m(PiperActor pid=2587915)[0m 2026-04-02 00:46:44,961 - piper_actor - DEBUG - run_dag dispatch (time 9): send s2 mb2 bkt=0
[36m(PiperActor pid=2587915)[0m 2026-04-02 00:46:44,962 - piper_actor - DEBUG - exec_send key ((2, 0), 2) to peer pp rank 1
[36m(PiperActor pid=2587915)[0m 2026-04-02 00:46:44,962 - piper_actor - DEBUG - run_dag dispatch (time 9): recv s2 mb3 bkt=0
[36m(PiperActor pid=2587915)[0m 2026-04-02 00:46:44,962 - piper_actor - DEBUG - exec_recv key ((2, 0), 3) from peer pp rank 1
[36m(PiperActor pid=2587915)[0m 2026-04-02 00:46:44,963 - piper_actor - DEBUG - run_dag dispatch (time 10): forward s2 mb3 bkt=0
[36m(PiperActor pid=2587915)[0m 2026-04-02 00:46:44,981 - piper_actor - DEBUG - run_dag dispatch (time 10): recv s0 mb1 bkt=0
[36m(PiperActor pid=2587915)[0m 2026-04-02 00:46:44,981 - piper_actor - DEBUG - exec_recv key (None, 1) from peer pp rank 1
[36m(PiperActor pid=2587915)[0m 2026-04-02 00:46:44,981 - piper_actor - DEBUG - run_dag dispatch (time 11): backward s0 mb1 bkt=0
[36m(PiperActor pid=2587930)[0m 2026-04-02 00:46:44,973 - piper_actor - DEBUG - run_dag dispatch (time 9): recv s3 mb2 bkt=0
[36m(PiperActor pid=2587930)[0m 2026-04-02 00:46:44,973 - piper_actor - DEBUG - exec_recv key ((3, 0), 2) from peer pp rank 0
[36m(PiperActor pid=2587930)[0m 2026-04-02 00:46:44,974 - piper_actor - DEBUG - run_dag dispatch (time 9): send s1 mb3 bkt=0
[36m(PiperActor pid=2587930)[0m 2026-04-02 00:46:44,974 - piper_actor - DEBUG - exec_send key ((1, 0), 3) to peer pp rank 0
[36m(PiperActor pid=2587930)[0m 2026-04-02 00:46:44,974 - piper_actor - DEBUG - run_dag dispatch (time 10): forward s3 mb2 bkt=0
[36m(PiperActor pid=2587930)[0m 2026-04-02 00:46:44,990 - piper_actor - DEBUG - run_dag dispatch (time 10): send s1 mb1 bkt=0
[36m(PiperActor pid=2587930)[0m 2026-04-02 00:46:44,990 - piper_actor - DEBUG - exec_send key (None, 1) to peer pp rank 0
[36m(PiperActor pid=2587930)[0m 2026-04-02 00:46:44,990 - piper_actor - DEBUG - run_dag dispatch (time 11): backward s3 mb2 bkt=0
[36m(PiperActor pid=2587918)[0m 2026-04-02 00:46:45,018 - piper_actor - DEBUG - run_dag dispatch (time 11): send s2 mb3 bkt=0
[36m(PiperActor pid=2587918)[0m 2026-04-02 00:46:45,018 - piper_actor - DEBUG - exec_send key ((2, 0), 3) to peer pp rank 1
[36m(PiperActor pid=2587918)[0m 2026-04-02 00:46:45,019 - piper_actor - DEBUG - run_dag dispatch (time 11): recv s2 mb2 bkt=0
[36m(PiperActor pid=2587918)[0m 2026-04-02 00:46:45,019 - piper_actor - DEBUG - exec_recv key (None, 2) from peer pp rank 1
[36m(PiperActor pid=2587918)[0m 2026-04-02 00:46:45,019 - piper_actor - DEBUG - run_dag dispatch (time 12): backward s2 mb2 bkt=0
[36m(PiperActor pid=2587911)[0m 2026-04-02 00:46:45,020 - piper_actor - DEBUG - run_dag dispatch (time 11): recv s3 mb3 bkt=0
[36m(PiperActor pid=2587911)[0m 2026-04-02 00:46:45,020 - piper_actor - DEBUG - exec_recv key ((3, 0), 3) from peer pp rank 0
[36m(PiperActor pid=2587911)[0m 2026-04-02 00:46:45,021 - piper_actor - DEBUG - run_dag dispatch (time 12): forward s3 mb3 bkt=0
[36m(PiperActor pid=2587915)[0m 2026-04-02 00:46:45,018 - piper_actor - DEBUG - run_dag dispatch (time 11): send s2 mb3 bkt=0
[36m(PiperActor pid=2587915)[0m 2026-04-02 00:46:45,018 - piper_actor - DEBUG - exec_send key ((2, 0), 3) to peer pp rank 1
[36m(PiperActor pid=2587915)[0m 2026-04-02 00:46:45,018 - piper_actor - DEBUG - run_dag dispatch (time 11): recv s2 mb2 bkt=0
[36m(PiperActor pid=2587915)[0m 2026-04-02 00:46:45,019 - piper_actor - DEBUG - exec_recv key (None, 2) from peer pp rank 1
[36m(PiperActor pid=2587915)[0m 2026-04-02 00:46:45,019 - piper_actor - DEBUG - run_dag dispatch (time 12): backward s2 mb2 bkt=0
[36m(PiperActor pid=2587930)[0m 2026-04-02 00:46:45,021 - piper_actor - DEBUG - run_dag dispatch (time 11): recv s3 mb3 bkt=0
[36m(PiperActor pid=2587930)[0m 2026-04-02 00:46:45,021 - piper_actor - DEBUG - exec_recv key ((3, 0), 3) from peer pp rank 0
[36m(PiperActor pid=2587930)[0m 2026-04-02 00:46:45,021 - piper_actor - DEBUG - run_dag dispatch (time 12): forward s3 mb3 bkt=0
[36m(PiperActor pid=2587918)[0m 2026-04-02 00:46:45,054 - piper_actor - DEBUG - run_dag dispatch (time 12): recv s2 mb3 bkt=0
[36m(PiperActor pid=2587918)[0m 2026-04-02 00:46:45,054 - piper_actor - DEBUG - exec_recv key (None, 3) from peer pp rank 1
[36m(PiperActor pid=2587918)[0m 2026-04-02 00:46:45,055 - piper_actor - DEBUG - run_dag dispatch (time 13): backward s2 mb3 bkt=0
[36m(PiperActor pid=2587911)[0m 2026-04-02 00:46:45,062 - piper_actor - DEBUG - run_dag dispatch (time 12): send s3 mb2 bkt=0
[36m(PiperActor pid=2587911)[0m 2026-04-02 00:46:45,063 - piper_actor - DEBUG - exec_send key (None, 2) to peer pp rank 0
[36m(PiperActor pid=2587911)[0m 2026-04-02 00:46:45,063 - piper_actor - DEBUG - run_dag dispatch (time 13): backward s3 mb3 bkt=0
[36m(PiperActor pid=2587915)[0m 2026-04-02 00:46:45,054 - piper_actor - DEBUG - run_dag dispatch (time 12): recv s2 mb3 bkt=0
[36m(PiperActor pid=2587915)[0m 2026-04-02 00:46:45,054 - piper_actor - DEBUG - exec_recv key (None, 3) from peer pp rank 1
[36m(PiperActor pid=2587915)[0m 2026-04-02 00:46:45,055 - piper_actor - DEBUG - run_dag dispatch (time 13): backward s2 mb3 bkt=0
[36m(PiperActor pid=2587930)[0m 2026-04-02 00:46:45,062 - piper_actor - DEBUG - run_dag dispatch (time 12): send s3 mb2 bkt=0
[36m(PiperActor pid=2587930)[0m 2026-04-02 00:46:45,063 - piper_actor - DEBUG - exec_send key (None, 2) to peer pp rank 0
[36m(PiperActor pid=2587930)[0m 2026-04-02 00:46:45,063 - piper_actor - DEBUG - run_dag dispatch (time 13): backward s3 mb3 bkt=0
[36m(PiperActor pid=2587918)[0m 2026-04-02 00:46:45,110 - piper_actor - DEBUG - run_dag dispatch (time 13): send s2 mb2 bkt=0
[36m(PiperActor pid=2587918)[0m 2026-04-02 00:46:45,111 - piper_actor - DEBUG - exec_send key (None, 2) to peer pp rank 1
[36m(PiperActor pid=2587918)[0m 2026-04-02 00:46:45,111 - piper_actor - DEBUG - run_dag dispatch (time 13): recv s0 mb2 bkt=0
[36m(PiperActor pid=2587918)[0m 2026-04-02 00:46:45,111 - piper_actor - DEBUG - exec_recv key (None, 2) from peer pp rank 1
[36m(PiperActor pid=2587918)[0m 2026-04-02 00:46:45,112 - piper_actor - DEBUG - run_dag dispatch (time 14): backward s0 mb2 bkt=0
[36m(PiperActor pid=2587911)[0m 2026-04-02 00:46:45,094 - piper_actor - DEBUG - run_dag dispatch (time 13): recv s1 mb2 bkt=0
[36m(PiperActor pid=2587911)[0m 2026-04-02 00:46:45,094 - piper_actor - DEBUG - exec_recv key (None, 2) from peer pp rank 0
[36m(PiperActor pid=2587911)[0m 2026-04-02 00:46:45,095 - piper_actor - DEBUG - run_dag dispatch (time 14): backward s1 mb2 bkt=0
[36m(PiperActor pid=2587915)[0m 2026-04-02 00:46:45,110 - piper_actor - DEBUG - run_dag dispatch (time 13): send s2 mb2 bkt=0
[36m(PiperActor pid=2587915)[0m 2026-04-02 00:46:45,111 - piper_actor - DEBUG - exec_send key (None, 2) to peer pp rank 1
[36m(PiperActor pid=2587915)[0m 2026-04-02 00:46:45,111 - piper_actor - DEBUG - run_dag dispatch (time 13): recv s0 mb2 bkt=0
[36m(PiperActor pid=2587915)[0m 2026-04-02 00:46:45,111 - piper_actor - DEBUG - exec_recv key (None, 2) from peer pp rank 1
[36m(PiperActor pid=2587915)[0m 2026-04-02 00:46:45,112 - piper_actor - DEBUG - run_dag dispatch (time 14): backward s0 mb2 bkt=0
[36m(PiperActor pid=2587930)[0m 2026-04-02 00:46:45,094 - piper_actor - DEBUG - run_dag dispatch (time 13): recv s1 mb2 bkt=0
[36m(PiperActor pid=2587930)[0m 2026-04-02 00:46:45,094 - piper_actor - DEBUG - exec_recv key (None, 2) from peer pp rank 0
[36m(PiperActor pid=2587930)[0m 2026-04-02 00:46:45,094 - piper_actor - DEBUG - run_dag dispatch (time 14): backward s1 mb2 bkt=0
[36m(PiperActor pid=2587911)[0m 2026-04-02 00:46:45,152 - piper_actor - DEBUG - run_dag dispatch (time 14): recv s1 mb3 bkt=0
[36m(PiperActor pid=2587911)[0m 2026-04-02 00:46:45,152 - piper_actor - DEBUG - exec_recv key (None, 3) from peer pp rank 0
[36m(PiperActor pid=2587911)[0m 2026-04-02 00:46:45,153 - piper_actor - DEBUG - run_dag dispatch (time 14): send s3 mb3 bkt=0
[36m(PiperActor pid=2587911)[0m 2026-04-02 00:46:45,153 - piper_actor - DEBUG - exec_send key (None, 3) to peer pp rank 0
[36m(PiperActor pid=2587911)[0m 2026-04-02 00:46:45,153 - piper_actor - DEBUG - run_dag dispatch (time 14): all_reduce s3 mb3 bkt=0
[36m(PiperActor pid=2587911)[0m 2026-04-02 00:46:45,154 - piper_actor - DEBUG - run_dag dispatch (time 15): backward s1 mb3 bkt=0
[36m(PiperActor pid=2587930)[0m 2026-04-02 00:46:45,152 - piper_actor - DEBUG - run_dag dispatch (time 14): recv s1 mb3 bkt=0
[36m(PiperActor pid=2587930)[0m 2026-04-02 00:46:45,152 - piper_actor - DEBUG - exec_recv key (None, 3) from peer pp rank 0
[36m(PiperActor pid=2587930)[0m 2026-04-02 00:46:45,153 - piper_actor - DEBUG - run_dag dispatch (time 14): send s3 mb3 bkt=0
[36m(PiperActor pid=2587930)[0m 2026-04-02 00:46:45,153 - piper_actor - DEBUG - exec_send key (None, 3) to peer pp rank 0
[36m(PiperActor pid=2587930)[0m 2026-04-02 00:46:45,153 - piper_actor - DEBUG - run_dag dispatch (time 14): all_reduce s3 mb3 bkt=0
[36m(PiperActor pid=2587930)[0m 2026-04-02 00:46:45,153 - piper_actor - DEBUG - run_dag dispatch (time 15): backward s1 mb3 bkt=0
[36m(PiperActor pid=2587918)[0m 2026-04-02 00:46:45,190 - piper_actor - DEBUG - run_dag dispatch (time 14): send s2 mb3 bkt=0
[36m(PiperActor pid=2587918)[0m 2026-04-02 00:46:45,191 - piper_actor - DEBUG - exec_send key (None, 3) to peer pp rank 1
[36m(PiperActor pid=2587918)[0m 2026-04-02 00:46:45,191 - piper_actor - DEBUG - run_dag dispatch (time 14): recv s0 mb3 bkt=0
[36m(PiperActor pid=2587918)[0m 2026-04-02 00:46:45,191 - piper_actor - DEBUG - exec_recv key (None, 3) from peer pp rank 1
[36m(PiperActor pid=2587918)[0m 2026-04-02 00:46:45,192 - piper_actor - DEBUG - run_dag dispatch (time 14): all_reduce s2 mb3 bkt=0
[36m(PiperActor pid=2587918)[0m 2026-04-02 00:46:45,192 - piper_actor - DEBUG - run_dag dispatch (time 15): backward s0 mb3 bkt=0
[36m(PiperActor pid=2587911)[0m 2026-04-02 00:46:45,191 - piper_actor - DEBUG - run_dag dispatch (time 15): send s1 mb2 bkt=0
[36m(PiperActor pid=2587911)[0m 2026-04-02 00:46:45,191 - piper_actor - DEBUG - exec_send key (None, 2) to peer pp rank 0
[36m(PiperActor pid=2587911)[0m 2026-04-02 00:46:45,191 - piper_actor - DEBUG - run_dag dispatch (time 16): update s1 mb3 bkt=0
[36m(PiperActor pid=2587915)[0m 2026-04-02 00:46:45,189 - piper_actor - DEBUG - run_dag dispatch (time 14): send s2 mb3 bkt=0
[36m(PiperActor pid=2587915)[0m 2026-04-02 00:46:45,189 - piper_actor - DEBUG - exec_send key (None, 3) to peer pp rank 1
[36m(PiperActor pid=2587915)[0m 2026-04-02 00:46:45,190 - piper_actor - DEBUG - run_dag dispatch (time 14): recv s0 mb3 bkt=0
[36m(PiperActor pid=2587915)[0m 2026-04-02 00:46:45,190 - piper_actor - DEBUG - exec_recv key (None, 3) from peer pp rank 1
[36m(PiperActor pid=2587915)[0m 2026-04-02 00:46:45,190 - piper_actor - DEBUG - run_dag dispatch (time 14): all_reduce s2 mb3 bkt=0
[36m(PiperActor pid=2587915)[0m 2026-04-02 00:46:45,191 - piper_actor - DEBUG - run_dag dispatch (time 15): backward s0 mb3 bkt=0
[36m(PiperActor pid=2587930)[0m 2026-04-02 00:46:45,190 - piper_actor - DEBUG - run_dag dispatch (time 15): send s1 mb2 bkt=0
[36m(PiperActor pid=2587930)[0m 2026-04-02 00:46:45,190 - piper_actor - DEBUG - exec_send key (None, 2) to peer pp rank 0
[36m(PiperActor pid=2587930)[0m 2026-04-02 00:46:45,191 - piper_actor - DEBUG - run_dag dispatch (time 16): update s1 mb3 bkt=0
[36m(PiperActor pid=2587918)[0m 2026-04-02 00:46:45,234 - piper_actor - DEBUG - run_dag dispatch (time 16): update s0 mb3 bkt=0
[36m(PiperActor pid=2587915)[0m 2026-04-02 00:46:45,233 - piper_actor - DEBUG - run_dag dispatch (time 16): update s0 mb3 bkt=0
[36m(PiperActor pid=2587911)[0m 2026-04-02 00:46:45,250 - piper_actor - DEBUG - run_dag dispatch (time 16): send s1 mb3 bkt=0
[36m(PiperActor pid=2587911)[0m 2026-04-02 00:46:45,250 - piper_actor - DEBUG - exec_send key (None, 3) to peer pp rank 0
[36m(PiperActor pid=2587911)[0m 2026-04-02 00:46:45,251 - piper_actor - DEBUG - run_dag dispatch (time 16): all_reduce s1 mb3 bkt=0
[36m(PiperActor pid=2587930)[0m 2026-04-02 00:46:45,249 - piper_actor - DEBUG - run_dag dispatch (time 16): send s1 mb3 bkt=0
[36m(PiperActor pid=2587930)[0m 2026-04-02 00:46:45,249 - piper_actor - DEBUG - exec_send key (None, 3) to peer pp rank 0
[36m(PiperActor pid=2587930)[0m 2026-04-02 00:46:45,250 - piper_actor - DEBUG - run_dag dispatch (time 16): all_reduce s1 mb3 bkt=0
[36m(PiperActor pid=2587915)[0m 2026-04-02 00:46:45,291 - piper_actor - DEBUG - run_dag dispatch (time 16): all_reduce s0 mb3 bkt=0
[36m(PiperActor pid=2587918)[0m 2026-04-02 00:46:45,428 - piper_actor - DEBUG - run_dag dispatch (time 16): all_reduce s0 mb3 bkt=0
[36m(PiperActor pid=2587918)[0m 2026-04-02 00:46:45,440 - piper_actor - DEBUG - run_dag dispatch (time 0): forward s0 mb0 bkt=0
[36m(PiperActor pid=2587918)[0m 2026-04-02 00:46:45,451 - piper_actor - DEBUG - run_dag dispatch (time 1): forward s0 mb1 bkt=0
[36m(PiperActor pid=2587918)[0m 2026-04-02 00:46:45,461 - piper_actor - DEBUG - run_dag dispatch (time 1): send s0 mb0 bkt=0
[36m(PiperActor pid=2587918)[0m 2026-04-02 00:46:45,461 - piper_actor - DEBUG - exec_send key ((0, 0), 0) to peer pp rank 1
[36m(PiperActor pid=2587918)[0m 2026-04-02 00:46:45,462 - piper_actor - DEBUG - run_dag dispatch (time 1): recv s2 mb0 bkt=0
[36m(PiperActor pid=2587918)[0m 2026-04-02 00:46:45,462 - piper_actor - DEBUG - exec_recv key ((2, 0), 0) from peer pp rank 1
[36m(PiperActor pid=2587918)[0m 2026-04-02 00:46:45,462 - piper_actor - DEBUG - run_dag dispatch (time 2): forward s2 mb0 bkt=0
[36m(PiperActor pid=2587918)[0m 2026-04-02 00:46:45,472 - piper_actor - DEBUG - run_dag dispatch (time 2): send s0 mb1 bkt=0
[36m(PiperActor pid=2587918)[0m 2026-04-02 00:46:45,473 - piper_actor - DEBUG - exec_send key ((0, 0), 1) to peer pp rank 1
[36m(PiperActor pid=2587918)[0m 2026-04-02 00:46:45,473 - piper_actor - DEBUG - run_dag dispatch (time 2): recv s2 mb1 bkt=0
[36m(PiperActor pid=2587918)[0m 2026-04-02 00:46:45,473 - piper_actor - DEBUG - exec_recv key ((2, 0), 1) from peer pp rank 1
[36m(PiperActor pid=2587918)[0m 2026-04-02 00:46:45,473 - piper_actor - DEBUG - run_dag dispatch (time 3): forward s2 mb1 bkt=0
[36m(PiperActor pid=2587918)[0m 2026-04-02 00:46:45,483 - piper_actor - DEBUG - run_dag dispatch (time 3): send s2 mb0 bkt=0
[36m(PiperActor pid=2587918)[0m 2026-04-02 00:46:45,483 - piper_actor - DEBUG - exec_send key ((2, 0), 0) to peer pp rank 1
[36m(PiperActor pid=2587918)[0m 2026-04-02 00:46:45,484 - piper_actor - DEBUG - run_dag dispatch (time 4): forward s0 mb2 bkt=0
[36m(PiperActor pid=2587918)[0m 2026-04-02 00:46:45,494 - piper_actor - DEBUG - run_dag dispatch (time 4): send s2 mb1 bkt=0
[36m(PiperActor pid=2587918)[0m 2026-04-02 00:46:45,494 - piper_actor - DEBUG - exec_send key ((2, 0), 1) to peer pp rank 1
[36m(PiperActor pid=2587918)[0m 2026-04-02 00:46:45,494 - piper_actor - DEBUG - run_dag dispatch (time 4): recv s2 mb0 bkt=0
[36m(PiperActor pid=2587918)[0m 2026-04-02 00:46:45,494 - piper_actor - DEBUG - exec_recv key (None, 0) from peer pp rank 1
[36m(PiperActor pid=2587918)[0m 2026-04-02 00:46:45,495 - piper_actor - DEBUG - run_dag dispatch (time 5): backward s2 mb0 bkt=0
[36m(PiperActor pid=2587911)[0m 2026-04-02 00:46:45,443 - piper_actor - DEBUG - run_dag dispatch (time -1): recv s1 mb0 bkt=0
[36m(PiperActor pid=2587911)[0m 2026-04-02 00:46:45,443 - piper_actor - DEBUG - exec_recv key ((1, 0), 0) from peer pp rank 0
[36m(PiperActor pid=2587911)[0m 2026-04-02 00:46:45,443 - piper_actor - DEBUG - run_dag dispatch (time 0): forward s1 mb0 bkt=0
[36m(PiperActor pid=2587911)[0m 2026-04-02 00:46:45,455 - piper_actor - DEBUG - run_dag dispatch (time 0): recv s1 mb1 bkt=0
[36m(PiperActor pid=2587911)[0m 2026-04-02 00:46:45,455 - piper_actor - DEBUG - exec_recv key ((1, 0), 1) from peer pp rank 0
[36m(PiperActor pid=2587911)[0m 2026-04-02 00:46:45,455 - piper_actor - DEBUG - run_dag dispatch (time 1): forward s1 mb1 bkt=0
[36m(PiperActor pid=2587911)[0m 2026-04-02 00:46:45,466 - piper_actor - DEBUG - run_dag dispatch (time 1): recv s3 mb0 bkt=0
[36m(PiperActor pid=2587911)[0m 2026-04-02 00:46:45,466 - piper_actor - DEBUG - exec_recv key ((3, 0), 0) from peer pp rank 0
[36m(PiperActor pid=2587911)[0m 2026-04-02 00:46:45,466 - piper_actor - DEBUG - run_dag dispatch (time 1): send s1 mb0 bkt=0
[36m(PiperActor pid=2587911)[0m 2026-04-02 00:46:45,466 - piper_actor - DEBUG - exec_send key ((1, 0), 0) to peer pp rank 0
[36m(PiperActor pid=2587911)[0m 2026-04-02 00:46:45,467 - piper_actor - DEBUG - run_dag dispatch (time 2): forward s3 mb0 bkt=0
[36m(PiperActor pid=2587911)[0m 2026-04-02 00:46:45,479 - piper_actor - DEBUG - run_dag dispatch (time 2): send s1 mb1 bkt=0
[36m(PiperActor pid=2587911)[0m 2026-04-02 00:46:45,479 - piper_actor - DEBUG - exec_send key ((1, 0), 1) to peer pp rank 0
[36m(PiperActor pid=2587911)[0m 2026-04-02 00:46:45,480 - piper_actor - DEBUG - run_dag dispatch (time 3): backward s3 mb0 bkt=0
[36m(PiperActor pid=2587915)[0m 2026-04-02 00:46:45,441 - piper_actor - DEBUG - run_dag dispatch (time 0): forward s0 mb0 bkt=0
[36m(PiperActor pid=2587915)[0m 2026-04-02 00:46:45,453 - piper_actor - DEBUG - run_dag dispatch (time 1): forward s0 mb1 bkt=0
[36m(PiperActor pid=2587915)[0m 2026-04-02 00:46:45,463 - piper_actor - DEBUG - run_dag dispatch (time 1): send s0 mb0 bkt=0
[36m(PiperActor pid=2587915)[0m 2026-04-02 00:46:45,463 - piper_actor - DEBUG - exec_send key ((0, 0), 0) to peer pp rank 1
[36m(PiperActor pid=2587915)[0m 2026-04-02 00:46:45,464 - piper_actor - DEBUG - run_dag dispatch (time 1): recv s2 mb0 bkt=0
[36m(PiperActor pid=2587915)[0m 2026-04-02 00:46:45,464 - piper_actor - DEBUG - exec_recv key ((2, 0), 0) from peer pp rank 1
[36m(PiperActor pid=2587915)[0m 2026-04-02 00:46:45,464 - piper_actor - DEBUG - run_dag dispatch (time 2): forward s2 mb0 bkt=0
[36m(PiperActor pid=2587915)[0m 2026-04-02 00:46:45,475 - piper_actor - DEBUG - run_dag dispatch (time 2): send s0 mb1 bkt=0
[36m(PiperActor pid=2587915)[0m 2026-04-02 00:46:45,475 - piper_actor - DEBUG - exec_send key ((0, 0), 1) to peer pp rank 1
[36m(PiperActor pid=2587915)[0m 2026-04-02 00:46:45,475 - piper_actor - DEBUG - run_dag dispatch (time 2): recv s2 mb1 bkt=0
[36m(PiperActor pid=2587915)[0m 2026-04-02 00:46:45,475 - piper_actor - DEBUG - exec_recv key ((2, 0), 1) from peer pp rank 1
[36m(PiperActor pid=2587915)[0m 2026-04-02 00:46:45,476 - piper_actor - DEBUG - run_dag dispatch (time 3): forward s2 mb1 bkt=0
[36m(PiperActor pid=2587915)[0m 2026-04-02 00:46:45,486 - piper_actor - DEBUG - run_dag dispatch (time 3): send s2 mb0 bkt=0
[36m(PiperActor pid=2587915)[0m 2026-04-02 00:46:45,486 - piper_actor - DEBUG - exec_send key ((2, 0), 0) to peer pp rank 1
[36m(PiperActor pid=2587915)[0m 2026-04-02 00:46:45,487 - piper_actor - DEBUG - run_dag dispatch (time 4): forward s0 mb2 bkt=0
[36m(PiperActor pid=2587915)[0m 2026-04-02 00:46:45,497 - piper_actor - DEBUG - run_dag dispatch (time 4): send s2 mb1 bkt=0
[36m(PiperActor pid=2587915)[0m 2026-04-02 00:46:45,497 - piper_actor - DEBUG - exec_send key ((2, 0), 1) to peer pp rank 1
[36m(PiperActor pid=2587915)[0m 2026-04-02 00:46:45,498 - piper_actor - DEBUG - run_dag dispatch (time 4): recv s2 mb0 bkt=0
[36m(PiperActor pid=2587915)[0m 2026-04-02 00:46:45,498 - piper_actor - DEBUG - exec_recv key (None, 0) from peer pp rank 1
[36m(PiperActor pid=2587915)[0m 2026-04-02 00:46:45,498 - piper_actor - DEBUG - run_dag dispatch (time 5): backward s2 mb0 bkt=0
[36m(PiperActor pid=2587930)[0m 2026-04-02 00:46:45,442 - piper_actor - DEBUG - run_dag dispatch (time -1): recv s1 mb0 bkt=0
[36m(PiperActor pid=2587930)[0m 2026-04-02 00:46:45,442 - piper_actor - DEBUG - exec_recv key ((1, 0), 0) from peer pp rank 0
[36m(PiperActor pid=2587930)[0m 2026-04-02 00:46:45,442 - piper_actor - DEBUG - run_dag dispatch (time 0): forward s1 mb0 bkt=0
[36m(PiperActor pid=2587930)[0m 2026-04-02 00:46:45,454 - piper_actor - DEBUG - run_dag dispatch (time 0): recv s1 mb1 bkt=0
[36m(PiperActor pid=2587930)[0m 2026-04-02 00:46:45,454 - piper_actor - DEBUG - exec_recv key ((1, 0), 1) from peer pp rank 0
[36m(PiperActor pid=2587930)[0m 2026-04-02 00:46:45,454 - piper_actor - DEBUG - run_dag dispatch (time 1): forward s1 mb1 bkt=0
[36m(PiperActor pid=2587930)[0m 2026-04-02 00:46:45,465 - piper_actor - DEBUG - run_dag dispatch (time 1): recv s3 mb0 bkt=0
[36m(PiperActor pid=2587930)[0m 2026-04-02 00:46:45,465 - piper_actor - DEBUG - exec_recv key ((3, 0), 0) from peer pp rank 0
[36m(PiperActor pid=2587930)[0m 2026-04-02 00:46:45,465 - piper_actor - DEBUG - run_dag dispatch (time 1): send s1 mb0 bkt=0
[36m(PiperActor pid=2587930)[0m 2026-04-02 00:46:45,465 - piper_actor - DEBUG - exec_send key ((1, 0), 0) to peer pp rank 0
[36m(PiperActor pid=2587930)[0m 2026-04-02 00:46:45,466 - piper_actor - DEBUG - run_dag dispatch (time 2): forward s3 mb0 bkt=0
[36m(PiperActor pid=2587930)[0m 2026-04-02 00:46:45,476 - piper_actor - DEBUG - run_dag dispatch (time 2): send s1 mb1 bkt=0
[36m(PiperActor pid=2587930)[0m 2026-04-02 00:46:45,476 - piper_actor - DEBUG - exec_send key ((1, 0), 1) to peer pp rank 0
[36m(PiperActor pid=2587930)[0m 2026-04-02 00:46:45,477 - piper_actor - DEBUG - run_dag dispatch (time 3): backward s3 mb0 bkt=0
[36m(PiperActor pid=2587918)[0m 2026-04-02 00:46:45,522 - piper_actor - DEBUG - run_dag dispatch (time 5): send s0 mb2 bkt=0
[36m(PiperActor pid=2587918)[0m 2026-04-02 00:46:45,523 - piper_actor - DEBUG - exec_send key ((0, 0), 2) to peer pp rank 1
[36m(PiperActor pid=2587918)[0m 2026-04-02 00:46:45,523 - piper_actor - DEBUG - run_dag dispatch (time 6): forward s0 mb3 bkt=0
[36m(PiperActor pid=2587911)[0m 2026-04-02 00:46:45,505 - piper_actor - DEBUG - run_dag dispatch (time 3): recv s3 mb1 bkt=0
[36m(PiperActor pid=2587911)[0m 2026-04-02 00:46:45,505 - piper_actor - DEBUG - exec_recv key ((3, 0), 1) from peer pp rank 0
[36m(PiperActor pid=2587911)[0m 2026-04-02 00:46:45,506 - piper_actor - DEBUG - run_dag dispatch (time 4): forward s3 mb1 bkt=0
[36m(PiperActor pid=2587915)[0m 2026-04-02 00:46:45,524 - piper_actor - DEBUG - run_dag dispatch (time 5): send s0 mb2 bkt=0
[36m(PiperActor pid=2587915)[0m 2026-04-02 00:46:45,525 - piper_actor - DEBUG - exec_send key ((0, 0), 2) to peer pp rank 1
[36m(PiperActor pid=2587915)[0m 2026-04-02 00:46:45,525 - piper_actor - DEBUG - run_dag dispatch (time 6): forward s0 mb3 bkt=0
[36m(PiperActor pid=2587930)[0m 2026-04-02 00:46:45,507 - piper_actor - DEBUG - run_dag dispatch (time 3): recv s3 mb1 bkt=0
[36m(PiperActor pid=2587930)[0m 2026-04-02 00:46:45,507 - piper_actor - DEBUG - exec_recv key ((3, 0), 1) from peer pp rank 0
[36m(PiperActor pid=2587930)[0m 2026-04-02 00:46:45,507 - piper_actor - DEBUG - run_dag dispatch (time 4): forward s3 mb1 bkt=0
[36m(PiperActor pid=2587918)[0m 2026-04-02 00:46:45,576 - piper_actor - DEBUG - run_dag dispatch (time 6): send s2 mb0 bkt=0
[36m(PiperActor pid=2587918)[0m 2026-04-02 00:46:45,576 - piper_actor - DEBUG - exec_send key (None, 0) to peer pp rank 1
[36m(PiperActor pid=2587918)[0m 2026-04-02 00:46:45,577 - piper_actor - DEBUG - run_dag dispatch (time 6): recv s2 mb1 bkt=0
[36m(PiperActor pid=2587918)[0m 2026-04-02 00:46:45,577 - piper_actor - DEBUG - exec_recv key (None, 1) from peer pp rank 1
[36m(PiperActor pid=2587918)[0m 2026-04-02 00:46:45,577 - piper_actor - DEBUG - run_dag dispatch (time 7): backward s2 mb1 bkt=0
[36m(PiperActor pid=2587911)[0m 2026-04-02 00:46:45,547 - piper_actor - DEBUG - run_dag dispatch (time 4): send s3 mb0 bkt=0
[36m(PiperActor pid=2587911)[0m 2026-04-02 00:46:45,547 - piper_actor - DEBUG - exec_send key (None, 0) to peer pp rank 0
[36m(PiperActor pid=2587911)[0m 2026-04-02 00:46:45,548 - piper_actor - DEBUG - run_dag dispatch (time 5): backward s3 mb1 bkt=0
[36m(PiperActor pid=2587911)[0m 2026-04-02 00:46:45,578 - piper_actor - DEBUG - run_dag dispatch (time 5): recv s1 mb2 bkt=0
[36m(PiperActor pid=2587911)[0m 2026-04-02 00:46:45,578 - piper_actor - DEBUG - exec_recv key ((1, 0), 2) from peer pp rank 0
[36m(PiperActor pid=2587911)[0m 2026-04-02 00:46:45,579 - piper_actor - DEBUG - run_dag dispatch (time 6): forward s1 mb2 bkt=0
[36m(PiperActor pid=2587915)[0m 2026-04-02 00:46:45,579 - piper_actor - DEBUG - run_dag dispatch (time 6): send s2 mb0 bkt=0
[36m(PiperActor pid=2587915)[0m 2026-04-02 00:46:45,579 - piper_actor - DEBUG - exec_send key (None, 0) to peer pp rank 1
[36m(PiperActor pid=2587915)[0m 2026-04-02 00:46:45,579 - piper_actor - DEBUG - run_dag dispatch (time 6): recv s2 mb1 bkt=0
[36m(PiperActor pid=2587915)[0m 2026-04-02 00:46:45,580 - piper_actor - DEBUG - exec_recv key (None, 1) from peer pp rank 1
[36m(PiperActor pid=2587915)[0m 2026-04-02 00:46:45,580 - piper_actor - DEBUG - run_dag dispatch (time 7): backward s2 mb1 bkt=0
[36m(PiperActor pid=2587930)[0m 2026-04-02 00:46:45,549 - piper_actor - DEBUG - run_dag dispatch (time 4): send s3 mb0 bkt=0
[36m(PiperActor pid=2587930)[0m 2026-04-02 00:46:45,549 - piper_actor - DEBUG - exec_send key (None, 0) to peer pp rank 0
[36m(PiperActor pid=2587930)[0m 2026-04-02 00:46:45,550 - piper_actor - DEBUG - run_dag dispatch (time 5): backward s3 mb1 bkt=0
[36m(PiperActor pid=2587930)[0m 2026-04-02 00:46:45,580 - piper_actor - DEBUG - run_dag dispatch (time 5): recv s1 mb2 bkt=0
[36m(PiperActor pid=2587930)[0m 2026-04-02 00:46:45,581 - piper_actor - DEBUG - exec_recv key ((1, 0), 2) from peer pp rank 0
[36m(PiperActor pid=2587930)[0m 2026-04-02 00:46:45,581 - piper_actor - DEBUG - run_dag dispatch (time 6): forward s1 mb2 bkt=0
[36m(PiperActor pid=2587918)[0m 2026-04-02 00:46:45,612 - piper_actor - DEBUG - run_dag dispatch (time 7): send s0 mb3 bkt=0
[36m(PiperActor pid=2587918)[0m 2026-04-02 00:46:45,612 - piper_actor - DEBUG - exec_send key ((0, 0), 3) to peer pp rank 1
[36m(PiperActor pid=2587918)[0m 2026-04-02 00:46:45,613 - piper_actor - DEBUG - run_dag dispatch (time 7): recv s2 mb2 bkt=0
[36m(PiperActor pid=2587918)[0m 2026-04-02 00:46:45,613 - piper_actor - DEBUG - exec_recv key ((2, 0), 2) from peer pp rank 1
[36m(PiperActor pid=2587918)[0m 2026-04-02 00:46:45,613 - piper_actor - DEBUG - run_dag dispatch (time 8): forward s2 mb2 bkt=0
[36m(PiperActor pid=2587911)[0m 2026-04-02 00:46:45,618 - piper_actor - DEBUG - run_dag dispatch (time 6): recv s1 mb0 bkt=0
[36m(PiperActor pid=2587911)[0m 2026-04-02 00:46:45,618 - piper_actor - DEBUG - exec_recv key (None, 0) from peer pp rank 0
[36m(PiperActor pid=2587911)[0m 2026-04-02 00:46:45,618 - piper_actor - DEBUG - run_dag dispatch (time 6): send s3 mb1 bkt=0
[36m(PiperActor pid=2587911)[0m 2026-04-02 00:46:45,619 - piper_actor - DEBUG - exec_send key (None, 1) to peer pp rank 0
[36m(PiperActor pid=2587911)[0m 2026-04-02 00:46:45,619 - piper_actor - DEBUG - run_dag dispatch (time 7): backward s1 mb0 bkt=0
[36m(PiperActor pid=2587915)[0m 2026-04-02 00:46:45,614 - piper_actor - DEBUG - run_dag dispatch (time 7): send s0 mb3 bkt=0
[36m(PiperActor pid=2587915)[0m 2026-04-02 00:46:45,615 - piper_actor - DEBUG - exec_send key ((0, 0), 3) to peer pp rank 1
[36m(PiperActor pid=2587915)[0m 2026-04-02 00:46:45,615 - piper_actor - DEBUG - run_dag dispatch (time 7): recv s2 mb2 bkt=0
[36m(PiperActor pid=2587915)[0m 2026-04-02 00:46:45,615 - piper_actor - DEBUG - exec_recv key ((2, 0), 2) from peer pp rank 1
[36m(PiperActor pid=2587915)[0m 2026-04-02 00:46:45,616 - piper_actor - DEBUG - run_dag dispatch (time 8): forward s2 mb2 bkt=0
[36m(PiperActor pid=2587930)[0m 2026-04-02 00:46:45,620 - piper_actor - DEBUG - run_dag dispatch (time 6): recv s1 mb0 bkt=0
[36m(PiperActor pid=2587930)[0m 2026-04-02 00:46:45,621 - piper_actor - DEBUG - exec_recv key (None, 0) from peer pp rank 0
[36m(PiperActor pid=2587930)[0m 2026-04-02 00:46:45,621 - piper_actor - DEBUG - run_dag dispatch (time 6): send s3 mb1 bkt=0
[36m(PiperActor pid=2587930)[0m 2026-04-02 00:46:45,621 - piper_actor - DEBUG - exec_send key (None, 1) to peer pp rank 0
[36m(PiperActor pid=2587930)[0m 2026-04-02 00:46:45,621 - piper_actor - DEBUG - run_dag dispatch (time 7): backward s1 mb0 bkt=0
[36m(PiperActor pid=2587918)[0m 2026-04-02 00:46:45,648 - piper_actor - DEBUG - run_dag dispatch (time 8): send s2 mb1 bkt=0
[36m(PiperActor pid=2587918)[0m 2026-04-02 00:46:45,648 - piper_actor - DEBUG - exec_send key (None, 1) to peer pp rank 1
[36m(PiperActor pid=2587918)[0m 2026-04-02 00:46:45,648 - piper_actor - DEBUG - run_dag dispatch (time 8): recv s0 mb0 bkt=0
[36m(PiperActor pid=2587918)[0m 2026-04-02 00:46:45,648 - piper_actor - DEBUG - exec_recv key (None, 0) from peer pp rank 1
[36m(PiperActor pid=2587918)[0m 2026-04-02 00:46:45,649 - piper_actor - DEBUG - run_dag dispatch (time 9): backward s0 mb0 bkt=0
[36m(PiperActor pid=2587911)[0m 2026-04-02 00:46:45,647 - piper_actor - DEBUG - run_dag dispatch (time 7): recv s1 mb3 bkt=0
[36m(PiperActor pid=2587911)[0m 2026-04-02 00:46:45,647 - piper_actor - DEBUG - exec_recv key ((1, 0), 3) from peer pp rank 0
[36m(PiperActor pid=2587911)[0m 2026-04-02 00:46:45,648 - piper_actor - DEBUG - run_dag dispatch (time 7): send s1 mb2 bkt=0
[36m(PiperActor pid=2587911)[0m 2026-04-02 00:46:45,648 - piper_actor - DEBUG - exec_send key ((1, 0), 2) to peer pp rank 0
[36m(PiperActor pid=2587911)[0m 2026-04-02 00:46:45,648 - piper_actor - DEBUG - run_dag dispatch (time 8): forward s1 mb3 bkt=0
[36m(PiperActor pid=2587911)[0m 2026-04-02 00:46:45,663 - piper_actor - DEBUG - run_dag dispatch (time 8): recv s1 mb1 bkt=0
[36m(PiperActor pid=2587911)[0m 2026-04-02 00:46:45,663 - piper_actor - DEBUG - exec_recv key (None, 1) from peer pp rank 0
[36m(PiperActor pid=2587911)[0m 2026-04-02 00:46:45,664 - piper_actor - DEBUG - run_dag dispatch (time 8): send s1 mb0 bkt=0
[36m(PiperActor pid=2587911)[0m 2026-04-02 00:46:45,664 - piper_actor - DEBUG - exec_send key (None, 0) to peer pp rank 0
[36m(PiperActor pid=2587911)[0m 2026-04-02 00:46:45,664 - piper_actor - DEBUG - run_dag dispatch (time 9): backward s1 mb1 bkt=0
[36m(PiperActor pid=2587915)[0m 2026-04-02 00:46:45,651 - piper_actor - DEBUG - run_dag dispatch (time 8): send s2 mb1 bkt=0
[36m(PiperActor pid=2587915)[0m 2026-04-02 00:46:45,651 - piper_actor - DEBUG - exec_send key (None, 1) to peer pp rank 1
[36m(PiperActor pid=2587915)[0m 2026-04-02 00:46:45,651 - piper_actor - DEBUG - run_dag dispatch (time 8): recv s0 mb0 bkt=0
[36m(PiperActor pid=2587915)[0m 2026-04-02 00:46:45,651 - piper_actor - DEBUG - exec_recv key (None, 0) from peer pp rank 1
[36m(PiperActor pid=2587915)[0m 2026-04-02 00:46:45,652 - piper_actor - DEBUG - run_dag dispatch (time 9): backward s0 mb0 bkt=0
[36m(PiperActor pid=2587930)[0m 2026-04-02 00:46:45,650 - piper_actor - DEBUG - run_dag dispatch (time 7): recv s1 mb3 bkt=0
[36m(PiperActor pid=2587930)[0m 2026-04-02 00:46:45,650 - piper_actor - DEBUG - exec_recv key ((1, 0), 3) from peer pp rank 0
[36m(PiperActor pid=2587930)[0m 2026-04-02 00:46:45,651 - piper_actor - DEBUG - run_dag dispatch (time 7): send s1 mb2 bkt=0
[36m(PiperActor pid=2587930)[0m 2026-04-02 00:46:45,651 - piper_actor - DEBUG - exec_send key ((1, 0), 2) to peer pp rank 0
[36m(PiperActor pid=2587930)[0m 2026-04-02 00:46:45,651 - piper_actor - DEBUG - run_dag dispatch (time 8): forward s1 mb3 bkt=0
[36m(PiperActor pid=2587930)[0m 2026-04-02 00:46:45,666 - piper_actor - DEBUG - run_dag dispatch (time 8): recv s1 mb1 bkt=0
[36m(PiperActor pid=2587930)[0m 2026-04-02 00:46:45,666 - piper_actor - DEBUG - exec_recv key (None, 1) from peer pp rank 0
[36m(PiperActor pid=2587930)[0m 2026-04-02 00:46:45,667 - piper_actor - DEBUG - run_dag dispatch (time 8): send s1 mb0 bkt=0
[36m(PiperActor pid=2587930)[0m 2026-04-02 00:46:45,667 - piper_actor - DEBUG - exec_send key (None, 0) to peer pp rank 0
[36m(PiperActor pid=2587930)[0m 2026-04-02 00:46:45,667 - piper_actor - DEBUG - run_dag dispatch (time 9): backward s1 mb1 bkt=0
[36m(PiperActor pid=2587918)[0m 2026-04-02 00:46:45,685 - piper_actor - DEBUG - run_dag dispatch (time 9): send s2 mb2 bkt=0
[36m(PiperActor pid=2587918)[0m 2026-04-02 00:46:45,686 - piper_actor - DEBUG - exec_send key ((2, 0), 2) to peer pp rank 1
[36m(PiperActor pid=2587918)[0m 2026-04-02 00:46:45,686 - piper_actor - DEBUG - run_dag dispatch (time 9): recv s2 mb3 bkt=0
[36m(PiperActor pid=2587918)[0m 2026-04-02 00:46:45,686 - piper_actor - DEBUG - exec_recv key ((2, 0), 3) from peer pp rank 1
[36m(PiperActor pid=2587918)[0m 2026-04-02 00:46:45,687 - piper_actor - DEBUG - run_dag dispatch (time 10): forward s2 mb3 bkt=0
[36m(PiperActor pid=2587918)[0m 2026-04-02 00:46:45,704 - piper_actor - DEBUG - run_dag dispatch (time 10): recv s0 mb1 bkt=0
[36m(PiperActor pid=2587918)[0m 2026-04-02 00:46:45,705 - piper_actor - DEBUG - exec_recv key (None, 1) from peer pp rank 1
[36m(PiperActor pid=2587918)[0m 2026-04-02 00:46:45,705 - piper_actor - DEBUG - run_dag dispatch (time 11): backward s0 mb1 bkt=0
[36m(PiperActor pid=2587911)[0m 2026-04-02 00:46:45,696 - piper_actor - DEBUG - run_dag dispatch (time 9): recv s3 mb2 bkt=0
[36m(PiperActor pid=2587911)[0m 2026-04-02 00:46:45,697 - piper_actor - DEBUG - exec_recv key ((3, 0), 2) from peer pp rank 0
[36m(PiperActor pid=2587911)[0m 2026-04-02 00:46:45,697 - piper_actor - DEBUG - run_dag dispatch (time 9): send s1 mb3 bkt=0
[36m(PiperActor pid=2587911)[0m 2026-04-02 00:46:45,697 - piper_actor - DEBUG - exec_send key ((1, 0), 3) to peer pp rank 0
[36m(PiperActor pid=2587911)[0m 2026-04-02 00:46:45,698 - piper_actor - DEBUG - run_dag dispatch (time 10): forward s3 mb2 bkt=0
[36m(PiperActor pid=2587911)[0m 2026-04-02 00:46:45,713 - piper_actor - DEBUG - run_dag dispatch (time 10): send s1 mb1 bkt=0
[36m(PiperActor pid=2587911)[0m 2026-04-02 00:46:45,713 - piper_actor - DEBUG - exec_send key (None, 1) to peer pp rank 0
[36m(PiperActor pid=2587911)[0m 2026-04-02 00:46:45,714 - piper_actor - DEBUG - run_dag dispatch (time 11): backward s3 mb2 bkt=0
[36m(PiperActor pid=2587915)[0m 2026-04-02 00:46:45,688 - piper_actor - DEBUG - run_dag dispatch (time 9): send s2 mb2 bkt=0
[36m(PiperActor pid=2587915)[0m 2026-04-02 00:46:45,689 - piper_actor - DEBUG - exec_send key ((2, 0), 2) to peer pp rank 1
[36m(PiperActor pid=2587915)[0m 2026-04-02 00:46:45,689 - piper_actor - DEBUG - run_dag dispatch (time 9): recv s2 mb3 bkt=0
[36m(PiperActor pid=2587915)[0m 2026-04-02 00:46:45,689 - piper_actor - DEBUG - exec_recv key ((2, 0), 3) from peer pp rank 1
[36m(PiperActor pid=2587915)[0m 2026-04-02 00:46:45,690 - piper_actor - DEBUG - run_dag dispatch (time 10): forward s2 mb3 bkt=0
[36m(PiperActor pid=2587915)[0m 2026-04-02 00:46:45,708 - piper_actor - DEBUG - run_dag dispatch (time 10): recv s0 mb1 bkt=0
[36m(PiperActor pid=2587915)[0m 2026-04-02 00:46:45,708 - piper_actor - DEBUG - exec_recv key (None, 1) from peer pp rank 1
[36m(PiperActor pid=2587915)[0m 2026-04-02 00:46:45,708 - piper_actor - DEBUG - run_dag dispatch (time 11): backward s0 mb1 bkt=0
[36m(PiperActor pid=2587930)[0m 2026-04-02 00:46:45,699 - piper_actor - DEBUG - run_dag dispatch (time 9): recv s3 mb2 bkt=0
[36m(PiperActor pid=2587930)[0m 2026-04-02 00:46:45,699 - piper_actor - DEBUG - exec_recv key ((3, 0), 2) from peer pp rank 0
[36m(PiperActor pid=2587930)[0m 2026-04-02 00:46:45,700 - piper_actor - DEBUG - run_dag dispatch (time 9): send s1 mb3 bkt=0
[36m(PiperActor pid=2587930)[0m 2026-04-02 00:46:45,700 - piper_actor - DEBUG - exec_send key ((1, 0), 3) to peer pp rank 0
[36m(PiperActor pid=2587930)[0m 2026-04-02 00:46:45,700 - piper_actor - DEBUG - run_dag dispatch (time 10): forward s3 mb2 bkt=0
[36m(PiperActor pid=2587930)[0m 2026-04-02 00:46:45,716 - piper_actor - DEBUG - run_dag dispatch (time 10): send s1 mb1 bkt=0
[36m(PiperActor pid=2587930)[0m 2026-04-02 00:46:45,716 - piper_actor - DEBUG - exec_send key (None, 1) to peer pp rank 0
[36m(PiperActor pid=2587930)[0m 2026-04-02 00:46:45,716 - piper_actor - DEBUG - run_dag dispatch (time 11): backward s3 mb2 bkt=0
[36m(PiperActor pid=2587918)[0m 2026-04-02 00:46:45,741 - piper_actor - DEBUG - run_dag dispatch (time 11): send s2 mb3 bkt=0
[36m(PiperActor pid=2587918)[0m 2026-04-02 00:46:45,742 - piper_actor - DEBUG - exec_send key ((2, 0), 3) to peer pp rank 1
[36m(PiperActor pid=2587918)[0m 2026-04-02 00:46:45,742 - piper_actor - DEBUG - run_dag dispatch (time 11): recv s2 mb2 bkt=0
[36m(PiperActor pid=2587918)[0m 2026-04-02 00:46:45,742 - piper_actor - DEBUG - exec_recv key (None, 2) from peer pp rank 1
[36m(PiperActor pid=2587918)[0m 2026-04-02 00:46:45,743 - piper_actor - DEBUG - run_dag dispatch (time 12): backward s2 mb2 bkt=0
[36m(PiperActor pid=2587918)[0m 2026-04-02 00:46:45,778 - piper_actor - DEBUG - run_dag dispatch (time 12): recv s2 mb3 bkt=0
[36m(PiperActor pid=2587918)[0m 2026-04-02 00:46:45,778 - piper_actor - DEBUG - exec_recv key (None, 3) from peer pp rank 1
[36m(PiperActor pid=2587918)[0m 2026-04-02 00:46:45,778 - piper_actor - DEBUG - run_dag dispatch (time 13): backward s2 mb3 bkt=0
[36m(PiperActor pid=2587911)[0m 2026-04-02 00:46:45,744 - piper_actor - DEBUG - run_dag dispatch (time 11): recv s3 mb3 bkt=0
[36m(PiperActor pid=2587911)[0m 2026-04-02 00:46:45,744 - piper_actor - DEBUG - exec_recv key ((3, 0), 3) from peer pp rank 0
[36m(PiperActor pid=2587911)[0m 2026-04-02 00:46:45,745 - piper_actor - DEBUG - run_dag dispatch (time 12): forward s3 mb3 bkt=0
[36m(PiperActor pid=2587911)[0m 2026-04-02 00:46:45,786 - piper_actor - DEBUG - run_dag dispatch (time 12): send s3 mb2 bkt=0
[36m(PiperActor pid=2587911)[0m 2026-04-02 00:46:45,786 - piper_actor - DEBUG - exec_send key (None, 2) to peer pp rank 0
[36m(PiperActor pid=2587911)[0m 2026-04-02 00:46:45,786 - piper_actor - DEBUG - run_dag dispatch (time 13): backward s3 mb3 bkt=0
[36m(PiperActor pid=2587915)[0m 2026-04-02 00:46:45,744 - piper_actor - DEBUG - run_dag dispatch (time 11): send s2 mb3 bkt=0
[36m(PiperActor pid=2587915)[0m 2026-04-02 00:46:45,745 - piper_actor - DEBUG - exec_send key ((2, 0), 3) to peer pp rank 1
[36m(PiperActor pid=2587915)[0m 2026-04-02 00:46:45,745 - piper_actor - DEBUG - run_dag dispatch (time 11): recv s2 mb2 bkt=0
[36m(PiperActor pid=2587915)[0m 2026-04-02 00:46:45,745 - piper_actor - DEBUG - exec_recv key (None, 2) from peer pp rank 1
[36m(PiperActor pid=2587915)[0m 2026-04-02 00:46:45,746 - piper_actor - DEBUG - run_dag dispatch (time 12): backward s2 mb2 bkt=0
[36m(PiperActor pid=2587915)[0m 2026-04-02 00:46:45,781 - piper_actor - DEBUG - run_dag dispatch (time 12): recv s2 mb3 bkt=0
[36m(PiperActor pid=2587915)[0m 2026-04-02 00:46:45,781 - piper_actor - DEBUG - exec_recv key (None, 3) from peer pp rank 1
[36m(PiperActor pid=2587915)[0m 2026-04-02 00:46:45,782 - piper_actor - DEBUG - run_dag dispatch (time 13): backward s2 mb3 bkt=0
[36m(PiperActor pid=2587930)[0m 2026-04-02 00:46:45,747 - piper_actor - DEBUG - run_dag dispatch (time 11): recv s3 mb3 bkt=0
[36m(PiperActor pid=2587930)[0m 2026-04-02 00:46:45,747 - piper_actor - DEBUG - exec_recv key ((3, 0), 3) from peer pp rank 0
[36m(PiperActor pid=2587930)[0m 2026-04-02 00:46:45,748 - piper_actor - DEBUG - run_dag dispatch (time 12): forward s3 mb3 bkt=0
[36m(PiperActor pid=2587918)[0m 2026-04-02 00:46:45,834 - piper_actor - DEBUG - run_dag dispatch (time 13): send s2 mb2 bkt=0
[36m(PiperActor pid=2587918)[0m 2026-04-02 00:46:45,834 - piper_actor - DEBUG - exec_send key (None, 2) to peer pp rank 1
[36m(PiperActor pid=2587918)[0m 2026-04-02 00:46:45,835 - piper_actor - DEBUG - run_dag dispatch (time 13): recv s0 mb2 bkt=0
[36m(PiperActor pid=2587918)[0m 2026-04-02 00:46:45,835 - piper_actor - DEBUG - exec_recv key (None, 2) from peer pp rank 1
[36m(PiperActor pid=2587918)[0m 2026-04-02 00:46:45,835 - piper_actor - DEBUG - run_dag dispatch (time 14): backward s0 mb2 bkt=0
[36m(PiperActor pid=2587911)[0m 2026-04-02 00:46:45,817 - piper_actor - DEBUG - run_dag dispatch (time 13): recv s1 mb2 bkt=0
[36m(PiperActor pid=2587911)[0m 2026-04-02 00:46:45,818 - piper_actor - DEBUG - exec_recv key (None, 2) from peer pp rank 0
[36m(PiperActor pid=2587911)[0m 2026-04-02 00:46:45,818 - piper_actor - DEBUG - run_dag dispatch (time 14): backward s1 mb2 bkt=0
[36m(PiperActor pid=2587915)[0m 2026-04-02 00:46:45,837 - piper_actor - DEBUG - run_dag dispatch (time 13): send s2 mb2 bkt=0
[36m(PiperActor pid=2587915)[0m 2026-04-02 00:46:45,838 - piper_actor - DEBUG - exec_send key (None, 2) to peer pp rank 1
[36m(PiperActor pid=2587915)[0m 2026-04-02 00:46:45,838 - piper_actor - DEBUG - run_dag dispatch (time 13): recv s0 mb2 bkt=0
[36m(PiperActor pid=2587915)[0m 2026-04-02 00:46:45,838 - piper_actor - DEBUG - exec_recv key (None, 2) from peer pp rank 1
[36m(PiperActor pid=2587915)[0m 2026-04-02 00:46:45,839 - piper_actor - DEBUG - run_dag dispatch (time 14): backward s0 mb2 bkt=0
[36m(PiperActor pid=2587930)[0m 2026-04-02 00:46:45,789 - piper_actor - DEBUG - run_dag dispatch (time 12): send s3 mb2 bkt=0
[36m(PiperActor pid=2587930)[0m 2026-04-02 00:46:45,789 - piper_actor - DEBUG - exec_send key (None, 2) to peer pp rank 0
[36m(PiperActor pid=2587930)[0m 2026-04-02 00:46:45,790 - piper_actor - DEBUG - run_dag dispatch (time 13): backward s3 mb3 bkt=0
[36m(PiperActor pid=2587930)[0m 2026-04-02 00:46:45,820 - piper_actor - DEBUG - run_dag dispatch (time 13): recv s1 mb2 bkt=0
[36m(PiperActor pid=2587930)[0m 2026-04-02 00:46:45,821 - piper_actor - DEBUG - exec_recv key (None, 2) from peer pp rank 0
[36m(PiperActor pid=2587930)[0m 2026-04-02 00:46:45,821 - piper_actor - DEBUG - run_dag dispatch (time 14): backward s1 mb2 bkt=0
[36m(PiperActor pid=2587911)[0m 2026-04-02 00:46:45,876 - piper_actor - DEBUG - run_dag dispatch (time 14): recv s1 mb3 bkt=0
[36m(PiperActor pid=2587911)[0m 2026-04-02 00:46:45,876 - piper_actor - DEBUG - exec_recv key (None, 3) from peer pp rank 0
[36m(PiperActor pid=2587911)[0m 2026-04-02 00:46:45,877 - piper_actor - DEBUG - run_dag dispatch (time 14): send s3 mb3 bkt=0
[36m(PiperActor pid=2587911)[0m 2026-04-02 00:46:45,877 - piper_actor - DEBUG - exec_send key (None, 3) to peer pp rank 0
[36m(PiperActor pid=2587911)[0m 2026-04-02 00:46:45,877 - piper_actor - DEBUG - run_dag dispatch (time 14): all_reduce s3 mb3 bkt=0
[36m(PiperActor pid=2587911)[0m 2026-04-02 00:46:45,877 - piper_actor - DEBUG - run_dag dispatch (time 15): backward s1 mb3 bkt=0
[36m(PiperActor pid=2587930)[0m 2026-04-02 00:46:45,878 - piper_actor - DEBUG - run_dag dispatch (time 14): recv s1 mb3 bkt=0
[36m(PiperActor pid=2587930)[0m 2026-04-02 00:46:45,879 - piper_actor - DEBUG - exec_recv key (None, 3) from peer pp rank 0
[36m(PiperActor pid=2587930)[0m 2026-04-02 00:46:45,879 - piper_actor - DEBUG - run_dag dispatch (time 14): send s3 mb3 bkt=0
[36m(PiperActor pid=2587930)[0m 2026-04-02 00:46:45,879 - piper_actor - DEBUG - exec_send key (None, 3) to peer pp rank 0
[36m(PiperActor pid=2587930)[0m 2026-04-02 00:46:45,880 - piper_actor - DEBUG - run_dag dispatch (time 14): all_reduce s3 mb3 bkt=0
[36m(PiperActor pid=2587930)[0m 2026-04-02 00:46:45,880 - piper_actor - DEBUG - run_dag dispatch (time 15): backward s1 mb3 bkt=0
[36m(PiperActor pid=2587918)[0m 2026-04-02 00:46:45,913 - piper_actor - DEBUG - run_dag dispatch (time 14): send s2 mb3 bkt=0
[36m(PiperActor pid=2587918)[0m 2026-04-02 00:46:45,913 - piper_actor - DEBUG - exec_send key (None, 3) to peer pp rank 1
[36m(PiperActor pid=2587918)[0m 2026-04-02 00:46:45,914 - piper_actor - DEBUG - run_dag dispatch (time 14): recv s0 mb3 bkt=0
[36m(PiperActor pid=2587918)[0m 2026-04-02 00:46:45,914 - piper_actor - DEBUG - exec_recv key (None, 3) from peer pp rank 1
[36m(PiperActor pid=2587918)[0m 2026-04-02 00:46:45,914 - piper_actor - DEBUG - run_dag dispatch (time 14): all_reduce s2 mb3 bkt=0
[36m(PiperActor pid=2587918)[0m 2026-04-02 00:46:45,915 - piper_actor - DEBUG - run_dag dispatch (time 15): backward s0 mb3 bkt=0
[36m(PiperActor pid=2587911)[0m 2026-04-02 00:46:45,914 - piper_actor - DEBUG - run_dag dispatch (time 15): send s1 mb2 bkt=0
[36m(PiperActor pid=2587911)[0m 2026-04-02 00:46:45,914 - piper_actor - DEBUG - exec_send key (None, 2) to peer pp rank 0
[36m(PiperActor pid=2587911)[0m 2026-04-02 00:46:45,915 - piper_actor - DEBUG - run_dag dispatch (time 16): update s1 mb3 bkt=0
[36m(PiperActor pid=2587915)[0m 2026-04-02 00:46:45,917 - piper_actor - DEBUG - run_dag dispatch (time 14): send s2 mb3 bkt=0
[36m(PiperActor pid=2587915)[0m 2026-04-02 00:46:45,917 - piper_actor - DEBUG - exec_send key (None, 3) to peer pp rank 1
[36m(PiperActor pid=2587915)[0m 2026-04-02 00:46:45,918 - piper_actor - DEBUG - run_dag dispatch (time 14): recv s0 mb3 bkt=0
[36m(PiperActor pid=2587915)[0m 2026-04-02 00:46:45,918 - piper_actor - DEBUG - exec_recv key (None, 3) from peer pp rank 1
[36m(PiperActor pid=2587915)[0m 2026-04-02 00:46:45,918 - piper_actor - DEBUG - run_dag dispatch (time 14): all_reduce s2 mb3 bkt=0
[36m(PiperActor pid=2587915)[0m 2026-04-02 00:46:45,919 - piper_actor - DEBUG - run_dag dispatch (time 15): backward s0 mb3 bkt=0
[36m(PiperActor pid=2587930)[0m 2026-04-02 00:46:45,917 - piper_actor - DEBUG - run_dag dispatch (time 15): send s1 mb2 bkt=0
[36m(PiperActor pid=2587930)[0m 2026-04-02 00:46:45,918 - piper_actor - DEBUG - exec_send key (None, 2) to peer pp rank 0
[36m(PiperActor pid=2587930)[0m 2026-04-02 00:46:45,918 - piper_actor - DEBUG - run_dag dispatch (time 16): update s1 mb3 bkt=0
[36m(PiperActor pid=2587918)[0m 2026-04-02 00:46:45,957 - piper_actor - DEBUG - run_dag dispatch (time 16): update s0 mb3 bkt=0
[36m(PiperActor pid=2587911)[0m 2026-04-02 00:46:45,973 - piper_actor - DEBUG - run_dag dispatch (time 16): send s1 mb3 bkt=0
[36m(PiperActor pid=2587911)[0m 2026-04-02 00:46:45,973 - piper_actor - DEBUG - exec_send key (None, 3) to peer pp rank 0
[36m(PiperActor pid=2587911)[0m 2026-04-02 00:46:45,973 - piper_actor - DEBUG - run_dag dispatch (time 16): all_reduce s1 mb3 bkt=0
[36m(PiperActor pid=2587915)[0m 2026-04-02 00:46:45,960 - piper_actor - DEBUG - run_dag dispatch (time 16): update s0 mb3 bkt=0
[36m(PiperActor pid=2587930)[0m 2026-04-02 00:46:45,976 - piper_actor - DEBUG - run_dag dispatch (time 16): send s1 mb3 bkt=0
[36m(PiperActor pid=2587930)[0m 2026-04-02 00:46:45,976 - piper_actor - DEBUG - exec_send key (None, 3) to peer pp rank 0
[36m(PiperActor pid=2587930)[0m 2026-04-02 00:46:45,977 - piper_actor - DEBUG - run_dag dispatch (time 16): all_reduce s1 mb3 bkt=0
[36m(PiperActor pid=2587918)[0m 2026-04-02 00:46:46,015 - piper_actor - DEBUG - run_dag dispatch (time 16): all_reduce s0 mb3 bkt=0
[36m(PiperActor pid=2587918)[0m 2026-04-02 00:46:46,021 - piper_actor - DEBUG - run_dag dispatch (time 0): forward s0 mb0 bkt=0
[36m(PiperActor pid=2587918)[0m 2026-04-02 00:46:46,031 - piper_actor - DEBUG - run_dag dispatch (time 1): forward s0 mb1 bkt=0
[36m(PiperActor pid=2587918)[0m 2026-04-02 00:46:46,042 - piper_actor - DEBUG - run_dag dispatch (time 1): send s0 mb0 bkt=0
[36m(PiperActor pid=2587918)[0m 2026-04-02 00:46:46,042 - piper_actor - DEBUG - exec_send key ((0, 0), 0) to peer pp rank 1
[36m(PiperActor pid=2587918)[0m 2026-04-02 00:46:46,043 - piper_actor - DEBUG - run_dag dispatch (time 1): recv s2 mb0 bkt=0
[36m(PiperActor pid=2587918)[0m 2026-04-02 00:46:46,043 - piper_actor - DEBUG - exec_recv key ((2, 0), 0) from peer pp rank 1
[36m(PiperActor pid=2587918)[0m 2026-04-02 00:46:46,043 - piper_actor - DEBUG - run_dag dispatch (time 2): forward s2 mb0 bkt=0
[36m(PiperActor pid=2587911)[0m 2026-04-02 00:46:46,021 - piper_actor - DEBUG - run_dag dispatch (time -1): recv s1 mb0 bkt=0
[36m(PiperActor pid=2587911)[0m 2026-04-02 00:46:46,021 - piper_actor - DEBUG - exec_recv key ((1, 0), 0) from peer pp rank 0
[36m(PiperActor pid=2587911)[0m 2026-04-02 00:46:46,022 - piper_actor - DEBUG - run_dag dispatch (time 0): forward s1 mb0 bkt=0
[36m(PiperActor pid=2587911)[0m 2026-04-02 00:46:46,033 - piper_actor - DEBUG - run_dag dispatch (time 0): recv s1 mb1 bkt=0
[36m(PiperActor pid=2587911)[0m 2026-04-02 00:46:46,033 - piper_actor - DEBUG - exec_recv key ((1, 0), 1) from peer pp rank 0
[36m(PiperActor pid=2587911)[0m 2026-04-02 00:46:46,034 - piper_actor - DEBUG - run_dag dispatch (time 1): forward s1 mb1 bkt=0
[36m(PiperActor pid=2587911)[0m 2026-04-02 00:46:46,044 - piper_actor - DEBUG - run_dag dispatch (time 1): recv s3 mb0 bkt=0
[36m(PiperActor pid=2587911)[0m 2026-04-02 00:46:46,045 - piper_actor - DEBUG - exec_recv key ((3, 0), 0) from peer pp rank 0
[36m(PiperActor pid=2587911)[0m 2026-04-02 00:46:46,045 - piper_actor - DEBUG - run_dag dispatch (time 1): send s1 mb0 bkt=0
[36m(PiperActor pid=2587911)[0m 2026-04-02 00:46:46,045 - piper_actor - DEBUG - exec_send key ((1, 0), 0) to peer pp rank 0
[36m(PiperActor pid=2587911)[0m 2026-04-02 00:46:46,045 - piper_actor - DEBUG - run_dag dispatch (time 2): forward s3 mb0 bkt=0
[36m(PiperActor pid=2587915)[0m 2026-04-02 00:46:46,019 - piper_actor - DEBUG - run_dag dispatch (time 16): all_reduce s0 mb3 bkt=0
[36m(PiperActor pid=2587915)[0m 2026-04-02 00:46:46,024 - piper_actor - DEBUG - run_dag dispatch (time 0): forward s0 mb0 bkt=0
[36m(PiperActor pid=2587915)[0m 2026-04-02 00:46:46,036 - piper_actor - DEBUG - run_dag dispatch (time 1): forward s0 mb1 bkt=0
[36m(PiperActor pid=2587915)[0m 2026-04-02 00:46:46,047 - piper_actor - DEBUG - run_dag dispatch (time 1): send s0 mb0 bkt=0
[36m(PiperActor pid=2587915)[0m 2026-04-02 00:46:46,047 - piper_actor - DEBUG - exec_send key ((0, 0), 0) to peer pp rank 1
[36m(PiperActor pid=2587915)[0m 2026-04-02 00:46:46,047 - piper_actor - DEBUG - run_dag dispatch (time 1): recv s2 mb0 bkt=0
[36m(PiperActor pid=2587915)[0m 2026-04-02 00:46:46,047 - piper_actor - DEBUG - exec_recv key ((2, 0), 0) from peer pp rank 1
[36m(PiperActor pid=2587915)[0m 2026-04-02 00:46:46,048 - piper_actor - DEBUG - run_dag dispatch (time 2): forward s2 mb0 bkt=0
[36m(PiperActor pid=2587930)[0m 2026-04-02 00:46:46,025 - piper_actor - DEBUG - run_dag dispatch (time -1): recv s1 mb0 bkt=0
[36m(PiperActor pid=2587930)[0m 2026-04-02 00:46:46,025 - piper_actor - DEBUG - exec_recv key ((1, 0), 0) from peer pp rank 0
[36m(PiperActor pid=2587930)[0m 2026-04-02 00:46:46,025 - piper_actor - DEBUG - run_dag dispatch (time 0): forward s1 mb0 bkt=0
[36m(PiperActor pid=2587930)[0m 2026-04-02 00:46:46,036 - piper_actor - DEBUG - run_dag dispatch (time 0): recv s1 mb1 bkt=0
[36m(PiperActor pid=2587930)[0m 2026-04-02 00:46:46,036 - piper_actor - DEBUG - exec_recv key ((1, 0), 1) from peer pp rank 0
[36m(PiperActor pid=2587930)[0m 2026-04-02 00:46:46,036 - piper_actor - DEBUG - run_dag dispatch (time 1): forward s1 mb1 bkt=0
[36m(PiperActor pid=2587930)[0m 2026-04-02 00:46:46,047 - piper_actor - DEBUG - run_dag dispatch (time 1): recv s3 mb0 bkt=0
[36m(PiperActor pid=2587930)[0m 2026-04-02 00:46:46,047 - piper_actor - DEBUG - exec_recv key ((3, 0), 0) from peer pp rank 0
[36m(PiperActor pid=2587930)[0m 2026-04-02 00:46:46,048 - piper_actor - DEBUG - run_dag dispatch (time 1): send s1 mb0 bkt=0
[36m(PiperActor pid=2587930)[0m 2026-04-02 00:46:46,048 - piper_actor - DEBUG - exec_send key ((1, 0), 0) to peer pp rank 0
[36m(PiperActor pid=2587930)[0m 2026-04-02 00:46:46,048 - piper_actor - DEBUG - run_dag dispatch (time 2): forward s3 mb0 bkt=0
[36m(PiperActor pid=2587918)[0m 2026-04-02 00:46:46,053 - piper_actor - DEBUG - run_dag dispatch (time 2): send s0 mb1 bkt=0
[36m(PiperActor pid=2587918)[0m 2026-04-02 00:46:46,053 - piper_actor - DEBUG - exec_send key ((0, 0), 1) to peer pp rank 1
[36m(PiperActor pid=2587918)[0m 2026-04-02 00:46:46,054 - piper_actor - DEBUG - run_dag dispatch (time 2): recv s2 mb1 bkt=0
[36m(PiperActor pid=2587918)[0m 2026-04-02 00:46:46,054 - piper_actor - DEBUG - exec_recv key ((2, 0), 1) from peer pp rank 1
[36m(PiperActor pid=2587918)[0m 2026-04-02 00:46:46,054 - piper_actor - DEBUG - run_dag dispatch (time 3): forward s2 mb1 bkt=0
[36m(PiperActor pid=2587918)[0m 2026-04-02 00:46:46,064 - piper_actor - DEBUG - run_dag dispatch (time 3): send s2 mb0 bkt=0
[36m(PiperActor pid=2587918)[0m 2026-04-02 00:46:46,064 - piper_actor - DEBUG - exec_send key ((2, 0), 0) to peer pp rank 1
[36m(PiperActor pid=2587918)[0m 2026-04-02 00:46:46,065 - piper_actor - DEBUG - run_dag dispatch (time 4): forward s0 mb2 bkt=0
[36m(PiperActor pid=2587918)[0m 2026-04-02 00:46:46,075 - piper_actor - DEBUG - run_dag dispatch (time 4): send s2 mb1 bkt=0
[36m(PiperActor pid=2587918)[0m 2026-04-02 00:46:46,075 - piper_actor - DEBUG - exec_send key ((2, 0), 1) to peer pp rank 1
[36m(PiperActor pid=2587918)[0m 2026-04-02 00:46:46,075 - piper_actor - DEBUG - run_dag dispatch (time 4): recv s2 mb0 bkt=0
[36m(PiperActor pid=2587918)[0m 2026-04-02 00:46:46,075 - piper_actor - DEBUG - exec_recv key (None, 0) from peer pp rank 1
[36m(PiperActor pid=2587918)[0m 2026-04-02 00:46:46,076 - piper_actor - DEBUG - run_dag dispatch (time 5): backward s2 mb0 bkt=0
[36m(PiperActor pid=2587911)[0m 2026-04-02 00:46:46,056 - piper_actor - DEBUG - run_dag dispatch (time 2): send s1 mb1 bkt=0
[36m(PiperActor pid=2587911)[0m 2026-04-02 00:46:46,056 - piper_actor - DEBUG - exec_send key ((1, 0), 1) to peer pp rank 0
[36m(PiperActor pid=2587911)[0m 2026-04-02 00:46:46,057 - piper_actor - DEBUG - run_dag dispatch (time 3): backward s3 mb0 bkt=0
[36m(PiperActor pid=2587911)[0m 2026-04-02 00:46:46,086 - piper_actor - DEBUG - run_dag dispatch (time 3): recv s3 mb1 bkt=0
[36m(PiperActor pid=2587911)[0m 2026-04-02 00:46:46,086 - piper_actor - DEBUG - exec_recv key ((3, 0), 1) from peer pp rank 0
[36m(PiperActor pid=2587911)[0m 2026-04-02 00:46:46,087 - piper_actor - DEBUG - run_dag dispatch (time 4): forward s3 mb1 bkt=0
[36m(PiperActor pid=2587915)[0m 2026-04-02 00:46:46,058 - piper_actor - DEBUG - run_dag dispatch (time 2): send s0 mb1 bkt=0
[36m(PiperActor pid=2587915)[0m 2026-04-02 00:46:46,058 - piper_actor - DEBUG - exec_send key ((0, 0), 1) to peer pp rank 1
[36m(PiperActor pid=2587915)[0m 2026-04-02 00:46:46,059 - piper_actor - DEBUG - run_dag dispatch (time 2): recv s2 mb1 bkt=0
[36m(PiperActor pid=2587915)[0m 2026-04-02 00:46:46,059 - piper_actor - DEBUG - exec_recv key ((2, 0), 1) from peer pp rank 1
[36m(PiperActor pid=2587915)[0m 2026-04-02 00:46:46,059 - piper_actor - DEBUG - run_dag dispatch (time 3): forward s2 mb1 bkt=0
[36m(PiperActor pid=2587915)[0m 2026-04-02 00:46:46,069 - piper_actor - DEBUG - run_dag dispatch (time 3): send s2 mb0 bkt=0
[36m(PiperActor pid=2587915)[0m 2026-04-02 00:46:46,069 - piper_actor - DEBUG - exec_send key ((2, 0), 0) to peer pp rank 1
[36m(PiperActor pid=2587915)[0m 2026-04-02 00:46:46,070 - piper_actor - DEBUG - run_dag dispatch (time 4): forward s0 mb2 bkt=0
[36m(PiperActor pid=2587915)[0m 2026-04-02 00:46:46,083 - piper_actor - DEBUG - run_dag dispatch (time 4): send s2 mb1 bkt=0
[36m(PiperActor pid=2587915)[0m 2026-04-02 00:46:46,083 - piper_actor - DEBUG - exec_send key ((2, 0), 1) to peer pp rank 1
[36m(PiperActor pid=2587915)[0m 2026-04-02 00:46:46,083 - piper_actor - DEBUG - run_dag dispatch (time 4): recv s2 mb0 bkt=0
[36m(PiperActor pid=2587915)[0m 2026-04-02 00:46:46,083 - piper_actor - DEBUG - exec_recv key (None, 0) from peer pp rank 1
[36m(PiperActor pid=2587915)[0m 2026-04-02 00:46:46,084 - piper_actor - DEBUG - run_dag dispatch (time 5): backward s2 mb0 bkt=0
[36m(PiperActor pid=2587930)[0m 2026-04-02 00:46:46,059 - piper_actor - DEBUG - run_dag dispatch (time 2): send s1 mb1 bkt=0
[36m(PiperActor pid=2587930)[0m 2026-04-02 00:46:46,059 - piper_actor - DEBUG - exec_send key ((1, 0), 1) to peer pp rank 0
[36m(PiperActor pid=2587930)[0m 2026-04-02 00:46:46,059 - piper_actor - DEBUG - run_dag dispatch (time 3): backward s3 mb0 bkt=0
[36m(PiperActor pid=2587930)[0m 2026-04-02 00:46:46,092 - piper_actor - DEBUG - run_dag dispatch (time 3): recv s3 mb1 bkt=0
[36m(PiperActor pid=2587930)[0m 2026-04-02 00:46:46,092 - piper_actor - DEBUG - exec_recv key ((3, 0), 1) from peer pp rank 0
[36m(PiperActor pid=2587930)[0m 2026-04-02 00:46:46,093 - piper_actor - DEBUG - run_dag dispatch (time 4): forward s3 mb1 bkt=0
[36m(PiperActor pid=2587918)[0m 2026-04-02 00:46:46,103 - piper_actor - DEBUG - run_dag dispatch (time 5): send s0 mb2 bkt=0
[36m(PiperActor pid=2587918)[0m 2026-04-02 00:46:46,104 - piper_actor - DEBUG - exec_send key ((0, 0), 2) to peer pp rank 1
[36m(PiperActor pid=2587918)[0m 2026-04-02 00:46:46,104 - piper_actor - DEBUG - run_dag dispatch (time 6): forward s0 mb3 bkt=0
[36m(PiperActor pid=2587911)[0m 2026-04-02 00:46:46,128 - piper_actor - DEBUG - run_dag dispatch (time 4): send s3 mb0 bkt=0
[36m(PiperActor pid=2587911)[0m 2026-04-02 00:46:46,128 - piper_actor - DEBUG - exec_send key (None, 0) to peer pp rank 0
[36m(PiperActor pid=2587911)[0m 2026-04-02 00:46:46,129 - piper_actor - DEBUG - run_dag dispatch (time 5): backward s3 mb1 bkt=0
[36m(PiperActor pid=2587915)[0m 2026-04-02 00:46:46,108 - piper_actor - DEBUG - run_dag dispatch (time 5): send s0 mb2 bkt=0
[36m(PiperActor pid=2587915)[0m 2026-04-02 00:46:46,108 - piper_actor - DEBUG - exec_send key ((0, 0), 2) to peer pp rank 1
[36m(PiperActor pid=2587915)[0m 2026-04-02 00:46:46,108 - piper_actor - DEBUG - run_dag dispatch (time 6): forward s0 mb3 bkt=0
[36m(PiperActor pid=2587930)[0m 2026-04-02 00:46:46,132 - piper_actor - DEBUG - run_dag dispatch (time 4): send s3 mb0 bkt=0
[36m(PiperActor pid=2587930)[0m 2026-04-02 00:46:46,132 - piper_actor - DEBUG - exec_send key (None, 0) to peer pp rank 0
[36m(PiperActor pid=2587930)[0m 2026-04-02 00:46:46,133 - piper_actor - DEBUG - run_dag dispatch (time 5): backward s3 mb1 bkt=0
[36m(PiperActor pid=2587918)[0m 2026-04-02 00:46:46,157 - piper_actor - DEBUG - run_dag dispatch (time 6): send s2 mb0 bkt=0
[36m(PiperActor pid=2587918)[0m 2026-04-02 00:46:46,158 - piper_actor - DEBUG - exec_send key (None, 0) to peer pp rank 1
[36m(PiperActor pid=2587918)[0m 2026-04-02 00:46:46,158 - piper_actor - DEBUG - run_dag dispatch (time 6): recv s2 mb1 bkt=0
[36m(PiperActor pid=2587918)[0m 2026-04-02 00:46:46,158 - piper_actor - DEBUG - exec_recv key (None, 1) from peer pp rank 1
[36m(PiperActor pid=2587918)[0m 2026-04-02 00:46:46,158 - piper_actor - DEBUG - run_dag dispatch (time 7): backward s2 mb1 bkt=0
[36m(PiperActor pid=2587911)[0m 2026-04-02 00:46:46,159 - piper_actor - DEBUG - run_dag dispatch (time 5): recv s1 mb2 bkt=0
[36m(PiperActor pid=2587911)[0m 2026-04-02 00:46:46,159 - piper_actor - DEBUG - exec_recv key ((1, 0), 2) from peer pp rank 0
[36m(PiperActor pid=2587911)[0m 2026-04-02 00:46:46,160 - piper_actor - DEBUG - run_dag dispatch (time 6): forward s1 mb2 bkt=0
[36m(PiperActor pid=2587915)[0m 2026-04-02 00:46:46,161 - piper_actor - DEBUG - run_dag dispatch (time 6): send s2 mb0 bkt=0
[36m(PiperActor pid=2587915)[0m 2026-04-02 00:46:46,162 - piper_actor - DEBUG - exec_send key (None, 0) to peer pp rank 1
[36m(PiperActor pid=2587915)[0m 2026-04-02 00:46:46,162 - piper_actor - DEBUG - run_dag dispatch (time 6): recv s2 mb1 bkt=0
[36m(PiperActor pid=2587915)[0m 2026-04-02 00:46:46,162 - piper_actor - DEBUG - exec_recv key (None, 1) from peer pp rank 1
[36m(PiperActor pid=2587915)[0m 2026-04-02 00:46:46,162 - piper_actor - DEBUG - run_dag dispatch (time 7): backward s2 mb1 bkt=0
[36m(PiperActor pid=2587930)[0m 2026-04-02 00:46:46,167 - piper_actor - DEBUG - run_dag dispatch (time 5): recv s1 mb2 bkt=0
[36m(PiperActor pid=2587930)[0m 2026-04-02 00:46:46,167 - piper_actor - DEBUG - exec_recv key ((1, 0), 2) from peer pp rank 0
[36m(PiperActor pid=2587930)[0m 2026-04-02 00:46:46,168 - piper_actor - DEBUG - run_dag dispatch (time 6): forward s1 mb2 bkt=0
[36m(PiperActor pid=2587918)[0m 2026-04-02 00:46:46,193 - piper_actor - DEBUG - run_dag dispatch (time 7): send s0 mb3 bkt=0
[36m(PiperActor pid=2587918)[0m 2026-04-02 00:46:46,194 - piper_actor - DEBUG - exec_send key ((0, 0), 3) to peer pp rank 1
[36m(PiperActor pid=2587918)[0m 2026-04-02 00:46:46,194 - piper_actor - DEBUG - run_dag dispatch (time 7): recv s2 mb2 bkt=0
[36m(PiperActor pid=2587918)[0m 2026-04-02 00:46:46,194 - piper_actor - DEBUG - exec_recv key ((2, 0), 2) from peer pp rank 1
[36m(PiperActor pid=2587918)[0m 2026-04-02 00:46:46,194 - piper_actor - DEBUG - run_dag dispatch (time 8): forward s2 mb2 bkt=0
[36m(PiperActor pid=2587911)[0m 2026-04-02 00:46:46,199 - piper_actor - DEBUG - run_dag dispatch (time 6): recv s1 mb0 bkt=0
[36m(PiperActor pid=2587911)[0m 2026-04-02 00:46:46,199 - piper_actor - DEBUG - exec_recv key (None, 0) from peer pp rank 0
[36m(PiperActor pid=2587911)[0m 2026-04-02 00:46:46,200 - piper_actor - DEBUG - run_dag dispatch (time 6): send s3 mb1 bkt=0
[36m(PiperActor pid=2587911)[0m 2026-04-02 00:46:46,200 - piper_actor - DEBUG - exec_send key (None, 1) to peer pp rank 0
[36m(PiperActor pid=2587911)[0m 2026-04-02 00:46:46,200 - piper_actor - DEBUG - run_dag dispatch (time 7): backward s1 mb0 bkt=0
[36m(PiperActor pid=2587915)[0m 2026-04-02 00:46:46,197 - piper_actor - DEBUG - run_dag dispatch (time 7): send s0 mb3 bkt=0
[36m(PiperActor pid=2587915)[0m 2026-04-02 00:46:46,197 - piper_actor - DEBUG - exec_send key ((0, 0), 3) to peer pp rank 1
[36m(PiperActor pid=2587915)[0m 2026-04-02 00:46:46,198 - piper_actor - DEBUG - run_dag dispatch (time 7): recv s2 mb2 bkt=0
[36m(PiperActor pid=2587915)[0m 2026-04-02 00:46:46,198 - piper_actor - DEBUG - exec_recv key ((2, 0), 2) from peer pp rank 1
[36m(PiperActor pid=2587915)[0m 2026-04-02 00:46:46,198 - piper_actor - DEBUG - run_dag dispatch (time 8): forward s2 mb2 bkt=0
[36m(PiperActor pid=2587930)[0m 2026-04-02 00:46:46,203 - piper_actor - DEBUG - run_dag dispatch (time 6): recv s1 mb0 bkt=0
[36m(PiperActor pid=2587930)[0m 2026-04-02 00:46:46,203 - piper_actor - DEBUG - exec_recv key (None, 0) from peer pp rank 0
[36m(PiperActor pid=2587930)[0m 2026-04-02 00:46:46,203 - piper_actor - DEBUG - run_dag dispatch (time 6): send s3 mb1 bkt=0
[36m(PiperActor pid=2587930)[0m 2026-04-02 00:46:46,203 - piper_actor - DEBUG - exec_send key (None, 1) to peer pp rank 0
[36m(PiperActor pid=2587930)[0m 2026-04-02 00:46:46,204 - piper_actor - DEBUG - run_dag dispatch (time 7): backward s1 mb0 bkt=0
[36m(PiperActor pid=2587918)[0m 2026-04-02 00:46:46,229 - piper_actor - DEBUG - run_dag dispatch (time 8): send s2 mb1 bkt=0
[36m(PiperActor pid=2587918)[0m 2026-04-02 00:46:46,229 - piper_actor - DEBUG - exec_send key (None, 1) to peer pp rank 1
[36m(PiperActor pid=2587918)[0m 2026-04-02 00:46:46,230 - piper_actor - DEBUG - run_dag dispatch (time 8): recv s0 mb0 bkt=0
[36m(PiperActor pid=2587918)[0m 2026-04-02 00:46:46,230 - piper_actor - DEBUG - exec_recv key (None, 0) from peer pp rank 1
[36m(PiperActor pid=2587918)[0m 2026-04-02 00:46:46,230 - piper_actor - DEBUG - run_dag dispatch (time 9): backward s0 mb0 bkt=0
[36m(PiperActor pid=2587911)[0m 2026-04-02 00:46:46,229 - piper_actor - DEBUG - run_dag dispatch (time 7): recv s1 mb3 bkt=0
[36m(PiperActor pid=2587911)[0m 2026-04-02 00:46:46,229 - piper_actor - DEBUG - exec_recv key ((1, 0), 3) from peer pp rank 0
[36m(PiperActor pid=2587911)[0m 2026-04-02 00:46:46,230 - piper_actor - DEBUG - run_dag dispatch (time 7): send s1 mb2 bkt=0
[36m(PiperActor pid=2587911)[0m 2026-04-02 00:46:46,230 - piper_actor - DEBUG - exec_send key ((1, 0), 2) to peer pp rank 0
[36m(PiperActor pid=2587911)[0m 2026-04-02 00:46:46,230 - piper_actor - DEBUG - run_dag dispatch (time 8): forward s1 mb3 bkt=0
[36m(PiperActor pid=2587911)[0m 2026-04-02 00:46:46,245 - piper_actor - DEBUG - run_dag dispatch (time 8): recv s1 mb1 bkt=0
[36m(PiperActor pid=2587911)[0m 2026-04-02 00:46:46,245 - piper_actor - DEBUG - exec_recv key (None, 1) from peer pp rank 0
[36m(PiperActor pid=2587911)[0m 2026-04-02 00:46:46,245 - piper_actor - DEBUG - run_dag dispatch (time 8): send s1 mb0 bkt=0
[36m(PiperActor pid=2587911)[0m 2026-04-02 00:46:46,245 - piper_actor - DEBUG - exec_send key (None, 0) to peer pp rank 0
[36m(PiperActor pid=2587911)[0m 2026-04-02 00:46:46,246 - piper_actor - DEBUG - run_dag dispatch (time 9): backward s1 mb1 bkt=0
[36m(PiperActor pid=2587915)[0m 2026-04-02 00:46:46,233 - piper_actor - DEBUG - run_dag dispatch (time 8): send s2 mb1 bkt=0
[36m(PiperActor pid=2587915)[0m 2026-04-02 00:46:46,233 - piper_actor - DEBUG - exec_send key (None, 1) to peer pp rank 1
[36m(PiperActor pid=2587915)[0m 2026-04-02 00:46:46,234 - piper_actor - DEBUG - run_dag dispatch (time 8): recv s0 mb0 bkt=0
[36m(PiperActor pid=2587915)[0m 2026-04-02 00:46:46,234 - piper_actor - DEBUG - exec_recv key (None, 0) from peer pp rank 1
[36m(PiperActor pid=2587915)[0m 2026-04-02 00:46:46,234 - piper_actor - DEBUG - run_dag dispatch (time 9): backward s0 mb0 bkt=0
[36m(PiperActor pid=2587930)[0m 2026-04-02 00:46:46,232 - piper_actor - DEBUG - run_dag dispatch (time 7): recv s1 mb3 bkt=0
[36m(PiperActor pid=2587930)[0m 2026-04-02 00:46:46,233 - piper_actor - DEBUG - exec_recv key ((1, 0), 3) from peer pp rank 0
[36m(PiperActor pid=2587930)[0m 2026-04-02 00:46:46,233 - piper_actor - DEBUG - run_dag dispatch (time 7): send s1 mb2 bkt=0
[36m(PiperActor pid=2587930)[0m 2026-04-02 00:46:46,233 - piper_actor - DEBUG - exec_send key ((1, 0), 2) to peer pp rank 0
[36m(PiperActor pid=2587930)[0m 2026-04-02 00:46:46,233 - piper_actor - DEBUG - run_dag dispatch (time 8): forward s1 mb3 bkt=0
[36m(PiperActor pid=2587930)[0m 2026-04-02 00:46:46,248 - piper_actor - DEBUG - run_dag dispatch (time 8): recv s1 mb1 bkt=0
[36m(PiperActor pid=2587930)[0m 2026-04-02 00:46:46,248 - piper_actor - DEBUG - exec_recv key (None, 1) from peer pp rank 0
[36m(PiperActor pid=2587930)[0m 2026-04-02 00:46:46,249 - piper_actor - DEBUG - run_dag dispatch (time 8): send s1 mb0 bkt=0
[36m(PiperActor pid=2587930)[0m 2026-04-02 00:46:46,249 - piper_actor - DEBUG - exec_send key (None, 0) to peer pp rank 0
[36m(PiperActor pid=2587930)[0m 2026-04-02 00:46:46,249 - piper_actor - DEBUG - run_dag dispatch (time 9): backward s1 mb1 bkt=0
[36m(PiperActor pid=2587918)[0m 2026-04-02 00:46:46,267 - piper_actor - DEBUG - run_dag dispatch (time 9): send s2 mb2 bkt=0
[36m(PiperActor pid=2587918)[0m 2026-04-02 00:46:46,268 - piper_actor - DEBUG - exec_send key ((2, 0), 2) to peer pp rank 1
[36m(PiperActor pid=2587918)[0m 2026-04-02 00:46:46,268 - piper_actor - DEBUG - run_dag dispatch (time 9): recv s2 mb3 bkt=0
[36m(PiperActor pid=2587918)[0m 2026-04-02 00:46:46,268 - piper_actor - DEBUG - exec_recv key ((2, 0), 3) from peer pp rank 1
[36m(PiperActor pid=2587918)[0m 2026-04-02 00:46:46,269 - piper_actor - DEBUG - run_dag dispatch (time 10): forward s2 mb3 bkt=0
[36m(PiperActor pid=2587918)[0m 2026-04-02 00:46:46,286 - piper_actor - DEBUG - run_dag dispatch (time 10): recv s0 mb1 bkt=0
[36m(PiperActor pid=2587918)[0m 2026-04-02 00:46:46,287 - piper_actor - DEBUG - exec_recv key (None, 1) from peer pp rank 1
[36m(PiperActor pid=2587918)[0m 2026-04-02 00:46:46,287 - piper_actor - DEBUG - run_dag dispatch (time 11): backward s0 mb1 bkt=0
[36m(PiperActor pid=2587911)[0m 2026-04-02 00:46:46,278 - piper_actor - DEBUG - run_dag dispatch (time 9): recv s3 mb2 bkt=0
[36m(PiperActor pid=2587911)[0m 2026-04-02 00:46:46,278 - piper_actor - DEBUG - exec_recv key ((3, 0), 2) from peer pp rank 0
[36m(PiperActor pid=2587911)[0m 2026-04-02 00:46:46,279 - piper_actor - DEBUG - run_dag dispatch (time 9): send s1 mb3 bkt=0
[36m(PiperActor pid=2587911)[0m 2026-04-02 00:46:46,279 - piper_actor - DEBUG - exec_send key ((1, 0), 3) to peer pp rank 0
[36m(PiperActor pid=2587911)[0m 2026-04-02 00:46:46,279 - piper_actor - DEBUG - run_dag dispatch (time 10): forward s3 mb2 bkt=0
[36m(PiperActor pid=2587915)[0m 2026-04-02 00:46:46,271 - piper_actor - DEBUG - run_dag dispatch (time 9): send s2 mb2 bkt=0
[36m(PiperActor pid=2587915)[0m 2026-04-02 00:46:46,271 - piper_actor - DEBUG - exec_send key ((2, 0), 2) to peer pp rank 1
[36m(PiperActor pid=2587915)[0m 2026-04-02 00:46:46,272 - piper_actor - DEBUG - run_dag dispatch (time 9): recv s2 mb3 bkt=0
[36m(PiperActor pid=2587915)[0m 2026-04-02 00:46:46,272 - piper_actor - DEBUG - exec_recv key ((2, 0), 3) from peer pp rank 1
[36m(PiperActor pid=2587915)[0m 2026-04-02 00:46:46,272 - piper_actor - DEBUG - run_dag dispatch (time 10): forward s2 mb3 bkt=0
[36m(PiperActor pid=2587915)[0m 2026-04-02 00:46:46,290 - piper_actor - DEBUG - run_dag dispatch (time 10): recv s0 mb1 bkt=0
[36m(PiperActor pid=2587915)[0m 2026-04-02 00:46:46,290 - piper_actor - DEBUG - exec_recv key (None, 1) from peer pp rank 1
[36m(PiperActor pid=2587915)[0m 2026-04-02 00:46:46,290 - piper_actor - DEBUG - run_dag dispatch (time 11): backward s0 mb1 bkt=0
[36m(PiperActor pid=2587930)[0m 2026-04-02 00:46:46,282 - piper_actor - DEBUG - run_dag dispatch (time 9): recv s3 mb2 bkt=0
[36m(PiperActor pid=2587930)[0m 2026-04-02 00:46:46,282 - piper_actor - DEBUG - exec_recv key ((3, 0), 2) from peer pp rank 0
[36m(PiperActor pid=2587930)[0m 2026-04-02 00:46:46,282 - piper_actor - DEBUG - run_dag dispatch (time 9): send s1 mb3 bkt=0
[36m(PiperActor pid=2587930)[0m 2026-04-02 00:46:46,283 - piper_actor - DEBUG - exec_send key ((1, 0), 3) to peer pp rank 0
[36m(PiperActor pid=2587930)[0m 2026-04-02 00:46:46,283 - piper_actor - DEBUG - run_dag dispatch (time 10): forward s3 mb2 bkt=0
[36m(PiperActor pid=2587918)[0m 2026-04-02 00:46:46,323 - piper_actor - DEBUG - run_dag dispatch (time 11): send s2 mb3 bkt=0
[36m(PiperActor pid=2587918)[0m 2026-04-02 00:46:46,324 - piper_actor - DEBUG - exec_send key ((2, 0), 3) to peer pp rank 1
[36m(PiperActor pid=2587918)[0m 2026-04-02 00:46:46,324 - piper_actor - DEBUG - run_dag dispatch (time 11): recv s2 mb2 bkt=0
[36m(PiperActor pid=2587918)[0m 2026-04-02 00:46:46,324 - piper_actor - DEBUG - exec_recv key (None, 2) from peer pp rank 1
[36m(PiperActor pid=2587918)[0m 2026-04-02 00:46:46,325 - piper_actor - DEBUG - run_dag dispatch (time 12): backward s2 mb2 bkt=0
[36m(PiperActor pid=2587911)[0m 2026-04-02 00:46:46,295 - piper_actor - DEBUG - run_dag dispatch (time 10): send s1 mb1 bkt=0
[36m(PiperActor pid=2587911)[0m 2026-04-02 00:46:46,295 - piper_actor - DEBUG - exec_send key (None, 1) to peer pp rank 0
[36m(PiperActor pid=2587911)[0m 2026-04-02 00:46:46,295 - piper_actor - DEBUG - run_dag dispatch (time 11): backward s3 mb2 bkt=0
[36m(PiperActor pid=2587911)[0m 2026-04-02 00:46:46,325 - piper_actor - DEBUG - run_dag dispatch (time 11): recv s3 mb3 bkt=0
[36m(PiperActor pid=2587911)[0m 2026-04-02 00:46:46,326 - piper_actor - DEBUG - exec_recv key ((3, 0), 3) from peer pp rank 0
[36m(PiperActor pid=2587911)[0m 2026-04-02 00:46:46,326 - piper_actor - DEBUG - run_dag dispatch (time 12): forward s3 mb3 bkt=0
[36m(PiperActor pid=2587915)[0m 2026-04-02 00:46:46,327 - piper_actor - DEBUG - run_dag dispatch (time 11): send s2 mb3 bkt=0
[36m(PiperActor pid=2587915)[0m 2026-04-02 00:46:46,327 - piper_actor - DEBUG - exec_send key ((2, 0), 3) to peer pp rank 1
[36m(PiperActor pid=2587915)[0m 2026-04-02 00:46:46,328 - piper_actor - DEBUG - run_dag dispatch (time 11): recv s2 mb2 bkt=0
[36m(PiperActor pid=2587915)[0m 2026-04-02 00:46:46,328 - piper_actor - DEBUG - exec_recv key (None, 2) from peer pp rank 1
[36m(PiperActor pid=2587915)[0m 2026-04-02 00:46:46,328 - piper_actor - DEBUG - run_dag dispatch (time 12): backward s2 mb2 bkt=0
[36m(PiperActor pid=2587930)[0m 2026-04-02 00:46:46,298 - piper_actor - DEBUG - run_dag dispatch (time 10): send s1 mb1 bkt=0
[36m(PiperActor pid=2587930)[0m 2026-04-02 00:46:46,298 - piper_actor - DEBUG - exec_send key (None, 1) to peer pp rank 0
[36m(PiperActor pid=2587930)[0m 2026-04-02 00:46:46,299 - piper_actor - DEBUG - run_dag dispatch (time 11): backward s3 mb2 bkt=0
[36m(PiperActor pid=2587930)[0m 2026-04-02 00:46:46,329 - piper_actor - DEBUG - run_dag dispatch (time 11): recv s3 mb3 bkt=0
[36m(PiperActor pid=2587930)[0m 2026-04-02 00:46:46,330 - piper_actor - DEBUG - exec_recv key ((3, 0), 3) from peer pp rank 0
[36m(PiperActor pid=2587930)[0m 2026-04-02 00:46:46,330 - piper_actor - DEBUG - run_dag dispatch (time 12): forward s3 mb3 bkt=0
[36m(PiperActor pid=2587918)[0m 2026-04-02 00:46:46,360 - piper_actor - DEBUG - run_dag dispatch (time 12): recv s2 mb3 bkt=0
[36m(PiperActor pid=2587918)[0m 2026-04-02 00:46:46,360 - piper_actor - DEBUG - exec_recv key (None, 3) from peer pp rank 1
[36m(PiperActor pid=2587918)[0m 2026-04-02 00:46:46,360 - piper_actor - DEBUG - run_dag dispatch (time 13): backward s2 mb3 bkt=0
[36m(PiperActor pid=2587911)[0m 2026-04-02 00:46:46,367 - piper_actor - DEBUG - run_dag dispatch (time 12): send s3 mb2 bkt=0
[36m(PiperActor pid=2587911)[0m 2026-04-02 00:46:46,368 - piper_actor - DEBUG - exec_send key (None, 2) to peer pp rank 0
[36m(PiperActor pid=2587911)[0m 2026-04-02 00:46:46,368 - piper_actor - DEBUG - run_dag dispatch (time 13): backward s3 mb3 bkt=0
[36m(PiperActor pid=2587915)[0m 2026-04-02 00:46:46,363 - piper_actor - DEBUG - run_dag dispatch (time 12): recv s2 mb3 bkt=0
[36m(PiperActor pid=2587915)[0m 2026-04-02 00:46:46,364 - piper_actor - DEBUG - exec_recv key (None, 3) from peer pp rank 1
[36m(PiperActor pid=2587915)[0m 2026-04-02 00:46:46,364 - piper_actor - DEBUG - run_dag dispatch (time 13): backward s2 mb3 bkt=0
[36m(PiperActor pid=2587930)[0m 2026-04-02 00:46:46,371 - piper_actor - DEBUG - run_dag dispatch (time 12): send s3 mb2 bkt=0
[36m(PiperActor pid=2587930)[0m 2026-04-02 00:46:46,371 - piper_actor - DEBUG - exec_send key (None, 2) to peer pp rank 0
[36m(PiperActor pid=2587930)[0m 2026-04-02 00:46:46,372 - piper_actor - DEBUG - run_dag dispatch (time 13): backward s3 mb3 bkt=0
[36m(PiperActor pid=2587911)[0m 2026-04-02 00:46:46,399 - piper_actor - DEBUG - run_dag dispatch (time 13): recv s1 mb2 bkt=0
[36m(PiperActor pid=2587911)[0m 2026-04-02 00:46:46,399 - piper_actor - DEBUG - exec_recv key (None, 2) from peer pp rank 0
[36m(PiperActor pid=2587911)[0m 2026-04-02 00:46:46,400 - piper_actor - DEBUG - run_dag dispatch (time 14): backward s1 mb2 bkt=0
[36m(PiperActor pid=2587930)[0m 2026-04-02 00:46:46,403 - piper_actor - DEBUG - run_dag dispatch (time 13): recv s1 mb2 bkt=0
[36m(PiperActor pid=2587930)[0m 2026-04-02 00:46:46,403 - piper_actor - DEBUG - exec_recv key (None, 2) from peer pp rank 0
[36m(PiperActor pid=2587930)[0m 2026-04-02 00:46:46,404 - piper_actor - DEBUG - run_dag dispatch (time 14): backward s1 mb2 bkt=0
[36m(PiperActor pid=2587918)[0m 2026-04-02 00:46:46,415 - piper_actor - DEBUG - run_dag dispatch (time 13): send s2 mb2 bkt=0
[36m(PiperActor pid=2587918)[0m 2026-04-02 00:46:46,416 - piper_actor - DEBUG - exec_send key (None, 2) to peer pp rank 1
[36m(PiperActor pid=2587918)[0m 2026-04-02 00:46:46,416 - piper_actor - DEBUG - run_dag dispatch (time 13): recv s0 mb2 bkt=0
[36m(PiperActor pid=2587918)[0m 2026-04-02 00:46:46,416 - piper_actor - DEBUG - exec_recv key (None, 2) from peer pp rank 1
[36m(PiperActor pid=2587918)[0m 2026-04-02 00:46:46,417 - piper_actor - DEBUG - run_dag dispatch (time 14): backward s0 mb2 bkt=0
[36m(PiperActor pid=2587915)[0m 2026-04-02 00:46:46,419 - piper_actor - DEBUG - run_dag dispatch (time 13): send s2 mb2 bkt=0
[36m(PiperActor pid=2587915)[0m 2026-04-02 00:46:46,420 - piper_actor - DEBUG - exec_send key (None, 2) to peer pp rank 1
[36m(PiperActor pid=2587915)[0m 2026-04-02 00:46:46,421 - piper_actor - DEBUG - run_dag dispatch (time 13): recv s0 mb2 bkt=0
[36m(PiperActor pid=2587915)[0m 2026-04-02 00:46:46,421 - piper_actor - DEBUG - exec_recv key (None, 2) from peer pp rank 1
[36m(PiperActor pid=2587915)[0m 2026-04-02 00:46:46,421 - piper_actor - DEBUG - run_dag dispatch (time 14): backward s0 mb2 bkt=0
[36m(PiperActor pid=2587911)[0m 2026-04-02 00:46:46,457 - piper_actor - DEBUG - run_dag dispatch (time 14): recv s1 mb3 bkt=0
[36m(PiperActor pid=2587911)[0m 2026-04-02 00:46:46,457 - piper_actor - DEBUG - exec_recv key (None, 3) from peer pp rank 0
[36m(PiperActor pid=2587911)[0m 2026-04-02 00:46:46,458 - piper_actor - DEBUG - run_dag dispatch (time 14): send s3 mb3 bkt=0
[36m(PiperActor pid=2587911)[0m 2026-04-02 00:46:46,458 - piper_actor - DEBUG - exec_send key (None, 3) to peer pp rank 0
[36m(PiperActor pid=2587911)[0m 2026-04-02 00:46:46,458 - piper_actor - DEBUG - run_dag dispatch (time 14): all_reduce s3 mb3 bkt=0
[36m(PiperActor pid=2587911)[0m 2026-04-02 00:46:46,459 - piper_actor - DEBUG - run_dag dispatch (time 15): backward s1 mb3 bkt=0
[36m(PiperActor pid=2587930)[0m 2026-04-02 00:46:46,461 - piper_actor - DEBUG - run_dag dispatch (time 14): recv s1 mb3 bkt=0
[36m(PiperActor pid=2587930)[0m 2026-04-02 00:46:46,462 - piper_actor - DEBUG - exec_recv key (None, 3) from peer pp rank 0
[36m(PiperActor pid=2587930)[0m 2026-04-02 00:46:46,462 - piper_actor - DEBUG - run_dag dispatch (time 14): send s3 mb3 bkt=0
[36m(PiperActor pid=2587930)[0m 2026-04-02 00:46:46,462 - piper_actor - DEBUG - exec_send key (None, 3) to peer pp rank 0
[36m(PiperActor pid=2587930)[0m 2026-04-02 00:46:46,462 - piper_actor - DEBUG - run_dag dispatch (time 14): all_reduce s3 mb3 bkt=0
[36m(PiperActor pid=2587930)[0m 2026-04-02 00:46:46,463 - piper_actor - DEBUG - run_dag dispatch (time 15): backward s1 mb3 bkt=0
[36m(PiperActor pid=2587918)[0m 2026-04-02 00:46:46,494 - piper_actor - DEBUG - run_dag dispatch (time 14): send s2 mb3 bkt=0
[36m(PiperActor pid=2587918)[0m 2026-04-02 00:46:46,495 - piper_actor - DEBUG - exec_send key (None, 3) to peer pp rank 1
[36m(PiperActor pid=2587918)[0m 2026-04-02 00:46:46,495 - piper_actor - DEBUG - run_dag dispatch (time 14): recv s0 mb3 bkt=0
[36m(PiperActor pid=2587918)[0m 2026-04-02 00:46:46,495 - piper_actor - DEBUG - exec_recv key (None, 3) from peer pp rank 1
[36m(PiperActor pid=2587918)[0m 2026-04-02 00:46:46,496 - piper_actor - DEBUG - run_dag dispatch (time 14): all_reduce s2 mb3 bkt=0
[36m(PiperActor pid=2587918)[0m 2026-04-02 00:46:46,496 - piper_actor - DEBUG - run_dag dispatch (time 15): backward s0 mb3 bkt=0
[36m(PiperActor pid=2587911)[0m 2026-04-02 00:46:46,495 - piper_actor - DEBUG - run_dag dispatch (time 15): send s1 mb2 bkt=0
[36m(PiperActor pid=2587911)[0m 2026-04-02 00:46:46,496 - piper_actor - DEBUG - exec_send key (None, 2) to peer pp rank 0
[36m(PiperActor pid=2587911)[0m 2026-04-02 00:46:46,496 - piper_actor - DEBUG - run_dag dispatch (time 16): update s1 mb3 bkt=0
[36m(PiperActor pid=2587915)[0m 2026-04-02 00:46:46,499 - piper_actor - DEBUG - run_dag dispatch (time 14): send s2 mb3 bkt=0
[36m(PiperActor pid=2587915)[0m 2026-04-02 00:46:46,500 - piper_actor - DEBUG - exec_send key (None, 3) to peer pp rank 1
[36m(PiperActor pid=2587915)[0m 2026-04-02 00:46:46,500 - piper_actor - DEBUG - run_dag dispatch (time 14): recv s0 mb3 bkt=0
[36m(PiperActor pid=2587915)[0m 2026-04-02 00:46:46,500 - piper_actor - DEBUG - exec_recv key (None, 3) from peer pp rank 1
[36m(PiperActor pid=2587915)[0m 2026-04-02 00:46:46,501 - piper_actor - DEBUG - run_dag dispatch (time 14): all_reduce s2 mb3 bkt=0
[36m(PiperActor pid=2587915)[0m 2026-04-02 00:46:46,501 - piper_actor - DEBUG - run_dag dispatch (time 15): backward s0 mb3 bkt=0
[36m(PiperActor pid=2587930)[0m 2026-04-02 00:46:46,499 - piper_actor - DEBUG - run_dag dispatch (time 15): send s1 mb2 bkt=0
[36m(PiperActor pid=2587930)[0m 2026-04-02 00:46:46,500 - piper_actor - DEBUG - exec_send key (None, 2) to peer pp rank 0
[36m(PiperActor pid=2587930)[0m 2026-04-02 00:46:46,500 - piper_actor - DEBUG - run_dag dispatch (time 16): update s1 mb3 bkt=0
[36m(PiperActor pid=2587918)[0m 2026-04-02 00:46:46,539 - piper_actor - DEBUG - run_dag dispatch (time 16): update s0 mb3 bkt=0
[36m(PiperActor pid=2587911)[0m 2026-04-02 00:46:46,554 - piper_actor - DEBUG - run_dag dispatch (time 16): send s1 mb3 bkt=0
[36m(PiperActor pid=2587911)[0m 2026-04-02 00:46:46,555 - piper_actor - DEBUG - exec_send key (None, 3) to peer pp rank 0
[36m(PiperActor pid=2587911)[0m 2026-04-02 00:46:46,555 - piper_actor - DEBUG - run_dag dispatch (time 16): all_reduce s1 mb3 bkt=0
[36m(PiperActor pid=2587915)[0m 2026-04-02 00:46:46,543 - piper_actor - DEBUG - run_dag dispatch (time 16): update s0 mb3 bkt=0
[36m(PiperActor pid=2587930)[0m 2026-04-02 00:46:46,559 - piper_actor - DEBUG - run_dag dispatch (time 16): send s1 mb3 bkt=0
[36m(PiperActor pid=2587930)[0m 2026-04-02 00:46:46,559 - piper_actor - DEBUG - exec_send key (None, 3) to peer pp rank 0
[36m(PiperActor pid=2587930)[0m 2026-04-02 00:46:46,559 - piper_actor - DEBUG - run_dag dispatch (time 16): all_reduce s1 mb3 bkt=0
[36m(PiperActor pid=2587918)[0m 2026-04-02 00:46:46,597 - piper_actor - DEBUG - run_dag dispatch (time 16): all_reduce s0 mb3 bkt=0
[36m(PiperActor pid=2587918)[0m 2026-04-02 00:46:46,602 - piper_actor - DEBUG - run_dag dispatch (time 0): forward s0 mb0 bkt=0
[36m(PiperActor pid=2587911)[0m 2026-04-02 00:46:46,603 - piper_actor - DEBUG - run_dag dispatch (time -1): recv s1 mb0 bkt=0
[36m(PiperActor pid=2587911)[0m 2026-04-02 00:46:46,603 - piper_actor - DEBUG - exec_recv key ((1, 0), 0) from peer pp rank 0
[36m(PiperActor pid=2587911)[0m 2026-04-02 00:46:46,604 - piper_actor - DEBUG - run_dag dispatch (time 0): forward s1 mb0 bkt=0
[36m(PiperActor pid=2587915)[0m 2026-04-02 00:46:46,601 - piper_actor - DEBUG - run_dag dispatch (time 16): all_reduce s0 mb3 bkt=0
[36m(PiperActor pid=2587915)[0m 2026-04-02 00:46:46,606 - piper_actor - DEBUG - run_dag dispatch (time 0): forward s0 mb0 bkt=0
[36m(PiperActor pid=2587930)[0m 2026-04-02 00:46:46,607 - piper_actor - DEBUG - run_dag dispatch (time -1): recv s1 mb0 bkt=0
[36m(PiperActor pid=2587930)[0m 2026-04-02 00:46:46,607 - piper_actor - DEBUG - exec_recv key ((1, 0), 0) from peer pp rank 0
[36m(PiperActor pid=2587930)[0m 2026-04-02 00:46:46,607 - piper_actor - DEBUG - run_dag dispatch (time 0): forward s1 mb0 bkt=0
[36m(PiperActor pid=2587918)[0m 2026-04-02 00:46:46,613 - piper_actor - DEBUG - run_dag dispatch (time 1): forward s0 mb1 bkt=0
[36m(PiperActor pid=2587918)[0m 2026-04-02 00:46:46,623 - piper_actor - DEBUG - run_dag dispatch (time 1): send s0 mb0 bkt=0
[36m(PiperActor pid=2587918)[0m 2026-04-02 00:46:46,623 - piper_actor - DEBUG - exec_send key ((0, 0), 0) to peer pp rank 1
[36m(PiperActor pid=2587918)[0m 2026-04-02 00:46:46,624 - piper_actor - DEBUG - run_dag dispatch (time 1): recv s2 mb0 bkt=0
[36m(PiperActor pid=2587918)[0m 2026-04-02 00:46:46,624 - piper_actor - DEBUG - exec_recv key ((2, 0), 0) from peer pp rank 1
[36m(PiperActor pid=2587918)[0m 2026-04-02 00:46:46,624 - piper_actor - DEBUG - run_dag dispatch (time 2): forward s2 mb0 bkt=0
[36m(PiperActor pid=2587918)[0m 2026-04-02 00:46:46,634 - piper_actor - DEBUG - run_dag dispatch (time 2): send s0 mb1 bkt=0
[36m(PiperActor pid=2587918)[0m 2026-04-02 00:46:46,634 - piper_actor - DEBUG - exec_send key ((0, 0), 1) to peer pp rank 1
[36m(PiperActor pid=2587918)[0m 2026-04-02 00:46:46,634 - piper_actor - DEBUG - run_dag dispatch (time 2): recv s2 mb1 bkt=0
[36m(PiperActor pid=2587918)[0m 2026-04-02 00:46:46,634 - piper_actor - DEBUG - exec_recv key ((2, 0), 1) from peer pp rank 1
[36m(PiperActor pid=2587918)[0m 2026-04-02 00:46:46,635 - piper_actor - DEBUG - run_dag dispatch (time 3): forward s2 mb1 bkt=0
[36m(PiperActor pid=2587918)[0m 2026-04-02 00:46:46,644 - piper_actor - DEBUG - run_dag dispatch (time 3): send s2 mb0 bkt=0
[36m(PiperActor pid=2587918)[0m 2026-04-02 00:46:46,645 - piper_actor - DEBUG - exec_send key ((2, 0), 0) to peer pp rank 1
[36m(PiperActor pid=2587918)[0m 2026-04-02 00:46:46,645 - piper_actor - DEBUG - run_dag dispatch (time 4): forward s0 mb2 bkt=0
[36m(PiperActor pid=2587911)[0m 2026-04-02 00:46:46,615 - piper_actor - DEBUG - run_dag dispatch (time 0): recv s1 mb1 bkt=0
[36m(PiperActor pid=2587911)[0m 2026-04-02 00:46:46,615 - piper_actor - DEBUG - exec_recv key ((1, 0), 1) from peer pp rank 0
[36m(PiperActor pid=2587911)[0m 2026-04-02 00:46:46,615 - piper_actor - DEBUG - run_dag dispatch (time 1): forward s1 mb1 bkt=0
[36m(PiperActor pid=2587911)[0m 2026-04-02 00:46:46,626 - piper_actor - DEBUG - run_dag dispatch (time 1): recv s3 mb0 bkt=0
[36m(PiperActor pid=2587911)[0m 2026-04-02 00:46:46,626 - piper_actor - DEBUG - exec_recv key ((3, 0), 0) from peer pp rank 0
[36m(PiperActor pid=2587911)[0m 2026-04-02 00:46:46,626 - piper_actor - DEBUG - run_dag dispatch (time 1): send s1 mb0 bkt=0
[36m(PiperActor pid=2587911)[0m 2026-04-02 00:46:46,626 - piper_actor - DEBUG - exec_send key ((1, 0), 0) to peer pp rank 0
[36m(PiperActor pid=2587911)[0m 2026-04-02 00:46:46,627 - piper_actor - DEBUG - run_dag dispatch (time 2): forward s3 mb0 bkt=0
[36m(PiperActor pid=2587911)[0m 2026-04-02 00:46:46,637 - piper_actor - DEBUG - run_dag dispatch (time 2): send s1 mb1 bkt=0
[36m(PiperActor pid=2587911)[0m 2026-04-02 00:46:46,637 - piper_actor - DEBUG - exec_send key ((1, 0), 1) to peer pp rank 0
[36m(PiperActor pid=2587911)[0m 2026-04-02 00:46:46,638 - piper_actor - DEBUG - run_dag dispatch (time 3): backward s3 mb0 bkt=0
[36m(PiperActor pid=2587915)[0m 2026-04-02 00:46:46,618 - piper_actor - DEBUG - run_dag dispatch (time 1): forward s0 mb1 bkt=0
[36m(PiperActor pid=2587915)[0m 2026-04-02 00:46:46,628 - piper_actor - DEBUG - run_dag dispatch (time 1): send s0 mb0 bkt=0
[36m(PiperActor pid=2587915)[0m 2026-04-02 00:46:46,628 - piper_actor - DEBUG - exec_send key ((0, 0), 0) to peer pp rank 1
[36m(PiperActor pid=2587915)[0m 2026-04-02 00:46:46,629 - piper_actor - DEBUG - run_dag dispatch (time 1): recv s2 mb0 bkt=0
[36m(PiperActor pid=2587915)[0m 2026-04-02 00:46:46,629 - piper_actor - DEBUG - exec_recv key ((2, 0), 0) from peer pp rank 1
[36m(PiperActor pid=2587915)[0m 2026-04-02 00:46:46,629 - piper_actor - DEBUG - run_dag dispatch (time 2): forward s2 mb0 bkt=0
[36m(PiperActor pid=2587915)[0m 2026-04-02 00:46:46,640 - piper_actor - DEBUG - run_dag dispatch (time 2): send s0 mb1 bkt=0
[36m(PiperActor pid=2587915)[0m 2026-04-02 00:46:46,640 - piper_actor - DEBUG - exec_send key ((0, 0), 1) to peer pp rank 1
[36m(PiperActor pid=2587915)[0m 2026-04-02 00:46:46,640 - piper_actor - DEBUG - run_dag dispatch (time 2): recv s2 mb1 bkt=0
[36m(PiperActor pid=2587915)[0m 2026-04-02 00:46:46,640 - piper_actor - DEBUG - exec_recv key ((2, 0), 1) from peer pp rank 1
[36m(PiperActor pid=2587915)[0m 2026-04-02 00:46:46,641 - piper_actor - DEBUG - run_dag dispatch (time 3): forward s2 mb1 bkt=0
[36m(PiperActor pid=2587930)[0m 2026-04-02 00:46:46,618 - piper_actor - DEBUG - run_dag dispatch (time 0): recv s1 mb1 bkt=0
[36m(PiperActor pid=2587930)[0m 2026-04-02 00:46:46,618 - piper_actor - DEBUG - exec_recv key ((1, 0), 1) from peer pp rank 0
[36m(PiperActor pid=2587930)[0m 2026-04-02 00:46:46,619 - piper_actor - DEBUG - run_dag dispatch (time 1): forward s1 mb1 bkt=0
[36m(PiperActor pid=2587930)[0m 2026-04-02 00:46:46,629 - piper_actor - DEBUG - run_dag dispatch (time 1): recv s3 mb0 bkt=0
[36m(PiperActor pid=2587930)[0m 2026-04-02 00:46:46,629 - piper_actor - DEBUG - exec_recv key ((3, 0), 0) from peer pp rank 0
[36m(PiperActor pid=2587930)[0m 2026-04-02 00:46:46,630 - piper_actor - DEBUG - run_dag dispatch (time 1): send s1 mb0 bkt=0
[36m(PiperActor pid=2587930)[0m 2026-04-02 00:46:46,630 - piper_actor - DEBUG - exec_send key ((1, 0), 0) to peer pp rank 0
[36m(PiperActor pid=2587930)[0m 2026-04-02 00:46:46,630 - piper_actor - DEBUG - run_dag dispatch (time 2): forward s3 mb0 bkt=0
[36m(PiperActor pid=2587930)[0m 2026-04-02 00:46:46,640 - piper_actor - DEBUG - run_dag dispatch (time 2): send s1 mb1 bkt=0
[36m(PiperActor pid=2587930)[0m 2026-04-02 00:46:46,641 - piper_actor - DEBUG - exec_send key ((1, 0), 1) to peer pp rank 0
[36m(PiperActor pid=2587930)[0m 2026-04-02 00:46:46,641 - piper_actor - DEBUG - run_dag dispatch (time 3): backward s3 mb0 bkt=0
[36m(PiperActor pid=2587918)[0m 2026-04-02 00:46:46,655 - piper_actor - DEBUG - run_dag dispatch (time 4): send s2 mb1 bkt=0
[36m(PiperActor pid=2587918)[0m 2026-04-02 00:46:46,655 - piper_actor - DEBUG - exec_send key ((2, 0), 1) to peer pp rank 1
[36m(PiperActor pid=2587918)[0m 2026-04-02 00:46:46,655 - piper_actor - DEBUG - run_dag dispatch (time 4): recv s2 mb0 bkt=0
[36m(PiperActor pid=2587918)[0m 2026-04-02 00:46:46,655 - piper_actor - DEBUG - exec_recv key (None, 0) from peer pp rank 1
[36m(PiperActor pid=2587918)[0m 2026-04-02 00:46:46,655 - piper_actor - DEBUG - run_dag dispatch (time 5): backward s2 mb0 bkt=0
[36m(PiperActor pid=2587918)[0m 2026-04-02 00:46:46,684 - piper_actor - DEBUG - run_dag dispatch (time 5): send s0 mb2 bkt=0
[36m(PiperActor pid=2587918)[0m 2026-04-02 00:46:46,684 - piper_actor - DEBUG - exec_send key ((0, 0), 2) to peer pp rank 1
[36m(PiperActor pid=2587918)[0m 2026-04-02 00:46:46,685 - piper_actor - DEBUG - run_dag dispatch (time 6): forward s0 mb3 bkt=0
[36m(PiperActor pid=2587911)[0m 2026-04-02 00:46:46,667 - piper_actor - DEBUG - run_dag dispatch (time 3): recv s3 mb1 bkt=0
[36m(PiperActor pid=2587911)[0m 2026-04-02 00:46:46,667 - piper_actor - DEBUG - exec_recv key ((3, 0), 1) from peer pp rank 0
[36m(PiperActor pid=2587911)[0m 2026-04-02 00:46:46,668 - piper_actor - DEBUG - run_dag dispatch (time 4): forward s3 mb1 bkt=0
[36m(PiperActor pid=2587915)[0m 2026-04-02 00:46:46,651 - piper_actor - DEBUG - run_dag dispatch (time 3): send s2 mb0 bkt=0
[36m(PiperActor pid=2587915)[0m 2026-04-02 00:46:46,651 - piper_actor - DEBUG - exec_send key ((2, 0), 0) to peer pp rank 1
[36m(PiperActor pid=2587915)[0m 2026-04-02 00:46:46,652 - piper_actor - DEBUG - run_dag dispatch (time 4): forward s0 mb2 bkt=0
[36m(PiperActor pid=2587915)[0m 2026-04-02 00:46:46,662 - piper_actor - DEBUG - run_dag dispatch (time 4): send s2 mb1 bkt=0
[36m(PiperActor pid=2587915)[0m 2026-04-02 00:46:46,662 - piper_actor - DEBUG - exec_send key ((2, 0), 1) to peer pp rank 1
[36m(PiperActor pid=2587915)[0m 2026-04-02 00:46:46,663 - piper_actor - DEBUG - run_dag dispatch (time 4): recv s2 mb0 bkt=0
[36m(PiperActor pid=2587915)[0m 2026-04-02 00:46:46,663 - piper_actor - DEBUG - exec_recv key (None, 0) from peer pp rank 1
[36m(PiperActor pid=2587915)[0m 2026-04-02 00:46:46,663 - piper_actor - DEBUG - run_dag dispatch (time 5): backward s2 mb0 bkt=0
[36m(PiperActor pid=2587930)[0m 2026-04-02 00:46:46,672 - piper_actor - DEBUG - run_dag dispatch (time 3): recv s3 mb1 bkt=0
[36m(PiperActor pid=2587930)[0m 2026-04-02 00:46:46,672 - piper_actor - DEBUG - exec_recv key ((3, 0), 1) from peer pp rank 0
[36m(PiperActor pid=2587930)[0m 2026-04-02 00:46:46,673 - piper_actor - DEBUG - run_dag dispatch (time 4): forward s3 mb1 bkt=0
[36m(PiperActor pid=2587911)[0m 2026-04-02 00:46:46,709 - piper_actor - DEBUG - run_dag dispatch (time 4): send s3 mb0 bkt=0
[36m(PiperActor pid=2587911)[0m 2026-04-02 00:46:46,709 - piper_actor - DEBUG - exec_send key (None, 0) to peer pp rank 0
[36m(PiperActor pid=2587911)[0m 2026-04-02 00:46:46,709 - piper_actor - DEBUG - run_dag dispatch (time 5): backward s3 mb1 bkt=0
[36m(PiperActor pid=2587915)[0m 2026-04-02 00:46:46,689 - piper_actor - DEBUG - run_dag dispatch (time 5): send s0 mb2 bkt=0
[36m(PiperActor pid=2587915)[0m 2026-04-02 00:46:46,690 - piper_actor - DEBUG - exec_send key ((0, 0), 2) to peer pp rank 1
[36m(PiperActor pid=2587915)[0m 2026-04-02 00:46:46,690 - piper_actor - DEBUG - run_dag dispatch (time 6): forward s0 mb3 bkt=0
[36m(PiperActor pid=2587930)[0m 2026-04-02 00:46:46,715 - piper_actor - DEBUG - run_dag dispatch (time 4): send s3 mb0 bkt=0
[36m(PiperActor pid=2587930)[0m 2026-04-02 00:46:46,715 - piper_actor - DEBUG - exec_send key (None, 0) to peer pp rank 0
[36m(PiperActor pid=2587930)[0m 2026-04-02 00:46:46,715 - piper_actor - DEBUG - run_dag dispatch (time 5): backward s3 mb1 bkt=0
[36m(PiperActor pid=2587918)[0m 2026-04-02 00:46:46,738 - piper_actor - DEBUG - run_dag dispatch (time 6): send s2 mb0 bkt=0
[36m(PiperActor pid=2587918)[0m 2026-04-02 00:46:46,738 - piper_actor - DEBUG - exec_send key (None, 0) to peer pp rank 1
[36m(PiperActor pid=2587918)[0m 2026-04-02 00:46:46,739 - piper_actor - DEBUG - run_dag dispatch (time 6): recv s2 mb1 bkt=0
[36m(PiperActor pid=2587918)[0m 2026-04-02 00:46:46,739 - piper_actor - DEBUG - exec_recv key (None, 1) from peer pp rank 1
[36m(PiperActor pid=2587918)[0m 2026-04-02 00:46:46,739 - piper_actor - DEBUG - run_dag dispatch (time 7): backward s2 mb1 bkt=0
[36m(PiperActor pid=2587911)[0m 2026-04-02 00:46:46,740 - piper_actor - DEBUG - run_dag dispatch (time 5): recv s1 mb2 bkt=0
[36m(PiperActor pid=2587911)[0m 2026-04-02 00:46:46,740 - piper_actor - DEBUG - exec_recv key ((1, 0), 2) from peer pp rank 0
[36m(PiperActor pid=2587911)[0m 2026-04-02 00:46:46,741 - piper_actor - DEBUG - run_dag dispatch (time 6): forward s1 mb2 bkt=0
[36m(PiperActor pid=2587915)[0m 2026-04-02 00:46:46,744 - piper_actor - DEBUG - run_dag dispatch (time 6): send s2 mb0 bkt=0
[36m(PiperActor pid=2587915)[0m 2026-04-02 00:46:46,744 - piper_actor - DEBUG - exec_send key (None, 0) to peer pp rank 1
[36m(PiperActor pid=2587915)[0m 2026-04-02 00:46:46,745 - piper_actor - DEBUG - run_dag dispatch (time 6): recv s2 mb1 bkt=0
[36m(PiperActor pid=2587915)[0m 2026-04-02 00:46:46,745 - piper_actor - DEBUG - exec_recv key (None, 1) from peer pp rank 1
[36m(PiperActor pid=2587915)[0m 2026-04-02 00:46:46,745 - piper_actor - DEBUG - run_dag dispatch (time 7): backward s2 mb1 bkt=0
[36m(PiperActor pid=2587930)[0m 2026-04-02 00:46:46,746 - piper_actor - DEBUG - run_dag dispatch (time 5): recv s1 mb2 bkt=0
[36m(PiperActor pid=2587930)[0m 2026-04-02 00:46:46,746 - piper_actor - DEBUG - exec_recv key ((1, 0), 2) from peer pp rank 0
[36m(PiperActor pid=2587930)[0m 2026-04-02 00:46:46,747 - piper_actor - DEBUG - run_dag dispatch (time 6): forward s1 mb2 bkt=0
[36m(PiperActor pid=2587918)[0m 2026-04-02 00:46:46,774 - piper_actor - DEBUG - run_dag dispatch (time 7): send s0 mb3 bkt=0
[36m(PiperActor pid=2587918)[0m 2026-04-02 00:46:46,774 - piper_actor - DEBUG - exec_send key ((0, 0), 3) to peer pp rank 1
[36m(PiperActor pid=2587918)[0m 2026-04-02 00:46:46,775 - piper_actor - DEBUG - run_dag dispatch (time 7): recv s2 mb2 bkt=0
[36m(PiperActor pid=2587918)[0m 2026-04-02 00:46:46,775 - piper_actor - DEBUG - exec_recv key ((2, 0), 2) from peer pp rank 1
[36m(PiperActor pid=2587918)[0m 2026-04-02 00:46:46,775 - piper_actor - DEBUG - run_dag dispatch (time 8): forward s2 mb2 bkt=0
[36m(PiperActor pid=2587911)[0m 2026-04-02 00:46:46,780 - piper_actor - DEBUG - run_dag dispatch (time 6): recv s1 mb0 bkt=0
[36m(PiperActor pid=2587911)[0m 2026-04-02 00:46:46,780 - piper_actor - DEBUG - exec_recv key (None, 0) from peer pp rank 0
[36m(PiperActor pid=2587911)[0m 2026-04-02 00:46:46,781 - piper_actor - DEBUG - run_dag dispatch (time 6): send s3 mb1 bkt=0
[36m(PiperActor pid=2587911)[0m 2026-04-02 00:46:46,781 - piper_actor - DEBUG - exec_send key (None, 1) to peer pp rank 0
[36m(PiperActor pid=2587911)[0m 2026-04-02 00:46:46,781 - piper_actor - DEBUG - run_dag dispatch (time 7): backward s1 mb0 bkt=0
[36m(PiperActor pid=2587915)[0m 2026-04-02 00:46:46,780 - piper_actor - DEBUG - run_dag dispatch (time 7): send s0 mb3 bkt=0
[36m(PiperActor pid=2587915)[0m 2026-04-02 00:46:46,780 - piper_actor - DEBUG - exec_send key ((0, 0), 3) to peer pp rank 1
[36m(PiperActor pid=2587915)[0m 2026-04-02 00:46:46,780 - piper_actor - DEBUG - run_dag dispatch (time 7): recv s2 mb2 bkt=0
[36m(PiperActor pid=2587915)[0m 2026-04-02 00:46:46,781 - piper_actor - DEBUG - exec_recv key ((2, 0), 2) from peer pp rank 1
[36m(PiperActor pid=2587915)[0m 2026-04-02 00:46:46,781 - piper_actor - DEBUG - run_dag dispatch (time 8): forward s2 mb2 bkt=0
[36m(PiperActor pid=2587930)[0m 2026-04-02 00:46:46,786 - piper_actor - DEBUG - run_dag dispatch (time 6): recv s1 mb0 bkt=0
[36m(PiperActor pid=2587930)[0m 2026-04-02 00:46:46,786 - piper_actor - DEBUG - exec_recv key (None, 0) from peer pp rank 0
[36m(PiperActor pid=2587930)[0m 2026-04-02 00:46:46,786 - piper_actor - DEBUG - run_dag dispatch (time 6): send s3 mb1 bkt=0
[36m(PiperActor pid=2587930)[0m 2026-04-02 00:46:46,786 - piper_actor - DEBUG - exec_send key (None, 1) to peer pp rank 0
[36m(PiperActor pid=2587930)[0m 2026-04-02 00:46:46,787 - piper_actor - DEBUG - run_dag dispatch (time 7): backward s1 mb0 bkt=0
[36m(PiperActor pid=2587918)[0m 2026-04-02 00:46:46,810 - piper_actor - DEBUG - run_dag dispatch (time 8): send s2 mb1 bkt=0
[36m(PiperActor pid=2587918)[0m 2026-04-02 00:46:46,811 - piper_actor - DEBUG - exec_send key (None, 1) to peer pp rank 1
[36m(PiperActor pid=2587918)[0m 2026-04-02 00:46:46,811 - piper_actor - DEBUG - run_dag dispatch (time 8): recv s0 mb0 bkt=0
[36m(PiperActor pid=2587918)[0m 2026-04-02 00:46:46,811 - piper_actor - DEBUG - exec_recv key (None, 0) from peer pp rank 1
[36m(PiperActor pid=2587918)[0m 2026-04-02 00:46:46,811 - piper_actor - DEBUG - run_dag dispatch (time 9): backward s0 mb0 bkt=0
[36m(PiperActor pid=2587911)[0m 2026-04-02 00:46:46,810 - piper_actor - DEBUG - run_dag dispatch (time 7): recv s1 mb3 bkt=0
[36m(PiperActor pid=2587911)[0m 2026-04-02 00:46:46,810 - piper_actor - DEBUG - exec_recv key ((1, 0), 3) from peer pp rank 0
[36m(PiperActor pid=2587911)[0m 2026-04-02 00:46:46,811 - piper_actor - DEBUG - run_dag dispatch (time 7): send s1 mb2 bkt=0
[36m(PiperActor pid=2587911)[0m 2026-04-02 00:46:46,811 - piper_actor - DEBUG - exec_send key ((1, 0), 2) to peer pp rank 0
[36m(PiperActor pid=2587911)[0m 2026-04-02 00:46:46,811 - piper_actor - DEBUG - run_dag dispatch (time 8): forward s1 mb3 bkt=0
[36m(PiperActor pid=2587911)[0m 2026-04-02 00:46:46,826 - piper_actor - DEBUG - run_dag dispatch (time 8): recv s1 mb1 bkt=0
[36m(PiperActor pid=2587911)[0m 2026-04-02 00:46:46,826 - piper_actor - DEBUG - exec_recv key (None, 1) from peer pp rank 0
[36m(PiperActor pid=2587911)[0m 2026-04-02 00:46:46,826 - piper_actor - DEBUG - run_dag dispatch (time 8): send s1 mb0 bkt=0
[36m(PiperActor pid=2587911)[0m 2026-04-02 00:46:46,827 - piper_actor - DEBUG - exec_send key (None, 0) to peer pp rank 0
[36m(PiperActor pid=2587911)[0m 2026-04-02 00:46:46,827 - piper_actor - DEBUG - run_dag dispatch (time 9): backward s1 mb1 bkt=0
[36m(PiperActor pid=2587915)[0m 2026-04-02 00:46:46,816 - piper_actor - DEBUG - run_dag dispatch (time 8): send s2 mb1 bkt=0
[36m(PiperActor pid=2587915)[0m 2026-04-02 00:46:46,816 - piper_actor - DEBUG - exec_send key (None, 1) to peer pp rank 1
[36m(PiperActor pid=2587915)[0m 2026-04-02 00:46:46,817 - piper_actor - DEBUG - run_dag dispatch (time 8): recv s0 mb0 bkt=0
[36m(PiperActor pid=2587915)[0m 2026-04-02 00:46:46,817 - piper_actor - DEBUG - exec_recv key (None, 0) from peer pp rank 1
[36m(PiperActor pid=2587915)[0m 2026-04-02 00:46:46,817 - piper_actor - DEBUG - run_dag dispatch (time 9): backward s0 mb0 bkt=0
[36m(PiperActor pid=2587930)[0m 2026-04-02 00:46:46,815 - piper_actor - DEBUG - run_dag dispatch (time 7): recv s1 mb3 bkt=0
[36m(PiperActor pid=2587930)[0m 2026-04-02 00:46:46,816 - piper_actor - DEBUG - exec_recv key ((1, 0), 3) from peer pp rank 0
[36m(PiperActor pid=2587930)[0m 2026-04-02 00:46:46,816 - piper_actor - DEBUG - run_dag dispatch (time 7): send s1 mb2 bkt=0
[36m(PiperActor pid=2587930)[0m 2026-04-02 00:46:46,816 - piper_actor - DEBUG - exec_send key ((1, 0), 2) to peer pp rank 0
[36m(PiperActor pid=2587930)[0m 2026-04-02 00:46:46,816 - piper_actor - DEBUG - run_dag dispatch (time 8): forward s1 mb3 bkt=0
[36m(PiperActor pid=2587930)[0m 2026-04-02 00:46:46,832 - piper_actor - DEBUG - run_dag dispatch (time 8): recv s1 mb1 bkt=0
[36m(PiperActor pid=2587930)[0m 2026-04-02 00:46:46,832 - piper_actor - DEBUG - exec_recv key (None, 1) from peer pp rank 0
[36m(PiperActor pid=2587930)[0m 2026-04-02 00:46:46,832 - piper_actor - DEBUG - run_dag dispatch (time 8): send s1 mb0 bkt=0
[36m(PiperActor pid=2587930)[0m 2026-04-02 00:46:46,832 - piper_actor - DEBUG - exec_send key (None, 0) to peer pp rank 0
[36m(PiperActor pid=2587930)[0m 2026-04-02 00:46:46,832 - piper_actor - DEBUG - run_dag dispatch (time 9): backward s1 mb1 bkt=0
[36m(PiperActor pid=2587918)[0m 2026-04-02 00:46:46,848 - piper_actor - DEBUG - run_dag dispatch (time 9): send s2 mb2 bkt=0
[36m(PiperActor pid=2587918)[0m 2026-04-02 00:46:46,849 - piper_actor - DEBUG - exec_send key ((2, 0), 2) to peer pp rank 1
[36m(PiperActor pid=2587918)[0m 2026-04-02 00:46:46,849 - piper_actor - DEBUG - run_dag dispatch (time 9): recv s2 mb3 bkt=0
[36m(PiperActor pid=2587918)[0m 2026-04-02 00:46:46,849 - piper_actor - DEBUG - exec_recv key ((2, 0), 3) from peer pp rank 1
[36m(PiperActor pid=2587918)[0m 2026-04-02 00:46:46,850 - piper_actor - DEBUG - run_dag dispatch (time 10): forward s2 mb3 bkt=0
[36m(PiperActor pid=2587918)[0m 2026-04-02 00:46:46,867 - piper_actor - DEBUG - run_dag dispatch (time 10): recv s0 mb1 bkt=0
[36m(PiperActor pid=2587918)[0m 2026-04-02 00:46:46,868 - piper_actor - DEBUG - exec_recv key (None, 1) from peer pp rank 1
[36m(PiperActor pid=2587918)[0m 2026-04-02 00:46:46,868 - piper_actor - DEBUG - run_dag dispatch (time 11): backward s0 mb1 bkt=0
[36m(PiperActor pid=2587911)[0m 2026-04-02 00:46:46,859 - piper_actor - DEBUG - run_dag dispatch (time 9): recv s3 mb2 bkt=0
[36m(PiperActor pid=2587911)[0m 2026-04-02 00:46:46,860 - piper_actor - DEBUG - exec_recv key ((3, 0), 2) from peer pp rank 0
[36m(PiperActor pid=2587911)[0m 2026-04-02 00:46:46,860 - piper_actor - DEBUG - run_dag dispatch (time 9): send s1 mb3 bkt=0
[36m(PiperActor pid=2587911)[0m 2026-04-02 00:46:46,860 - piper_actor - DEBUG - exec_send key ((1, 0), 3) to peer pp rank 0
[36m(PiperActor pid=2587911)[0m 2026-04-02 00:46:46,861 - piper_actor - DEBUG - run_dag dispatch (time 10): forward s3 mb2 bkt=0
[36m(PiperActor pid=2587911)[0m 2026-04-02 00:46:46,876 - piper_actor - DEBUG - run_dag dispatch (time 10): send s1 mb1 bkt=0
[36m(PiperActor pid=2587911)[0m 2026-04-02 00:46:46,876 - piper_actor - DEBUG - exec_send key (None, 1) to peer pp rank 0
[36m(PiperActor pid=2587911)[0m 2026-04-02 00:46:46,876 - piper_actor - DEBUG - run_dag dispatch (time 11): backward s3 mb2 bkt=0
[36m(PiperActor pid=2587915)[0m 2026-04-02 00:46:46,854 - piper_actor - DEBUG - run_dag dispatch (time 9): send s2 mb2 bkt=0
[36m(PiperActor pid=2587915)[0m 2026-04-02 00:46:46,854 - piper_actor - DEBUG - exec_send key ((2, 0), 2) to peer pp rank 1
[36m(PiperActor pid=2587915)[0m 2026-04-02 00:46:46,855 - piper_actor - DEBUG - run_dag dispatch (time 9): recv s2 mb3 bkt=0
[36m(PiperActor pid=2587915)[0m 2026-04-02 00:46:46,855 - piper_actor - DEBUG - exec_recv key ((2, 0), 3) from peer pp rank 1
[36m(PiperActor pid=2587915)[0m 2026-04-02 00:46:46,855 - piper_actor - DEBUG - run_dag dispatch (time 10): forward s2 mb3 bkt=0
[36m(PiperActor pid=2587915)[0m 2026-04-02 00:46:46,873 - piper_actor - DEBUG - run_dag dispatch (time 10): recv s0 mb1 bkt=0
[36m(PiperActor pid=2587915)[0m 2026-04-02 00:46:46,873 - piper_actor - DEBUG - exec_recv key (None, 1) from peer pp rank 1
[36m(PiperActor pid=2587915)[0m 2026-04-02 00:46:46,873 - piper_actor - DEBUG - run_dag dispatch (time 11): backward s0 mb1 bkt=0
[36m(PiperActor pid=2587930)[0m 2026-04-02 00:46:46,865 - piper_actor - DEBUG - run_dag dispatch (time 9): recv s3 mb2 bkt=0
[36m(PiperActor pid=2587930)[0m 2026-04-02 00:46:46,865 - piper_actor - DEBUG - exec_recv key ((3, 0), 2) from peer pp rank 0
[36m(PiperActor pid=2587930)[0m 2026-04-02 00:46:46,866 - piper_actor - DEBUG - run_dag dispatch (time 9): send s1 mb3 bkt=0
[36m(PiperActor pid=2587930)[0m 2026-04-02 00:46:46,866 - piper_actor - DEBUG - exec_send key ((1, 0), 3) to peer pp rank 0
[36m(PiperActor pid=2587930)[0m 2026-04-02 00:46:46,866 - piper_actor - DEBUG - run_dag dispatch (time 10): forward s3 mb2 bkt=0
[36m(PiperActor pid=2587930)[0m 2026-04-02 00:46:46,882 - piper_actor - DEBUG - run_dag dispatch (time 10): send s1 mb1 bkt=0
[36m(PiperActor pid=2587930)[0m 2026-04-02 00:46:46,882 - piper_actor - DEBUG - exec_send key (None, 1) to peer pp rank 0
[36m(PiperActor pid=2587930)[0m 2026-04-02 00:46:46,882 - piper_actor - DEBUG - run_dag dispatch (time 11): backward s3 mb2 bkt=0
[36m(PiperActor pid=2587918)[0m 2026-04-02 00:46:46,905 - piper_actor - DEBUG - run_dag dispatch (time 11): send s2 mb3 bkt=0
[36m(PiperActor pid=2587918)[0m 2026-04-02 00:46:46,905 - piper_actor - DEBUG - exec_send key ((2, 0), 3) to peer pp rank 1
[36m(PiperActor pid=2587918)[0m 2026-04-02 00:46:46,905 - piper_actor - DEBUG - run_dag dispatch (time 11): recv s2 mb2 bkt=0
[36m(PiperActor pid=2587918)[0m 2026-04-02 00:46:46,906 - piper_actor - DEBUG - exec_recv key (None, 2) from peer pp rank 1
[36m(PiperActor pid=2587918)[0m 2026-04-02 00:46:46,906 - piper_actor - DEBUG - run_dag dispatch (time 12): backward s2 mb2 bkt=0
[36m(PiperActor pid=2587911)[0m 2026-04-02 00:46:46,907 - piper_actor - DEBUG - run_dag dispatch (time 11): recv s3 mb3 bkt=0
[36m(PiperActor pid=2587911)[0m 2026-04-02 00:46:46,907 - piper_actor - DEBUG - exec_recv key ((3, 0), 3) from peer pp rank 0
[36m(PiperActor pid=2587911)[0m 2026-04-02 00:46:46,908 - piper_actor - DEBUG - run_dag dispatch (time 12): forward s3 mb3 bkt=0
[36m(PiperActor pid=2587915)[0m 2026-04-02 00:46:46,910 - piper_actor - DEBUG - run_dag dispatch (time 11): send s2 mb3 bkt=0
[36m(PiperActor pid=2587915)[0m 2026-04-02 00:46:46,911 - piper_actor - DEBUG - exec_send key ((2, 0), 3) to peer pp rank 1
[36m(PiperActor pid=2587915)[0m 2026-04-02 00:46:46,911 - piper_actor - DEBUG - run_dag dispatch (time 11): recv s2 mb2 bkt=0
[36m(PiperActor pid=2587915)[0m 2026-04-02 00:46:46,911 - piper_actor - DEBUG - exec_recv key (None, 2) from peer pp rank 1
[36m(PiperActor pid=2587915)[0m 2026-04-02 00:46:46,912 - piper_actor - DEBUG - run_dag dispatch (time 12): backward s2 mb2 bkt=0
[36m(PiperActor pid=2587930)[0m 2026-04-02 00:46:46,913 - piper_actor - DEBUG - run_dag dispatch (time 11): recv s3 mb3 bkt=0
[36m(PiperActor pid=2587930)[0m 2026-04-02 00:46:46,913 - piper_actor - DEBUG - exec_recv key ((3, 0), 3) from peer pp rank 0
[36m(PiperActor pid=2587930)[0m 2026-04-02 00:46:46,914 - piper_actor - DEBUG - run_dag dispatch (time 12): forward s3 mb3 bkt=0
[36m(PiperActor pid=2587918)[0m 2026-04-02 00:46:46,941 - piper_actor - DEBUG - run_dag dispatch (time 12): recv s2 mb3 bkt=0
[36m(PiperActor pid=2587918)[0m 2026-04-02 00:46:46,941 - piper_actor - DEBUG - exec_recv key (None, 3) from peer pp rank 1
[36m(PiperActor pid=2587918)[0m 2026-04-02 00:46:46,941 - piper_actor - DEBUG - run_dag dispatch (time 13): backward s2 mb3 bkt=0
[36m(PiperActor pid=2587911)[0m 2026-04-02 00:46:46,949 - piper_actor - DEBUG - run_dag dispatch (time 12): send s3 mb2 bkt=0
[36m(PiperActor pid=2587911)[0m 2026-04-02 00:46:46,949 - piper_actor - DEBUG - exec_send key (None, 2) to peer pp rank 0
[36m(PiperActor pid=2587911)[0m 2026-04-02 00:46:46,950 - piper_actor - DEBUG - run_dag dispatch (time 13): backward s3 mb3 bkt=0
[36m(PiperActor pid=2587915)[0m 2026-04-02 00:46:46,946 - piper_actor - DEBUG - run_dag dispatch (time 12): recv s2 mb3 bkt=0
[36m(PiperActor pid=2587915)[0m 2026-04-02 00:46:46,947 - piper_actor - DEBUG - exec_recv key (None, 3) from peer pp rank 1
[36m(PiperActor pid=2587915)[0m 2026-04-02 00:46:46,947 - piper_actor - DEBUG - run_dag dispatch (time 13): backward s2 mb3 bkt=0
[36m(PiperActor pid=2587930)[0m 2026-04-02 00:46:46,955 - piper_actor - DEBUG - run_dag dispatch (time 12): send s3 mb2 bkt=0
[36m(PiperActor pid=2587930)[0m 2026-04-02 00:46:46,955 - piper_actor - DEBUG - exec_send key (None, 2) to peer pp rank 0
[36m(PiperActor pid=2587930)[0m 2026-04-02 00:46:46,955 - piper_actor - DEBUG - run_dag dispatch (time 13): backward s3 mb3 bkt=0
[36m(PiperActor pid=2587918)[0m 2026-04-02 00:46:46,997 - piper_actor - DEBUG - run_dag dispatch (time 13): send s2 mb2 bkt=0
[36m(PiperActor pid=2587918)[0m 2026-04-02 00:46:46,997 - piper_actor - DEBUG - exec_send key (None, 2) to peer pp rank 1
[36m(PiperActor pid=2587918)[0m 2026-04-02 00:46:46,998 - piper_actor - DEBUG - run_dag dispatch (time 13): recv s0 mb2 bkt=0
[36m(PiperActor pid=2587918)[0m 2026-04-02 00:46:46,998 - piper_actor - DEBUG - exec_recv key (None, 2) from peer pp rank 1
[36m(PiperActor pid=2587918)[0m 2026-04-02 00:46:46,998 - piper_actor - DEBUG - run_dag dispatch (time 14): backward s0 mb2 bkt=0
[36m(PiperActor pid=2587911)[0m 2026-04-02 00:46:46,980 - piper_actor - DEBUG - run_dag dispatch (time 13): recv s1 mb2 bkt=0
[36m(PiperActor pid=2587911)[0m 2026-04-02 00:46:46,980 - piper_actor - DEBUG - exec_recv key (None, 2) from peer pp rank 0
[36m(PiperActor pid=2587911)[0m 2026-04-02 00:46:46,981 - piper_actor - DEBUG - run_dag dispatch (time 14): backward s1 mb2 bkt=0
[36m(PiperActor pid=2587915)[0m 2026-04-02 00:46:47,003 - piper_actor - DEBUG - run_dag dispatch (time 13): send s2 mb2 bkt=0
[36m(PiperActor pid=2587915)[0m 2026-04-02 00:46:47,003 - piper_actor - DEBUG - exec_send key (None, 2) to peer pp rank 1
[36m(PiperActor pid=2587915)[0m 2026-04-02 00:46:47,004 - piper_actor - DEBUG - run_dag dispatch (time 13): recv s0 mb2 bkt=0
[36m(PiperActor pid=2587915)[0m 2026-04-02 00:46:47,004 - piper_actor - DEBUG - exec_recv key (None, 2) from peer pp rank 1
[36m(PiperActor pid=2587915)[0m 2026-04-02 00:46:47,004 - piper_actor - DEBUG - run_dag dispatch (time 14): backward s0 mb2 bkt=0
[36m(PiperActor pid=2587930)[0m 2026-04-02 00:46:46,986 - piper_actor - DEBUG - run_dag dispatch (time 13): recv s1 mb2 bkt=0
[36m(PiperActor pid=2587930)[0m 2026-04-02 00:46:46,987 - piper_actor - DEBUG - exec_recv key (None, 2) from peer pp rank 0
[36m(PiperActor pid=2587930)[0m 2026-04-02 00:46:46,987 - piper_actor - DEBUG - run_dag dispatch (time 14): backward s1 mb2 bkt=0
[36m(PiperActor pid=2587911)[0m 2026-04-02 00:46:47,038 - piper_actor - DEBUG - run_dag dispatch (time 14): recv s1 mb3 bkt=0
[36m(PiperActor pid=2587911)[0m 2026-04-02 00:46:47,039 - piper_actor - DEBUG - exec_recv key (None, 3) from peer pp rank 0
[36m(PiperActor pid=2587911)[0m 2026-04-02 00:46:47,039 - piper_actor - DEBUG - run_dag dispatch (time 14): send s3 mb3 bkt=0
[36m(PiperActor pid=2587911)[0m 2026-04-02 00:46:47,039 - piper_actor - DEBUG - exec_send key (None, 3) to peer pp rank 0
[36m(PiperActor pid=2587911)[0m 2026-04-02 00:46:47,040 - piper_actor - DEBUG - run_dag dispatch (time 14): all_reduce s3 mb3 bkt=0
[36m(PiperActor pid=2587911)[0m 2026-04-02 00:46:47,040 - piper_actor - DEBUG - run_dag dispatch (time 15): backward s1 mb3 bkt=0
[36m(PiperActor pid=2587918)[0m 2026-04-02 00:46:47,075 - piper_actor - DEBUG - run_dag dispatch (time 14): send s2 mb3 bkt=0
[36m(PiperActor pid=2587918)[0m 2026-04-02 00:46:47,076 - piper_actor - DEBUG - exec_send key (None, 3) to peer pp rank 1
[36m(PiperActor pid=2587918)[0m 2026-04-02 00:46:47,076 - piper_actor - DEBUG - run_dag dispatch (time 14): recv s0 mb3 bkt=0
[36m(PiperActor pid=2587918)[0m 2026-04-02 00:46:47,076 - piper_actor - DEBUG - exec_recv key (None, 3) from peer pp rank 1
[36m(PiperActor pid=2587918)[0m 2026-04-02 00:46:47,077 - piper_actor - DEBUG - run_dag dispatch (time 14): all_reduce s2 mb3 bkt=0
[36m(PiperActor pid=2587918)[0m 2026-04-02 00:46:47,077 - piper_actor - DEBUG - run_dag dispatch (time 15): backward s0 mb3 bkt=0
[36m(PiperActor pid=2587911)[0m 2026-04-02 00:46:47,076 - piper_actor - DEBUG - run_dag dispatch (time 15): send s1 mb2 bkt=0
[36m(PiperActor pid=2587911)[0m 2026-04-02 00:46:47,076 - piper_actor - DEBUG - exec_send key (None, 2) to peer pp rank 0
[36m(PiperActor pid=2587911)[0m 2026-04-02 00:46:47,077 - piper_actor - DEBUG - run_dag dispatch (time 16): update s1 mb3 bkt=0
[36m(PiperActor pid=2587915)[0m 2026-04-02 00:46:47,082 - piper_actor - DEBUG - run_dag dispatch (time 14): send s2 mb3 bkt=0
[36m(PiperActor pid=2587930)[0m 2026-04-02 00:46:47,045 - piper_actor - DEBUG - run_dag dispatch (time 14): recv s1 mb3 bkt=0
[36m(PiperActor pid=2587930)[0m 2026-04-02 00:46:47,045 - piper_actor - DEBUG - exec_recv key (None, 3) from peer pp rank 0
[36m(PiperActor pid=2587930)[0m 2026-04-02 00:46:47,046 - piper_actor - DEBUG - run_dag dispatch (time 14): send s3 mb3 bkt=0
[36m(PiperActor pid=2587930)[0m 2026-04-02 00:46:47,046 - piper_actor - DEBUG - exec_send key (None, 3) to peer pp rank 0
[36m(PiperActor pid=2587930)[0m 2026-04-02 00:46:47,046 - piper_actor - DEBUG - run_dag dispatch (time 14): all_reduce s3 mb3 bkt=0
[36m(PiperActor pid=2587930)[0m 2026-04-02 00:46:47,047 - piper_actor - DEBUG - run_dag dispatch (time 15): backward s1 mb3 bkt=0
[36m(PiperActor pid=2587930)[0m 2026-04-02 00:46:47,082 - piper_actor - DEBUG - run_dag dispatch (time 15): send s1 mb2 bkt=0
[36m(PiperActor pid=2587930)[0m 2026-04-02 00:46:47,083 - piper_actor - DEBUG - exec_send key (None, 2) to peer pp rank 0
[36m(PiperActor pid=2587930)[0m 2026-04-02 00:46:47,083 - piper_actor - DEBUG - run_dag dispatch (time 16): update s1 mb3 bkt=0
[36m(PiperActor pid=2587918)[0m 2026-04-02 00:46:47,120 - piper_actor - DEBUG - run_dag dispatch (time 16): update s0 mb3 bkt=0
[36m(PiperActor pid=2587915)[0m 2026-04-02 00:46:47,083 - piper_actor - DEBUG - exec_send key (None, 3) to peer pp rank 1
[36m(PiperActor pid=2587915)[0m 2026-04-02 00:46:47,083 - piper_actor - DEBUG - run_dag dispatch (time 14): recv s0 mb3 bkt=0
[36m(PiperActor pid=2587915)[0m 2026-04-02 00:46:47,083 - piper_actor - DEBUG - exec_recv key (None, 3) from peer pp rank 1
[36m(PiperActor pid=2587915)[0m 2026-04-02 00:46:47,084 - piper_actor - DEBUG - run_dag dispatch (time 14): all_reduce s2 mb3 bkt=0
[36m(PiperActor pid=2587915)[0m 2026-04-02 00:46:47,084 - piper_actor - DEBUG - run_dag dispatch (time 15): backward s0 mb3 bkt=0
[36m(PiperActor pid=2587911)[0m 2026-04-02 00:46:47,135 - piper_actor - DEBUG - run_dag dispatch (time 16): send s1 mb3 bkt=0
[36m(PiperActor pid=2587911)[0m 2026-04-02 00:46:47,135 - piper_actor - DEBUG - exec_send key (None, 3) to peer pp rank 0
[36m(PiperActor pid=2587911)[0m 2026-04-02 00:46:47,136 - piper_actor - DEBUG - run_dag dispatch (time 16): all_reduce s1 mb3 bkt=0
[36m(PiperActor pid=2587915)[0m 2026-04-02 00:46:47,126 - piper_actor - DEBUG - run_dag dispatch (time 16): update s0 mb3 bkt=0
[36m(PiperActor pid=2587930)[0m 2026-04-02 00:46:47,141 - piper_actor - DEBUG - run_dag dispatch (time 16): send s1 mb3 bkt=0
[36m(PiperActor pid=2587930)[0m 2026-04-02 00:46:47,142 - piper_actor - DEBUG - exec_send key (None, 3) to peer pp rank 0
[36m(PiperActor pid=2587930)[0m 2026-04-02 00:46:47,142 - piper_actor - DEBUG - run_dag dispatch (time 16): all_reduce s1 mb3 bkt=0
[36m(PiperActor pid=2587918)[0m 2026-04-02 00:46:47,178 - piper_actor - DEBUG - run_dag dispatch (time 16): all_reduce s0 mb3 bkt=0
[36m(PiperActor pid=2587918)[0m 2026-04-02 00:46:47,183 - piper_actor - DEBUG - run_dag dispatch (time 0): forward s0 mb0 bkt=0
[36m(PiperActor pid=2587918)[0m 2026-04-02 00:46:47,194 - piper_actor - DEBUG - run_dag dispatch (time 1): forward s0 mb1 bkt=0
[36m(PiperActor pid=2587911)[0m 2026-04-02 00:46:47,184 - piper_actor - DEBUG - run_dag dispatch (time -1): recv s1 mb0 bkt=0
[36m(PiperActor pid=2587911)[0m 2026-04-02 00:46:47,184 - piper_actor - DEBUG - exec_recv key ((1, 0), 0) from peer pp rank 0
[36m(PiperActor pid=2587911)[0m 2026-04-02 00:46:47,185 - piper_actor - DEBUG - run_dag dispatch (time 0): forward s1 mb0 bkt=0
[36m(PiperActor pid=2587911)[0m 2026-04-02 00:46:47,199 - piper_actor - DEBUG - run_dag dispatch (time 0): recv s1 mb1 bkt=0
[36m(PiperActor pid=2587911)[0m 2026-04-02 00:46:47,200 - piper_actor - DEBUG - exec_recv key ((1, 0), 1) from peer pp rank 0
[36m(PiperActor pid=2587915)[0m 2026-04-02 00:46:47,184 - piper_actor - DEBUG - run_dag dispatch (time 16): all_reduce s0 mb3 bkt=0
[36m(PiperActor pid=2587915)[0m 2026-04-02 00:46:47,189 - piper_actor - DEBUG - run_dag dispatch (time 0): forward s0 mb0 bkt=0
[36m(PiperActor pid=2587930)[0m 2026-04-02 00:46:47,190 - piper_actor - DEBUG - run_dag dispatch (time -1): recv s1 mb0 bkt=0
[36m(PiperActor pid=2587930)[0m 2026-04-02 00:46:47,190 - piper_actor - DEBUG - exec_recv key ((1, 0), 0) from peer pp rank 0
[36m(PiperActor pid=2587930)[0m 2026-04-02 00:46:47,190 - piper_actor - DEBUG - run_dag dispatch (time 0): forward s1 mb0 bkt=0
[36m(PiperActor pid=2587918)[0m 2026-04-02 00:46:47,205 - piper_actor - DEBUG - run_dag dispatch (time 1): send s0 mb0 bkt=0
[36m(PiperActor pid=2587918)[0m 2026-04-02 00:46:47,205 - piper_actor - DEBUG - exec_send key ((0, 0), 0) to peer pp rank 1
[36m(PiperActor pid=2587918)[0m 2026-04-02 00:46:47,205 - piper_actor - DEBUG - run_dag dispatch (time 1): recv s2 mb0 bkt=0
[36m(PiperActor pid=2587918)[0m 2026-04-02 00:46:47,205 - piper_actor - DEBUG - exec_recv key ((2, 0), 0) from peer pp rank 1
[36m(PiperActor pid=2587918)[0m 2026-04-02 00:46:47,206 - piper_actor - DEBUG - run_dag dispatch (time 2): forward s2 mb0 bkt=0
[36m(PiperActor pid=2587918)[0m 2026-04-02 00:46:47,216 - piper_actor - DEBUG - run_dag dispatch (time 2): send s0 mb1 bkt=0
[36m(PiperActor pid=2587918)[0m 2026-04-02 00:46:47,216 - piper_actor - DEBUG - exec_send key ((0, 0), 1) to peer pp rank 1
[36m(PiperActor pid=2587918)[0m 2026-04-02 00:46:47,216 - piper_actor - DEBUG - run_dag dispatch (time 2): recv s2 mb1 bkt=0
[36m(PiperActor pid=2587918)[0m 2026-04-02 00:46:47,216 - piper_actor - DEBUG - exec_recv key ((2, 0), 1) from peer pp rank 1
[36m(PiperActor pid=2587918)[0m 2026-04-02 00:46:47,217 - piper_actor - DEBUG - run_dag dispatch (time 3): forward s2 mb1 bkt=0
[36m(PiperActor pid=2587918)[0m 2026-04-02 00:46:47,227 - piper_actor - DEBUG - run_dag dispatch (time 3): send s2 mb0 bkt=0
[36m(PiperActor pid=2587918)[0m 2026-04-02 00:46:47,227 - piper_actor - DEBUG - exec_send key ((2, 0), 0) to peer pp rank 1
[36m(PiperActor pid=2587918)[0m 2026-04-02 00:46:47,227 - piper_actor - DEBUG - run_dag dispatch (time 4): forward s0 mb2 bkt=0
[36m(PiperActor pid=2587918)[0m 2026-04-02 00:46:47,237 - piper_actor - DEBUG - run_dag dispatch (time 4): send s2 mb1 bkt=0
[36m(PiperActor pid=2587918)[0m 2026-04-02 00:46:47,237 - piper_actor - DEBUG - exec_send key ((2, 0), 1) to peer pp rank 1
[36m(PiperActor pid=2587918)[0m 2026-04-02 00:46:47,238 - piper_actor - DEBUG - run_dag dispatch (time 4): recv s2 mb0 bkt=0
[36m(PiperActor pid=2587918)[0m 2026-04-02 00:46:47,238 - piper_actor - DEBUG - exec_recv key (None, 0) from peer pp rank 1
[36m(PiperActor pid=2587911)[0m 2026-04-02 00:46:47,200 - piper_actor - DEBUG - run_dag dispatch (time 1): forward s1 mb1 bkt=0
[36m(PiperActor pid=2587911)[0m 2026-04-02 00:46:47,212 - piper_actor - DEBUG - run_dag dispatch (time 1): recv s3 mb0 bkt=0
[36m(PiperActor pid=2587911)[0m 2026-04-02 00:46:47,213 - piper_actor - DEBUG - exec_recv key ((3, 0), 0) from peer pp rank 0
[36m(PiperActor pid=2587911)[0m 2026-04-02 00:46:47,214 - piper_actor - DEBUG - run_dag dispatch (time 1): send s1 mb0 bkt=0
[36m(PiperActor pid=2587911)[0m 2026-04-02 00:46:47,214 - piper_actor - DEBUG - exec_send key ((1, 0), 0) to peer pp rank 0
[36m(PiperActor pid=2587911)[0m 2026-04-02 00:46:47,215 - piper_actor - DEBUG - run_dag dispatch (time 2): forward s3 mb0 bkt=0
[36m(PiperActor pid=2587911)[0m 2026-04-02 00:46:47,228 - piper_actor - DEBUG - run_dag dispatch (time 2): send s1 mb1 bkt=0
[36m(PiperActor pid=2587911)[0m 2026-04-02 00:46:47,228 - piper_actor - DEBUG - exec_send key ((1, 0), 1) to peer pp rank 0
[36m(PiperActor pid=2587911)[0m 2026-04-02 00:46:47,228 - piper_actor - DEBUG - run_dag dispatch (time 3): backward s3 mb0 bkt=0
[36m(PiperActor pid=2587915)[0m 2026-04-02 00:46:47,200 - piper_actor - DEBUG - run_dag dispatch (time 1): forward s0 mb1 bkt=0
[36m(PiperActor pid=2587915)[0m 2026-04-02 00:46:47,211 - piper_actor - DEBUG - run_dag dispatch (time 1): send s0 mb0 bkt=0
[36m(PiperActor pid=2587915)[0m 2026-04-02 00:46:47,211 - piper_actor - DEBUG - exec_send key ((0, 0), 0) to peer pp rank 1
[36m(PiperActor pid=2587915)[0m 2026-04-02 00:46:47,211 - piper_actor - DEBUG - run_dag dispatch (time 1): recv s2 mb0 bkt=0
[36m(PiperActor pid=2587915)[0m 2026-04-02 00:46:47,212 - piper_actor - DEBUG - exec_recv key ((2, 0), 0) from peer pp rank 1
[36m(PiperActor pid=2587915)[0m 2026-04-02 00:46:47,212 - piper_actor - DEBUG - run_dag dispatch (time 2): forward s2 mb0 bkt=0
[36m(PiperActor pid=2587915)[0m 2026-04-02 00:46:47,223 - piper_actor - DEBUG - run_dag dispatch (time 2): send s0 mb1 bkt=0
[36m(PiperActor pid=2587915)[0m 2026-04-02 00:46:47,223 - piper_actor - DEBUG - exec_send key ((0, 0), 1) to peer pp rank 1
[36m(PiperActor pid=2587915)[0m 2026-04-02 00:46:47,223 - piper_actor - DEBUG - run_dag dispatch (time 2): recv s2 mb1 bkt=0
[36m(PiperActor pid=2587915)[0m 2026-04-02 00:46:47,223 - piper_actor - DEBUG - exec_recv key ((2, 0), 1) from peer pp rank 1
[36m(PiperActor pid=2587915)[0m 2026-04-02 00:46:47,224 - piper_actor - DEBUG - run_dag dispatch (time 3): forward s2 mb1 bkt=0
[36m(PiperActor pid=2587915)[0m 2026-04-02 00:46:47,234 - piper_actor - DEBUG - run_dag dispatch (time 3): send s2 mb0 bkt=0
[36m(PiperActor pid=2587915)[0m 2026-04-02 00:46:47,234 - piper_actor - DEBUG - exec_send key ((2, 0), 0) to peer pp rank 1
[36m(PiperActor pid=2587915)[0m 2026-04-02 00:46:47,234 - piper_actor - DEBUG - run_dag dispatch (time 4): forward s0 mb2 bkt=0
[36m(PiperActor pid=2587930)[0m 2026-04-02 00:46:47,201 - piper_actor - DEBUG - run_dag dispatch (time 0): recv s1 mb1 bkt=0
[36m(PiperActor pid=2587930)[0m 2026-04-02 00:46:47,201 - piper_actor - DEBUG - exec_recv key ((1, 0), 1) from peer pp rank 0
[36m(PiperActor pid=2587930)[0m 2026-04-02 00:46:47,201 - piper_actor - DEBUG - run_dag dispatch (time 1): forward s1 mb1 bkt=0
[36m(PiperActor pid=2587930)[0m 2026-04-02 00:46:47,211 - piper_actor - DEBUG - run_dag dispatch (time 1): recv s3 mb0 bkt=0
[36m(PiperActor pid=2587930)[0m 2026-04-02 00:46:47,212 - piper_actor - DEBUG - exec_recv key ((3, 0), 0) from peer pp rank 0
[36m(PiperActor pid=2587930)[0m 2026-04-02 00:46:47,212 - piper_actor - DEBUG - run_dag dispatch (time 1): send s1 mb0 bkt=0
[36m(PiperActor pid=2587930)[0m 2026-04-02 00:46:47,212 - piper_actor - DEBUG - exec_send key ((1, 0), 0) to peer pp rank 0
[36m(PiperActor pid=2587930)[0m 2026-04-02 00:46:47,212 - piper_actor - DEBUG - run_dag dispatch (time 2): forward s3 mb0 bkt=0
[36m(PiperActor pid=2587930)[0m 2026-04-02 00:46:47,223 - piper_actor - DEBUG - run_dag dispatch (time 2): send s1 mb1 bkt=0
[36m(PiperActor pid=2587930)[0m 2026-04-02 00:46:47,223 - piper_actor - DEBUG - exec_send key ((1, 0), 1) to peer pp rank 0
[36m(PiperActor pid=2587930)[0m 2026-04-02 00:46:47,223 - piper_actor - DEBUG - run_dag dispatch (time 3): backward s3 mb0 bkt=0
[36m(PiperActor pid=2587918)[0m 2026-04-02 00:46:47,238 - piper_actor - DEBUG - run_dag dispatch (time 5): backward s2 mb0 bkt=0
[36m(PiperActor pid=2587918)[0m 2026-04-02 00:46:47,266 - piper_actor - DEBUG - run_dag dispatch (time 5): send s0 mb2 bkt=0
[36m(PiperActor pid=2587918)[0m 2026-04-02 00:46:47,266 - piper_actor - DEBUG - exec_send key ((0, 0), 2) to peer pp rank 1
[36m(PiperActor pid=2587918)[0m 2026-04-02 00:46:47,267 - piper_actor - DEBUG - run_dag dispatch (time 6): forward s0 mb3 bkt=0
[36m(PiperActor pid=2587911)[0m 2026-04-02 00:46:47,252 - piper_actor - DEBUG - run_dag dispatch (time 3): recv s3 mb1 bkt=0
[36m(PiperActor pid=2587911)[0m 2026-04-02 00:46:47,253 - piper_actor - DEBUG - exec_recv key ((3, 0), 1) from peer pp rank 0
[36m(PiperActor pid=2587911)[0m 2026-04-02 00:46:47,253 - piper_actor - DEBUG - run_dag dispatch (time 4): forward s3 mb1 bkt=0
[36m(PiperActor pid=2587915)[0m 2026-04-02 00:46:47,245 - piper_actor - DEBUG - run_dag dispatch (time 4): send s2 mb1 bkt=0
[36m(PiperActor pid=2587915)[0m 2026-04-02 00:46:47,245 - piper_actor - DEBUG - exec_send key ((2, 0), 1) to peer pp rank 1
[36m(PiperActor pid=2587915)[0m 2026-04-02 00:46:47,245 - piper_actor - DEBUG - run_dag dispatch (time 4): recv s2 mb0 bkt=0
[36m(PiperActor pid=2587915)[0m 2026-04-02 00:46:47,245 - piper_actor - DEBUG - exec_recv key (None, 0) from peer pp rank 1
[36m(PiperActor pid=2587915)[0m 2026-04-02 00:46:47,245 - piper_actor - DEBUG - run_dag dispatch (time 5): backward s2 mb0 bkt=0
[36m(PiperActor pid=2587915)[0m 2026-04-02 00:46:47,272 - piper_actor - DEBUG - run_dag dispatch (time 5): send s0 mb2 bkt=0
[36m(PiperActor pid=2587915)[0m 2026-04-02 00:46:47,273 - piper_actor - DEBUG - exec_send key ((0, 0), 2) to peer pp rank 1
[36m(PiperActor pid=2587915)[0m 2026-04-02 00:46:47,273 - piper_actor - DEBUG - run_dag dispatch (time 6): forward s0 mb3 bkt=0
[36m(PiperActor pid=2587930)[0m 2026-04-02 00:46:47,255 - piper_actor - DEBUG - run_dag dispatch (time 3): recv s3 mb1 bkt=0
[36m(PiperActor pid=2587930)[0m 2026-04-02 00:46:47,255 - piper_actor - DEBUG - exec_recv key ((3, 0), 1) from peer pp rank 0
[36m(PiperActor pid=2587930)[0m 2026-04-02 00:46:47,256 - piper_actor - DEBUG - run_dag dispatch (time 4): forward s3 mb1 bkt=0
[36m(PiperActor pid=2587911)[0m 2026-04-02 00:46:47,290 - piper_actor - DEBUG - run_dag dispatch (time 4): send s3 mb0 bkt=0
[36m(PiperActor pid=2587911)[0m 2026-04-02 00:46:47,290 - piper_actor - DEBUG - exec_send key (None, 0) to peer pp rank 0
[36m(PiperActor pid=2587911)[0m 2026-04-02 00:46:47,291 - piper_actor - DEBUG - run_dag dispatch (time 5): backward s3 mb1 bkt=0
[36m(PiperActor pid=2587930)[0m 2026-04-02 00:46:47,297 - piper_actor - DEBUG - run_dag dispatch (time 4): send s3 mb0 bkt=0
[36m(PiperActor pid=2587930)[0m 2026-04-02 00:46:47,297 - piper_actor - DEBUG - exec_send key (None, 0) to peer pp rank 0
[36m(PiperActor pid=2587930)[0m 2026-04-02 00:46:47,298 - piper_actor - DEBUG - run_dag dispatch (time 5): backward s3 mb1 bkt=0
[36m(PiperActor pid=2587918)[0m 2026-04-02 00:46:47,319 - piper_actor - DEBUG - run_dag dispatch (time 6): send s2 mb0 bkt=0
[36m(PiperActor pid=2587918)[0m 2026-04-02 00:46:47,319 - piper_actor - DEBUG - exec_send key (None, 0) to peer pp rank 1
[36m(PiperActor pid=2587918)[0m 2026-04-02 00:46:47,320 - piper_actor - DEBUG - run_dag dispatch (time 6): recv s2 mb1 bkt=0
[36m(PiperActor pid=2587918)[0m 2026-04-02 00:46:47,320 - piper_actor - DEBUG - exec_recv key (None, 1) from peer pp rank 1
[36m(PiperActor pid=2587918)[0m 2026-04-02 00:46:47,320 - piper_actor - DEBUG - run_dag dispatch (time 7): backward s2 mb1 bkt=0
[36m(PiperActor pid=2587918)[0m 2026-04-02 00:46:47,355 - piper_actor - DEBUG - run_dag dispatch (time 7): send s0 mb3 bkt=0
[36m(PiperActor pid=2587918)[0m 2026-04-02 00:46:47,355 - piper_actor - DEBUG - exec_send key ((0, 0), 3) to peer pp rank 1
[36m(PiperActor pid=2587918)[0m 2026-04-02 00:46:47,356 - piper_actor - DEBUG - run_dag dispatch (time 7): recv s2 mb2 bkt=0
[36m(PiperActor pid=2587918)[0m 2026-04-02 00:46:47,356 - piper_actor - DEBUG - exec_recv key ((2, 0), 2) from peer pp rank 1
[36m(PiperActor pid=2587918)[0m 2026-04-02 00:46:47,356 - piper_actor - DEBUG - run_dag dispatch (time 8): forward s2 mb2 bkt=0
[36m(PiperActor pid=2587911)[0m 2026-04-02 00:46:47,322 - piper_actor - DEBUG - run_dag dispatch (time 5): recv s1 mb2 bkt=0
[36m(PiperActor pid=2587911)[0m 2026-04-02 00:46:47,323 - piper_actor - DEBUG - exec_recv key ((1, 0), 2) from peer pp rank 0
[36m(PiperActor pid=2587911)[0m 2026-04-02 00:46:47,324 - piper_actor - DEBUG - run_dag dispatch (time 6): forward s1 mb2 bkt=0
[36m(PiperActor pid=2587915)[0m 2026-04-02 00:46:47,326 - piper_actor - DEBUG - run_dag dispatch (time 6): send s2 mb0 bkt=0
[36m(PiperActor pid=2587915)[0m 2026-04-02 00:46:47,327 - piper_actor - DEBUG - exec_send key (None, 0) to peer pp rank 1
[36m(PiperActor pid=2587915)[0m 2026-04-02 00:46:47,327 - piper_actor - DEBUG - run_dag dispatch (time 6): recv s2 mb1 bkt=0
[36m(PiperActor pid=2587915)[0m 2026-04-02 00:46:47,327 - piper_actor - DEBUG - exec_recv key (None, 1) from peer pp rank 1
[36m(PiperActor pid=2587915)[0m 2026-04-02 00:46:47,328 - piper_actor - DEBUG - run_dag dispatch (time 7): backward s2 mb1 bkt=0
[36m(PiperActor pid=2587930)[0m 2026-04-02 00:46:47,328 - piper_actor - DEBUG - run_dag dispatch (time 5): recv s1 mb2 bkt=0
[36m(PiperActor pid=2587930)[0m 2026-04-02 00:46:47,329 - piper_actor - DEBUG - exec_recv key ((1, 0), 2) from peer pp rank 0
[36m(PiperActor pid=2587930)[0m 2026-04-02 00:46:47,330 - piper_actor - DEBUG - run_dag dispatch (time 6): forward s1 mb2 bkt=0
[36m(PiperActor pid=2587918)[0m 2026-04-02 00:46:47,390 - piper_actor - DEBUG - run_dag dispatch (time 8): send s2 mb1 bkt=0
[36m(PiperActor pid=2587918)[0m 2026-04-02 00:46:47,390 - piper_actor - DEBUG - exec_send key (None, 1) to peer pp rank 1
[36m(PiperActor pid=2587918)[0m 2026-04-02 00:46:47,391 - piper_actor - DEBUG - run_dag dispatch (time 8): recv s0 mb0 bkt=0
[36m(PiperActor pid=2587918)[0m 2026-04-02 00:46:47,391 - piper_actor - DEBUG - exec_recv key (None, 0) from peer pp rank 1
[36m(PiperActor pid=2587918)[0m 2026-04-02 00:46:47,391 - piper_actor - DEBUG - run_dag dispatch (time 9): backward s0 mb0 bkt=0
[36m(PiperActor pid=2587911)[0m 2026-04-02 00:46:47,360 - piper_actor - DEBUG - run_dag dispatch (time 6): recv s1 mb0 bkt=0
[36m(PiperActor pid=2587911)[0m 2026-04-02 00:46:47,361 - piper_actor - DEBUG - exec_recv key (None, 0) from peer pp rank 0
[36m(PiperActor pid=2587911)[0m 2026-04-02 00:46:47,361 - piper_actor - DEBUG - run_dag dispatch (time 6): send s3 mb1 bkt=0
[36m(PiperActor pid=2587911)[0m 2026-04-02 00:46:47,361 - piper_actor - DEBUG - exec_send key (None, 1) to peer pp rank 0
[36m(PiperActor pid=2587911)[0m 2026-04-02 00:46:47,361 - piper_actor - DEBUG - run_dag dispatch (time 7): backward s1 mb0 bkt=0
[36m(PiperActor pid=2587911)[0m 2026-04-02 00:46:47,390 - piper_actor - DEBUG - run_dag dispatch (time 7): recv s1 mb3 bkt=0
[36m(PiperActor pid=2587911)[0m 2026-04-02 00:46:47,390 - piper_actor - DEBUG - exec_recv key ((1, 0), 3) from peer pp rank 0
[36m(PiperActor pid=2587911)[0m 2026-04-02 00:46:47,391 - piper_actor - DEBUG - run_dag dispatch (time 7): send s1 mb2 bkt=0
[36m(PiperActor pid=2587911)[0m 2026-04-02 00:46:47,391 - piper_actor - DEBUG - exec_send key ((1, 0), 2) to peer pp rank 0
[36m(PiperActor pid=2587911)[0m 2026-04-02 00:46:47,391 - piper_actor - DEBUG - run_dag dispatch (time 8): forward s1 mb3 bkt=0
[36m(PiperActor pid=2587915)[0m 2026-04-02 00:46:47,363 - piper_actor - DEBUG - run_dag dispatch (time 7): send s0 mb3 bkt=0
[36m(PiperActor pid=2587915)[0m 2026-04-02 00:46:47,363 - piper_actor - DEBUG - exec_send key ((0, 0), 3) to peer pp rank 1
[36m(PiperActor pid=2587915)[0m 2026-04-02 00:46:47,364 - piper_actor - DEBUG - run_dag dispatch (time 7): recv s2 mb2 bkt=0
[36m(PiperActor pid=2587915)[0m 2026-04-02 00:46:47,364 - piper_actor - DEBUG - exec_recv key ((2, 0), 2) from peer pp rank 1
[36m(PiperActor pid=2587915)[0m 2026-04-02 00:46:47,364 - piper_actor - DEBUG - run_dag dispatch (time 8): forward s2 mb2 bkt=0
[36m(PiperActor pid=2587930)[0m 2026-04-02 00:46:47,368 - piper_actor - DEBUG - run_dag dispatch (time 6): recv s1 mb0 bkt=0
[36m(PiperActor pid=2587930)[0m 2026-04-02 00:46:47,368 - piper_actor - DEBUG - exec_recv key (None, 0) from peer pp rank 0
[36m(PiperActor pid=2587930)[0m 2026-04-02 00:46:47,369 - piper_actor - DEBUG - run_dag dispatch (time 6): send s3 mb1 bkt=0
[36m(PiperActor pid=2587930)[0m 2026-04-02 00:46:47,369 - piper_actor - DEBUG - exec_send key (None, 1) to peer pp rank 0
[36m(PiperActor pid=2587930)[0m 2026-04-02 00:46:47,369 - piper_actor - DEBUG - run_dag dispatch (time 7): backward s1 mb0 bkt=0
[36m(PiperActor pid=2587930)[0m 2026-04-02 00:46:47,398 - piper_actor - DEBUG - run_dag dispatch (time 7): recv s1 mb3 bkt=0
[36m(PiperActor pid=2587930)[0m 2026-04-02 00:46:47,398 - piper_actor - DEBUG - exec_recv key ((1, 0), 3) from peer pp rank 0
[36m(PiperActor pid=2587930)[0m 2026-04-02 00:46:47,399 - piper_actor - DEBUG - run_dag dispatch (time 7): send s1 mb2 bkt=0
[36m(PiperActor pid=2587918)[0m 2026-04-02 00:46:47,428 - piper_actor - DEBUG - run_dag dispatch (time 9): send s2 mb2 bkt=0
[36m(PiperActor pid=2587918)[0m 2026-04-02 00:46:47,429 - piper_actor - DEBUG - exec_send key ((2, 0), 2) to peer pp rank 1
[36m(PiperActor pid=2587918)[0m 2026-04-02 00:46:47,429 - piper_actor - DEBUG - run_dag dispatch (time 9): recv s2 mb3 bkt=0
[36m(PiperActor pid=2587918)[0m 2026-04-02 00:46:47,430 - piper_actor - DEBUG - exec_recv key ((2, 0), 3) from peer pp rank 1
[36m(PiperActor pid=2587918)[0m 2026-04-02 00:46:47,430 - piper_actor - DEBUG - run_dag dispatch (time 10): forward s2 mb3 bkt=0
[36m(PiperActor pid=2587911)[0m 2026-04-02 00:46:47,405 - piper_actor - DEBUG - run_dag dispatch (time 8): recv s1 mb1 bkt=0
[36m(PiperActor pid=2587911)[0m 2026-04-02 00:46:47,405 - piper_actor - DEBUG - exec_recv key (None, 1) from peer pp rank 0
[36m(PiperActor pid=2587911)[0m 2026-04-02 00:46:47,406 - piper_actor - DEBUG - run_dag dispatch (time 8): send s1 mb0 bkt=0
[36m(PiperActor pid=2587911)[0m 2026-04-02 00:46:47,406 - piper_actor - DEBUG - exec_send key (None, 0) to peer pp rank 0
[36m(PiperActor pid=2587911)[0m 2026-04-02 00:46:47,406 - piper_actor - DEBUG - run_dag dispatch (time 9): backward s1 mb1 bkt=0
[36m(PiperActor pid=2587915)[0m 2026-04-02 00:46:47,398 - piper_actor - DEBUG - run_dag dispatch (time 8): send s2 mb1 bkt=0
[36m(PiperActor pid=2587915)[0m 2026-04-02 00:46:47,399 - piper_actor - DEBUG - exec_send key (None, 1) to peer pp rank 1
[36m(PiperActor pid=2587915)[0m 2026-04-02 00:46:47,399 - piper_actor - DEBUG - run_dag dispatch (time 8): recv s0 mb0 bkt=0
[36m(PiperActor pid=2587915)[0m 2026-04-02 00:46:47,399 - piper_actor - DEBUG - exec_recv key (None, 0) from peer pp rank 1
[36m(PiperActor pid=2587915)[0m 2026-04-02 00:46:47,399 - piper_actor - DEBUG - run_dag dispatch (time 9): backward s0 mb0 bkt=0
[36m(PiperActor pid=2587915)[0m 2026-04-02 00:46:47,436 - piper_actor - DEBUG - run_dag dispatch (time 9): send s2 mb2 bkt=0
[36m(PiperActor pid=2587915)[0m 2026-04-02 00:46:47,437 - piper_actor - DEBUG - exec_send key ((2, 0), 2) to peer pp rank 1
[36m(PiperActor pid=2587915)[0m 2026-04-02 00:46:47,438 - piper_actor - DEBUG - run_dag dispatch (time 9): recv s2 mb3 bkt=0
[36m(PiperActor pid=2587915)[0m 2026-04-02 00:46:47,438 - piper_actor - DEBUG - exec_recv key ((2, 0), 3) from peer pp rank 1
[36m(PiperActor pid=2587915)[0m 2026-04-02 00:46:47,438 - piper_actor - DEBUG - run_dag dispatch (time 10): forward s2 mb3 bkt=0
[36m(PiperActor pid=2587930)[0m 2026-04-02 00:46:47,399 - piper_actor - DEBUG - exec_send key ((1, 0), 2) to peer pp rank 0
[36m(PiperActor pid=2587930)[0m 2026-04-02 00:46:47,399 - piper_actor - DEBUG - run_dag dispatch (time 8): forward s1 mb3 bkt=0
[36m(PiperActor pid=2587930)[0m 2026-04-02 00:46:47,414 - piper_actor - DEBUG - run_dag dispatch (time 8): recv s1 mb1 bkt=0
[36m(PiperActor pid=2587930)[0m 2026-04-02 00:46:47,414 - piper_actor - DEBUG - exec_recv key (None, 1) from peer pp rank 0
[36m(PiperActor pid=2587930)[0m 2026-04-02 00:46:47,415 - piper_actor - DEBUG - run_dag dispatch (time 8): send s1 mb0 bkt=0
[36m(PiperActor pid=2587930)[0m 2026-04-02 00:46:47,415 - piper_actor - DEBUG - exec_send key (None, 0) to peer pp rank 0
[36m(PiperActor pid=2587930)[0m 2026-04-02 00:46:47,415 - piper_actor - DEBUG - run_dag dispatch (time 9): backward s1 mb1 bkt=0
[36m(PiperActor pid=2587918)[0m 2026-04-02 00:46:47,447 - piper_actor - DEBUG - run_dag dispatch (time 10): recv s0 mb1 bkt=0
[36m(PiperActor pid=2587918)[0m 2026-04-02 00:46:47,447 - piper_actor - DEBUG - exec_recv key (None, 1) from peer pp rank 1
[36m(PiperActor pid=2587918)[0m 2026-04-02 00:46:47,448 - piper_actor - DEBUG - run_dag dispatch (time 11): backward s0 mb1 bkt=0
[36m(PiperActor pid=2587911)[0m 2026-04-02 00:46:47,438 - piper_actor - DEBUG - run_dag dispatch (time 9): recv s3 mb2 bkt=0
[36m(PiperActor pid=2587911)[0m 2026-04-02 00:46:47,439 - piper_actor - DEBUG - exec_recv key ((3, 0), 2) from peer pp rank 0
[36m(PiperActor pid=2587911)[0m 2026-04-02 00:46:47,439 - piper_actor - DEBUG - run_dag dispatch (time 9): send s1 mb3 bkt=0
[36m(PiperActor pid=2587911)[0m 2026-04-02 00:46:47,439 - piper_actor - DEBUG - exec_send key ((1, 0), 3) to peer pp rank 0
[36m(PiperActor pid=2587911)[0m 2026-04-02 00:46:47,440 - piper_actor - DEBUG - run_dag dispatch (time 10): forward s3 mb2 bkt=0
[36m(PiperActor pid=2587911)[0m 2026-04-02 00:46:47,455 - piper_actor - DEBUG - run_dag dispatch (time 10): send s1 mb1 bkt=0
[36m(PiperActor pid=2587911)[0m 2026-04-02 00:46:47,455 - piper_actor - DEBUG - exec_send key (None, 1) to peer pp rank 0
[36m(PiperActor pid=2587911)[0m 2026-04-02 00:46:47,456 - piper_actor - DEBUG - run_dag dispatch (time 11): backward s3 mb2 bkt=0
[36m(PiperActor pid=2587915)[0m 2026-04-02 00:46:47,455 - piper_actor - DEBUG - run_dag dispatch (time 10): recv s0 mb1 bkt=0
[36m(PiperActor pid=2587915)[0m 2026-04-02 00:46:47,455 - piper_actor - DEBUG - exec_recv key (None, 1) from peer pp rank 1
[36m(PiperActor pid=2587915)[0m 2026-04-02 00:46:47,456 - piper_actor - DEBUG - run_dag dispatch (time 11): backward s0 mb1 bkt=0
[36m(PiperActor pid=2587930)[0m 2026-04-02 00:46:47,448 - piper_actor - DEBUG - run_dag dispatch (time 9): recv s3 mb2 bkt=0
[36m(PiperActor pid=2587930)[0m 2026-04-02 00:46:47,448 - piper_actor - DEBUG - exec_recv key ((3, 0), 2) from peer pp rank 0
[36m(PiperActor pid=2587930)[0m 2026-04-02 00:46:47,449 - piper_actor - DEBUG - run_dag dispatch (time 9): send s1 mb3 bkt=0
[36m(PiperActor pid=2587930)[0m 2026-04-02 00:46:47,449 - piper_actor - DEBUG - exec_send key ((1, 0), 3) to peer pp rank 0
[36m(PiperActor pid=2587930)[0m 2026-04-02 00:46:47,449 - piper_actor - DEBUG - run_dag dispatch (time 10): forward s3 mb2 bkt=0
[36m(PiperActor pid=2587930)[0m 2026-04-02 00:46:47,465 - piper_actor - DEBUG - run_dag dispatch (time 10): send s1 mb1 bkt=0
[36m(PiperActor pid=2587930)[0m 2026-04-02 00:46:47,465 - piper_actor - DEBUG - exec_send key (None, 1) to peer pp rank 0
[36m(PiperActor pid=2587930)[0m 2026-04-02 00:46:47,465 - piper_actor - DEBUG - run_dag dispatch (time 11): backward s3 mb2 bkt=0
[36m(PiperActor pid=2587918)[0m 2026-04-02 00:46:47,484 - piper_actor - DEBUG - run_dag dispatch (time 11): send s2 mb3 bkt=0
[36m(PiperActor pid=2587918)[0m 2026-04-02 00:46:47,485 - piper_actor - DEBUG - exec_send key ((2, 0), 3) to peer pp rank 1
[36m(PiperActor pid=2587918)[0m 2026-04-02 00:46:47,485 - piper_actor - DEBUG - run_dag dispatch (time 11): recv s2 mb2 bkt=0
[36m(PiperActor pid=2587918)[0m 2026-04-02 00:46:47,485 - piper_actor - DEBUG - exec_recv key (None, 2) from peer pp rank 1
[36m(PiperActor pid=2587918)[0m 2026-04-02 00:46:47,486 - piper_actor - DEBUG - run_dag dispatch (time 12): backward s2 mb2 bkt=0
[36m(PiperActor pid=2587911)[0m 2026-04-02 00:46:47,486 - piper_actor - DEBUG - run_dag dispatch (time 11): recv s3 mb3 bkt=0
[36m(PiperActor pid=2587911)[0m 2026-04-02 00:46:47,487 - piper_actor - DEBUG - exec_recv key ((3, 0), 3) from peer pp rank 0
[36m(PiperActor pid=2587911)[0m 2026-04-02 00:46:47,487 - piper_actor - DEBUG - run_dag dispatch (time 12): forward s3 mb3 bkt=0
[36m(PiperActor pid=2587915)[0m 2026-04-02 00:46:47,493 - piper_actor - DEBUG - run_dag dispatch (time 11): send s2 mb3 bkt=0
[36m(PiperActor pid=2587915)[0m 2026-04-02 00:46:47,493 - piper_actor - DEBUG - exec_send key ((2, 0), 3) to peer pp rank 1
[36m(PiperActor pid=2587915)[0m 2026-04-02 00:46:47,494 - piper_actor - DEBUG - run_dag dispatch (time 11): recv s2 mb2 bkt=0
[36m(PiperActor pid=2587915)[0m 2026-04-02 00:46:47,494 - piper_actor - DEBUG - exec_recv key (None, 2) from peer pp rank 1
[36m(PiperActor pid=2587915)[0m 2026-04-02 00:46:47,494 - piper_actor - DEBUG - run_dag dispatch (time 12): backward s2 mb2 bkt=0
[36m(PiperActor pid=2587930)[0m 2026-04-02 00:46:47,496 - piper_actor - DEBUG - run_dag dispatch (time 11): recv s3 mb3 bkt=0
[36m(PiperActor pid=2587930)[0m 2026-04-02 00:46:47,496 - piper_actor - DEBUG - exec_recv key ((3, 0), 3) from peer pp rank 0
[36m(PiperActor pid=2587930)[0m 2026-04-02 00:46:47,497 - piper_actor - DEBUG - run_dag dispatch (time 12): forward s3 mb3 bkt=0
[36m(PiperActor pid=2587918)[0m 2026-04-02 00:46:47,520 - piper_actor - DEBUG - run_dag dispatch (time 12): recv s2 mb3 bkt=0
[36m(PiperActor pid=2587918)[0m 2026-04-02 00:46:47,521 - piper_actor - DEBUG - exec_recv key (None, 3) from peer pp rank 1
[36m(PiperActor pid=2587918)[0m 2026-04-02 00:46:47,521 - piper_actor - DEBUG - run_dag dispatch (time 13): backward s2 mb3 bkt=0
[36m(PiperActor pid=2587911)[0m 2026-04-02 00:46:47,528 - piper_actor - DEBUG - run_dag dispatch (time 12): send s3 mb2 bkt=0
[36m(PiperActor pid=2587911)[0m 2026-04-02 00:46:47,528 - piper_actor - DEBUG - exec_send key (None, 2) to peer pp rank 0
[36m(PiperActor pid=2587911)[0m 2026-04-02 00:46:47,529 - piper_actor - DEBUG - run_dag dispatch (time 13): backward s3 mb3 bkt=0
[36m(PiperActor pid=2587915)[0m 2026-04-02 00:46:47,529 - piper_actor - DEBUG - run_dag dispatch (time 12): recv s2 mb3 bkt=0
[36m(PiperActor pid=2587915)[0m 2026-04-02 00:46:47,529 - piper_actor - DEBUG - exec_recv key (None, 3) from peer pp rank 1
[36m(PiperActor pid=2587915)[0m 2026-04-02 00:46:47,530 - piper_actor - DEBUG - run_dag dispatch (time 13): backward s2 mb3 bkt=0
[36m(PiperActor pid=2587930)[0m 2026-04-02 00:46:47,538 - piper_actor - DEBUG - run_dag dispatch (time 12): send s3 mb2 bkt=0
[36m(PiperActor pid=2587930)[0m 2026-04-02 00:46:47,538 - piper_actor - DEBUG - exec_send key (None, 2) to peer pp rank 0
[36m(PiperActor pid=2587930)[0m 2026-04-02 00:46:47,538 - piper_actor - DEBUG - run_dag dispatch (time 13): backward s3 mb3 bkt=0
[36m(PiperActor pid=2587918)[0m 2026-04-02 00:46:47,575 - piper_actor - DEBUG - run_dag dispatch (time 13): send s2 mb2 bkt=0
[36m(PiperActor pid=2587918)[0m 2026-04-02 00:46:47,576 - piper_actor - DEBUG - exec_send key (None, 2) to peer pp rank 1
[36m(PiperActor pid=2587918)[0m 2026-04-02 00:46:47,576 - piper_actor - DEBUG - run_dag dispatch (time 13): recv s0 mb2 bkt=0
[36m(PiperActor pid=2587918)[0m 2026-04-02 00:46:47,576 - piper_actor - DEBUG - exec_recv key (None, 2) from peer pp rank 1
[36m(PiperActor pid=2587918)[0m 2026-04-02 00:46:47,577 - piper_actor - DEBUG - run_dag dispatch (time 14): backward s0 mb2 bkt=0
[36m(PiperActor pid=2587911)[0m 2026-04-02 00:46:47,559 - piper_actor - DEBUG - run_dag dispatch (time 13): recv s1 mb2 bkt=0
[36m(PiperActor pid=2587911)[0m 2026-04-02 00:46:47,559 - piper_actor - DEBUG - exec_recv key (None, 2) from peer pp rank 0
[36m(PiperActor pid=2587911)[0m 2026-04-02 00:46:47,560 - piper_actor - DEBUG - run_dag dispatch (time 14): backward s1 mb2 bkt=0
[36m(PiperActor pid=2587915)[0m 2026-04-02 00:46:47,585 - piper_actor - DEBUG - run_dag dispatch (time 13): send s2 mb2 bkt=0
[36m(PiperActor pid=2587915)[0m 2026-04-02 00:46:47,586 - piper_actor - DEBUG - exec_send key (None, 2) to peer pp rank 1
[36m(PiperActor pid=2587915)[0m 2026-04-02 00:46:47,586 - piper_actor - DEBUG - run_dag dispatch (time 13): recv s0 mb2 bkt=0
[36m(PiperActor pid=2587915)[0m 2026-04-02 00:46:47,586 - piper_actor - DEBUG - exec_recv key (None, 2) from peer pp rank 1
[36m(PiperActor pid=2587915)[0m 2026-04-02 00:46:47,587 - piper_actor - DEBUG - run_dag dispatch (time 14): backward s0 mb2 bkt=0
[36m(PiperActor pid=2587930)[0m 2026-04-02 00:46:47,569 - piper_actor - DEBUG - run_dag dispatch (time 13): recv s1 mb2 bkt=0
[36m(PiperActor pid=2587930)[0m 2026-04-02 00:46:47,569 - piper_actor - DEBUG - exec_recv key (None, 2) from peer pp rank 0
[36m(PiperActor pid=2587930)[0m 2026-04-02 00:46:47,570 - piper_actor - DEBUG - run_dag dispatch (time 14): backward s1 mb2 bkt=0
[36m(PiperActor pid=2587911)[0m 2026-04-02 00:46:47,617 - piper_actor - DEBUG - run_dag dispatch (time 14): recv s1 mb3 bkt=0
[36m(PiperActor pid=2587911)[0m 2026-04-02 00:46:47,617 - piper_actor - DEBUG - exec_recv key (None, 3) from peer pp rank 0
[36m(PiperActor pid=2587911)[0m 2026-04-02 00:46:47,618 - piper_actor - DEBUG - run_dag dispatch (time 14): send s3 mb3 bkt=0
[36m(PiperActor pid=2587911)[0m 2026-04-02 00:46:47,618 - piper_actor - DEBUG - exec_send key (None, 3) to peer pp rank 0
[36m(PiperActor pid=2587911)[0m 2026-04-02 00:46:47,618 - piper_actor - DEBUG - run_dag dispatch (time 14): all_reduce s3 mb3 bkt=0
[36m(PiperActor pid=2587911)[0m 2026-04-02 00:46:47,619 - piper_actor - DEBUG - run_dag dispatch (time 15): backward s1 mb3 bkt=0
[36m(PiperActor pid=2587930)[0m 2026-04-02 00:46:47,627 - piper_actor - DEBUG - run_dag dispatch (time 14): recv s1 mb3 bkt=0
[36m(PiperActor pid=2587930)[0m 2026-04-02 00:46:47,627 - piper_actor - DEBUG - exec_recv key (None, 3) from peer pp rank 0
[36m(PiperActor pid=2587930)[0m 2026-04-02 00:46:47,628 - piper_actor - DEBUG - run_dag dispatch (time 14): send s3 mb3 bkt=0
[36m(PiperActor pid=2587930)[0m 2026-04-02 00:46:47,628 - piper_actor - DEBUG - exec_send key (None, 3) to peer pp rank 0
[36m(PiperActor pid=2587930)[0m 2026-04-02 00:46:47,628 - piper_actor - DEBUG - run_dag dispatch (time 14): all_reduce s3 mb3 bkt=0
[36m(PiperActor pid=2587930)[0m 2026-04-02 00:46:47,629 - piper_actor - DEBUG - run_dag dispatch (time 15): backward s1 mb3 bkt=0
[36m(PiperActor pid=2587918)[0m 2026-04-02 00:46:47,655 - piper_actor - DEBUG - run_dag dispatch (time 14): send s2 mb3 bkt=0
[36m(PiperActor pid=2587918)[0m 2026-04-02 00:46:47,655 - piper_actor - DEBUG - exec_send key (None, 3) to peer pp rank 1
[36m(PiperActor pid=2587918)[0m 2026-04-02 00:46:47,656 - piper_actor - DEBUG - run_dag dispatch (time 14): recv s0 mb3 bkt=0
[36m(PiperActor pid=2587918)[0m 2026-04-02 00:46:47,656 - piper_actor - DEBUG - exec_recv key (None, 3) from peer pp rank 1
[36m(PiperActor pid=2587918)[0m 2026-04-02 00:46:47,656 - piper_actor - DEBUG - run_dag dispatch (time 14): all_reduce s2 mb3 bkt=0
[36m(PiperActor pid=2587918)[0m 2026-04-02 00:46:47,657 - piper_actor - DEBUG - run_dag dispatch (time 15): backward s0 mb3 bkt=0
[36m(PiperActor pid=2587911)[0m 2026-04-02 00:46:47,656 - piper_actor - DEBUG - run_dag dispatch (time 15): send s1 mb2 bkt=0
[36m(PiperActor pid=2587911)[0m 2026-04-02 00:46:47,657 - piper_actor - DEBUG - exec_send key (None, 2) to peer pp rank 0
[36m(PiperActor pid=2587911)[0m 2026-04-02 00:46:47,657 - piper_actor - DEBUG - run_dag dispatch (time 16): update s1 mb3 bkt=0
[36m(PiperActor pid=2587915)[0m 2026-04-02 00:46:47,665 - piper_actor - DEBUG - run_dag dispatch (time 14): send s2 mb3 bkt=0
[36m(PiperActor pid=2587915)[0m 2026-04-02 00:46:47,665 - piper_actor - DEBUG - exec_send key (None, 3) to peer pp rank 1
[36m(PiperActor pid=2587915)[0m 2026-04-02 00:46:47,666 - piper_actor - DEBUG - run_dag dispatch (time 14): recv s0 mb3 bkt=0
[36m(PiperActor pid=2587915)[0m 2026-04-02 00:46:47,666 - piper_actor - DEBUG - exec_recv key (None, 3) from peer pp rank 1
[36m(PiperActor pid=2587915)[0m 2026-04-02 00:46:47,666 - piper_actor - DEBUG - run_dag dispatch (time 14): all_reduce s2 mb3 bkt=0
[36m(PiperActor pid=2587915)[0m 2026-04-02 00:46:47,666 - piper_actor - DEBUG - run_dag dispatch (time 15): backward s0 mb3 bkt=0
[36m(PiperActor pid=2587930)[0m 2026-04-02 00:46:47,665 - piper_actor - DEBUG - run_dag dispatch (time 15): send s1 mb2 bkt=0
[36m(PiperActor pid=2587930)[0m 2026-04-02 00:46:47,665 - piper_actor - DEBUG - exec_send key (None, 2) to peer pp rank 0
[36m(PiperActor pid=2587930)[0m 2026-04-02 00:46:47,666 - piper_actor - DEBUG - run_dag dispatch (time 16): update s1 mb3 bkt=0
[36m(PiperActor pid=2587918)[0m 2026-04-02 00:46:47,700 - piper_actor - DEBUG - run_dag dispatch (time 16): update s0 mb3 bkt=0
[36m(PiperActor pid=2587915)[0m 2026-04-02 00:46:47,708 - piper_actor - DEBUG - run_dag dispatch (time 16): update s0 mb3 bkt=0
[36m(PiperActor pid=2587911)[0m 2026-04-02 00:46:47,715 - piper_actor - DEBUG - run_dag dispatch (time 16): send s1 mb3 bkt=0
[36m(PiperActor pid=2587911)[0m 2026-04-02 00:46:47,716 - piper_actor - DEBUG - exec_send key (None, 3) to peer pp rank 0
[36m(PiperActor pid=2587911)[0m 2026-04-02 00:46:47,716 - piper_actor - DEBUG - run_dag dispatch (time 16): all_reduce s1 mb3 bkt=0
[36m(PiperActor pid=2587930)[0m 2026-04-02 00:46:47,724 - piper_actor - DEBUG - run_dag dispatch (time 16): send s1 mb3 bkt=0
[36m(PiperActor pid=2587930)[0m 2026-04-02 00:46:47,725 - piper_actor - DEBUG - exec_send key (None, 3) to peer pp rank 0
[36m(PiperActor pid=2587930)[0m 2026-04-02 00:46:47,725 - piper_actor - DEBUG - run_dag dispatch (time 16): all_reduce s1 mb3 bkt=0
[36m(run_dp_rank pid=2566731)[0m rank 0 iter time= 0.58241 ± 0.00067 s (5 samples)
[36m(run_dp_rank pid=2566731)[0m rank 0 throughput= 28131.559 tokens/s
[36m(run_dp_rank pid=2566731)[0m rank 0 peak_memory= 37.330 GiB
[36m(run_dp_rank pid=2566731)[0m rank 1 peak_memory= 37.607 GiB
[36m(run_dp_rank pid=2566731)[0m Memory breakdown (after 1st timed iter):
[36m(run_dp_rank pid=2566731)[0m   rank 0  allocated=13.501 GiB  reserved=40.727 GiB  params=3.359 GiB  grads=3.359 GiB  shard=0.000 GiB  other(acts+optim)=6.783 GiB
[36m(run_dp_rank pid=2566731)[0m   rank 1  allocated=15.458 GiB  reserved=41.592 GiB  params=3.359 GiB  grads=3.359 GiB  shard=0.000 GiB  other(acts+optim)=8.740 GiB
[36m(run_dp_rank pid=2566790)[0m rank 1 iter time= 0.60813 ± 0.05490 s (5 samples)
[36m(run_dp_rank pid=2566790)[0m rank 1 throughput= 26941.539 tokens/s
[36m(run_dp_rank pid=2566790)[0m rank 2 peak_memory= 37.330 GiB
[36m(run_dp_rank pid=2566790)[0m rank 3 peak_memory= 37.607 GiB
[36m(run_dp_rank pid=2566790)[0m Memory breakdown (after 1st timed iter):
[36m(run_dp_rank pid=2566790)[0m   rank 2  allocated=13.501 GiB  reserved=40.727 GiB  params=3.359 GiB  grads=3.359 GiB  shard=0.000 GiB  other(acts+optim)=6.783 GiB
[36m(run_dp_rank pid=2566790)[0m   rank 3  allocated=15.458 GiB  reserved=41.592 GiB  params=3.359 GiB  grads=3.359 GiB  shard=0.000 GiB  other(acts+optim)=8.740 GiB
[36m(PiperActor pid=2587918)[0m 2026-04-02 00:46:47,758 - piper_actor - DEBUG - run_dag dispatch (time 16): all_reduce s0 mb3 bkt=0
[36m(PiperActor pid=2587915)[0m 2026-04-02 00:46:47,766 - piper_actor - DEBUG - run_dag dispatch (time 16): all_reduce s0 mb3 bkt=0
