Namespace(model='3b', schedule='interleaved-1f1b', dp=2, pp=2, batch_size=16, mbs=4, seq_len=256, warmup=2, iters=5, trace_iters=3, tracing=True, naive_grad_sync=False, activation_checkpointing=False, bucketing=False, zero_stage=1, nsight=True, no_render_dag=True, no_nvtx=False)
2026-04-01 22:03:38,984	INFO worker.py:2007 -- Started a local Ray instance.
/m-coriander/coriander/wxdeng/conda-envs/piper_ref/lib/python3.10/site-packages/ray/_private/worker.py:2046: FutureWarning: Tip: In future versions of Ray, Ray will no longer override accelerator visible devices env var if num_gpus=0 or num_gpus=None (default). To enable this behavior and turn off this error message, set RAY_ACCEL_ENV_VAR_OVERRIDE_ON_ZERO=0
  warnings.warn(
{'placement_group_id': '1633a46d7690a07bbe50cf3b28a701000000', 'name': '', 'bundles': {0: {'CPU': 2.0, 'GPU': 2.0}, 1: {'CPU': 2.0, 'GPU': 2.0}}, 'bundles_to_node_id': {0: '562eb9490ac12244592e0f89c90de51bac4173728df7bead8fe52634', 1: '562eb9490ac12244592e0f89c90de51bac4173728df7bead8fe52634'}, 'strategy': 'PACK', 'state': 'CREATED', 'stats': {'end_to_end_creation_latency_ms': 2.844, 'scheduling_latency_ms': 2.686, 'scheduling_attempt': 1, 'highest_retry_delay_ms': 0.0, 'scheduling_state': 'FINISHED'}}
[36m(run_dp_rank pid=1961720)[0m Namespace(model='3b', schedule='interleaved-1f1b', dp=2, pp=2, batch_size=16, mbs=4, seq_len=256, warmup=2, iters=5, trace_iters=3, tracing=True, naive_grad_sync=False, activation_checkpointing=False, bucketing=False, zero_stage=1, nsight=True, no_render_dag=True, no_nvtx=False)
[36m(run_dp_rank pid=1961720)[0m 2026-04-01 22:03:53,029 - piper_coordinator - DEBUG - Running DP rank 1 of 2 with 10.158.48.71:59727 as master address
[36m(run_dp_rank pid=1961769)[0m Namespace(model='3b', schedule='interleaved-1f1b', dp=2, pp=2, batch_size=16, mbs=4, seq_len=256, warmup=2, iters=5, trace_iters=3, tracing=True, naive_grad_sync=False, activation_checkpointing=False, bucketing=False, zero_stage=1, nsight=True, no_render_dag=True, no_nvtx=False)
[36m(run_dp_rank pid=1961769)[0m 2026-04-01 22:03:53,179 - piper_coordinator - DEBUG - Running DP rank 2 of 2 with 10.158.48.71:59727 as master address
[36m(run_dp_rank pid=1961720)[0m Schedule:
[36m(run_dp_rank pid=1961720)[0m 0:0:f    	0:1:f    	2:0:f    	2:1:f    	 ------ 	0:2:f    	2:0:b    	0:3:f    	2:1:b    	2:2:f    	0:0:b    	2:3:f    	0:1:b    	 ------ 	2:2:b    	2:3:b    	0:2:b    	0:3:b    	
[36m(run_dp_rank pid=1961720)[0m  ------ 	1:0:f    	1:1:f    	3:0:f    	3:0:b    	3:1:f    	3:1:b    	1:2:f    	1:0:b    	1:3:f    	1:1:b    	3:2:f    	3:2:b    	3:3:f    	3:3:b    	1:2:b    	1:3:b    	 ------ 	
[36m(run_dp_rank pid=1961720)[0m 2026-04-01 22:03:56,311 - piper_actor - DEBUG - DP rank 0 created actor Actor(PiperActor, 35be07e4a5c95b7ef75f92d301000000) global rank 0
[36m(run_dp_rank pid=1961720)[0m 2026-04-01 22:03:56,312 - piper_actor - DEBUG - DP rank 0 created actor Actor(PiperActor, 0040b5e7ae7a9b2f0e489c2e01000000) global rank 1
[36m(run_dp_rank pid=1961769)[0m Schedule:
[36m(run_dp_rank pid=1961769)[0m 0:0:f    	0:1:f    	2:0:f    	2:1:f    	 ------ 	0:2:f    	2:0:b    	0:3:f    	2:1:b    	2:2:f    	0:0:b    	2:3:f    	0:1:b    	 ------ 	2:2:b    	2:3:b    	0:2:b    	0:3:b    	
[36m(run_dp_rank pid=1961769)[0m  ------ 	1:0:f    	1:1:f    	3:0:f    	3:0:b    	3:1:f    	3:1:b    	1:2:f    	1:0:b    	1:3:f    	1:1:b    	3:2:f    	3:2:b    	3:3:f    	3:3:b    	1:2:b    	1:3:b    	 ------ 	
[36m(run_dp_rank pid=1961769)[0m 2026-04-01 22:03:56,464 - piper_actor - DEBUG - DP rank 1 created actor Actor(PiperActor, c4d84a87baa52bbb9334c1a201000000) global rank 2
[36m(run_dp_rank pid=1961769)[0m 2026-04-01 22:03:56,466 - piper_actor - DEBUG - DP rank 1 created actor Actor(PiperActor, 111c0e42dd5665b4c92ae78601000000) global rank 3
[36m(PiperActor pid=1981787)[0m 2026-04-01 22:05:03,043 - piper_actor - DEBUG - Initializing Ray actor 0 GPU 0
[36m(PiperActor pid=1981793)[0m 2026-04-01 22:05:03,511 - piper_actor - DEBUG - Initializing Ray actor 1 GPU 1
[36m(PiperActor pid=1981800)[0m 2026-04-01 22:05:03,775 - piper_actor - DEBUG - Initializing Ray actor 2 GPU 2
[36m(PiperActor pid=1981795)[0m 2026-04-01 22:05:03,728 - piper_actor - DEBUG - Initializing Ray actor 3 GPU 3
[36m(run_dp_rank pid=1961720)[0m 2026-04-01 22:05:06,771 - piper_compile - DEBUG - Master address for process groups: 10.158.48.71:49129
[36m(PiperActor pid=1981787)[0m 2026-04-01 22:05:06,774 - piper_actor - INFO - Actor 0 using GPU 0, master addr 10.158.48.71:49129
[36m(run_dp_rank pid=1961769)[0m 2026-04-01 22:05:06,942 - piper_compile - DEBUG - Master address for process groups: 10.158.48.71:49129
[36m(PiperActor pid=1981793)[0m 2026-04-01 22:05:07,760 - piper_actor - INFO - Actor 1 using GPU 1, master addr 10.158.48.71:49129
[36m(PiperActor pid=1981795)[0m 2026-04-01 22:05:08,299 - piper_actor - INFO - Actor 3 using GPU 3, master addr 10.158.48.71:49129
[36m(PiperActor pid=1981800)[0m 2026-04-01 22:05:08,331 - piper_actor - INFO - Actor 2 using GPU 2, master addr 10.158.48.71:49129
[36m(PiperActor pid=1981793)[0m 2026-04-01 22:05:08,556 - piper_actor - DEBUG - Actor 1 has GPU 1, joined the global process group
[36m(PiperActor pid=1981793)[0m 2026-04-01 22:05:08,558 - piper_actor - DEBUG - Global rank 1 joined its dp group 1 along with ranks [1, 3]
[36m(PiperActor pid=1981793)[0m 2026-04-01 22:05:08,560 - piper_actor - INFO - Global rank 1 warmed up pp communicators
[36m(PiperActor pid=1981787)[0m 2026-04-01 22:05:08,795 - piper_actor - DEBUG - Actor 0 has GPU 0, joined the global process group
[36m(PiperActor pid=1981787)[0m 2026-04-01 22:05:08,798 - piper_actor - DEBUG - Global rank 0 joined its dp group 0 along with ranks [0, 2]
[36m(PiperActor pid=1981787)[0m 2026-04-01 22:05:08,800 - piper_actor - INFO - Global rank 0 warmed up pp communicators
[36m(PiperActor pid=1981800)[0m 2026-04-01 22:05:08,792 - piper_actor - DEBUG - Actor 2 has GPU 2, joined the global process group
[36m(PiperActor pid=1981800)[0m 2026-04-01 22:05:08,795 - piper_actor - DEBUG - Global rank 2 joined its dp group 0 along with ranks [0, 2]
[36m(PiperActor pid=1981800)[0m 2026-04-01 22:05:08,798 - piper_actor - INFO - Global rank 2 warmed up pp communicators
[36m(PiperActor pid=1981795)[0m 2026-04-01 22:05:08,787 - piper_actor - DEBUG - Actor 3 has GPU 3, joined the global process group
[36m(PiperActor pid=1981795)[0m 2026-04-01 22:05:08,789 - piper_actor - DEBUG - Global rank 3 joined its dp group 1 along with ranks [1, 3]
[36m(PiperActor pid=1981795)[0m 2026-04-01 22:05:08,791 - piper_actor - INFO - Global rank 3 warmed up pp communicators
[36m(run_dp_rank pid=1961720)[0m Model size: 3607 M parameters (6.72 GB), dtype: torch.bfloat16
[36m(run_dp_rank pid=1961769)[0m 2026-04-01 22:05:08,961 - piper_compile - INFO - DP rank 1 waiting for dp_rank=0 to finish compiling...
[36m(run_dp_rank pid=1961720)[0m 2026-04-01 22:05:13,402 - piper_backend - DEBUG - Graph has stage annotations: True
[36m(run_dp_rank pid=1961720)[0m 2026-04-01 22:05:13,403 - piper_graph_transform - DEBUG - Found stage nodes in graph
[36m(PiperActor pid=1981787)[0m 2026-04-01 22:05:14,120 - piper_actor - DEBUG - Loading stage 0 (1 module(s)) on actor 0
[36m(PiperActor pid=1981793)[0m 2026-04-01 22:05:14,324 - piper_actor - DEBUG - Loading stage 1 (1 module(s)) on actor 1
[36m(PiperActor pid=1981787)[0m 2026-04-01 22:05:17,062 - piper_actor - DEBUG - Actor 0 imported and initialized Triton kernel modules
[36m(PiperActor pid=1981787)[0m 2026-04-01 22:05:17,062 - piper_actor - DEBUG - Manually registering Triton kernel at index 0 on actor 0...
[36m(PiperActor pid=1981793)[0m 2026-04-01 22:05:17,254 - piper_actor - DEBUG - Actor 1 imported and initialized Triton kernel modules
[36m(PiperActor pid=1981793)[0m 2026-04-01 22:05:17,254 - piper_actor - DEBUG - Manually registering Triton kernel at index 0 on actor 1...
[36m(PiperActor pid=1981793)[0m 2026-04-01 22:05:19,137 - piper_actor - DEBUG - Actor 1 registered kernel at id_to_kernel[0] (copied from index 0)
[36m(PiperActor pid=1981787)[0m 2026-04-01 22:05:19,170 - piper_actor - DEBUG - Actor 0 registered kernel at id_to_kernel[0] (copied from index 0)
[36m(PiperActor pid=1981793)[0m 2026-04-01 22:05:19,186 - piper_actor - DEBUG - _replace_meta_constants: No meta device tensors found to replace! (checked 0 submodules)
[36m(PiperActor pid=1981793)[0m 2026-04-01 22:05:19,186 - piper_actor - DEBUG - Stage 1 module 0 input indices: [0]
[36m(PiperActor pid=1981787)[0m 2026-04-01 22:05:19,220 - piper_actor - DEBUG - _replace_meta_constants: No meta device tensors found to replace! (checked 0 submodules)
[36m(PiperActor pid=1981787)[0m 2026-04-01 22:05:19,220 - piper_actor - DEBUG - Stage 0 module 0 input indices: [1]
[36m(PiperActor pid=1981787)[0m 2026-04-01 22:05:19,443 - piper_actor - DEBUG - Loading stage 2 (1 module(s)) on actor 0
[36m(PiperActor pid=1981787)[0m 2026-04-01 22:05:19,443 - piper_actor - DEBUG - Actor 0 imported and initialized Triton kernel modules
[36m(PiperActor pid=1981787)[0m 2026-04-01 22:05:19,444 - piper_actor - DEBUG - Manually registering Triton kernel at index 0 on actor 0...
[36m(PiperActor pid=1981793)[0m 2026-04-01 22:05:19,410 - piper_actor - DEBUG - Loading stage 3 (1 module(s)) on actor 1
[36m(PiperActor pid=1981793)[0m 2026-04-01 22:05:19,411 - piper_actor - DEBUG - Actor 1 imported and initialized Triton kernel modules
[36m(PiperActor pid=1981793)[0m 2026-04-01 22:05:19,411 - piper_actor - DEBUG - Manually registering Triton kernel at index 0 on actor 1...
[36m(PiperActor pid=1981787)[0m 2026-04-01 22:05:19,465 - piper_actor - DEBUG - Actor 0 registered kernel at id_to_kernel[0] (copied from index 0)
[36m(PiperActor pid=1981793)[0m 2026-04-01 22:05:19,453 - piper_actor - DEBUG - Actor 1 registered kernel at id_to_kernel[0] (copied from index 0)
[36m(PiperActor pid=1981787)[0m 2026-04-01 22:05:19,514 - piper_actor - DEBUG - _replace_meta_constants: No meta device tensors found to replace! (checked 0 submodules)
[36m(PiperActor pid=1981787)[0m 2026-04-01 22:05:19,514 - piper_actor - DEBUG - Stage 2 module 0 input indices: [0]
[36m(PiperActor pid=1981793)[0m 2026-04-01 22:05:19,503 - piper_actor - DEBUG - _replace_meta_constants: No meta device tensors found to replace! (checked 0 submodules)
[36m(PiperActor pid=1981793)[0m 2026-04-01 22:05:19,503 - piper_actor - DEBUG - Stage 3 module 0 input indices: [0]
[36m(run_dp_rank pid=1961720)[0m 2026-04-01 22:05:19,701 - piper_backend - DEBUG - Built task DAG: 34 nodes, 28 data edges, 32 temporal edges
[36m(run_dp_rank pid=1961720)[0m 2026-04-01 22:05:19,702 - piper_backend - DEBUG - Inserted ALL_REDUCE nodes for DP gradient sync
[36m(run_dp_rank pid=1961720)[0m 2026-04-01 22:05:19,702 - piper_backend - DEBUG - Inserted ZeRO-1 collective nodes
[36m(run_dp_rank pid=1961720)[0m 2026-04-01 22:05:19,703 - piper_graph_transform - WARNING - graphviz Python package not installed; skipping DAG visualisation
[36m(run_dp_rank pid=1961720)[0m 2026-04-01 22:05:19,703 - piper_graph_transform - WARNING - graphviz Python package not installed; skipping DAG visualisation
[36m(run_dp_rank pid=1961720)[0m 2026-04-01 22:05:19,707 - piper_backend - DEBUG - Loaded per-rank DAGs onto 2 actors
[36m(run_dp_rank pid=1961720)[0m 2026-04-01 22:05:20,367 - piper_backend - WARNING - Should not directly call compiled module, running non-distributed execution
[36m(run_dp_rank pid=1961720)[0m 2026-04-01 22:05:20,367 - piper_compile - INFO - DP rank 0 stage graphs loaded onto actors.
[36m(run_dp_rank pid=1961720)[0m 2026-04-01 22:05:22,773 - piper_compile - INFO - DP rank 0 published compiled stage data.
[36m(run_dp_rank pid=1961769)[0m 2026-04-01 22:05:22,788 - piper_compile - INFO - DP rank 1 received compiled stage data, loading onto actors...
[36m(PiperActor pid=1981787)[0m 2026-04-01 22:05:22,779 - piper_actor - DEBUG - Actor 0 loaded inputs 1
[36m(PiperActor pid=1981800)[0m 2026-04-01 22:05:22,797 - piper_actor - DEBUG - Loading stage 0 (1 module(s)) on actor 2
[36m(PiperActor pid=1981795)[0m 2026-04-01 22:05:22,800 - piper_actor - DEBUG - Loading stage 1 (1 module(s)) on actor 3
[36m(PiperActor pid=1981795)[0m 2026-04-01 22:05:25,937 - piper_actor - DEBUG - Actor 3 imported and initialized Triton kernel modules
[36m(PiperActor pid=1981795)[0m 2026-04-01 22:05:25,937 - piper_actor - DEBUG - Manually registering Triton kernel at index 0 on actor 3...
[36m(PiperActor pid=1981800)[0m 2026-04-01 22:05:26,081 - piper_actor - DEBUG - Actor 2 imported and initialized Triton kernel modules
[36m(PiperActor pid=1981800)[0m 2026-04-01 22:05:26,081 - piper_actor - DEBUG - Manually registering Triton kernel at index 0 on actor 2...
[36m(run_dp_rank pid=1961720)[0m Running 2 warmup iterations...
[36m(run_dp_rank pid=1961720)[0m 2026-04-01 22:05:27,506 - piper_compile - INFO - DP rank 0 real inputs/labels loaded onto actors.
[36m(run_dp_rank pid=1961720)[0m 2026-04-01 22:05:27,507 - piper_compile - INFO - DP rank 0 done.
[36m(PiperActor pid=1981787)[0m 2026-04-01 22:05:27,513 - piper_actor - DEBUG - run_dag dispatch (time -20001): all_gather s2 mb0 bkt=0
[36m(PiperActor pid=1981793)[0m 2026-04-01 22:05:27,495 - piper_actor - DEBUG - Actor 1 loaded labels torch.Size([16, 256, 128256])
[36m(PiperActor pid=1981793)[0m 2026-04-01 22:05:27,514 - piper_actor - DEBUG - run_dag dispatch (time -20001): all_gather s3 mb0 bkt=0
[36m(PiperActor pid=1981795)[0m 2026-04-01 22:05:27,589 - piper_actor - DEBUG - Actor 3 registered kernel at id_to_kernel[0] (copied from index 0)
[36m(PiperActor pid=1981795)[0m 2026-04-01 22:05:27,639 - piper_actor - DEBUG - _replace_meta_constants: No meta device tensors found to replace! (checked 0 submodules)
[36m(PiperActor pid=1981795)[0m 2026-04-01 22:05:27,639 - piper_actor - DEBUG - Stage 1 module 0 input indices: [0]
[36m(PiperActor pid=1981795)[0m 2026-04-01 22:05:27,707 - piper_actor - DEBUG - Loading stage 3 (1 module(s)) on actor 3
[36m(PiperActor pid=1981795)[0m 2026-04-01 22:05:27,707 - piper_actor - DEBUG - Actor 3 imported and initialized Triton kernel modules
[36m(PiperActor pid=1981795)[0m 2026-04-01 22:05:27,707 - piper_actor - DEBUG - Manually registering Triton kernel at index 0 on actor 3...
[36m(PiperActor pid=1981795)[0m 2026-04-01 22:05:27,731 - piper_actor - DEBUG - Actor 3 registered kernel at id_to_kernel[0] (copied from index 0)
[36m(PiperActor pid=1981795)[0m 2026-04-01 22:05:27,780 - piper_actor - DEBUG - _replace_meta_constants: No meta device tensors found to replace! (checked 0 submodules)
[36m(PiperActor pid=1981795)[0m 2026-04-01 22:05:27,780 - piper_actor - DEBUG - Stage 3 module 0 input indices: [0]
[36m(PiperActor pid=1981800)[0m 2026-04-01 22:05:27,902 - piper_actor - DEBUG - Actor 2 registered kernel at id_to_kernel[0] (copied from index 0)
[36m(PiperActor pid=1981800)[0m 2026-04-01 22:05:27,952 - piper_actor - DEBUG - _replace_meta_constants: No meta device tensors found to replace! (checked 0 submodules)
[36m(PiperActor pid=1981800)[0m 2026-04-01 22:05:27,952 - piper_actor - DEBUG - Stage 0 module 0 input indices: [1]
[36m(PiperActor pid=1981800)[0m 2026-04-01 22:05:28,307 - piper_actor - DEBUG - Loading stage 2 (1 module(s)) on actor 2
[36m(PiperActor pid=1981800)[0m 2026-04-01 22:05:28,307 - piper_actor - DEBUG - Actor 2 imported and initialized Triton kernel modules
[36m(PiperActor pid=1981800)[0m 2026-04-01 22:05:28,307 - piper_actor - DEBUG - Manually registering Triton kernel at index 0 on actor 2...
[36m(PiperActor pid=1981800)[0m 2026-04-01 22:05:28,451 - piper_actor - DEBUG - Actor 2 registered kernel at id_to_kernel[0] (copied from index 0)
[36m(PiperActor pid=1981800)[0m 2026-04-01 22:05:28,504 - piper_actor - DEBUG - _replace_meta_constants: No meta device tensors found to replace! (checked 0 submodules)
[36m(PiperActor pid=1981800)[0m 2026-04-01 22:05:28,504 - piper_actor - DEBUG - Stage 2 module 0 input indices: [0]
[36m(run_dp_rank pid=1961769)[0m 2026-04-01 22:05:28,658 - piper_compile - INFO - DP rank 1 stage graphs and DAGs loaded onto actors.
[36m(PiperActor pid=1981800)[0m 2026-04-01 22:05:28,664 - piper_actor - DEBUG - Actor 2 loaded inputs 1
[36m(run_dp_rank pid=1961769)[0m Running 2 warmup iterations...
[36m(run_dp_rank pid=1961769)[0m 2026-04-01 22:05:32,162 - piper_compile - INFO - DP rank 1 real inputs/labels loaded onto actors.
[36m(run_dp_rank pid=1961769)[0m 2026-04-01 22:05:32,163 - piper_compile - INFO - DP rank 1 done.
[36m(PiperActor pid=1981800)[0m 2026-04-01 22:05:32,169 - piper_actor - DEBUG - run_dag dispatch (time -20001): all_gather s2 mb0 bkt=0
[36m(PiperActor pid=1981795)[0m 2026-04-01 22:05:32,152 - piper_actor - DEBUG - Actor 3 loaded labels torch.Size([16, 256, 128256])
[36m(PiperActor pid=1981795)[0m 2026-04-01 22:05:32,169 - piper_actor - DEBUG - run_dag dispatch (time -20001): all_gather s3 mb0 bkt=0
[36m(PiperActor pid=1981793)[0m 2026-04-01 22:05:38,899 - piper_actor - DEBUG - run_dag dispatch (time -20000): all_gather s1 mb0 bkt=0
[36m(PiperActor pid=1981793)[0m 2026-04-01 22:05:38,900 - piper_actor - DEBUG - run_dag dispatch (time -1): recv s1 mb0 bkt=0
[36m(PiperActor pid=1981793)[0m 2026-04-01 22:05:38,900 - piper_actor - DEBUG - exec_recv key ((1, 0), 0) from peer pp rank 0
[36m(PiperActor pid=1981793)[0m [rank1]:[W401 22:05:38.413589311 ProcessGroupNCCL.cpp:4068] Warning: An unbatched P2P op (send/recv) was called on this ProcessGroup with size 2.  In lazy initialization mode, this will result in a new 2-rank NCCL communicator to be created. (function operator())
[36m(PiperActor pid=1981795)[0m 2026-04-01 22:05:38,899 - piper_actor - DEBUG - run_dag dispatch (time -20000): all_gather s1 mb0 bkt=0
[36m(PiperActor pid=1981795)[0m 2026-04-01 22:05:38,900 - piper_actor - DEBUG - run_dag dispatch (time -1): recv s1 mb0 bkt=0
[36m(PiperActor pid=1981795)[0m 2026-04-01 22:05:38,900 - piper_actor - DEBUG - exec_recv key ((1, 0), 0) from peer pp rank 0
[36m(PiperActor pid=1981795)[0m [rank3]:[W401 22:05:38.412936510 ProcessGroupNCCL.cpp:4068] Warning: An unbatched P2P op (send/recv) was called on this ProcessGroup with size 2.  In lazy initialization mode, this will result in a new 2-rank NCCL communicator to be created. (function operator())
[36m(PiperActor pid=1981787)[0m 2026-04-01 22:05:40,948 - piper_actor - DEBUG - run_dag dispatch (time -20000): all_gather s0 mb0 bkt=0
[36m(PiperActor pid=1981787)[0m 2026-04-01 22:05:40,950 - piper_actor - DEBUG - run_dag dispatch (time 0): forward s0 mb0 bkt=0
[36m(PiperActor pid=1981800)[0m 2026-04-01 22:05:40,947 - piper_actor - DEBUG - run_dag dispatch (time -20000): all_gather s0 mb0 bkt=0
[36m(PiperActor pid=1981800)[0m 2026-04-01 22:05:40,948 - piper_actor - DEBUG - run_dag dispatch (time 0): forward s0 mb0 bkt=0
[36m(PiperActor pid=1981787)[0m 2026-04-01 22:05:41,490 - piper_actor - DEBUG - run_dag dispatch (time 1): forward s0 mb1 bkt=0
[36m(PiperActor pid=1981800)[0m 2026-04-01 22:05:41,500 - piper_actor - DEBUG - run_dag dispatch (time 1): forward s0 mb1 bkt=0
[36m(PiperActor pid=1981787)[0m 2026-04-01 22:05:41,532 - piper_actor - DEBUG - run_dag dispatch (time 1): send s0 mb0 bkt=0
[36m(PiperActor pid=1981787)[0m 2026-04-01 22:05:41,532 - piper_actor - DEBUG - exec_send key ((0, 0), 0) to peer pp rank 1
[36m(PiperActor pid=1981787)[0m [rank0]:[W401 22:05:41.045337895 ProcessGroupNCCL.cpp:4068] Warning: An unbatched P2P op (send/recv) was called on this ProcessGroup with size 2.  In lazy initialization mode, this will result in a new 2-rank NCCL communicator to be created. (function operator())
[36m(PiperActor pid=1981800)[0m 2026-04-01 22:05:41,550 - piper_actor - DEBUG - run_dag dispatch (time 1): send s0 mb0 bkt=0
[36m(PiperActor pid=1981800)[0m 2026-04-01 22:05:41,550 - piper_actor - DEBUG - exec_send key ((0, 0), 0) to peer pp rank 1
[36m(PiperActor pid=1981800)[0m [rank2]:[W401 22:05:41.063599832 ProcessGroupNCCL.cpp:4068] Warning: An unbatched P2P op (send/recv) was called on this ProcessGroup with size 2.  In lazy initialization mode, this will result in a new 2-rank NCCL communicator to be created. (function operator())
[36m(PiperActor pid=1981787)[0m 2026-04-01 22:05:44,986 - piper_actor - DEBUG - run_dag dispatch (time 1): recv s2 mb0 bkt=0
[36m(PiperActor pid=1981787)[0m 2026-04-01 22:05:44,986 - piper_actor - DEBUG - exec_recv key ((2, 0), 0) from peer pp rank 1
[36m(PiperActor pid=1981787)[0m [rank0]:[W401 22:05:44.499672020 ProcessGroupNCCL.cpp:4068] Warning: An unbatched P2P op (send/recv) was called on this ProcessGroup with size 2.  In lazy initialization mode, this will result in a new 2-rank NCCL communicator to be created. (function operator())
[36m(PiperActor pid=1981793)[0m 2026-04-01 22:05:44,981 - piper_actor - DEBUG - run_dag dispatch (time 0): forward s1 mb0 bkt=0
[36m(PiperActor pid=1981800)[0m 2026-04-01 22:05:45,017 - piper_actor - DEBUG - run_dag dispatch (time 1): recv s2 mb0 bkt=0
[36m(PiperActor pid=1981800)[0m 2026-04-01 22:05:45,018 - piper_actor - DEBUG - exec_recv key ((2, 0), 0) from peer pp rank 1
[36m(PiperActor pid=1981800)[0m [rank2]:[W401 22:05:45.531450717 ProcessGroupNCCL.cpp:4068] Warning: An unbatched P2P op (send/recv) was called on this ProcessGroup with size 2.  In lazy initialization mode, this will result in a new 2-rank NCCL communicator to be created. (function operator())
[36m(PiperActor pid=1981795)[0m 2026-04-01 22:05:45,015 - piper_actor - DEBUG - run_dag dispatch (time 0): forward s1 mb0 bkt=0
[36m(PiperActor pid=1981793)[0m 2026-04-01 22:05:45,484 - piper_actor - DEBUG - run_dag dispatch (time 0): recv s1 mb1 bkt=0
[36m(PiperActor pid=1981793)[0m 2026-04-01 22:05:45,484 - piper_actor - DEBUG - exec_recv key ((1, 0), 1) from peer pp rank 0
[36m(PiperActor pid=1981793)[0m 2026-04-01 22:05:45,485 - piper_actor - DEBUG - run_dag dispatch (time 1): forward s1 mb1 bkt=0
[36m(PiperActor pid=1981795)[0m 2026-04-01 22:05:45,485 - piper_actor - DEBUG - run_dag dispatch (time 0): recv s1 mb1 bkt=0
[36m(PiperActor pid=1981795)[0m 2026-04-01 22:05:45,485 - piper_actor - DEBUG - exec_recv key ((1, 0), 1) from peer pp rank 0
[36m(PiperActor pid=1981795)[0m 2026-04-01 22:05:45,486 - piper_actor - DEBUG - run_dag dispatch (time 1): forward s1 mb1 bkt=0
[36m(PiperActor pid=1981793)[0m 2026-04-01 22:05:45,624 - piper_actor - DEBUG - run_dag dispatch (time 1): recv s3 mb0 bkt=0
[36m(PiperActor pid=1981793)[0m 2026-04-01 22:05:45,624 - piper_actor - DEBUG - exec_recv key ((3, 0), 0) from peer pp rank 0
[36m(PiperActor pid=1981793)[0m 2026-04-01 22:05:45,625 - piper_actor - DEBUG - run_dag dispatch (time 1): send s1 mb0 bkt=0
[36m(PiperActor pid=1981793)[0m 2026-04-01 22:05:45,625 - piper_actor - DEBUG - exec_send key ((1, 0), 0) to peer pp rank 0
[36m(PiperActor pid=1981793)[0m [rank1]:[W401 22:05:45.138263273 ProcessGroupNCCL.cpp:4068] Warning: An unbatched P2P op (send/recv) was called on this ProcessGroup with size 2.  In lazy initialization mode, this will result in a new 2-rank NCCL communicator to be created. (function operator())
[36m(PiperActor pid=1981795)[0m 2026-04-01 22:05:45,614 - piper_actor - DEBUG - run_dag dispatch (time 1): recv s3 mb0 bkt=0
[36m(PiperActor pid=1981795)[0m 2026-04-01 22:05:45,614 - piper_actor - DEBUG - exec_recv key ((3, 0), 0) from peer pp rank 0
[36m(PiperActor pid=1981795)[0m 2026-04-01 22:05:45,615 - piper_actor - DEBUG - run_dag dispatch (time 1): send s1 mb0 bkt=0
[36m(PiperActor pid=1981795)[0m 2026-04-01 22:05:45,615 - piper_actor - DEBUG - exec_send key ((1, 0), 0) to peer pp rank 0
[36m(PiperActor pid=1981795)[0m [rank3]:[W401 22:05:45.128145718 ProcessGroupNCCL.cpp:4068] Warning: An unbatched P2P op (send/recv) was called on this ProcessGroup with size 2.  In lazy initialization mode, this will result in a new 2-rank NCCL communicator to be created. (function operator())
[36m(PiperActor pid=1981800)[0m 2026-04-01 22:05:50,754 - piper_actor - DEBUG - run_dag dispatch (time 2): forward s2 mb0 bkt=0
[36m(PiperActor pid=1981795)[0m 2026-04-01 22:05:50,753 - piper_actor - DEBUG - run_dag dispatch (time 2): forward s3 mb0 bkt=0
[36m(PiperActor pid=1981787)[0m 2026-04-01 22:05:50,839 - piper_actor - DEBUG - run_dag dispatch (time 2): forward s2 mb0 bkt=0
[36m(PiperActor pid=1981793)[0m 2026-04-01 22:05:50,839 - piper_actor - DEBUG - run_dag dispatch (time 2): forward s3 mb0 bkt=0
[36m(PiperActor pid=1981787)[0m 2026-04-01 22:05:50,985 - piper_actor - DEBUG - run_dag dispatch (time 2): send s0 mb1 bkt=0
[36m(PiperActor pid=1981787)[0m 2026-04-01 22:05:50,986 - piper_actor - DEBUG - exec_send key ((0, 0), 1) to peer pp rank 1
[36m(PiperActor pid=1981787)[0m 2026-04-01 22:05:50,986 - piper_actor - DEBUG - run_dag dispatch (time 2): recv s2 mb1 bkt=0
[36m(PiperActor pid=1981787)[0m 2026-04-01 22:05:50,986 - piper_actor - DEBUG - exec_recv key ((2, 0), 1) from peer pp rank 1
[36m(PiperActor pid=1981787)[0m 2026-04-01 22:05:50,987 - piper_actor - DEBUG - run_dag dispatch (time 3): forward s2 mb1 bkt=0
[36m(PiperActor pid=1981800)[0m 2026-04-01 22:05:50,971 - piper_actor - DEBUG - run_dag dispatch (time 2): send s0 mb1 bkt=0
[36m(PiperActor pid=1981800)[0m 2026-04-01 22:05:50,971 - piper_actor - DEBUG - exec_send key ((0, 0), 1) to peer pp rank 1
[36m(PiperActor pid=1981800)[0m 2026-04-01 22:05:50,972 - piper_actor - DEBUG - run_dag dispatch (time 2): recv s2 mb1 bkt=0
[36m(PiperActor pid=1981800)[0m 2026-04-01 22:05:50,972 - piper_actor - DEBUG - exec_recv key ((2, 0), 1) from peer pp rank 1
[36m(PiperActor pid=1981800)[0m 2026-04-01 22:05:50,973 - piper_actor - DEBUG - run_dag dispatch (time 3): forward s2 mb1 bkt=0
[36m(PiperActor pid=1981800)[0m 2026-04-01 22:05:51,229 - piper_actor - DEBUG - run_dag dispatch (time 3): send s2 mb0 bkt=0
[36m(PiperActor pid=1981800)[0m 2026-04-01 22:05:51,230 - piper_actor - DEBUG - exec_send key ((2, 0), 0) to peer pp rank 1
[36m(PiperActor pid=1981800)[0m 2026-04-01 22:05:51,230 - piper_actor - DEBUG - run_dag dispatch (time 4): forward s0 mb2 bkt=0
[36m(PiperActor pid=1981795)[0m 2026-04-01 22:05:51,252 - piper_actor - DEBUG - run_dag dispatch (time 2): send s1 mb1 bkt=0
[36m(PiperActor pid=1981795)[0m 2026-04-01 22:05:51,253 - piper_actor - DEBUG - exec_send key ((1, 0), 1) to peer pp rank 0
[36m(PiperActor pid=1981795)[0m 2026-04-01 22:05:51,253 - piper_actor - DEBUG - run_dag dispatch (time 3): backward s3 mb0 bkt=0
[36m(PiperActor pid=1981787)[0m 2026-04-01 22:05:51,290 - piper_actor - DEBUG - run_dag dispatch (time 3): send s2 mb0 bkt=0
[36m(PiperActor pid=1981787)[0m 2026-04-01 22:05:51,290 - piper_actor - DEBUG - exec_send key ((2, 0), 0) to peer pp rank 1
[36m(PiperActor pid=1981787)[0m 2026-04-01 22:05:51,291 - piper_actor - DEBUG - run_dag dispatch (time 4): forward s0 mb2 bkt=0
[36m(PiperActor pid=1981793)[0m 2026-04-01 22:05:51,309 - piper_actor - DEBUG - run_dag dispatch (time 2): send s1 mb1 bkt=0
[36m(PiperActor pid=1981793)[0m 2026-04-01 22:05:51,309 - piper_actor - DEBUG - exec_send key ((1, 0), 1) to peer pp rank 0
[36m(PiperActor pid=1981793)[0m 2026-04-01 22:05:51,310 - piper_actor - DEBUG - run_dag dispatch (time 3): backward s3 mb0 bkt=0
[36m(PiperActor pid=1981800)[0m 2026-04-01 22:05:51,322 - piper_actor - DEBUG - run_dag dispatch (time 4): send s2 mb1 bkt=0
[36m(PiperActor pid=1981800)[0m 2026-04-01 22:05:51,322 - piper_actor - DEBUG - exec_send key ((2, 0), 1) to peer pp rank 1
[36m(PiperActor pid=1981800)[0m 2026-04-01 22:05:51,323 - piper_actor - DEBUG - run_dag dispatch (time 4): recv s2 mb0 bkt=0
[36m(PiperActor pid=1981800)[0m 2026-04-01 22:05:51,323 - piper_actor - DEBUG - exec_recv key (None, 0) from peer pp rank 1
[36m(PiperActor pid=1981800)[0m 2026-04-01 22:05:51,324 - piper_actor - DEBUG - run_dag dispatch (time 5): backward s2 mb0 bkt=0
[36m(PiperActor pid=1981787)[0m 2026-04-01 22:05:51,333 - piper_actor - DEBUG - run_dag dispatch (time 4): send s2 mb1 bkt=0
[36m(PiperActor pid=1981787)[0m 2026-04-01 22:05:51,334 - piper_actor - DEBUG - exec_send key ((2, 0), 1) to peer pp rank 1
[36m(PiperActor pid=1981787)[0m 2026-04-01 22:05:51,334 - piper_actor - DEBUG - run_dag dispatch (time 4): recv s2 mb0 bkt=0
[36m(PiperActor pid=1981787)[0m 2026-04-01 22:05:51,334 - piper_actor - DEBUG - exec_recv key (None, 0) from peer pp rank 1
[36m(PiperActor pid=1981787)[0m 2026-04-01 22:05:51,335 - piper_actor - DEBUG - run_dag dispatch (time 5): backward s2 mb0 bkt=0
[36m(PiperActor pid=1981795)[0m 2026-04-01 22:05:51,347 - piper_actor - DEBUG - run_dag dispatch (time 3): recv s3 mb1 bkt=0
[36m(PiperActor pid=1981795)[0m 2026-04-01 22:05:51,347 - piper_actor - DEBUG - exec_recv key ((3, 0), 1) from peer pp rank 0
[36m(PiperActor pid=1981795)[0m 2026-04-01 22:05:51,348 - piper_actor - DEBUG - run_dag dispatch (time 4): forward s3 mb1 bkt=0
[36m(PiperActor pid=1981795)[0m 2026-04-01 22:05:51,359 - piper_actor - DEBUG - run_dag dispatch (time 4): send s3 mb0 bkt=0
[36m(PiperActor pid=1981795)[0m 2026-04-01 22:05:51,359 - piper_actor - DEBUG - exec_send key (None, 0) to peer pp rank 0
[36m(PiperActor pid=1981795)[0m 2026-04-01 22:05:51,359 - piper_actor - DEBUG - run_dag dispatch (time 5): backward s3 mb1 bkt=0
[36m(PiperActor pid=1981793)[0m 2026-04-01 22:05:51,401 - piper_actor - DEBUG - run_dag dispatch (time 3): recv s3 mb1 bkt=0
[36m(PiperActor pid=1981793)[0m 2026-04-01 22:05:51,402 - piper_actor - DEBUG - exec_recv key ((3, 0), 1) from peer pp rank 0
[36m(PiperActor pid=1981793)[0m 2026-04-01 22:05:51,402 - piper_actor - DEBUG - run_dag dispatch (time 4): forward s3 mb1 bkt=0
[36m(PiperActor pid=1981795)[0m 2026-04-01 22:05:51,382 - piper_actor - DEBUG - run_dag dispatch (time 5): recv s1 mb2 bkt=0
[36m(PiperActor pid=1981795)[0m 2026-04-01 22:05:51,383 - piper_actor - DEBUG - exec_recv key ((1, 0), 2) from peer pp rank 0
[36m(PiperActor pid=1981795)[0m 2026-04-01 22:05:51,383 - piper_actor - DEBUG - run_dag dispatch (time 6): forward s1 mb2 bkt=0
[36m(PiperActor pid=1981795)[0m 2026-04-01 22:05:51,400 - piper_actor - DEBUG - run_dag dispatch (time 6): recv s1 mb0 bkt=0
[36m(PiperActor pid=1981795)[0m 2026-04-01 22:05:51,400 - piper_actor - DEBUG - exec_recv key (None, 0) from peer pp rank 0
[36m(PiperActor pid=1981795)[0m 2026-04-01 22:05:51,400 - piper_actor - DEBUG - run_dag dispatch (time 6): send s3 mb1 bkt=0
[36m(PiperActor pid=1981795)[0m 2026-04-01 22:05:51,401 - piper_actor - DEBUG - exec_send key (None, 1) to peer pp rank 0
[36m(PiperActor pid=1981795)[0m 2026-04-01 22:05:51,401 - piper_actor - DEBUG - run_dag dispatch (time 7): backward s1 mb0 bkt=0
[36m(PiperActor pid=1981793)[0m 2026-04-01 22:05:51,414 - piper_actor - DEBUG - run_dag dispatch (time 4): send s3 mb0 bkt=0
[36m(PiperActor pid=1981793)[0m 2026-04-01 22:05:51,414 - piper_actor - DEBUG - exec_send key (None, 0) to peer pp rank 0
[36m(PiperActor pid=1981793)[0m 2026-04-01 22:05:51,415 - piper_actor - DEBUG - run_dag dispatch (time 5): backward s3 mb1 bkt=0
[36m(PiperActor pid=1981793)[0m 2026-04-01 22:05:51,438 - piper_actor - DEBUG - run_dag dispatch (time 5): recv s1 mb2 bkt=0
[36m(PiperActor pid=1981793)[0m 2026-04-01 22:05:51,439 - piper_actor - DEBUG - exec_recv key ((1, 0), 2) from peer pp rank 0
[36m(PiperActor pid=1981793)[0m 2026-04-01 22:05:51,439 - piper_actor - DEBUG - run_dag dispatch (time 6): forward s1 mb2 bkt=0
[36m(PiperActor pid=1981800)[0m 2026-04-01 22:05:51,430 - piper_actor - DEBUG - run_dag dispatch (time 5): send s0 mb2 bkt=0
[36m(PiperActor pid=1981800)[0m 2026-04-01 22:05:51,430 - piper_actor - DEBUG - exec_send key ((0, 0), 2) to peer pp rank 1
[36m(PiperActor pid=1981800)[0m 2026-04-01 22:05:51,431 - piper_actor - DEBUG - run_dag dispatch (time 6): forward s0 mb3 bkt=0
[36m(PiperActor pid=1981800)[0m 2026-04-01 22:05:51,443 - piper_actor - DEBUG - run_dag dispatch (time 6): send s2 mb0 bkt=0
[36m(PiperActor pid=1981800)[0m 2026-04-01 22:05:51,443 - piper_actor - DEBUG - exec_send key (None, 0) to peer pp rank 1
[36m(PiperActor pid=1981800)[0m 2026-04-01 22:05:51,443 - piper_actor - DEBUG - run_dag dispatch (time 6): recv s2 mb1 bkt=0
[36m(PiperActor pid=1981800)[0m 2026-04-01 22:05:51,443 - piper_actor - DEBUG - exec_recv key (None, 1) from peer pp rank 1
[36m(PiperActor pid=1981800)[0m 2026-04-01 22:05:51,443 - piper_actor - DEBUG - run_dag dispatch (time 7): backward s2 mb1 bkt=0
[36m(PiperActor pid=1981795)[0m 2026-04-01 22:05:51,436 - piper_actor - DEBUG - run_dag dispatch (time 7): recv s1 mb3 bkt=0
[36m(PiperActor pid=1981795)[0m 2026-04-01 22:05:51,436 - piper_actor - DEBUG - exec_recv key ((1, 0), 3) from peer pp rank 0
[36m(PiperActor pid=1981795)[0m 2026-04-01 22:05:51,437 - piper_actor - DEBUG - run_dag dispatch (time 7): send s1 mb2 bkt=0
[36m(PiperActor pid=1981795)[0m 2026-04-01 22:05:51,437 - piper_actor - DEBUG - exec_send key ((1, 0), 2) to peer pp rank 0
[36m(PiperActor pid=1981795)[0m 2026-04-01 22:05:51,437 - piper_actor - DEBUG - run_dag dispatch (time 8): forward s1 mb3 bkt=0
[36m(PiperActor pid=1981793)[0m 2026-04-01 22:05:51,454 - piper_actor - DEBUG - run_dag dispatch (time 6): recv s1 mb0 bkt=0
[36m(PiperActor pid=1981793)[0m 2026-04-01 22:05:51,454 - piper_actor - DEBUG - exec_recv key (None, 0) from peer pp rank 0
[36m(PiperActor pid=1981793)[0m 2026-04-01 22:05:51,455 - piper_actor - DEBUG - run_dag dispatch (time 6): send s3 mb1 bkt=0
[36m(PiperActor pid=1981793)[0m 2026-04-01 22:05:51,455 - piper_actor - DEBUG - exec_send key (None, 1) to peer pp rank 0
[36m(PiperActor pid=1981793)[0m 2026-04-01 22:05:51,455 - piper_actor - DEBUG - run_dag dispatch (time 7): backward s1 mb0 bkt=0
[36m(PiperActor pid=1981800)[0m 2026-04-01 22:05:51,466 - piper_actor - DEBUG - run_dag dispatch (time 7): send s0 mb3 bkt=0
[36m(PiperActor pid=1981800)[0m 2026-04-01 22:05:51,466 - piper_actor - DEBUG - exec_send key ((0, 0), 3) to peer pp rank 1
[36m(PiperActor pid=1981800)[0m 2026-04-01 22:05:51,466 - piper_actor - DEBUG - run_dag dispatch (time 7): recv s2 mb2 bkt=0
[36m(PiperActor pid=1981800)[0m 2026-04-01 22:05:51,467 - piper_actor - DEBUG - exec_recv key ((2, 0), 2) from peer pp rank 1
[36m(PiperActor pid=1981800)[0m 2026-04-01 22:05:51,467 - piper_actor - DEBUG - run_dag dispatch (time 8): forward s2 mb2 bkt=0
[36m(PiperActor pid=1981800)[0m 2026-04-01 22:05:51,478 - piper_actor - DEBUG - run_dag dispatch (time 8): send s2 mb1 bkt=0
[36m(PiperActor pid=1981800)[0m 2026-04-01 22:05:51,478 - piper_actor - DEBUG - exec_send key (None, 1) to peer pp rank 1
[36m(PiperActor pid=1981800)[0m 2026-04-01 22:05:51,478 - piper_actor - DEBUG - run_dag dispatch (time 8): recv s0 mb0 bkt=0
[36m(PiperActor pid=1981800)[0m 2026-04-01 22:05:51,478 - piper_actor - DEBUG - exec_recv key (None, 0) from peer pp rank 1
[36m(PiperActor pid=1981800)[0m 2026-04-01 22:05:51,479 - piper_actor - DEBUG - run_dag dispatch (time 9): backward s0 mb0 bkt=0
[36m(PiperActor pid=1981795)[0m 2026-04-01 22:05:51,456 - piper_actor - DEBUG - run_dag dispatch (time 8): recv s1 mb1 bkt=0
[36m(PiperActor pid=1981795)[0m 2026-04-01 22:05:51,456 - piper_actor - DEBUG - exec_recv key (None, 1) from peer pp rank 0
[36m(PiperActor pid=1981795)[0m 2026-04-01 22:05:51,457 - piper_actor - DEBUG - run_dag dispatch (time 8): send s1 mb0 bkt=0
[36m(PiperActor pid=1981795)[0m 2026-04-01 22:05:51,457 - piper_actor - DEBUG - exec_send key (None, 0) to peer pp rank 0
[36m(PiperActor pid=1981795)[0m 2026-04-01 22:05:51,457 - piper_actor - DEBUG - run_dag dispatch (time 9): backward s1 mb1 bkt=0
[36m(PiperActor pid=1981795)[0m 2026-04-01 22:05:51,491 - piper_actor - DEBUG - run_dag dispatch (time 9): recv s3 mb2 bkt=0
[36m(PiperActor pid=1981795)[0m 2026-04-01 22:05:51,491 - piper_actor - DEBUG - exec_recv key ((3, 0), 2) from peer pp rank 0
[36m(PiperActor pid=1981795)[0m 2026-04-01 22:05:51,491 - piper_actor - DEBUG - run_dag dispatch (time 9): send s1 mb3 bkt=0
[36m(PiperActor pid=1981795)[0m 2026-04-01 22:05:51,492 - piper_actor - DEBUG - exec_send key ((1, 0), 3) to peer pp rank 0
[36m(PiperActor pid=1981787)[0m 2026-04-01 22:05:51,506 - piper_actor - DEBUG - run_dag dispatch (time 5): send s0 mb2 bkt=0
[36m(PiperActor pid=1981787)[0m 2026-04-01 22:05:51,507 - piper_actor - DEBUG - exec_send key ((0, 0), 2) to peer pp rank 1
[36m(PiperActor pid=1981787)[0m 2026-04-01 22:05:51,507 - piper_actor - DEBUG - run_dag dispatch (time 6): forward s0 mb3 bkt=0
[36m(PiperActor pid=1981787)[0m 2026-04-01 22:05:51,518 - piper_actor - DEBUG - run_dag dispatch (time 6): send s2 mb0 bkt=0
[36m(PiperActor pid=1981787)[0m 2026-04-01 22:05:51,518 - piper_actor - DEBUG - exec_send key (None, 0) to peer pp rank 1
[36m(PiperActor pid=1981787)[0m 2026-04-01 22:05:51,519 - piper_actor - DEBUG - run_dag dispatch (time 6): recv s2 mb1 bkt=0
[36m(PiperActor pid=1981787)[0m 2026-04-01 22:05:51,519 - piper_actor - DEBUG - exec_recv key (None, 1) from peer pp rank 1
[36m(PiperActor pid=1981787)[0m 2026-04-01 22:05:51,519 - piper_actor - DEBUG - run_dag dispatch (time 7): backward s2 mb1 bkt=0
[36m(PiperActor pid=1981793)[0m 2026-04-01 22:05:51,510 - piper_actor - DEBUG - run_dag dispatch (time 7): recv s1 mb3 bkt=0
[36m(PiperActor pid=1981793)[0m 2026-04-01 22:05:51,510 - piper_actor - DEBUG - exec_recv key ((1, 0), 3) from peer pp rank 0
[36m(PiperActor pid=1981793)[0m 2026-04-01 22:05:51,510 - piper_actor - DEBUG - run_dag dispatch (time 7): send s1 mb2 bkt=0
[36m(PiperActor pid=1981793)[0m 2026-04-01 22:05:51,511 - piper_actor - DEBUG - exec_send key ((1, 0), 2) to peer pp rank 0
[36m(PiperActor pid=1981793)[0m 2026-04-01 22:05:51,511 - piper_actor - DEBUG - run_dag dispatch (time 8): forward s1 mb3 bkt=0
[36m(PiperActor pid=1981793)[0m 2026-04-01 22:05:51,530 - piper_actor - DEBUG - run_dag dispatch (time 8): recv s1 mb1 bkt=0
[36m(PiperActor pid=1981793)[0m 2026-04-01 22:05:51,530 - piper_actor - DEBUG - exec_recv key (None, 1) from peer pp rank 0
[36m(PiperActor pid=1981793)[0m 2026-04-01 22:05:51,530 - piper_actor - DEBUG - run_dag dispatch (time 8): send s1 mb0 bkt=0
[36m(PiperActor pid=1981793)[0m 2026-04-01 22:05:51,530 - piper_actor - DEBUG - exec_send key (None, 0) to peer pp rank 0
[36m(PiperActor pid=1981793)[0m 2026-04-01 22:05:51,531 - piper_actor - DEBUG - run_dag dispatch (time 9): backward s1 mb1 bkt=0
[36m(PiperActor pid=1981795)[0m 2026-04-01 22:05:51,492 - piper_actor - DEBUG - run_dag dispatch (time 10): forward s3 mb2 bkt=0
[36m(PiperActor pid=1981795)[0m 2026-04-01 22:05:51,511 - piper_actor - DEBUG - run_dag dispatch (time 10): send s1 mb1 bkt=0
[36m(PiperActor pid=1981795)[0m 2026-04-01 22:05:51,511 - piper_actor - DEBUG - exec_send key (None, 1) to peer pp rank 0
[36m(PiperActor pid=1981795)[0m 2026-04-01 22:05:51,511 - piper_actor - DEBUG - run_dag dispatch (time 11): backward s3 mb2 bkt=0
[36m(PiperActor pid=1981787)[0m 2026-04-01 22:05:51,541 - piper_actor - DEBUG - run_dag dispatch (time 7): send s0 mb3 bkt=0
[36m(PiperActor pid=1981787)[0m 2026-04-01 22:05:51,541 - piper_actor - DEBUG - exec_send key ((0, 0), 3) to peer pp rank 1
[36m(PiperActor pid=1981787)[0m 2026-04-01 22:05:51,542 - piper_actor - DEBUG - run_dag dispatch (time 7): recv s2 mb2 bkt=0
[36m(PiperActor pid=1981787)[0m 2026-04-01 22:05:51,542 - piper_actor - DEBUG - exec_recv key ((2, 0), 2) from peer pp rank 1
[36m(PiperActor pid=1981787)[0m 2026-04-01 22:05:51,542 - piper_actor - DEBUG - run_dag dispatch (time 8): forward s2 mb2 bkt=0
[36m(PiperActor pid=1981787)[0m 2026-04-01 22:05:51,553 - piper_actor - DEBUG - run_dag dispatch (time 8): send s2 mb1 bkt=0
[36m(PiperActor pid=1981787)[0m 2026-04-01 22:05:51,553 - piper_actor - DEBUG - exec_send key (None, 1) to peer pp rank 1
[36m(PiperActor pid=1981787)[0m 2026-04-01 22:05:51,553 - piper_actor - DEBUG - run_dag dispatch (time 8): recv s0 mb0 bkt=0
[36m(PiperActor pid=1981787)[0m 2026-04-01 22:05:51,553 - piper_actor - DEBUG - exec_recv key (None, 0) from peer pp rank 1
[36m(PiperActor pid=1981787)[0m 2026-04-01 22:05:51,554 - piper_actor - DEBUG - run_dag dispatch (time 9): backward s0 mb0 bkt=0
[36m(PiperActor pid=1981793)[0m 2026-04-01 22:05:51,564 - piper_actor - DEBUG - run_dag dispatch (time 9): recv s3 mb2 bkt=0
[36m(PiperActor pid=1981793)[0m 2026-04-01 22:05:51,565 - piper_actor - DEBUG - exec_recv key ((3, 0), 2) from peer pp rank 0
[36m(PiperActor pid=1981793)[0m 2026-04-01 22:05:51,565 - piper_actor - DEBUG - run_dag dispatch (time 9): send s1 mb3 bkt=0
[36m(PiperActor pid=1981793)[0m 2026-04-01 22:05:51,565 - piper_actor - DEBUG - exec_send key ((1, 0), 3) to peer pp rank 0
[36m(PiperActor pid=1981793)[0m 2026-04-01 22:05:51,565 - piper_actor - DEBUG - run_dag dispatch (time 10): forward s3 mb2 bkt=0
[36m(PiperActor pid=1981793)[0m 2026-04-01 22:05:51,584 - piper_actor - DEBUG - run_dag dispatch (time 10): send s1 mb1 bkt=0
[36m(PiperActor pid=1981793)[0m 2026-04-01 22:05:51,584 - piper_actor - DEBUG - exec_send key (None, 1) to peer pp rank 0
[36m(PiperActor pid=1981793)[0m 2026-04-01 22:05:51,585 - piper_actor - DEBUG - run_dag dispatch (time 11): backward s3 mb2 bkt=0
[36m(PiperActor pid=1981800)[0m 2026-04-01 22:05:51,592 - piper_actor - DEBUG - run_dag dispatch (time 9): send s2 mb2 bkt=0
[36m(PiperActor pid=1981800)[0m 2026-04-01 22:05:51,592 - piper_actor - DEBUG - exec_send key ((2, 0), 2) to peer pp rank 1
[36m(PiperActor pid=1981800)[0m 2026-04-01 22:05:51,593 - piper_actor - DEBUG - run_dag dispatch (time 9): recv s2 mb3 bkt=0
[36m(PiperActor pid=1981800)[0m 2026-04-01 22:05:51,593 - piper_actor - DEBUG - exec_recv key ((2, 0), 3) from peer pp rank 1
[36m(PiperActor pid=1981800)[0m 2026-04-01 22:05:51,593 - piper_actor - DEBUG - run_dag dispatch (time 10): forward s2 mb3 bkt=0
[36m(PiperActor pid=1981800)[0m 2026-04-01 22:05:51,604 - piper_actor - DEBUG - run_dag dispatch (time 10): recv s0 mb1 bkt=0
[36m(PiperActor pid=1981800)[0m 2026-04-01 22:05:51,605 - piper_actor - DEBUG - exec_recv key (None, 1) from peer pp rank 1
[36m(PiperActor pid=1981800)[0m 2026-04-01 22:05:51,605 - piper_actor - DEBUG - run_dag dispatch (time 11): backward s0 mb1 bkt=0
[36m(PiperActor pid=1981795)[0m 2026-04-01 22:05:51,597 - piper_actor - DEBUG - run_dag dispatch (time 11): recv s3 mb3 bkt=0
[36m(PiperActor pid=1981795)[0m 2026-04-01 22:05:51,597 - piper_actor - DEBUG - exec_recv key ((3, 0), 3) from peer pp rank 0
[36m(PiperActor pid=1981795)[0m 2026-04-01 22:05:51,598 - piper_actor - DEBUG - run_dag dispatch (time 12): forward s3 mb3 bkt=0
[36m(PiperActor pid=1981787)[0m 2026-04-01 22:05:51,651 - piper_actor - DEBUG - run_dag dispatch (time 9): send s2 mb2 bkt=0
[36m(PiperActor pid=1981787)[0m 2026-04-01 22:05:51,652 - piper_actor - DEBUG - exec_send key ((2, 0), 2) to peer pp rank 1
[36m(PiperActor pid=1981800)[0m 2026-04-01 22:05:51,630 - piper_actor - DEBUG - run_dag dispatch (time 11): send s2 mb3 bkt=0
[36m(PiperActor pid=1981800)[0m 2026-04-01 22:05:51,630 - piper_actor - DEBUG - exec_send key ((2, 0), 3) to peer pp rank 1
[36m(PiperActor pid=1981800)[0m 2026-04-01 22:05:51,631 - piper_actor - DEBUG - run_dag dispatch (time 11): recv s2 mb2 bkt=0
[36m(PiperActor pid=1981800)[0m 2026-04-01 22:05:51,631 - piper_actor - DEBUG - exec_recv key (None, 2) from peer pp rank 1
[36m(PiperActor pid=1981800)[0m 2026-04-01 22:05:51,631 - piper_actor - DEBUG - run_dag dispatch (time 12): backward s2 mb2 bkt=0
[36m(PiperActor pid=1981795)[0m 2026-04-01 22:05:51,640 - piper_actor - DEBUG - run_dag dispatch (time 12): send s3 mb2 bkt=0
[36m(PiperActor pid=1981795)[0m 2026-04-01 22:05:51,640 - piper_actor - DEBUG - exec_send key (None, 2) to peer pp rank 0
[36m(PiperActor pid=1981795)[0m 2026-04-01 22:05:51,641 - piper_actor - DEBUG - run_dag dispatch (time 13): backward s3 mb3 bkt=0
[36m(PiperActor pid=1981787)[0m 2026-04-01 22:05:51,652 - piper_actor - DEBUG - run_dag dispatch (time 9): recv s2 mb3 bkt=0
[36m(PiperActor pid=1981787)[0m 2026-04-01 22:05:51,652 - piper_actor - DEBUG - exec_recv key ((2, 0), 3) from peer pp rank 1
[36m(PiperActor pid=1981787)[0m 2026-04-01 22:05:51,653 - piper_actor - DEBUG - run_dag dispatch (time 10): forward s2 mb3 bkt=0
[36m(PiperActor pid=1981787)[0m 2026-04-01 22:05:51,670 - piper_actor - DEBUG - run_dag dispatch (time 10): recv s0 mb1 bkt=0
[36m(PiperActor pid=1981787)[0m 2026-04-01 22:05:51,670 - piper_actor - DEBUG - exec_recv key (None, 1) from peer pp rank 1
[36m(PiperActor pid=1981787)[0m 2026-04-01 22:05:51,671 - piper_actor - DEBUG - run_dag dispatch (time 11): backward s0 mb1 bkt=0
[36m(PiperActor pid=1981793)[0m 2026-04-01 22:05:51,656 - piper_actor - DEBUG - run_dag dispatch (time 11): recv s3 mb3 bkt=0
[36m(PiperActor pid=1981793)[0m 2026-04-01 22:05:51,657 - piper_actor - DEBUG - exec_recv key ((3, 0), 3) from peer pp rank 0
[36m(PiperActor pid=1981793)[0m 2026-04-01 22:05:51,657 - piper_actor - DEBUG - run_dag dispatch (time 12): forward s3 mb3 bkt=0
[36m(PiperActor pid=1981800)[0m 2026-04-01 22:05:51,654 - piper_actor - DEBUG - run_dag dispatch (time 12): recv s2 mb3 bkt=0
[36m(PiperActor pid=1981800)[0m 2026-04-01 22:05:51,655 - piper_actor - DEBUG - exec_recv key (None, 3) from peer pp rank 1
[36m(PiperActor pid=1981800)[0m 2026-04-01 22:05:51,655 - piper_actor - DEBUG - run_dag dispatch (time 13): backward s2 mb3 bkt=0
[36m(PiperActor pid=1981800)[0m 2026-04-01 22:05:51,688 - piper_actor - DEBUG - run_dag dispatch (time 13): send s2 mb2 bkt=0
[36m(PiperActor pid=1981800)[0m 2026-04-01 22:05:51,688 - piper_actor - DEBUG - exec_send key (None, 2) to peer pp rank 1
[36m(PiperActor pid=1981800)[0m 2026-04-01 22:05:51,688 - piper_actor - DEBUG - run_dag dispatch (time 13): recv s0 mb2 bkt=0
[36m(PiperActor pid=1981800)[0m 2026-04-01 22:05:51,689 - piper_actor - DEBUG - exec_recv key (None, 2) from peer pp rank 1
[36m(PiperActor pid=1981800)[0m 2026-04-01 22:05:51,689 - piper_actor - DEBUG - run_dag dispatch (time 14): backward s0 mb2 bkt=0
[36m(PiperActor pid=1981795)[0m 2026-04-01 22:05:51,671 - piper_actor - DEBUG - run_dag dispatch (time 13): recv s1 mb2 bkt=0
[36m(PiperActor pid=1981795)[0m 2026-04-01 22:05:51,671 - piper_actor - DEBUG - exec_recv key (None, 2) from peer pp rank 0
[36m(PiperActor pid=1981795)[0m 2026-04-01 22:05:51,672 - piper_actor - DEBUG - run_dag dispatch (time 14): backward s1 mb2 bkt=0
[36m(PiperActor pid=1981787)[0m 2026-04-01 22:05:51,694 - piper_actor - DEBUG - run_dag dispatch (time 11): send s2 mb3 bkt=0
[36m(PiperActor pid=1981787)[0m 2026-04-01 22:05:51,694 - piper_actor - DEBUG - exec_send key ((2, 0), 3) to peer pp rank 1
[36m(PiperActor pid=1981787)[0m 2026-04-01 22:05:51,695 - piper_actor - DEBUG - run_dag dispatch (time 11): recv s2 mb2 bkt=0
[36m(PiperActor pid=1981787)[0m 2026-04-01 22:05:51,695 - piper_actor - DEBUG - exec_recv key (None, 2) from peer pp rank 1
[36m(PiperActor pid=1981787)[0m 2026-04-01 22:05:51,695 - piper_actor - DEBUG - run_dag dispatch (time 12): backward s2 mb2 bkt=0
[36m(PiperActor pid=1981787)[0m 2026-04-01 22:05:51,718 - piper_actor - DEBUG - run_dag dispatch (time 12): recv s2 mb3 bkt=0
[36m(PiperActor pid=1981787)[0m 2026-04-01 22:05:51,718 - piper_actor - DEBUG - exec_recv key (None, 3) from peer pp rank 1
[36m(PiperActor pid=1981787)[0m 2026-04-01 22:05:51,719 - piper_actor - DEBUG - run_dag dispatch (time 13): backward s2 mb3 bkt=0
[36m(PiperActor pid=1981793)[0m 2026-04-01 22:05:51,701 - piper_actor - DEBUG - run_dag dispatch (time 12): send s3 mb2 bkt=0
[36m(PiperActor pid=1981793)[0m 2026-04-01 22:05:51,701 - piper_actor - DEBUG - exec_send key (None, 2) to peer pp rank 0
[36m(PiperActor pid=1981793)[0m 2026-04-01 22:05:51,702 - piper_actor - DEBUG - run_dag dispatch (time 13): backward s3 mb3 bkt=0
[36m(PiperActor pid=1981793)[0m 2026-04-01 22:05:51,732 - piper_actor - DEBUG - run_dag dispatch (time 13): recv s1 mb2 bkt=0
[36m(PiperActor pid=1981793)[0m 2026-04-01 22:05:51,733 - piper_actor - DEBUG - exec_recv key (None, 2) from peer pp rank 0
[36m(PiperActor pid=1981793)[0m 2026-04-01 22:05:51,733 - piper_actor - DEBUG - run_dag dispatch (time 14): backward s1 mb2 bkt=0
[36m(PiperActor pid=1981795)[0m 2026-04-01 22:05:51,728 - piper_actor - DEBUG - run_dag dispatch (time 14): recv s1 mb3 bkt=0
[36m(PiperActor pid=1981795)[0m 2026-04-01 22:05:51,729 - piper_actor - DEBUG - exec_recv key (None, 3) from peer pp rank 0
[36m(PiperActor pid=1981795)[0m 2026-04-01 22:05:51,729 - piper_actor - DEBUG - run_dag dispatch (time 14): send s3 mb3 bkt=0
[36m(PiperActor pid=1981795)[0m 2026-04-01 22:05:51,729 - piper_actor - DEBUG - exec_send key (None, 3) to peer pp rank 0
[36m(PiperActor pid=1981795)[0m 2026-04-01 22:05:51,730 - piper_actor - DEBUG - run_dag dispatch (time 14): all_reduce s3 mb3 bkt=0
[36m(PiperActor pid=1981795)[0m 2026-04-01 22:05:51,733 - piper_actor - DEBUG - run_dag dispatch (time 15): backward s1 mb3 bkt=0
[36m(PiperActor pid=1981787)[0m 2026-04-01 22:05:51,749 - piper_actor - DEBUG - run_dag dispatch (time 13): send s2 mb2 bkt=0
[36m(PiperActor pid=1981787)[0m 2026-04-01 22:05:51,749 - piper_actor - DEBUG - exec_send key (None, 2) to peer pp rank 1
[36m(PiperActor pid=1981787)[0m 2026-04-01 22:05:51,750 - piper_actor - DEBUG - run_dag dispatch (time 13): recv s0 mb2 bkt=0
[36m(PiperActor pid=1981787)[0m 2026-04-01 22:05:51,750 - piper_actor - DEBUG - exec_recv key (None, 2) from peer pp rank 1
[36m(PiperActor pid=1981787)[0m 2026-04-01 22:05:51,750 - piper_actor - DEBUG - run_dag dispatch (time 14): backward s0 mb2 bkt=0
[36m(PiperActor pid=1981800)[0m 2026-04-01 22:05:51,766 - piper_actor - DEBUG - run_dag dispatch (time 14): send s2 mb3 bkt=0
[36m(PiperActor pid=1981800)[0m 2026-04-01 22:05:51,766 - piper_actor - DEBUG - exec_send key (None, 3) to peer pp rank 1
[36m(PiperActor pid=1981800)[0m 2026-04-01 22:05:51,767 - piper_actor - DEBUG - run_dag dispatch (time 14): recv s0 mb3 bkt=0
[36m(PiperActor pid=1981800)[0m 2026-04-01 22:05:51,767 - piper_actor - DEBUG - exec_recv key (None, 3) from peer pp rank 1
[36m(PiperActor pid=1981800)[0m 2026-04-01 22:05:51,768 - piper_actor - DEBUG - run_dag dispatch (time 14): all_reduce s2 mb3 bkt=0
[36m(PiperActor pid=1981800)[0m 2026-04-01 22:05:51,769 - piper_actor - DEBUG - run_dag dispatch (time 15): backward s0 mb3 bkt=0
[36m(PiperActor pid=1981795)[0m 2026-04-01 22:05:51,766 - piper_actor - DEBUG - run_dag dispatch (time 15): send s1 mb2 bkt=0
[36m(PiperActor pid=1981795)[0m 2026-04-01 22:05:51,766 - piper_actor - DEBUG - exec_send key (None, 2) to peer pp rank 0
[36m(PiperActor pid=1981795)[0m 2026-04-01 22:05:51,767 - piper_actor - DEBUG - run_dag dispatch (time 16): update s1 mb3 bkt=0
[36m(PiperActor pid=1981793)[0m 2026-04-01 22:05:51,790 - piper_actor - DEBUG - run_dag dispatch (time 14): recv s1 mb3 bkt=0
[36m(PiperActor pid=1981793)[0m 2026-04-01 22:05:51,791 - piper_actor - DEBUG - exec_recv key (None, 3) from peer pp rank 0
[36m(PiperActor pid=1981793)[0m 2026-04-01 22:05:51,791 - piper_actor - DEBUG - run_dag dispatch (time 14): send s3 mb3 bkt=0
[36m(PiperActor pid=1981793)[0m 2026-04-01 22:05:51,791 - piper_actor - DEBUG - exec_send key (None, 3) to peer pp rank 0
[36m(PiperActor pid=1981793)[0m 2026-04-01 22:05:51,792 - piper_actor - DEBUG - run_dag dispatch (time 14): all_reduce s3 mb3 bkt=0
[36m(PiperActor pid=1981793)[0m 2026-04-01 22:05:51,792 - piper_actor - DEBUG - run_dag dispatch (time 15): backward s1 mb3 bkt=0
[36m(PiperActor pid=1981800)[0m 2026-04-01 22:05:51,808 - piper_actor - DEBUG - run_dag dispatch (time 16): update s0 mb3 bkt=0
[36m(PiperActor pid=1981787)[0m 2026-04-01 22:05:51,829 - piper_actor - DEBUG - run_dag dispatch (time 14): send s2 mb3 bkt=0
[36m(PiperActor pid=1981787)[0m 2026-04-01 22:05:51,829 - piper_actor - DEBUG - exec_send key (None, 3) to peer pp rank 1
[36m(PiperActor pid=1981787)[0m 2026-04-01 22:05:51,830 - piper_actor - DEBUG - run_dag dispatch (time 14): recv s0 mb3 bkt=0
[36m(PiperActor pid=1981787)[0m 2026-04-01 22:05:51,830 - piper_actor - DEBUG - exec_recv key (None, 3) from peer pp rank 1
[36m(PiperActor pid=1981787)[0m 2026-04-01 22:05:51,830 - piper_actor - DEBUG - run_dag dispatch (time 14): all_reduce s2 mb3 bkt=0
[36m(PiperActor pid=1981787)[0m 2026-04-01 22:05:51,831 - piper_actor - DEBUG - run_dag dispatch (time 15): backward s0 mb3 bkt=0
[36m(PiperActor pid=1981793)[0m 2026-04-01 22:05:51,829 - piper_actor - DEBUG - run_dag dispatch (time 15): send s1 mb2 bkt=0
[36m(PiperActor pid=1981793)[0m 2026-04-01 22:05:51,830 - piper_actor - DEBUG - exec_send key (None, 2) to peer pp rank 0
[36m(PiperActor pid=1981793)[0m 2026-04-01 22:05:51,830 - piper_actor - DEBUG - run_dag dispatch (time 16): update s1 mb3 bkt=0
[36m(PiperActor pid=1981787)[0m 2026-04-01 22:05:51,870 - piper_actor - DEBUG - run_dag dispatch (time 16): update s0 mb3 bkt=0
[36m(PiperActor pid=1981795)[0m 2026-04-01 22:05:51,874 - piper_actor - DEBUG - run_dag dispatch (time 16): send s1 mb3 bkt=0
[36m(PiperActor pid=1981795)[0m 2026-04-01 22:05:51,874 - piper_actor - DEBUG - exec_send key (None, 3) to peer pp rank 0
[36m(PiperActor pid=1981795)[0m 2026-04-01 22:05:51,875 - piper_actor - DEBUG - run_dag dispatch (time 16): all_reduce s1 mb3 bkt=0
[36m(PiperActor pid=1981793)[0m 2026-04-01 22:05:51,930 - piper_actor - DEBUG - run_dag dispatch (time 16): send s1 mb3 bkt=0
[36m(PiperActor pid=1981793)[0m 2026-04-01 22:05:51,930 - piper_actor - DEBUG - exec_send key (None, 3) to peer pp rank 0
[36m(PiperActor pid=1981793)[0m 2026-04-01 22:05:51,931 - piper_actor - DEBUG - run_dag dispatch (time 16): all_reduce s1 mb3 bkt=0
[36m(PiperActor pid=1981800)[0m 2026-04-01 22:05:51,975 - piper_actor - DEBUG - run_dag dispatch (time 16): all_reduce s0 mb3 bkt=0
[36m(PiperActor pid=1981787)[0m 2026-04-01 22:05:52,030 - piper_actor - DEBUG - run_dag dispatch (time 16): all_reduce s0 mb3 bkt=0
[36m(PiperActor pid=1981787)[0m 2026-04-01 22:05:53,040 - piper_actor - DEBUG - run_dag dispatch (time -20001): all_gather s2 mb0 bkt=0
[36m(PiperActor pid=1981787)[0m 2026-04-01 22:05:53,041 - piper_actor - DEBUG - run_dag dispatch (time -20000): all_gather s0 mb0 bkt=0
[36m(PiperActor pid=1981787)[0m 2026-04-01 22:05:53,041 - piper_actor - DEBUG - run_dag dispatch (time 0): forward s0 mb0 bkt=0
[36m(PiperActor pid=1981787)[0m 2026-04-01 22:05:53,054 - piper_actor - DEBUG - run_dag dispatch (time 1): forward s0 mb1 bkt=0
[36m(PiperActor pid=1981787)[0m 2026-04-01 22:05:53,065 - piper_actor - DEBUG - run_dag dispatch (time 1): send s0 mb0 bkt=0
[36m(PiperActor pid=1981787)[0m 2026-04-01 22:05:53,065 - piper_actor - DEBUG - exec_send key ((0, 0), 0) to peer pp rank 1
[36m(PiperActor pid=1981787)[0m 2026-04-01 22:05:53,066 - piper_actor - DEBUG - run_dag dispatch (time 1): recv s2 mb0 bkt=0
[36m(PiperActor pid=1981787)[0m 2026-04-01 22:05:53,066 - piper_actor - DEBUG - exec_recv key ((2, 0), 0) from peer pp rank 1
[36m(PiperActor pid=1981787)[0m 2026-04-01 22:05:53,066 - piper_actor - DEBUG - run_dag dispatch (time 2): forward s2 mb0 bkt=0
[36m(PiperActor pid=1981787)[0m 2026-04-01 22:05:53,078 - piper_actor - DEBUG - run_dag dispatch (time 2): send s0 mb1 bkt=0
[36m(PiperActor pid=1981787)[0m 2026-04-01 22:05:53,078 - piper_actor - DEBUG - exec_send key ((0, 0), 1) to peer pp rank 1
[36m(PiperActor pid=1981787)[0m 2026-04-01 22:05:53,078 - piper_actor - DEBUG - run_dag dispatch (time 2): recv s2 mb1 bkt=0
[36m(PiperActor pid=1981787)[0m 2026-04-01 22:05:53,078 - piper_actor - DEBUG - exec_recv key ((2, 0), 1) from peer pp rank 1
[36m(PiperActor pid=1981787)[0m 2026-04-01 22:05:53,079 - piper_actor - DEBUG - run_dag dispatch (time 3): forward s2 mb1 bkt=0
[36m(PiperActor pid=1981787)[0m 2026-04-01 22:05:53,090 - piper_actor - DEBUG - run_dag dispatch (time 3): send s2 mb0 bkt=0
[36m(PiperActor pid=1981787)[0m 2026-04-01 22:05:53,090 - piper_actor - DEBUG - exec_send key ((2, 0), 0) to peer pp rank 1
[36m(PiperActor pid=1981787)[0m 2026-04-01 22:05:53,091 - piper_actor - DEBUG - run_dag dispatch (time 4): forward s0 mb2 bkt=0
[36m(PiperActor pid=1981793)[0m 2026-04-01 22:05:53,040 - piper_actor - DEBUG - run_dag dispatch (time -20001): all_gather s3 mb0 bkt=0
[36m(PiperActor pid=1981793)[0m 2026-04-01 22:05:53,041 - piper_actor - DEBUG - run_dag dispatch (time -20000): all_gather s1 mb0 bkt=0
[36m(PiperActor pid=1981793)[0m 2026-04-01 22:05:53,041 - piper_actor - DEBUG - run_dag dispatch (time -1): recv s1 mb0 bkt=0
[36m(PiperActor pid=1981793)[0m 2026-04-01 22:05:53,042 - piper_actor - DEBUG - exec_recv key ((1, 0), 0) from peer pp rank 0
[36m(PiperActor pid=1981793)[0m 2026-04-01 22:05:53,042 - piper_actor - DEBUG - run_dag dispatch (time 0): forward s1 mb0 bkt=0
[36m(PiperActor pid=1981793)[0m 2026-04-01 22:05:53,053 - piper_actor - DEBUG - run_dag dispatch (time 0): recv s1 mb1 bkt=0
[36m(PiperActor pid=1981793)[0m 2026-04-01 22:05:53,053 - piper_actor - DEBUG - exec_recv key ((1, 0), 1) from peer pp rank 0
[36m(PiperActor pid=1981793)[0m 2026-04-01 22:05:53,054 - piper_actor - DEBUG - run_dag dispatch (time 1): forward s1 mb1 bkt=0
[36m(PiperActor pid=1981793)[0m 2026-04-01 22:05:53,065 - piper_actor - DEBUG - run_dag dispatch (time 1): recv s3 mb0 bkt=0
[36m(PiperActor pid=1981793)[0m 2026-04-01 22:05:53,065 - piper_actor - DEBUG - exec_recv key ((3, 0), 0) from peer pp rank 0
[36m(PiperActor pid=1981793)[0m 2026-04-01 22:05:53,066 - piper_actor - DEBUG - run_dag dispatch (time 1): send s1 mb0 bkt=0
[36m(PiperActor pid=1981793)[0m 2026-04-01 22:05:53,066 - piper_actor - DEBUG - exec_send key ((1, 0), 0) to peer pp rank 0
[36m(PiperActor pid=1981793)[0m 2026-04-01 22:05:53,066 - piper_actor - DEBUG - run_dag dispatch (time 2): forward s3 mb0 bkt=0
[36m(PiperActor pid=1981793)[0m 2026-04-01 22:05:53,078 - piper_actor - DEBUG - run_dag dispatch (time 2): send s1 mb1 bkt=0
[36m(PiperActor pid=1981793)[0m 2026-04-01 22:05:53,078 - piper_actor - DEBUG - exec_send key ((1, 0), 1) to peer pp rank 0
[36m(PiperActor pid=1981793)[0m 2026-04-01 22:05:53,078 - piper_actor - DEBUG - run_dag dispatch (time 3): backward s3 mb0 bkt=0
[36m(PiperActor pid=1981800)[0m 2026-04-01 22:05:52,991 - piper_actor - DEBUG - run_dag dispatch (time -20001): all_gather s2 mb0 bkt=0
[36m(PiperActor pid=1981800)[0m 2026-04-01 22:05:52,992 - piper_actor - DEBUG - run_dag dispatch (time -20000): all_gather s0 mb0 bkt=0
[36m(PiperActor pid=1981800)[0m 2026-04-01 22:05:52,992 - piper_actor - DEBUG - run_dag dispatch (time 0): forward s0 mb0 bkt=0
[36m(PiperActor pid=1981800)[0m 2026-04-01 22:05:53,004 - piper_actor - DEBUG - run_dag dispatch (time 1): forward s0 mb1 bkt=0
[36m(PiperActor pid=1981800)[0m 2026-04-01 22:05:53,015 - piper_actor - DEBUG - run_dag dispatch (time 1): send s0 mb0 bkt=0
[36m(PiperActor pid=1981800)[0m 2026-04-01 22:05:53,015 - piper_actor - DEBUG - exec_send key ((0, 0), 0) to peer pp rank 1
[36m(PiperActor pid=1981800)[0m 2026-04-01 22:05:53,015 - piper_actor - DEBUG - run_dag dispatch (time 1): recv s2 mb0 bkt=0
[36m(PiperActor pid=1981800)[0m 2026-04-01 22:05:53,016 - piper_actor - DEBUG - exec_recv key ((2, 0), 0) from peer pp rank 1
[36m(PiperActor pid=1981800)[0m 2026-04-01 22:05:53,016 - piper_actor - DEBUG - run_dag dispatch (time 2): forward s2 mb0 bkt=0
[36m(PiperActor pid=1981800)[0m 2026-04-01 22:05:53,051 - piper_actor - DEBUG - run_dag dispatch (time 2): send s0 mb1 bkt=0
[36m(PiperActor pid=1981800)[0m 2026-04-01 22:05:53,051 - piper_actor - DEBUG - exec_send key ((0, 0), 1) to peer pp rank 1
[36m(PiperActor pid=1981800)[0m 2026-04-01 22:05:53,051 - piper_actor - DEBUG - run_dag dispatch (time 2): recv s2 mb1 bkt=0
[36m(PiperActor pid=1981800)[0m 2026-04-01 22:05:53,051 - piper_actor - DEBUG - exec_recv key ((2, 0), 1) from peer pp rank 1
[36m(PiperActor pid=1981800)[0m 2026-04-01 22:05:53,052 - piper_actor - DEBUG - run_dag dispatch (time 3): forward s2 mb1 bkt=0
[36m(PiperActor pid=1981800)[0m 2026-04-01 22:05:53,070 - piper_actor - DEBUG - run_dag dispatch (time 3): send s2 mb0 bkt=0
[36m(PiperActor pid=1981800)[0m 2026-04-01 22:05:53,070 - piper_actor - DEBUG - exec_send key ((2, 0), 0) to peer pp rank 1
[36m(PiperActor pid=1981800)[0m 2026-04-01 22:05:53,071 - piper_actor - DEBUG - run_dag dispatch (time 4): forward s0 mb2 bkt=0
[36m(PiperActor pid=1981800)[0m 2026-04-01 22:05:53,090 - piper_actor - DEBUG - run_dag dispatch (time 4): send s2 mb1 bkt=0
[36m(PiperActor pid=1981800)[0m 2026-04-01 22:05:53,090 - piper_actor - DEBUG - exec_send key ((2, 0), 1) to peer pp rank 1
[36m(PiperActor pid=1981800)[0m 2026-04-01 22:05:53,091 - piper_actor - DEBUG - run_dag dispatch (time 4): recv s2 mb0 bkt=0
[36m(PiperActor pid=1981800)[0m 2026-04-01 22:05:53,091 - piper_actor - DEBUG - exec_recv key (None, 0) from peer pp rank 1
[36m(PiperActor pid=1981800)[0m 2026-04-01 22:05:53,091 - piper_actor - DEBUG - run_dag dispatch (time 5): backward s2 mb0 bkt=0
[36m(PiperActor pid=1981795)[0m 2026-04-01 22:05:52,989 - piper_actor - DEBUG - run_dag dispatch (time -20001): all_gather s3 mb0 bkt=0
[36m(PiperActor pid=1981795)[0m 2026-04-01 22:05:52,989 - piper_actor - DEBUG - run_dag dispatch (time -20000): all_gather s1 mb0 bkt=0
[36m(PiperActor pid=1981795)[0m 2026-04-01 22:05:52,990 - piper_actor - DEBUG - run_dag dispatch (time -1): recv s1 mb0 bkt=0
[36m(PiperActor pid=1981795)[0m 2026-04-01 22:05:52,990 - piper_actor - DEBUG - exec_recv key ((1, 0), 0) from peer pp rank 0
[36m(PiperActor pid=1981795)[0m 2026-04-01 22:05:52,990 - piper_actor - DEBUG - run_dag dispatch (time 0): forward s1 mb0 bkt=0
[36m(PiperActor pid=1981795)[0m 2026-04-01 22:05:53,000 - piper_actor - DEBUG - run_dag dispatch (time 0): recv s1 mb1 bkt=0
[36m(PiperActor pid=1981795)[0m 2026-04-01 22:05:53,001 - piper_actor - DEBUG - exec_recv key ((1, 0), 1) from peer pp rank 0
[36m(PiperActor pid=1981795)[0m 2026-04-01 22:05:53,001 - piper_actor - DEBUG - run_dag dispatch (time 1): forward s1 mb1 bkt=0
[36m(PiperActor pid=1981795)[0m 2026-04-01 22:05:53,012 - piper_actor - DEBUG - run_dag dispatch (time 1): recv s3 mb0 bkt=0
[36m(PiperActor pid=1981795)[0m 2026-04-01 22:05:53,012 - piper_actor - DEBUG - exec_recv key ((3, 0), 0) from peer pp rank 0
[36m(PiperActor pid=1981795)[0m 2026-04-01 22:05:53,013 - piper_actor - DEBUG - run_dag dispatch (time 1): send s1 mb0 bkt=0
[36m(PiperActor pid=1981795)[0m 2026-04-01 22:05:53,013 - piper_actor - DEBUG - exec_send key ((1, 0), 0) to peer pp rank 0
[36m(PiperActor pid=1981795)[0m 2026-04-01 22:05:53,013 - piper_actor - DEBUG - run_dag dispatch (time 2): forward s3 mb0 bkt=0
[36m(PiperActor pid=1981795)[0m 2026-04-01 22:05:53,071 - piper_actor - DEBUG - run_dag dispatch (time 2): send s1 mb1 bkt=0
[36m(PiperActor pid=1981795)[0m 2026-04-01 22:05:53,071 - piper_actor - DEBUG - exec_send key ((1, 0), 1) to peer pp rank 0
[36m(PiperActor pid=1981795)[0m 2026-04-01 22:05:53,072 - piper_actor - DEBUG - run_dag dispatch (time 3): backward s3 mb0 bkt=0
[36m(PiperActor pid=1981787)[0m 2026-04-01 22:05:53,102 - piper_actor - DEBUG - run_dag dispatch (time 4): send s2 mb1 bkt=0
[36m(PiperActor pid=1981787)[0m 2026-04-01 22:05:53,103 - piper_actor - DEBUG - exec_send key ((2, 0), 1) to peer pp rank 1
[36m(PiperActor pid=1981787)[0m 2026-04-01 22:05:53,103 - piper_actor - DEBUG - run_dag dispatch (time 4): recv s2 mb0 bkt=0
[36m(PiperActor pid=1981787)[0m 2026-04-01 22:05:53,103 - piper_actor - DEBUG - exec_recv key (None, 0) from peer pp rank 1
[36m(PiperActor pid=1981787)[0m 2026-04-01 22:05:53,103 - piper_actor - DEBUG - run_dag dispatch (time 5): backward s2 mb0 bkt=0
[36m(PiperActor pid=1981787)[0m 2026-04-01 22:05:53,126 - piper_actor - DEBUG - run_dag dispatch (time 5): send s0 mb2 bkt=0
[36m(PiperActor pid=1981787)[0m 2026-04-01 22:05:53,127 - piper_actor - DEBUG - exec_send key ((0, 0), 2) to peer pp rank 1
[36m(PiperActor pid=1981787)[0m 2026-04-01 22:05:53,127 - piper_actor - DEBUG - run_dag dispatch (time 6): forward s0 mb3 bkt=0
[36m(PiperActor pid=1981800)[0m 2026-04-01 22:05:53,127 - piper_actor - DEBUG - run_dag dispatch (time 5): send s0 mb2 bkt=0
[36m(PiperActor pid=1981800)[0m 2026-04-01 22:05:53,127 - piper_actor - DEBUG - exec_send key ((0, 0), 2) to peer pp rank 1
[36m(PiperActor pid=1981800)[0m 2026-04-01 22:05:53,128 - piper_actor - DEBUG - run_dag dispatch (time 6): forward s0 mb3 bkt=0
[36m(PiperActor pid=1981793)[0m 2026-04-01 22:05:53,445 - piper_actor - DEBUG - run_dag dispatch (time 3): recv s3 mb1 bkt=0
[36m(PiperActor pid=1981793)[0m 2026-04-01 22:05:53,445 - piper_actor - DEBUG - exec_recv key ((3, 0), 1) from peer pp rank 0
[36m(PiperActor pid=1981793)[0m 2026-04-01 22:05:53,445 - piper_actor - DEBUG - run_dag dispatch (time 4): forward s3 mb1 bkt=0
[36m(PiperActor pid=1981793)[0m 2026-04-01 22:05:53,456 - piper_actor - DEBUG - run_dag dispatch (time 4): send s3 mb0 bkt=0
[36m(PiperActor pid=1981793)[0m 2026-04-01 22:05:53,456 - piper_actor - DEBUG - exec_send key (None, 0) to peer pp rank 0
[36m(PiperActor pid=1981793)[0m 2026-04-01 22:05:53,457 - piper_actor - DEBUG - run_dag dispatch (time 5): backward s3 mb1 bkt=0
[36m(PiperActor pid=1981795)[0m 2026-04-01 22:05:53,445 - piper_actor - DEBUG - run_dag dispatch (time 3): recv s3 mb1 bkt=0
[36m(PiperActor pid=1981795)[0m 2026-04-01 22:05:53,446 - piper_actor - DEBUG - exec_recv key ((3, 0), 1) from peer pp rank 0
[36m(PiperActor pid=1981795)[0m 2026-04-01 22:05:53,446 - piper_actor - DEBUG - run_dag dispatch (time 4): forward s3 mb1 bkt=0
[36m(PiperActor pid=1981795)[0m 2026-04-01 22:05:53,457 - piper_actor - DEBUG - run_dag dispatch (time 4): send s3 mb0 bkt=0
[36m(PiperActor pid=1981795)[0m 2026-04-01 22:05:53,457 - piper_actor - DEBUG - exec_send key (None, 0) to peer pp rank 0
[36m(PiperActor pid=1981795)[0m 2026-04-01 22:05:53,458 - piper_actor - DEBUG - run_dag dispatch (time 5): backward s3 mb1 bkt=0
[36m(PiperActor pid=1981787)[0m 2026-04-01 22:05:53,467 - piper_actor - DEBUG - run_dag dispatch (time 6): send s2 mb0 bkt=0
[36m(PiperActor pid=1981787)[0m 2026-04-01 22:05:53,467 - piper_actor - DEBUG - exec_send key (None, 0) to peer pp rank 1
[36m(PiperActor pid=1981787)[0m 2026-04-01 22:05:53,468 - piper_actor - DEBUG - run_dag dispatch (time 6): recv s2 mb1 bkt=0
[36m(PiperActor pid=1981787)[0m 2026-04-01 22:05:53,468 - piper_actor - DEBUG - exec_recv key (None, 1) from peer pp rank 1
[36m(PiperActor pid=1981787)[0m 2026-04-01 22:05:53,469 - piper_actor - DEBUG - run_dag dispatch (time 7): backward s2 mb1 bkt=0
[36m(PiperActor pid=1981787)[0m 2026-04-01 22:05:53,502 - piper_actor - DEBUG - run_dag dispatch (time 7): send s0 mb3 bkt=0
[36m(PiperActor pid=1981787)[0m 2026-04-01 22:05:53,503 - piper_actor - DEBUG - exec_send key ((0, 0), 3) to peer pp rank 1
[36m(PiperActor pid=1981787)[0m 2026-04-01 22:05:53,503 - piper_actor - DEBUG - run_dag dispatch (time 7): recv s2 mb2 bkt=0
[36m(PiperActor pid=1981787)[0m 2026-04-01 22:05:53,503 - piper_actor - DEBUG - exec_recv key ((2, 0), 2) from peer pp rank 1
[36m(PiperActor pid=1981787)[0m 2026-04-01 22:05:53,504 - piper_actor - DEBUG - run_dag dispatch (time 8): forward s2 mb2 bkt=0
[36m(PiperActor pid=1981793)[0m 2026-04-01 22:05:53,479 - piper_actor - DEBUG - run_dag dispatch (time 5): recv s1 mb2 bkt=0
[36m(PiperActor pid=1981793)[0m 2026-04-01 22:05:53,479 - piper_actor - DEBUG - exec_recv key ((1, 0), 2) from peer pp rank 0
[36m(PiperActor pid=1981793)[0m 2026-04-01 22:05:53,480 - piper_actor - DEBUG - run_dag dispatch (time 6): forward s1 mb2 bkt=0
[36m(PiperActor pid=1981793)[0m 2026-04-01 22:05:53,508 - piper_actor - DEBUG - run_dag dispatch (time 6): recv s1 mb0 bkt=0
[36m(PiperActor pid=1981793)[0m 2026-04-01 22:05:53,508 - piper_actor - DEBUG - exec_recv key (None, 0) from peer pp rank 0
[36m(PiperActor pid=1981800)[0m 2026-04-01 22:05:53,467 - piper_actor - DEBUG - run_dag dispatch (time 6): send s2 mb0 bkt=0
[36m(PiperActor pid=1981800)[0m 2026-04-01 22:05:53,467 - piper_actor - DEBUG - exec_send key (None, 0) to peer pp rank 1
[36m(PiperActor pid=1981800)[0m 2026-04-01 22:05:53,468 - piper_actor - DEBUG - run_dag dispatch (time 6): recv s2 mb1 bkt=0
[36m(PiperActor pid=1981800)[0m 2026-04-01 22:05:53,468 - piper_actor - DEBUG - exec_recv key (None, 1) from peer pp rank 1
[36m(PiperActor pid=1981800)[0m 2026-04-01 22:05:53,468 - piper_actor - DEBUG - run_dag dispatch (time 7): backward s2 mb1 bkt=0
[36m(PiperActor pid=1981800)[0m 2026-04-01 22:05:53,502 - piper_actor - DEBUG - run_dag dispatch (time 7): send s0 mb3 bkt=0
[36m(PiperActor pid=1981800)[0m 2026-04-01 22:05:53,502 - piper_actor - DEBUG - exec_send key ((0, 0), 3) to peer pp rank 1
[36m(PiperActor pid=1981800)[0m 2026-04-01 22:05:53,503 - piper_actor - DEBUG - run_dag dispatch (time 7): recv s2 mb2 bkt=0
[36m(PiperActor pid=1981800)[0m 2026-04-01 22:05:53,503 - piper_actor - DEBUG - exec_recv key ((2, 0), 2) from peer pp rank 1
[36m(PiperActor pid=1981800)[0m 2026-04-01 22:05:53,503 - piper_actor - DEBUG - run_dag dispatch (time 8): forward s2 mb2 bkt=0
[36m(PiperActor pid=1981795)[0m 2026-04-01 22:05:53,481 - piper_actor - DEBUG - run_dag dispatch (time 5): recv s1 mb2 bkt=0
[36m(PiperActor pid=1981795)[0m 2026-04-01 22:05:53,482 - piper_actor - DEBUG - exec_recv key ((1, 0), 2) from peer pp rank 0
[36m(PiperActor pid=1981795)[0m 2026-04-01 22:05:53,482 - piper_actor - DEBUG - run_dag dispatch (time 6): forward s1 mb2 bkt=0
[36m(PiperActor pid=1981795)[0m 2026-04-01 22:05:53,508 - piper_actor - DEBUG - run_dag dispatch (time 6): recv s1 mb0 bkt=0
[36m(PiperActor pid=1981795)[0m 2026-04-01 22:05:53,508 - piper_actor - DEBUG - exec_recv key (None, 0) from peer pp rank 0
[36m(PiperActor pid=1981795)[0m 2026-04-01 22:05:53,508 - piper_actor - DEBUG - run_dag dispatch (time 6): send s3 mb1 bkt=0
[36m(PiperActor pid=1981795)[0m 2026-04-01 22:05:53,509 - piper_actor - DEBUG - exec_send key (None, 1) to peer pp rank 0
[36m(PiperActor pid=1981795)[0m 2026-04-01 22:05:53,509 - piper_actor - DEBUG - run_dag dispatch (time 7): backward s1 mb0 bkt=0
[36m(PiperActor pid=1981787)[0m 2026-04-01 22:05:53,538 - piper_actor - DEBUG - run_dag dispatch (time 8): send s2 mb1 bkt=0
[36m(PiperActor pid=1981787)[0m 2026-04-01 22:05:53,538 - piper_actor - DEBUG - exec_send key (None, 1) to peer pp rank 1
[36m(PiperActor pid=1981787)[0m 2026-04-01 22:05:53,539 - piper_actor - DEBUG - run_dag dispatch (time 8): recv s0 mb0 bkt=0
[36m(PiperActor pid=1981787)[0m 2026-04-01 22:05:53,539 - piper_actor - DEBUG - exec_recv key (None, 0) from peer pp rank 1
[36m(PiperActor pid=1981787)[0m 2026-04-01 22:05:53,539 - piper_actor - DEBUG - run_dag dispatch (time 9): backward s0 mb0 bkt=0
[36m(PiperActor pid=1981793)[0m 2026-04-01 22:05:53,508 - piper_actor - DEBUG - run_dag dispatch (time 6): send s3 mb1 bkt=0
[36m(PiperActor pid=1981793)[0m 2026-04-01 22:05:53,509 - piper_actor - DEBUG - exec_send key (None, 1) to peer pp rank 0
[36m(PiperActor pid=1981793)[0m 2026-04-01 22:05:53,509 - piper_actor - DEBUG - run_dag dispatch (time 7): backward s1 mb0 bkt=0
[36m(PiperActor pid=1981793)[0m 2026-04-01 22:05:53,537 - piper_actor - DEBUG - run_dag dispatch (time 7): recv s1 mb3 bkt=0
[36m(PiperActor pid=1981793)[0m 2026-04-01 22:05:53,537 - piper_actor - DEBUG - exec_recv key ((1, 0), 3) from peer pp rank 0
[36m(PiperActor pid=1981793)[0m 2026-04-01 22:05:53,538 - piper_actor - DEBUG - run_dag dispatch (time 7): send s1 mb2 bkt=0
[36m(PiperActor pid=1981793)[0m 2026-04-01 22:05:53,538 - piper_actor - DEBUG - exec_send key ((1, 0), 2) to peer pp rank 0
[36m(PiperActor pid=1981793)[0m 2026-04-01 22:05:53,538 - piper_actor - DEBUG - run_dag dispatch (time 8): forward s1 mb3 bkt=0
[36m(PiperActor pid=1981800)[0m 2026-04-01 22:05:53,538 - piper_actor - DEBUG - run_dag dispatch (time 8): send s2 mb1 bkt=0
[36m(PiperActor pid=1981800)[0m 2026-04-01 22:05:53,538 - piper_actor - DEBUG - exec_send key (None, 1) to peer pp rank 1
[36m(PiperActor pid=1981800)[0m 2026-04-01 22:05:53,539 - piper_actor - DEBUG - run_dag dispatch (time 8): recv s0 mb0 bkt=0
[36m(PiperActor pid=1981800)[0m 2026-04-01 22:05:53,539 - piper_actor - DEBUG - exec_recv key (None, 0) from peer pp rank 1
[36m(PiperActor pid=1981800)[0m 2026-04-01 22:05:53,539 - piper_actor - DEBUG - run_dag dispatch (time 9): backward s0 mb0 bkt=0
[36m(PiperActor pid=1981795)[0m 2026-04-01 22:05:53,538 - piper_actor - DEBUG - run_dag dispatch (time 7): recv s1 mb3 bkt=0
[36m(PiperActor pid=1981795)[0m 2026-04-01 22:05:53,538 - piper_actor - DEBUG - exec_recv key ((1, 0), 3) from peer pp rank 0
[36m(PiperActor pid=1981795)[0m 2026-04-01 22:05:53,538 - piper_actor - DEBUG - run_dag dispatch (time 7): send s1 mb2 bkt=0
[36m(PiperActor pid=1981795)[0m 2026-04-01 22:05:53,538 - piper_actor - DEBUG - exec_send key ((1, 0), 2) to peer pp rank 0
[36m(PiperActor pid=1981795)[0m 2026-04-01 22:05:53,539 - piper_actor - DEBUG - run_dag dispatch (time 8): forward s1 mb3 bkt=0
[36m(PiperActor pid=1981793)[0m 2026-04-01 22:05:53,554 - piper_actor - DEBUG - run_dag dispatch (time 8): recv s1 mb1 bkt=0
[36m(PiperActor pid=1981793)[0m 2026-04-01 22:05:53,554 - piper_actor - DEBUG - exec_recv key (None, 1) from peer pp rank 0
[36m(PiperActor pid=1981793)[0m 2026-04-01 22:05:53,554 - piper_actor - DEBUG - run_dag dispatch (time 8): send s1 mb0 bkt=0
[36m(PiperActor pid=1981793)[0m 2026-04-01 22:05:53,554 - piper_actor - DEBUG - exec_send key (None, 0) to peer pp rank 0
[36m(PiperActor pid=1981793)[0m 2026-04-01 22:05:53,555 - piper_actor - DEBUG - run_dag dispatch (time 9): backward s1 mb1 bkt=0
[36m(PiperActor pid=1981793)[0m 2026-04-01 22:05:53,586 - piper_actor - DEBUG - run_dag dispatch (time 9): recv s3 mb2 bkt=0
[36m(PiperActor pid=1981793)[0m 2026-04-01 22:05:53,586 - piper_actor - DEBUG - exec_recv key ((3, 0), 2) from peer pp rank 0
[36m(PiperActor pid=1981793)[0m 2026-04-01 22:05:53,587 - piper_actor - DEBUG - run_dag dispatch (time 9): send s1 mb3 bkt=0
[36m(PiperActor pid=1981793)[0m 2026-04-01 22:05:53,587 - piper_actor - DEBUG - exec_send key ((1, 0), 3) to peer pp rank 0
[36m(PiperActor pid=1981793)[0m 2026-04-01 22:05:53,587 - piper_actor - DEBUG - run_dag dispatch (time 10): forward s3 mb2 bkt=0
[36m(PiperActor pid=1981795)[0m 2026-04-01 22:05:53,554 - piper_actor - DEBUG - run_dag dispatch (time 8): recv s1 mb1 bkt=0
[36m(PiperActor pid=1981795)[0m 2026-04-01 22:05:53,554 - piper_actor - DEBUG - exec_recv key (None, 1) from peer pp rank 0
[36m(PiperActor pid=1981795)[0m 2026-04-01 22:05:53,555 - piper_actor - DEBUG - run_dag dispatch (time 8): send s1 mb0 bkt=0
[36m(PiperActor pid=1981795)[0m 2026-04-01 22:05:53,555 - piper_actor - DEBUG - exec_send key (None, 0) to peer pp rank 0
[36m(PiperActor pid=1981795)[0m 2026-04-01 22:05:53,555 - piper_actor - DEBUG - run_dag dispatch (time 9): backward s1 mb1 bkt=0
[36m(PiperActor pid=1981795)[0m 2026-04-01 22:05:53,588 - piper_actor - DEBUG - run_dag dispatch (time 9): recv s3 mb2 bkt=0
[36m(PiperActor pid=1981795)[0m 2026-04-01 22:05:53,588 - piper_actor - DEBUG - exec_recv key ((3, 0), 2) from peer pp rank 0
[36m(PiperActor pid=1981795)[0m 2026-04-01 22:05:53,588 - piper_actor - DEBUG - run_dag dispatch (time 9): send s1 mb3 bkt=0
[36m(PiperActor pid=1981795)[0m 2026-04-01 22:05:53,589 - piper_actor - DEBUG - exec_send key ((1, 0), 3) to peer pp rank 0
[36m(PiperActor pid=1981795)[0m 2026-04-01 22:05:53,589 - piper_actor - DEBUG - run_dag dispatch (time 10): forward s3 mb2 bkt=0
[36m(PiperActor pid=1981787)[0m 2026-04-01 22:05:53,593 - piper_actor - DEBUG - run_dag dispatch (time 9): send s2 mb2 bkt=0
[36m(PiperActor pid=1981787)[0m 2026-04-01 22:05:53,594 - piper_actor - DEBUG - exec_send key ((2, 0), 2) to peer pp rank 1
[36m(PiperActor pid=1981787)[0m 2026-04-01 22:05:53,594 - piper_actor - DEBUG - run_dag dispatch (time 9): recv s2 mb3 bkt=0
[36m(PiperActor pid=1981787)[0m 2026-04-01 22:05:53,594 - piper_actor - DEBUG - exec_recv key ((2, 0), 3) from peer pp rank 1
[36m(PiperActor pid=1981787)[0m 2026-04-01 22:05:53,595 - piper_actor - DEBUG - run_dag dispatch (time 10): forward s2 mb3 bkt=0
[36m(PiperActor pid=1981787)[0m 2026-04-01 22:05:53,608 - piper_actor - DEBUG - run_dag dispatch (time 10): recv s0 mb1 bkt=0
[36m(PiperActor pid=1981787)[0m 2026-04-01 22:05:53,608 - piper_actor - DEBUG - exec_recv key (None, 1) from peer pp rank 1
[36m(PiperActor pid=1981787)[0m 2026-04-01 22:05:53,608 - piper_actor - DEBUG - run_dag dispatch (time 11): backward s0 mb1 bkt=0
[36m(PiperActor pid=1981793)[0m 2026-04-01 22:05:53,604 - piper_actor - DEBUG - run_dag dispatch (time 10): send s1 mb1 bkt=0
[36m(PiperActor pid=1981793)[0m 2026-04-01 22:05:53,604 - piper_actor - DEBUG - exec_send key (None, 1) to peer pp rank 0
[36m(PiperActor pid=1981793)[0m 2026-04-01 22:05:53,605 - piper_actor - DEBUG - run_dag dispatch (time 11): backward s3 mb2 bkt=0
[36m(PiperActor pid=1981800)[0m 2026-04-01 22:05:53,595 - piper_actor - DEBUG - run_dag dispatch (time 9): send s2 mb2 bkt=0
[36m(PiperActor pid=1981800)[0m 2026-04-01 22:05:53,596 - piper_actor - DEBUG - exec_send key ((2, 0), 2) to peer pp rank 1
[36m(PiperActor pid=1981800)[0m 2026-04-01 22:05:53,596 - piper_actor - DEBUG - run_dag dispatch (time 9): recv s2 mb3 bkt=0
[36m(PiperActor pid=1981800)[0m 2026-04-01 22:05:53,596 - piper_actor - DEBUG - exec_recv key ((2, 0), 3) from peer pp rank 1
[36m(PiperActor pid=1981800)[0m 2026-04-01 22:05:53,596 - piper_actor - DEBUG - run_dag dispatch (time 10): forward s2 mb3 bkt=0
[36m(PiperActor pid=1981800)[0m 2026-04-01 22:05:53,607 - piper_actor - DEBUG - run_dag dispatch (time 10): recv s0 mb1 bkt=0
[36m(PiperActor pid=1981800)[0m 2026-04-01 22:05:53,607 - piper_actor - DEBUG - exec_recv key (None, 1) from peer pp rank 1
[36m(PiperActor pid=1981800)[0m 2026-04-01 22:05:53,608 - piper_actor - DEBUG - run_dag dispatch (time 11): backward s0 mb1 bkt=0
[36m(PiperActor pid=1981795)[0m 2026-04-01 22:05:53,605 - piper_actor - DEBUG - run_dag dispatch (time 10): send s1 mb1 bkt=0
[36m(PiperActor pid=1981795)[0m 2026-04-01 22:05:53,605 - piper_actor - DEBUG - exec_send key (None, 1) to peer pp rank 0
[36m(PiperActor pid=1981795)[0m 2026-04-01 22:05:53,606 - piper_actor - DEBUG - run_dag dispatch (time 11): backward s3 mb2 bkt=0
[36m(PiperActor pid=1981787)[0m 2026-04-01 22:05:53,632 - piper_actor - DEBUG - run_dag dispatch (time 11): send s2 mb3 bkt=0
[36m(PiperActor pid=1981787)[0m 2026-04-01 22:05:53,633 - piper_actor - DEBUG - exec_send key ((2, 0), 3) to peer pp rank 1
[36m(PiperActor pid=1981787)[0m 2026-04-01 22:05:53,633 - piper_actor - DEBUG - run_dag dispatch (time 11): recv s2 mb2 bkt=0
[36m(PiperActor pid=1981787)[0m 2026-04-01 22:05:53,633 - piper_actor - DEBUG - exec_recv key (None, 2) from peer pp rank 1
[36m(PiperActor pid=1981787)[0m 2026-04-01 22:05:53,634 - piper_actor - DEBUG - run_dag dispatch (time 12): backward s2 mb2 bkt=0
[36m(PiperActor pid=1981787)[0m 2026-04-01 22:05:53,665 - piper_actor - DEBUG - run_dag dispatch (time 12): recv s2 mb3 bkt=0
[36m(PiperActor pid=1981787)[0m 2026-04-01 22:05:53,665 - piper_actor - DEBUG - exec_recv key (None, 3) from peer pp rank 1
[36m(PiperActor pid=1981787)[0m 2026-04-01 22:05:53,666 - piper_actor - DEBUG - run_dag dispatch (time 13): backward s2 mb3 bkt=0
[36m(PiperActor pid=1981793)[0m 2026-04-01 22:05:53,635 - piper_actor - DEBUG - run_dag dispatch (time 11): recv s3 mb3 bkt=0
[36m(PiperActor pid=1981793)[0m 2026-04-01 22:05:53,635 - piper_actor - DEBUG - exec_recv key ((3, 0), 3) from peer pp rank 0
[36m(PiperActor pid=1981793)[0m 2026-04-01 22:05:53,635 - piper_actor - DEBUG - run_dag dispatch (time 12): forward s3 mb3 bkt=0
[36m(PiperActor pid=1981800)[0m 2026-04-01 22:05:53,630 - piper_actor - DEBUG - run_dag dispatch (time 11): send s2 mb3 bkt=0
[36m(PiperActor pid=1981800)[0m 2026-04-01 22:05:53,630 - piper_actor - DEBUG - exec_send key ((2, 0), 3) to peer pp rank 1
[36m(PiperActor pid=1981800)[0m 2026-04-01 22:05:53,631 - piper_actor - DEBUG - run_dag dispatch (time 11): recv s2 mb2 bkt=0
[36m(PiperActor pid=1981800)[0m 2026-04-01 22:05:53,631 - piper_actor - DEBUG - exec_recv key (None, 2) from peer pp rank 1
[36m(PiperActor pid=1981800)[0m 2026-04-01 22:05:53,631 - piper_actor - DEBUG - run_dag dispatch (time 12): backward s2 mb2 bkt=0
[36m(PiperActor pid=1981800)[0m 2026-04-01 22:05:53,665 - piper_actor - DEBUG - run_dag dispatch (time 12): recv s2 mb3 bkt=0
[36m(PiperActor pid=1981800)[0m 2026-04-01 22:05:53,665 - piper_actor - DEBUG - exec_recv key (None, 3) from peer pp rank 1
[36m(PiperActor pid=1981800)[0m 2026-04-01 22:05:53,666 - piper_actor - DEBUG - run_dag dispatch (time 13): backward s2 mb3 bkt=0
[36m(PiperActor pid=1981795)[0m 2026-04-01 22:05:53,636 - piper_actor - DEBUG - run_dag dispatch (time 11): recv s3 mb3 bkt=0
[36m(PiperActor pid=1981795)[0m 2026-04-01 22:05:53,637 - piper_actor - DEBUG - exec_recv key ((3, 0), 3) from peer pp rank 0
[36m(PiperActor pid=1981795)[0m 2026-04-01 22:05:53,637 - piper_actor - DEBUG - run_dag dispatch (time 12): forward s3 mb3 bkt=0
[36m(PiperActor pid=1981793)[0m 2026-04-01 22:05:53,677 - piper_actor - DEBUG - run_dag dispatch (time 12): send s3 mb2 bkt=0
[36m(PiperActor pid=1981793)[0m 2026-04-01 22:05:53,677 - piper_actor - DEBUG - exec_send key (None, 2) to peer pp rank 0
[36m(PiperActor pid=1981793)[0m 2026-04-01 22:05:53,677 - piper_actor - DEBUG - run_dag dispatch (time 13): backward s3 mb3 bkt=0
[36m(PiperActor pid=1981793)[0m 2026-04-01 22:05:53,708 - piper_actor - DEBUG - run_dag dispatch (time 13): recv s1 mb2 bkt=0
[36m(PiperActor pid=1981793)[0m 2026-04-01 22:05:53,708 - piper_actor - DEBUG - exec_recv key (None, 2) from peer pp rank 0
[36m(PiperActor pid=1981793)[0m 2026-04-01 22:05:53,709 - piper_actor - DEBUG - run_dag dispatch (time 14): backward s1 mb2 bkt=0
[36m(PiperActor pid=1981795)[0m 2026-04-01 22:05:53,678 - piper_actor - DEBUG - run_dag dispatch (time 12): send s3 mb2 bkt=0
[36m(PiperActor pid=1981795)[0m 2026-04-01 22:05:53,678 - piper_actor - DEBUG - exec_send key (None, 2) to peer pp rank 0
[36m(PiperActor pid=1981795)[0m 2026-04-01 22:05:53,679 - piper_actor - DEBUG - run_dag dispatch (time 13): backward s3 mb3 bkt=0
[36m(PiperActor pid=1981795)[0m 2026-04-01 22:05:53,709 - piper_actor - DEBUG - run_dag dispatch (time 13): recv s1 mb2 bkt=0
[36m(PiperActor pid=1981795)[0m 2026-04-01 22:05:53,709 - piper_actor - DEBUG - exec_recv key (None, 2) from peer pp rank 0
[36m(PiperActor pid=1981795)[0m 2026-04-01 22:05:53,710 - piper_actor - DEBUG - run_dag dispatch (time 14): backward s1 mb2 bkt=0
[36m(PiperActor pid=1981787)[0m 2026-04-01 22:05:53,725 - piper_actor - DEBUG - run_dag dispatch (time 13): send s2 mb2 bkt=0
[36m(PiperActor pid=1981787)[0m 2026-04-01 22:05:53,725 - piper_actor - DEBUG - exec_send key (None, 2) to peer pp rank 1
[36m(PiperActor pid=1981787)[0m 2026-04-01 22:05:53,726 - piper_actor - DEBUG - run_dag dispatch (time 13): recv s0 mb2 bkt=0
[36m(PiperActor pid=1981787)[0m 2026-04-01 22:05:53,726 - piper_actor - DEBUG - exec_recv key (None, 2) from peer pp rank 1
[36m(PiperActor pid=1981787)[0m 2026-04-01 22:05:53,726 - piper_actor - DEBUG - run_dag dispatch (time 14): backward s0 mb2 bkt=0
[36m(PiperActor pid=1981800)[0m 2026-04-01 22:05:53,725 - piper_actor - DEBUG - run_dag dispatch (time 13): send s2 mb2 bkt=0
[36m(PiperActor pid=1981800)[0m 2026-04-01 22:05:53,725 - piper_actor - DEBUG - exec_send key (None, 2) to peer pp rank 1
[36m(PiperActor pid=1981800)[0m 2026-04-01 22:05:53,726 - piper_actor - DEBUG - run_dag dispatch (time 13): recv s0 mb2 bkt=0
[36m(PiperActor pid=1981800)[0m 2026-04-01 22:05:53,726 - piper_actor - DEBUG - exec_recv key (None, 2) from peer pp rank 1
[36m(PiperActor pid=1981800)[0m 2026-04-01 22:05:53,726 - piper_actor - DEBUG - run_dag dispatch (time 14): backward s0 mb2 bkt=0
[36m(PiperActor pid=1981793)[0m 2026-04-01 22:05:53,767 - piper_actor - DEBUG - run_dag dispatch (time 14): recv s1 mb3 bkt=0
[36m(PiperActor pid=1981793)[0m 2026-04-01 22:05:53,767 - piper_actor - DEBUG - exec_recv key (None, 3) from peer pp rank 0
[36m(PiperActor pid=1981793)[0m 2026-04-01 22:05:53,768 - piper_actor - DEBUG - run_dag dispatch (time 14): send s3 mb3 bkt=0
[36m(PiperActor pid=1981793)[0m 2026-04-01 22:05:53,768 - piper_actor - DEBUG - exec_send key (None, 3) to peer pp rank 0
[36m(PiperActor pid=1981793)[0m 2026-04-01 22:05:53,768 - piper_actor - DEBUG - run_dag dispatch (time 14): all_reduce s3 mb3 bkt=0
[36m(PiperActor pid=1981793)[0m 2026-04-01 22:05:53,768 - piper_actor - DEBUG - run_dag dispatch (time 15): backward s1 mb3 bkt=0
[36m(PiperActor pid=1981795)[0m 2026-04-01 22:05:53,767 - piper_actor - DEBUG - run_dag dispatch (time 14): recv s1 mb3 bkt=0
[36m(PiperActor pid=1981795)[0m 2026-04-01 22:05:53,767 - piper_actor - DEBUG - exec_recv key (None, 3) from peer pp rank 0
[36m(PiperActor pid=1981795)[0m 2026-04-01 22:05:53,768 - piper_actor - DEBUG - run_dag dispatch (time 14): send s3 mb3 bkt=0
[36m(PiperActor pid=1981795)[0m 2026-04-01 22:05:53,768 - piper_actor - DEBUG - exec_send key (None, 3) to peer pp rank 0
[36m(PiperActor pid=1981795)[0m 2026-04-01 22:05:53,768 - piper_actor - DEBUG - run_dag dispatch (time 14): all_reduce s3 mb3 bkt=0
[36m(PiperActor pid=1981795)[0m 2026-04-01 22:05:53,768 - piper_actor - DEBUG - run_dag dispatch (time 15): backward s1 mb3 bkt=0
[36m(PiperActor pid=1981787)[0m 2026-04-01 22:05:53,806 - piper_actor - DEBUG - run_dag dispatch (time 14): send s2 mb3 bkt=0
[36m(PiperActor pid=1981787)[0m 2026-04-01 22:05:53,806 - piper_actor - DEBUG - exec_send key (None, 3) to peer pp rank 1
[36m(PiperActor pid=1981787)[0m 2026-04-01 22:05:53,806 - piper_actor - DEBUG - run_dag dispatch (time 14): recv s0 mb3 bkt=0
[36m(PiperActor pid=1981787)[0m 2026-04-01 22:05:53,807 - piper_actor - DEBUG - exec_recv key (None, 3) from peer pp rank 1
[36m(PiperActor pid=1981787)[0m 2026-04-01 22:05:53,807 - piper_actor - DEBUG - run_dag dispatch (time 14): all_reduce s2 mb3 bkt=0
[36m(PiperActor pid=1981787)[0m 2026-04-01 22:05:53,807 - piper_actor - DEBUG - run_dag dispatch (time 15): backward s0 mb3 bkt=0
[36m(PiperActor pid=1981793)[0m 2026-04-01 22:05:53,805 - piper_actor - DEBUG - run_dag dispatch (time 15): send s1 mb2 bkt=0
[36m(PiperActor pid=1981793)[0m 2026-04-01 22:05:53,806 - piper_actor - DEBUG - exec_send key (None, 2) to peer pp rank 0
[36m(PiperActor pid=1981793)[0m 2026-04-01 22:05:53,806 - piper_actor - DEBUG - run_dag dispatch (time 16): update s1 mb3 bkt=0
[36m(PiperActor pid=1981800)[0m 2026-04-01 22:05:53,804 - piper_actor - DEBUG - run_dag dispatch (time 14): send s2 mb3 bkt=0
[36m(PiperActor pid=1981800)[0m 2026-04-01 22:05:53,804 - piper_actor - DEBUG - exec_send key (None, 3) to peer pp rank 1
[36m(PiperActor pid=1981800)[0m 2026-04-01 22:05:53,805 - piper_actor - DEBUG - run_dag dispatch (time 14): recv s0 mb3 bkt=0
[36m(PiperActor pid=1981800)[0m 2026-04-01 22:05:53,805 - piper_actor - DEBUG - exec_recv key (None, 3) from peer pp rank 1
[36m(PiperActor pid=1981800)[0m 2026-04-01 22:05:53,805 - piper_actor - DEBUG - run_dag dispatch (time 14): all_reduce s2 mb3 bkt=0
[36m(PiperActor pid=1981800)[0m 2026-04-01 22:05:53,806 - piper_actor - DEBUG - run_dag dispatch (time 15): backward s0 mb3 bkt=0
[36m(PiperActor pid=1981795)[0m 2026-04-01 22:05:53,804 - piper_actor - DEBUG - run_dag dispatch (time 15): send s1 mb2 bkt=0
[36m(PiperActor pid=1981795)[0m 2026-04-01 22:05:53,805 - piper_actor - DEBUG - exec_send key (None, 2) to peer pp rank 0
[36m(PiperActor pid=1981795)[0m 2026-04-01 22:05:53,805 - piper_actor - DEBUG - run_dag dispatch (time 16): update s1 mb3 bkt=0
[36m(PiperActor pid=1981787)[0m 2026-04-01 22:05:53,847 - piper_actor - DEBUG - run_dag dispatch (time 16): update s0 mb3 bkt=0
[36m(PiperActor pid=1981793)[0m 2026-04-01 22:05:53,863 - piper_actor - DEBUG - run_dag dispatch (time 16): send s1 mb3 bkt=0
[36m(PiperActor pid=1981793)[0m 2026-04-01 22:05:53,863 - piper_actor - DEBUG - exec_send key (None, 3) to peer pp rank 0
[36m(PiperActor pid=1981793)[0m 2026-04-01 22:05:53,863 - piper_actor - DEBUG - run_dag dispatch (time 16): all_reduce s1 mb3 bkt=0
[36m(PiperActor pid=1981800)[0m 2026-04-01 22:05:53,845 - piper_actor - DEBUG - run_dag dispatch (time 16): update s0 mb3 bkt=0
[36m(PiperActor pid=1981795)[0m 2026-04-01 22:05:53,861 - piper_actor - DEBUG - run_dag dispatch (time 16): send s1 mb3 bkt=0
[36m(PiperActor pid=1981795)[0m 2026-04-01 22:05:53,861 - piper_actor - DEBUG - exec_send key (None, 3) to peer pp rank 0
[36m(PiperActor pid=1981795)[0m 2026-04-01 22:05:53,861 - piper_actor - DEBUG - run_dag dispatch (time 16): all_reduce s1 mb3 bkt=0
[36m(PiperActor pid=1981787)[0m 2026-04-01 22:05:53,906 - piper_actor - DEBUG - run_dag dispatch (time 16): all_reduce s0 mb3 bkt=0
[36m(PiperActor pid=1981800)[0m 2026-04-01 22:05:53,903 - piper_actor - DEBUG - run_dag dispatch (time 16): all_reduce s0 mb3 bkt=0
[36m(run_dp_rank pid=1961720)[0m Running 5 timed iterations...
[36m(run_dp_rank pid=1961769)[0m Running 5 timed iterations...
[36m(PiperActor pid=1981787)[0m 2026-04-01 22:05:54,918 - piper_actor - DEBUG - run_dag dispatch (time -20001): all_gather s2 mb0 bkt=0
[36m(PiperActor pid=1981787)[0m 2026-04-01 22:05:54,919 - piper_actor - DEBUG - run_dag dispatch (time -20000): all_gather s0 mb0 bkt=0
[36m(PiperActor pid=1981787)[0m 2026-04-01 22:05:54,919 - piper_actor - DEBUG - run_dag dispatch (time 0): forward s0 mb0 bkt=0
[36m(PiperActor pid=1981787)[0m 2026-04-01 22:05:54,930 - piper_actor - DEBUG - run_dag dispatch (time 1): forward s0 mb1 bkt=0
[36m(PiperActor pid=1981787)[0m 2026-04-01 22:05:54,940 - piper_actor - DEBUG - run_dag dispatch (time 1): send s0 mb0 bkt=0
[36m(PiperActor pid=1981787)[0m 2026-04-01 22:05:54,940 - piper_actor - DEBUG - exec_send key ((0, 0), 0) to peer pp rank 1
[36m(PiperActor pid=1981787)[0m 2026-04-01 22:05:54,941 - piper_actor - DEBUG - run_dag dispatch (time 1): recv s2 mb0 bkt=0
[36m(PiperActor pid=1981787)[0m 2026-04-01 22:05:54,941 - piper_actor - DEBUG - exec_recv key ((2, 0), 0) from peer pp rank 1
[36m(PiperActor pid=1981787)[0m 2026-04-01 22:05:54,941 - piper_actor - DEBUG - run_dag dispatch (time 2): forward s2 mb0 bkt=0
[36m(PiperActor pid=1981787)[0m 2026-04-01 22:05:54,952 - piper_actor - DEBUG - run_dag dispatch (time 2): send s0 mb1 bkt=0
[36m(PiperActor pid=1981787)[0m 2026-04-01 22:05:54,952 - piper_actor - DEBUG - exec_send key ((0, 0), 1) to peer pp rank 1
[36m(PiperActor pid=1981787)[0m 2026-04-01 22:05:54,952 - piper_actor - DEBUG - run_dag dispatch (time 2): recv s2 mb1 bkt=0
[36m(PiperActor pid=1981787)[0m 2026-04-01 22:05:54,952 - piper_actor - DEBUG - exec_recv key ((2, 0), 1) from peer pp rank 1
[36m(PiperActor pid=1981793)[0m 2026-04-01 22:05:54,918 - piper_actor - DEBUG - run_dag dispatch (time -20001): all_gather s3 mb0 bkt=0
[36m(PiperActor pid=1981793)[0m 2026-04-01 22:05:54,918 - piper_actor - DEBUG - run_dag dispatch (time -20000): all_gather s1 mb0 bkt=0
[36m(PiperActor pid=1981793)[0m 2026-04-01 22:05:54,919 - piper_actor - DEBUG - run_dag dispatch (time -1): recv s1 mb0 bkt=0
[36m(PiperActor pid=1981793)[0m 2026-04-01 22:05:54,919 - piper_actor - DEBUG - exec_recv key ((1, 0), 0) from peer pp rank 0
[36m(PiperActor pid=1981793)[0m 2026-04-01 22:05:54,919 - piper_actor - DEBUG - run_dag dispatch (time 0): forward s1 mb0 bkt=0
[36m(PiperActor pid=1981793)[0m 2026-04-01 22:05:54,930 - piper_actor - DEBUG - run_dag dispatch (time 0): recv s1 mb1 bkt=0
[36m(PiperActor pid=1981793)[0m 2026-04-01 22:05:54,930 - piper_actor - DEBUG - exec_recv key ((1, 0), 1) from peer pp rank 0
[36m(PiperActor pid=1981793)[0m 2026-04-01 22:05:54,931 - piper_actor - DEBUG - run_dag dispatch (time 1): forward s1 mb1 bkt=0
[36m(PiperActor pid=1981793)[0m 2026-04-01 22:05:54,941 - piper_actor - DEBUG - run_dag dispatch (time 1): recv s3 mb0 bkt=0
[36m(PiperActor pid=1981793)[0m 2026-04-01 22:05:54,941 - piper_actor - DEBUG - exec_recv key ((3, 0), 0) from peer pp rank 0
[36m(PiperActor pid=1981793)[0m 2026-04-01 22:05:54,942 - piper_actor - DEBUG - run_dag dispatch (time 1): send s1 mb0 bkt=0
[36m(PiperActor pid=1981793)[0m 2026-04-01 22:05:54,942 - piper_actor - DEBUG - exec_send key ((1, 0), 0) to peer pp rank 0
[36m(PiperActor pid=1981793)[0m 2026-04-01 22:05:54,942 - piper_actor - DEBUG - run_dag dispatch (time 2): forward s3 mb0 bkt=0
[36m(PiperActor pid=1981800)[0m 2026-04-01 22:05:54,912 - piper_actor - DEBUG - run_dag dispatch (time -20001): all_gather s2 mb0 bkt=0
[36m(PiperActor pid=1981800)[0m 2026-04-01 22:05:54,913 - piper_actor - DEBUG - run_dag dispatch (time -20000): all_gather s0 mb0 bkt=0
[36m(PiperActor pid=1981800)[0m 2026-04-01 22:05:54,913 - piper_actor - DEBUG - run_dag dispatch (time 0): forward s0 mb0 bkt=0
[36m(PiperActor pid=1981800)[0m 2026-04-01 22:05:54,925 - piper_actor - DEBUG - run_dag dispatch (time 1): forward s0 mb1 bkt=0
[36m(PiperActor pid=1981800)[0m 2026-04-01 22:05:54,936 - piper_actor - DEBUG - run_dag dispatch (time 1): send s0 mb0 bkt=0
[36m(PiperActor pid=1981800)[0m 2026-04-01 22:05:54,936 - piper_actor - DEBUG - exec_send key ((0, 0), 0) to peer pp rank 1
[36m(PiperActor pid=1981800)[0m 2026-04-01 22:05:54,936 - piper_actor - DEBUG - run_dag dispatch (time 1): recv s2 mb0 bkt=0
[36m(PiperActor pid=1981800)[0m 2026-04-01 22:05:54,936 - piper_actor - DEBUG - exec_recv key ((2, 0), 0) from peer pp rank 1
[36m(PiperActor pid=1981800)[0m 2026-04-01 22:05:54,937 - piper_actor - DEBUG - run_dag dispatch (time 2): forward s2 mb0 bkt=0
[36m(PiperActor pid=1981800)[0m 2026-04-01 22:05:54,947 - piper_actor - DEBUG - run_dag dispatch (time 2): send s0 mb1 bkt=0
[36m(PiperActor pid=1981800)[0m 2026-04-01 22:05:54,948 - piper_actor - DEBUG - exec_send key ((0, 0), 1) to peer pp rank 1
[36m(PiperActor pid=1981800)[0m 2026-04-01 22:05:54,948 - piper_actor - DEBUG - run_dag dispatch (time 2): recv s2 mb1 bkt=0
[36m(PiperActor pid=1981800)[0m 2026-04-01 22:05:54,949 - piper_actor - DEBUG - exec_recv key ((2, 0), 1) from peer pp rank 1
[36m(PiperActor pid=1981800)[0m 2026-04-01 22:05:54,949 - piper_actor - DEBUG - run_dag dispatch (time 3): forward s2 mb1 bkt=0
[36m(PiperActor pid=1981795)[0m 2026-04-01 22:05:54,912 - piper_actor - DEBUG - run_dag dispatch (time -20001): all_gather s3 mb0 bkt=0
[36m(PiperActor pid=1981795)[0m 2026-04-01 22:05:54,913 - piper_actor - DEBUG - run_dag dispatch (time -20000): all_gather s1 mb0 bkt=0
[36m(PiperActor pid=1981795)[0m 2026-04-01 22:05:54,913 - piper_actor - DEBUG - run_dag dispatch (time -1): recv s1 mb0 bkt=0
[36m(PiperActor pid=1981795)[0m 2026-04-01 22:05:54,913 - piper_actor - DEBUG - exec_recv key ((1, 0), 0) from peer pp rank 0
[36m(PiperActor pid=1981795)[0m 2026-04-01 22:05:54,914 - piper_actor - DEBUG - run_dag dispatch (time 0): forward s1 mb0 bkt=0
[36m(PiperActor pid=1981795)[0m 2026-04-01 22:05:54,925 - piper_actor - DEBUG - run_dag dispatch (time 0): recv s1 mb1 bkt=0
[36m(PiperActor pid=1981795)[0m 2026-04-01 22:05:54,925 - piper_actor - DEBUG - exec_recv key ((1, 0), 1) from peer pp rank 0
[36m(PiperActor pid=1981795)[0m 2026-04-01 22:05:54,925 - piper_actor - DEBUG - run_dag dispatch (time 1): forward s1 mb1 bkt=0
[36m(PiperActor pid=1981795)[0m 2026-04-01 22:05:54,935 - piper_actor - DEBUG - run_dag dispatch (time 1): recv s3 mb0 bkt=0
[36m(PiperActor pid=1981795)[0m 2026-04-01 22:05:54,935 - piper_actor - DEBUG - exec_recv key ((3, 0), 0) from peer pp rank 0
[36m(PiperActor pid=1981795)[0m 2026-04-01 22:05:54,936 - piper_actor - DEBUG - run_dag dispatch (time 1): send s1 mb0 bkt=0
[36m(PiperActor pid=1981795)[0m 2026-04-01 22:05:54,936 - piper_actor - DEBUG - exec_send key ((1, 0), 0) to peer pp rank 0
[36m(PiperActor pid=1981795)[0m 2026-04-01 22:05:54,936 - piper_actor - DEBUG - run_dag dispatch (time 2): forward s3 mb0 bkt=0
[36m(PiperActor pid=1981795)[0m 2026-04-01 22:05:54,947 - piper_actor - DEBUG - run_dag dispatch (time 2): send s1 mb1 bkt=0
[36m(PiperActor pid=1981795)[0m 2026-04-01 22:05:54,947 - piper_actor - DEBUG - exec_send key ((1, 0), 1) to peer pp rank 0
[36m(PiperActor pid=1981795)[0m 2026-04-01 22:05:54,947 - piper_actor - DEBUG - run_dag dispatch (time 3): backward s3 mb0 bkt=0
[36m(PiperActor pid=1981787)[0m 2026-04-01 22:05:54,953 - piper_actor - DEBUG - run_dag dispatch (time 3): forward s2 mb1 bkt=0
[36m(PiperActor pid=1981787)[0m 2026-04-01 22:05:54,963 - piper_actor - DEBUG - run_dag dispatch (time 3): send s2 mb0 bkt=0
[36m(PiperActor pid=1981787)[0m 2026-04-01 22:05:54,963 - piper_actor - DEBUG - exec_send key ((2, 0), 0) to peer pp rank 1
[36m(PiperActor pid=1981787)[0m 2026-04-01 22:05:54,963 - piper_actor - DEBUG - run_dag dispatch (time 4): forward s0 mb2 bkt=0
[36m(PiperActor pid=1981787)[0m 2026-04-01 22:05:54,974 - piper_actor - DEBUG - run_dag dispatch (time 4): send s2 mb1 bkt=0
[36m(PiperActor pid=1981787)[0m 2026-04-01 22:05:54,974 - piper_actor - DEBUG - exec_send key ((2, 0), 1) to peer pp rank 1
[36m(PiperActor pid=1981787)[0m 2026-04-01 22:05:54,975 - piper_actor - DEBUG - run_dag dispatch (time 4): recv s2 mb0 bkt=0
[36m(PiperActor pid=1981787)[0m 2026-04-01 22:05:54,975 - piper_actor - DEBUG - exec_recv key (None, 0) from peer pp rank 1
[36m(PiperActor pid=1981787)[0m 2026-04-01 22:05:54,975 - piper_actor - DEBUG - run_dag dispatch (time 5): backward s2 mb0 bkt=0
[36m(PiperActor pid=1981793)[0m 2026-04-01 22:05:54,954 - piper_actor - DEBUG - run_dag dispatch (time 2): send s1 mb1 bkt=0
[36m(PiperActor pid=1981793)[0m 2026-04-01 22:05:54,954 - piper_actor - DEBUG - exec_send key ((1, 0), 1) to peer pp rank 0
[36m(PiperActor pid=1981793)[0m 2026-04-01 22:05:54,954 - piper_actor - DEBUG - run_dag dispatch (time 3): backward s3 mb0 bkt=0
[36m(PiperActor pid=1981793)[0m 2026-04-01 22:05:54,984 - piper_actor - DEBUG - run_dag dispatch (time 3): recv s3 mb1 bkt=0
[36m(PiperActor pid=1981793)[0m 2026-04-01 22:05:54,984 - piper_actor - DEBUG - exec_recv key ((3, 0), 1) from peer pp rank 0
[36m(PiperActor pid=1981793)[0m 2026-04-01 22:05:54,984 - piper_actor - DEBUG - run_dag dispatch (time 4): forward s3 mb1 bkt=0
[36m(PiperActor pid=1981800)[0m 2026-04-01 22:05:54,962 - piper_actor - DEBUG - run_dag dispatch (time 3): send s2 mb0 bkt=0
[36m(PiperActor pid=1981800)[0m 2026-04-01 22:05:54,963 - piper_actor - DEBUG - exec_send key ((2, 0), 0) to peer pp rank 1
[36m(PiperActor pid=1981800)[0m 2026-04-01 22:05:54,964 - piper_actor - DEBUG - run_dag dispatch (time 4): forward s0 mb2 bkt=0
[36m(PiperActor pid=1981800)[0m 2026-04-01 22:05:54,977 - piper_actor - DEBUG - run_dag dispatch (time 4): send s2 mb1 bkt=0
[36m(PiperActor pid=1981800)[0m 2026-04-01 22:05:54,977 - piper_actor - DEBUG - exec_send key ((2, 0), 1) to peer pp rank 1
[36m(PiperActor pid=1981800)[0m 2026-04-01 22:05:54,977 - piper_actor - DEBUG - run_dag dispatch (time 4): recv s2 mb0 bkt=0
[36m(PiperActor pid=1981800)[0m 2026-04-01 22:05:54,977 - piper_actor - DEBUG - exec_recv key (None, 0) from peer pp rank 1
[36m(PiperActor pid=1981800)[0m 2026-04-01 22:05:54,978 - piper_actor - DEBUG - run_dag dispatch (time 5): backward s2 mb0 bkt=0
[36m(PiperActor pid=1981795)[0m 2026-04-01 22:05:54,985 - piper_actor - DEBUG - run_dag dispatch (time 3): recv s3 mb1 bkt=0
[36m(PiperActor pid=1981795)[0m 2026-04-01 22:05:54,985 - piper_actor - DEBUG - exec_recv key ((3, 0), 1) from peer pp rank 0
[36m(PiperActor pid=1981795)[0m 2026-04-01 22:05:54,985 - piper_actor - DEBUG - run_dag dispatch (time 4): forward s3 mb1 bkt=0
[36m(PiperActor pid=1981787)[0m 2026-04-01 22:05:55,009 - piper_actor - DEBUG - run_dag dispatch (time 5): send s0 mb2 bkt=0
[36m(PiperActor pid=1981787)[0m 2026-04-01 22:05:55,010 - piper_actor - DEBUG - exec_send key ((0, 0), 2) to peer pp rank 1
[36m(PiperActor pid=1981787)[0m 2026-04-01 22:05:55,010 - piper_actor - DEBUG - run_dag dispatch (time 6): forward s0 mb3 bkt=0
[36m(PiperActor pid=1981793)[0m 2026-04-01 22:05:55,027 - piper_actor - DEBUG - run_dag dispatch (time 4): send s3 mb0 bkt=0
[36m(PiperActor pid=1981793)[0m 2026-04-01 22:05:55,027 - piper_actor - DEBUG - exec_send key (None, 0) to peer pp rank 0
[36m(PiperActor pid=1981793)[0m 2026-04-01 22:05:55,027 - piper_actor - DEBUG - run_dag dispatch (time 5): backward s3 mb1 bkt=0
[36m(PiperActor pid=1981800)[0m 2026-04-01 22:05:55,002 - piper_actor - DEBUG - run_dag dispatch (time 5): send s0 mb2 bkt=0
[36m(PiperActor pid=1981800)[0m 2026-04-01 22:05:55,002 - piper_actor - DEBUG - exec_send key ((0, 0), 2) to peer pp rank 1
[36m(PiperActor pid=1981800)[0m 2026-04-01 22:05:55,003 - piper_actor - DEBUG - run_dag dispatch (time 6): forward s0 mb3 bkt=0
[36m(PiperActor pid=1981795)[0m 2026-04-01 22:05:55,027 - piper_actor - DEBUG - run_dag dispatch (time 4): send s3 mb0 bkt=0
[36m(PiperActor pid=1981795)[0m 2026-04-01 22:05:55,027 - piper_actor - DEBUG - exec_send key (None, 0) to peer pp rank 0
[36m(PiperActor pid=1981795)[0m 2026-04-01 22:05:55,027 - piper_actor - DEBUG - run_dag dispatch (time 5): backward s3 mb1 bkt=0
[36m(PiperActor pid=1981787)[0m 2026-04-01 22:05:55,056 - piper_actor - DEBUG - run_dag dispatch (time 6): send s2 mb0 bkt=0
[36m(PiperActor pid=1981787)[0m 2026-04-01 22:05:55,056 - piper_actor - DEBUG - exec_send key (None, 0) to peer pp rank 1
[36m(PiperActor pid=1981787)[0m 2026-04-01 22:05:55,056 - piper_actor - DEBUG - run_dag dispatch (time 6): recv s2 mb1 bkt=0
[36m(PiperActor pid=1981787)[0m 2026-04-01 22:05:55,056 - piper_actor - DEBUG - exec_recv key (None, 1) from peer pp rank 1
[36m(PiperActor pid=1981787)[0m 2026-04-01 22:05:55,057 - piper_actor - DEBUG - run_dag dispatch (time 7): backward s2 mb1 bkt=0
[36m(PiperActor pid=1981793)[0m 2026-04-01 22:05:55,057 - piper_actor - DEBUG - run_dag dispatch (time 5): recv s1 mb2 bkt=0
[36m(PiperActor pid=1981793)[0m 2026-04-01 22:05:55,057 - piper_actor - DEBUG - exec_recv key ((1, 0), 2) from peer pp rank 0
[36m(PiperActor pid=1981793)[0m 2026-04-01 22:05:55,058 - piper_actor - DEBUG - run_dag dispatch (time 6): forward s1 mb2 bkt=0
[36m(PiperActor pid=1981800)[0m 2026-04-01 22:05:55,056 - piper_actor - DEBUG - run_dag dispatch (time 6): send s2 mb0 bkt=0
[36m(PiperActor pid=1981800)[0m 2026-04-01 22:05:55,056 - piper_actor - DEBUG - exec_send key (None, 0) to peer pp rank 1
[36m(PiperActor pid=1981800)[0m 2026-04-01 22:05:55,057 - piper_actor - DEBUG - run_dag dispatch (time 6): recv s2 mb1 bkt=0
[36m(PiperActor pid=1981800)[0m 2026-04-01 22:05:55,057 - piper_actor - DEBUG - exec_recv key (None, 1) from peer pp rank 1
[36m(PiperActor pid=1981800)[0m 2026-04-01 22:05:55,057 - piper_actor - DEBUG - run_dag dispatch (time 7): backward s2 mb1 bkt=0
[36m(PiperActor pid=1981795)[0m 2026-04-01 22:05:55,057 - piper_actor - DEBUG - run_dag dispatch (time 5): recv s1 mb2 bkt=0
[36m(PiperActor pid=1981795)[0m 2026-04-01 22:05:55,058 - piper_actor - DEBUG - exec_recv key ((1, 0), 2) from peer pp rank 0
[36m(PiperActor pid=1981795)[0m 2026-04-01 22:05:55,058 - piper_actor - DEBUG - run_dag dispatch (time 6): forward s1 mb2 bkt=0
[36m(PiperActor pid=1981787)[0m 2026-04-01 22:05:55,092 - piper_actor - DEBUG - run_dag dispatch (time 7): send s0 mb3 bkt=0
[36m(PiperActor pid=1981787)[0m 2026-04-01 22:05:55,092 - piper_actor - DEBUG - exec_send key ((0, 0), 3) to peer pp rank 1
[36m(PiperActor pid=1981787)[0m 2026-04-01 22:05:55,092 - piper_actor - DEBUG - run_dag dispatch (time 7): recv s2 mb2 bkt=0
[36m(PiperActor pid=1981787)[0m 2026-04-01 22:05:55,092 - piper_actor - DEBUG - exec_recv key ((2, 0), 2) from peer pp rank 1
[36m(PiperActor pid=1981787)[0m 2026-04-01 22:05:55,093 - piper_actor - DEBUG - run_dag dispatch (time 8): forward s2 mb2 bkt=0
[36m(PiperActor pid=1981793)[0m 2026-04-01 22:05:55,097 - piper_actor - DEBUG - run_dag dispatch (time 6): recv s1 mb0 bkt=0
[36m(PiperActor pid=1981793)[0m 2026-04-01 22:05:55,098 - piper_actor - DEBUG - exec_recv key (None, 0) from peer pp rank 0
[36m(PiperActor pid=1981793)[0m 2026-04-01 22:05:55,098 - piper_actor - DEBUG - run_dag dispatch (time 6): send s3 mb1 bkt=0
[36m(PiperActor pid=1981793)[0m 2026-04-01 22:05:55,098 - piper_actor - DEBUG - exec_send key (None, 1) to peer pp rank 0
[36m(PiperActor pid=1981793)[0m 2026-04-01 22:05:55,098 - piper_actor - DEBUG - run_dag dispatch (time 7): backward s1 mb0 bkt=0
[36m(PiperActor pid=1981800)[0m 2026-04-01 22:05:55,092 - piper_actor - DEBUG - run_dag dispatch (time 7): send s0 mb3 bkt=0
[36m(PiperActor pid=1981800)[0m 2026-04-01 22:05:55,092 - piper_actor - DEBUG - exec_send key ((0, 0), 3) to peer pp rank 1
[36m(PiperActor pid=1981800)[0m 2026-04-01 22:05:55,093 - piper_actor - DEBUG - run_dag dispatch (time 7): recv s2 mb2 bkt=0
[36m(PiperActor pid=1981800)[0m 2026-04-01 22:05:55,093 - piper_actor - DEBUG - exec_recv key ((2, 0), 2) from peer pp rank 1
[36m(PiperActor pid=1981800)[0m 2026-04-01 22:05:55,093 - piper_actor - DEBUG - run_dag dispatch (time 8): forward s2 mb2 bkt=0
[36m(PiperActor pid=1981795)[0m 2026-04-01 22:05:55,097 - piper_actor - DEBUG - run_dag dispatch (time 6): recv s1 mb0 bkt=0
[36m(PiperActor pid=1981795)[0m 2026-04-01 22:05:55,097 - piper_actor - DEBUG - exec_recv key (None, 0) from peer pp rank 0
[36m(PiperActor pid=1981795)[0m 2026-04-01 22:05:55,098 - piper_actor - DEBUG - run_dag dispatch (time 6): send s3 mb1 bkt=0
[36m(PiperActor pid=1981795)[0m 2026-04-01 22:05:55,098 - piper_actor - DEBUG - exec_send key (None, 1) to peer pp rank 0
[36m(PiperActor pid=1981795)[0m 2026-04-01 22:05:55,098 - piper_actor - DEBUG - run_dag dispatch (time 7): backward s1 mb0 bkt=0
[36m(PiperActor pid=1981787)[0m 2026-04-01 22:05:55,128 - piper_actor - DEBUG - run_dag dispatch (time 8): send s2 mb1 bkt=0
[36m(PiperActor pid=1981787)[0m 2026-04-01 22:05:55,128 - piper_actor - DEBUG - exec_send key (None, 1) to peer pp rank 1
[36m(PiperActor pid=1981787)[0m 2026-04-01 22:05:55,129 - piper_actor - DEBUG - run_dag dispatch (time 8): recv s0 mb0 bkt=0
[36m(PiperActor pid=1981787)[0m 2026-04-01 22:05:55,129 - piper_actor - DEBUG - exec_recv key (None, 0) from peer pp rank 1
[36m(PiperActor pid=1981787)[0m 2026-04-01 22:05:55,129 - piper_actor - DEBUG - run_dag dispatch (time 9): backward s0 mb0 bkt=0
[36m(PiperActor pid=1981793)[0m 2026-04-01 22:05:55,127 - piper_actor - DEBUG - run_dag dispatch (time 7): recv s1 mb3 bkt=0
[36m(PiperActor pid=1981793)[0m 2026-04-01 22:05:55,127 - piper_actor - DEBUG - exec_recv key ((1, 0), 3) from peer pp rank 0
[36m(PiperActor pid=1981793)[0m 2026-04-01 22:05:55,127 - piper_actor - DEBUG - run_dag dispatch (time 7): send s1 mb2 bkt=0
[36m(PiperActor pid=1981793)[0m 2026-04-01 22:05:55,128 - piper_actor - DEBUG - exec_send key ((1, 0), 2) to peer pp rank 0
[36m(PiperActor pid=1981793)[0m 2026-04-01 22:05:55,128 - piper_actor - DEBUG - run_dag dispatch (time 8): forward s1 mb3 bkt=0
[36m(PiperActor pid=1981793)[0m 2026-04-01 22:05:55,144 - piper_actor - DEBUG - run_dag dispatch (time 8): recv s1 mb1 bkt=0
[36m(PiperActor pid=1981793)[0m 2026-04-01 22:05:55,144 - piper_actor - DEBUG - exec_recv key (None, 1) from peer pp rank 0
[36m(PiperActor pid=1981793)[0m 2026-04-01 22:05:55,144 - piper_actor - DEBUG - run_dag dispatch (time 8): send s1 mb0 bkt=0
[36m(PiperActor pid=1981793)[0m 2026-04-01 22:05:55,144 - piper_actor - DEBUG - exec_send key (None, 0) to peer pp rank 0
[36m(PiperActor pid=1981793)[0m 2026-04-01 22:05:55,144 - piper_actor - DEBUG - run_dag dispatch (time 9): backward s1 mb1 bkt=0
[36m(PiperActor pid=1981800)[0m 2026-04-01 22:05:55,127 - piper_actor - DEBUG - run_dag dispatch (time 8): send s2 mb1 bkt=0
[36m(PiperActor pid=1981800)[0m 2026-04-01 22:05:55,128 - piper_actor - DEBUG - exec_send key (None, 1) to peer pp rank 1
[36m(PiperActor pid=1981800)[0m 2026-04-01 22:05:55,128 - piper_actor - DEBUG - run_dag dispatch (time 8): recv s0 mb0 bkt=0
[36m(PiperActor pid=1981800)[0m 2026-04-01 22:05:55,128 - piper_actor - DEBUG - exec_recv key (None, 0) from peer pp rank 1
[36m(PiperActor pid=1981800)[0m 2026-04-01 22:05:55,128 - piper_actor - DEBUG - run_dag dispatch (time 9): backward s0 mb0 bkt=0
[36m(PiperActor pid=1981795)[0m 2026-04-01 22:05:55,127 - piper_actor - DEBUG - run_dag dispatch (time 7): recv s1 mb3 bkt=0
[36m(PiperActor pid=1981795)[0m 2026-04-01 22:05:55,127 - piper_actor - DEBUG - exec_recv key ((1, 0), 3) from peer pp rank 0
[36m(PiperActor pid=1981795)[0m 2026-04-01 22:05:55,127 - piper_actor - DEBUG - run_dag dispatch (time 7): send s1 mb2 bkt=0
[36m(PiperActor pid=1981795)[0m 2026-04-01 22:05:55,128 - piper_actor - DEBUG - exec_send key ((1, 0), 2) to peer pp rank 0
[36m(PiperActor pid=1981795)[0m 2026-04-01 22:05:55,128 - piper_actor - DEBUG - run_dag dispatch (time 8): forward s1 mb3 bkt=0
[36m(PiperActor pid=1981795)[0m 2026-04-01 22:05:55,143 - piper_actor - DEBUG - run_dag dispatch (time 8): recv s1 mb1 bkt=0
[36m(PiperActor pid=1981795)[0m 2026-04-01 22:05:55,143 - piper_actor - DEBUG - exec_recv key (None, 1) from peer pp rank 0
[36m(PiperActor pid=1981795)[0m 2026-04-01 22:05:55,144 - piper_actor - DEBUG - run_dag dispatch (time 8): send s1 mb0 bkt=0
[36m(PiperActor pid=1981795)[0m 2026-04-01 22:05:55,144 - piper_actor - DEBUG - exec_send key (None, 0) to peer pp rank 0
[36m(PiperActor pid=1981795)[0m 2026-04-01 22:05:55,144 - piper_actor - DEBUG - run_dag dispatch (time 9): backward s1 mb1 bkt=0
[36m(PiperActor pid=1981787)[0m 2026-04-01 22:05:55,166 - piper_actor - DEBUG - run_dag dispatch (time 9): send s2 mb2 bkt=0
[36m(PiperActor pid=1981787)[0m 2026-04-01 22:05:55,166 - piper_actor - DEBUG - exec_send key ((2, 0), 2) to peer pp rank 1
[36m(PiperActor pid=1981787)[0m 2026-04-01 22:05:55,167 - piper_actor - DEBUG - run_dag dispatch (time 9): recv s2 mb3 bkt=0
[36m(PiperActor pid=1981787)[0m 2026-04-01 22:05:55,167 - piper_actor - DEBUG - exec_recv key ((2, 0), 3) from peer pp rank 1
[36m(PiperActor pid=1981787)[0m 2026-04-01 22:05:55,167 - piper_actor - DEBUG - run_dag dispatch (time 10): forward s2 mb3 bkt=0
[36m(PiperActor pid=1981787)[0m 2026-04-01 22:05:55,185 - piper_actor - DEBUG - run_dag dispatch (time 10): recv s0 mb1 bkt=0
[36m(PiperActor pid=1981787)[0m 2026-04-01 22:05:55,185 - piper_actor - DEBUG - exec_recv key (None, 1) from peer pp rank 1
[36m(PiperActor pid=1981787)[0m 2026-04-01 22:05:55,186 - piper_actor - DEBUG - run_dag dispatch (time 11): backward s0 mb1 bkt=0
[36m(PiperActor pid=1981793)[0m 2026-04-01 22:05:55,176 - piper_actor - DEBUG - run_dag dispatch (time 9): recv s3 mb2 bkt=0
[36m(PiperActor pid=1981793)[0m 2026-04-01 22:05:55,176 - piper_actor - DEBUG - exec_recv key ((3, 0), 2) from peer pp rank 0
[36m(PiperActor pid=1981793)[0m 2026-04-01 22:05:55,177 - piper_actor - DEBUG - run_dag dispatch (time 9): send s1 mb3 bkt=0
[36m(PiperActor pid=1981793)[0m 2026-04-01 22:05:55,177 - piper_actor - DEBUG - exec_send key ((1, 0), 3) to peer pp rank 0
[36m(PiperActor pid=1981793)[0m 2026-04-01 22:05:55,177 - piper_actor - DEBUG - run_dag dispatch (time 10): forward s3 mb2 bkt=0
[36m(PiperActor pid=1981793)[0m 2026-04-01 22:05:55,194 - piper_actor - DEBUG - run_dag dispatch (time 10): send s1 mb1 bkt=0
[36m(PiperActor pid=1981793)[0m 2026-04-01 22:05:55,194 - piper_actor - DEBUG - exec_send key (None, 1) to peer pp rank 0
[36m(PiperActor pid=1981793)[0m 2026-04-01 22:05:55,194 - piper_actor - DEBUG - run_dag dispatch (time 11): backward s3 mb2 bkt=0
[36m(PiperActor pid=1981800)[0m 2026-04-01 22:05:55,165 - piper_actor - DEBUG - run_dag dispatch (time 9): send s2 mb2 bkt=0
[36m(PiperActor pid=1981800)[0m 2026-04-01 22:05:55,166 - piper_actor - DEBUG - exec_send key ((2, 0), 2) to peer pp rank 1
[36m(PiperActor pid=1981800)[0m 2026-04-01 22:05:55,166 - piper_actor - DEBUG - run_dag dispatch (time 9): recv s2 mb3 bkt=0
[36m(PiperActor pid=1981800)[0m 2026-04-01 22:05:55,166 - piper_actor - DEBUG - exec_recv key ((2, 0), 3) from peer pp rank 1
[36m(PiperActor pid=1981800)[0m 2026-04-01 22:05:55,167 - piper_actor - DEBUG - run_dag dispatch (time 10): forward s2 mb3 bkt=0
[36m(PiperActor pid=1981800)[0m 2026-04-01 22:05:55,185 - piper_actor - DEBUG - run_dag dispatch (time 10): recv s0 mb1 bkt=0
[36m(PiperActor pid=1981800)[0m 2026-04-01 22:05:55,185 - piper_actor - DEBUG - exec_recv key (None, 1) from peer pp rank 1
[36m(PiperActor pid=1981800)[0m 2026-04-01 22:05:55,185 - piper_actor - DEBUG - run_dag dispatch (time 11): backward s0 mb1 bkt=0
[36m(PiperActor pid=1981795)[0m 2026-04-01 22:05:55,176 - piper_actor - DEBUG - run_dag dispatch (time 9): recv s3 mb2 bkt=0
[36m(PiperActor pid=1981795)[0m 2026-04-01 22:05:55,176 - piper_actor - DEBUG - exec_recv key ((3, 0), 2) from peer pp rank 0
[36m(PiperActor pid=1981795)[0m 2026-04-01 22:05:55,177 - piper_actor - DEBUG - run_dag dispatch (time 9): send s1 mb3 bkt=0
[36m(PiperActor pid=1981795)[0m 2026-04-01 22:05:55,177 - piper_actor - DEBUG - exec_send key ((1, 0), 3) to peer pp rank 0
[36m(PiperActor pid=1981795)[0m 2026-04-01 22:05:55,177 - piper_actor - DEBUG - run_dag dispatch (time 10): forward s3 mb2 bkt=0
[36m(PiperActor pid=1981795)[0m 2026-04-01 22:05:55,193 - piper_actor - DEBUG - run_dag dispatch (time 10): send s1 mb1 bkt=0
[36m(PiperActor pid=1981795)[0m 2026-04-01 22:05:55,193 - piper_actor - DEBUG - exec_send key (None, 1) to peer pp rank 0
[36m(PiperActor pid=1981795)[0m 2026-04-01 22:05:55,194 - piper_actor - DEBUG - run_dag dispatch (time 11): backward s3 mb2 bkt=0
[36m(PiperActor pid=1981787)[0m 2026-04-01 22:05:55,222 - piper_actor - DEBUG - run_dag dispatch (time 11): send s2 mb3 bkt=0
[36m(PiperActor pid=1981787)[0m 2026-04-01 22:05:55,223 - piper_actor - DEBUG - exec_send key ((2, 0), 3) to peer pp rank 1
[36m(PiperActor pid=1981787)[0m 2026-04-01 22:05:55,223 - piper_actor - DEBUG - run_dag dispatch (time 11): recv s2 mb2 bkt=0
[36m(PiperActor pid=1981787)[0m 2026-04-01 22:05:55,223 - piper_actor - DEBUG - exec_recv key (None, 2) from peer pp rank 1
[36m(PiperActor pid=1981787)[0m 2026-04-01 22:05:55,223 - piper_actor - DEBUG - run_dag dispatch (time 12): backward s2 mb2 bkt=0
[36m(PiperActor pid=1981793)[0m 2026-04-01 22:05:55,224 - piper_actor - DEBUG - run_dag dispatch (time 11): recv s3 mb3 bkt=0
[36m(PiperActor pid=1981793)[0m 2026-04-01 22:05:55,225 - piper_actor - DEBUG - exec_recv key ((3, 0), 3) from peer pp rank 0
[36m(PiperActor pid=1981793)[0m 2026-04-01 22:05:55,225 - piper_actor - DEBUG - run_dag dispatch (time 12): forward s3 mb3 bkt=0
[36m(PiperActor pid=1981800)[0m 2026-04-01 22:05:55,222 - piper_actor - DEBUG - run_dag dispatch (time 11): send s2 mb3 bkt=0
[36m(PiperActor pid=1981800)[0m 2026-04-01 22:05:55,222 - piper_actor - DEBUG - exec_send key ((2, 0), 3) to peer pp rank 1
[36m(PiperActor pid=1981800)[0m 2026-04-01 22:05:55,223 - piper_actor - DEBUG - run_dag dispatch (time 11): recv s2 mb2 bkt=0
[36m(PiperActor pid=1981800)[0m 2026-04-01 22:05:55,223 - piper_actor - DEBUG - exec_recv key (None, 2) from peer pp rank 1
[36m(PiperActor pid=1981800)[0m 2026-04-01 22:05:55,223 - piper_actor - DEBUG - run_dag dispatch (time 12): backward s2 mb2 bkt=0
[36m(PiperActor pid=1981795)[0m 2026-04-01 22:05:55,224 - piper_actor - DEBUG - run_dag dispatch (time 11): recv s3 mb3 bkt=0
[36m(PiperActor pid=1981795)[0m 2026-04-01 22:05:55,224 - piper_actor - DEBUG - exec_recv key ((3, 0), 3) from peer pp rank 0
[36m(PiperActor pid=1981795)[0m 2026-04-01 22:05:55,225 - piper_actor - DEBUG - run_dag dispatch (time 12): forward s3 mb3 bkt=0
[36m(PiperActor pid=1981787)[0m 2026-04-01 22:05:55,259 - piper_actor - DEBUG - run_dag dispatch (time 12): recv s2 mb3 bkt=0
[36m(PiperActor pid=1981787)[0m 2026-04-01 22:05:55,259 - piper_actor - DEBUG - exec_recv key (None, 3) from peer pp rank 1
[36m(PiperActor pid=1981787)[0m 2026-04-01 22:05:55,259 - piper_actor - DEBUG - run_dag dispatch (time 13): backward s2 mb3 bkt=0
[36m(PiperActor pid=1981793)[0m 2026-04-01 22:05:55,267 - piper_actor - DEBUG - run_dag dispatch (time 12): send s3 mb2 bkt=0
[36m(PiperActor pid=1981793)[0m 2026-04-01 22:05:55,268 - piper_actor - DEBUG - exec_send key (None, 2) to peer pp rank 0
[36m(PiperActor pid=1981793)[0m 2026-04-01 22:05:55,268 - piper_actor - DEBUG - run_dag dispatch (time 13): backward s3 mb3 bkt=0
[36m(PiperActor pid=1981800)[0m 2026-04-01 22:05:55,258 - piper_actor - DEBUG - run_dag dispatch (time 12): recv s2 mb3 bkt=0
[36m(PiperActor pid=1981800)[0m 2026-04-01 22:05:55,258 - piper_actor - DEBUG - exec_recv key (None, 3) from peer pp rank 1
[36m(PiperActor pid=1981800)[0m 2026-04-01 22:05:55,259 - piper_actor - DEBUG - run_dag dispatch (time 13): backward s2 mb3 bkt=0
[36m(PiperActor pid=1981795)[0m 2026-04-01 22:05:55,266 - piper_actor - DEBUG - run_dag dispatch (time 12): send s3 mb2 bkt=0
[36m(PiperActor pid=1981795)[0m 2026-04-01 22:05:55,266 - piper_actor - DEBUG - exec_send key (None, 2) to peer pp rank 0
[36m(PiperActor pid=1981795)[0m 2026-04-01 22:05:55,267 - piper_actor - DEBUG - run_dag dispatch (time 13): backward s3 mb3 bkt=0
[36m(PiperActor pid=1981787)[0m 2026-04-01 22:05:55,315 - piper_actor - DEBUG - run_dag dispatch (time 13): send s2 mb2 bkt=0
[36m(PiperActor pid=1981787)[0m 2026-04-01 22:05:55,316 - piper_actor - DEBUG - exec_send key (None, 2) to peer pp rank 1
[36m(PiperActor pid=1981787)[0m 2026-04-01 22:05:55,316 - piper_actor - DEBUG - run_dag dispatch (time 13): recv s0 mb2 bkt=0
[36m(PiperActor pid=1981787)[0m 2026-04-01 22:05:55,316 - piper_actor - DEBUG - exec_recv key (None, 2) from peer pp rank 1
[36m(PiperActor pid=1981787)[0m 2026-04-01 22:05:55,317 - piper_actor - DEBUG - run_dag dispatch (time 14): backward s0 mb2 bkt=0
[36m(PiperActor pid=1981793)[0m 2026-04-01 22:05:55,298 - piper_actor - DEBUG - run_dag dispatch (time 13): recv s1 mb2 bkt=0
[36m(PiperActor pid=1981793)[0m 2026-04-01 22:05:55,299 - piper_actor - DEBUG - exec_recv key (None, 2) from peer pp rank 0
[36m(PiperActor pid=1981793)[0m 2026-04-01 22:05:55,299 - piper_actor - DEBUG - run_dag dispatch (time 14): backward s1 mb2 bkt=0
[36m(PiperActor pid=1981800)[0m 2026-04-01 22:05:55,314 - piper_actor - DEBUG - run_dag dispatch (time 13): send s2 mb2 bkt=0
[36m(PiperActor pid=1981800)[0m 2026-04-01 22:05:55,315 - piper_actor - DEBUG - exec_send key (None, 2) to peer pp rank 1
[36m(PiperActor pid=1981800)[0m 2026-04-01 22:05:55,315 - piper_actor - DEBUG - run_dag dispatch (time 13): recv s0 mb2 bkt=0
[36m(PiperActor pid=1981800)[0m 2026-04-01 22:05:55,315 - piper_actor - DEBUG - exec_recv key (None, 2) from peer pp rank 1
[36m(PiperActor pid=1981800)[0m 2026-04-01 22:05:55,316 - piper_actor - DEBUG - run_dag dispatch (time 14): backward s0 mb2 bkt=0
[36m(PiperActor pid=1981795)[0m 2026-04-01 22:05:55,298 - piper_actor - DEBUG - run_dag dispatch (time 13): recv s1 mb2 bkt=0
[36m(PiperActor pid=1981795)[0m 2026-04-01 22:05:55,298 - piper_actor - DEBUG - exec_recv key (None, 2) from peer pp rank 0
[36m(PiperActor pid=1981795)[0m 2026-04-01 22:05:55,298 - piper_actor - DEBUG - run_dag dispatch (time 14): backward s1 mb2 bkt=0
[36m(PiperActor pid=1981793)[0m 2026-04-01 22:05:55,358 - piper_actor - DEBUG - run_dag dispatch (time 14): recv s1 mb3 bkt=0
[36m(PiperActor pid=1981793)[0m 2026-04-01 22:05:55,358 - piper_actor - DEBUG - exec_recv key (None, 3) from peer pp rank 0
[36m(PiperActor pid=1981793)[0m 2026-04-01 22:05:55,358 - piper_actor - DEBUG - run_dag dispatch (time 14): send s3 mb3 bkt=0
[36m(PiperActor pid=1981793)[0m 2026-04-01 22:05:55,358 - piper_actor - DEBUG - exec_send key (None, 3) to peer pp rank 0
[36m(PiperActor pid=1981793)[0m 2026-04-01 22:05:55,359 - piper_actor - DEBUG - run_dag dispatch (time 14): all_reduce s3 mb3 bkt=0
[36m(PiperActor pid=1981793)[0m 2026-04-01 22:05:55,359 - piper_actor - DEBUG - run_dag dispatch (time 15): backward s1 mb3 bkt=0
[36m(PiperActor pid=1981795)[0m 2026-04-01 22:05:55,356 - piper_actor - DEBUG - run_dag dispatch (time 14): recv s1 mb3 bkt=0
[36m(PiperActor pid=1981795)[0m 2026-04-01 22:05:55,356 - piper_actor - DEBUG - exec_recv key (None, 3) from peer pp rank 0
[36m(PiperActor pid=1981795)[0m 2026-04-01 22:05:55,357 - piper_actor - DEBUG - run_dag dispatch (time 14): send s3 mb3 bkt=0
[36m(PiperActor pid=1981795)[0m 2026-04-01 22:05:55,357 - piper_actor - DEBUG - exec_send key (None, 3) to peer pp rank 0
[36m(PiperActor pid=1981795)[0m 2026-04-01 22:05:55,357 - piper_actor - DEBUG - run_dag dispatch (time 14): all_reduce s3 mb3 bkt=0
[36m(PiperActor pid=1981795)[0m 2026-04-01 22:05:55,357 - piper_actor - DEBUG - run_dag dispatch (time 15): backward s1 mb3 bkt=0
[36m(PiperActor pid=1981787)[0m 2026-04-01 22:05:55,396 - piper_actor - DEBUG - run_dag dispatch (time 14): send s2 mb3 bkt=0
[36m(PiperActor pid=1981787)[0m 2026-04-01 22:05:55,397 - piper_actor - DEBUG - exec_send key (None, 3) to peer pp rank 1
[36m(PiperActor pid=1981787)[0m 2026-04-01 22:05:55,397 - piper_actor - DEBUG - run_dag dispatch (time 14): recv s0 mb3 bkt=0
[36m(PiperActor pid=1981787)[0m 2026-04-01 22:05:55,397 - piper_actor - DEBUG - exec_recv key (None, 3) from peer pp rank 1
[36m(PiperActor pid=1981787)[0m 2026-04-01 22:05:55,398 - piper_actor - DEBUG - run_dag dispatch (time 14): all_reduce s2 mb3 bkt=0
[36m(PiperActor pid=1981787)[0m 2026-04-01 22:05:55,398 - piper_actor - DEBUG - run_dag dispatch (time 15): backward s0 mb3 bkt=0
[36m(PiperActor pid=1981793)[0m 2026-04-01 22:05:55,396 - piper_actor - DEBUG - run_dag dispatch (time 15): send s1 mb2 bkt=0
[36m(PiperActor pid=1981793)[0m 2026-04-01 22:05:55,397 - piper_actor - DEBUG - exec_send key (None, 2) to peer pp rank 0
[36m(PiperActor pid=1981793)[0m 2026-04-01 22:05:55,397 - piper_actor - DEBUG - run_dag dispatch (time 16): update s1 mb3 bkt=0
[36m(PiperActor pid=1981800)[0m 2026-04-01 22:05:55,396 - piper_actor - DEBUG - run_dag dispatch (time 14): send s2 mb3 bkt=0
[36m(PiperActor pid=1981800)[0m 2026-04-01 22:05:55,396 - piper_actor - DEBUG - exec_send key (None, 3) to peer pp rank 1
[36m(PiperActor pid=1981800)[0m 2026-04-01 22:05:55,398 - piper_actor - DEBUG - run_dag dispatch (time 14): recv s0 mb3 bkt=0
[36m(PiperActor pid=1981800)[0m 2026-04-01 22:05:55,398 - piper_actor - DEBUG - exec_recv key (None, 3) from peer pp rank 1
[36m(PiperActor pid=1981800)[0m 2026-04-01 22:05:55,398 - piper_actor - DEBUG - run_dag dispatch (time 14): all_reduce s2 mb3 bkt=0
[36m(PiperActor pid=1981800)[0m 2026-04-01 22:05:55,399 - piper_actor - DEBUG - run_dag dispatch (time 15): backward s0 mb3 bkt=0
[36m(PiperActor pid=1981795)[0m 2026-04-01 22:05:55,395 - piper_actor - DEBUG - run_dag dispatch (time 15): send s1 mb2 bkt=0
[36m(PiperActor pid=1981795)[0m 2026-04-01 22:05:55,395 - piper_actor - DEBUG - exec_send key (None, 2) to peer pp rank 0
[36m(PiperActor pid=1981795)[0m 2026-04-01 22:05:55,395 - piper_actor - DEBUG - run_dag dispatch (time 16): update s1 mb3 bkt=0
[36m(PiperActor pid=1981787)[0m 2026-04-01 22:05:55,437 - piper_actor - DEBUG - run_dag dispatch (time 16): update s0 mb3 bkt=0
[36m(PiperActor pid=1981800)[0m 2026-04-01 22:05:55,436 - piper_actor - DEBUG - run_dag dispatch (time 16): update s0 mb3 bkt=0
[36m(PiperActor pid=1981793)[0m 2026-04-01 22:05:55,454 - piper_actor - DEBUG - run_dag dispatch (time 16): send s1 mb3 bkt=0
[36m(PiperActor pid=1981793)[0m 2026-04-01 22:05:55,454 - piper_actor - DEBUG - exec_send key (None, 3) to peer pp rank 0
[36m(PiperActor pid=1981793)[0m 2026-04-01 22:05:55,455 - piper_actor - DEBUG - run_dag dispatch (time 16): all_reduce s1 mb3 bkt=0
[36m(PiperActor pid=1981795)[0m 2026-04-01 22:05:55,452 - piper_actor - DEBUG - run_dag dispatch (time 16): send s1 mb3 bkt=0
[36m(PiperActor pid=1981795)[0m 2026-04-01 22:05:55,452 - piper_actor - DEBUG - exec_send key (None, 3) to peer pp rank 0
[36m(PiperActor pid=1981795)[0m 2026-04-01 22:05:55,452 - piper_actor - DEBUG - run_dag dispatch (time 16): all_reduce s1 mb3 bkt=0
[36m(PiperActor pid=1981787)[0m 2026-04-01 22:05:55,497 - piper_actor - DEBUG - run_dag dispatch (time 16): all_reduce s0 mb3 bkt=0
[36m(PiperActor pid=1981787)[0m 2026-04-01 22:05:55,508 - piper_actor - DEBUG - run_dag dispatch (time -20001): all_gather s2 mb0 bkt=0
[36m(PiperActor pid=1981787)[0m 2026-04-01 22:05:55,509 - piper_actor - DEBUG - run_dag dispatch (time -20000): all_gather s0 mb0 bkt=0
[36m(PiperActor pid=1981787)[0m 2026-04-01 22:05:55,509 - piper_actor - DEBUG - run_dag dispatch (time 0): forward s0 mb0 bkt=0
[36m(PiperActor pid=1981787)[0m 2026-04-01 22:05:55,520 - piper_actor - DEBUG - run_dag dispatch (time 1): forward s0 mb1 bkt=0
[36m(PiperActor pid=1981787)[0m 2026-04-01 22:05:55,531 - piper_actor - DEBUG - run_dag dispatch (time 1): send s0 mb0 bkt=0
[36m(PiperActor pid=1981793)[0m 2026-04-01 22:05:55,509 - piper_actor - DEBUG - run_dag dispatch (time -20001): all_gather s3 mb0 bkt=0
[36m(PiperActor pid=1981793)[0m 2026-04-01 22:05:55,509 - piper_actor - DEBUG - run_dag dispatch (time -20000): all_gather s1 mb0 bkt=0
[36m(PiperActor pid=1981793)[0m 2026-04-01 22:05:55,510 - piper_actor - DEBUG - run_dag dispatch (time -1): recv s1 mb0 bkt=0
[36m(PiperActor pid=1981793)[0m 2026-04-01 22:05:55,510 - piper_actor - DEBUG - exec_recv key ((1, 0), 0) from peer pp rank 0
[36m(PiperActor pid=1981793)[0m 2026-04-01 22:05:55,510 - piper_actor - DEBUG - run_dag dispatch (time 0): forward s1 mb0 bkt=0
[36m(PiperActor pid=1981793)[0m 2026-04-01 22:05:55,521 - piper_actor - DEBUG - run_dag dispatch (time 0): recv s1 mb1 bkt=0
[36m(PiperActor pid=1981793)[0m 2026-04-01 22:05:55,521 - piper_actor - DEBUG - exec_recv key ((1, 0), 1) from peer pp rank 0
[36m(PiperActor pid=1981793)[0m 2026-04-01 22:05:55,522 - piper_actor - DEBUG - run_dag dispatch (time 1): forward s1 mb1 bkt=0
[36m(PiperActor pid=1981800)[0m 2026-04-01 22:05:55,494 - piper_actor - DEBUG - run_dag dispatch (time 16): all_reduce s0 mb3 bkt=0
[36m(PiperActor pid=1981800)[0m 2026-04-01 22:05:55,509 - piper_actor - DEBUG - run_dag dispatch (time -20001): all_gather s2 mb0 bkt=0
[36m(PiperActor pid=1981800)[0m 2026-04-01 22:05:55,510 - piper_actor - DEBUG - run_dag dispatch (time -20000): all_gather s0 mb0 bkt=0
[36m(PiperActor pid=1981800)[0m 2026-04-01 22:05:55,510 - piper_actor - DEBUG - run_dag dispatch (time 0): forward s0 mb0 bkt=0
[36m(PiperActor pid=1981800)[0m 2026-04-01 22:05:55,523 - piper_actor - DEBUG - run_dag dispatch (time 1): forward s0 mb1 bkt=0
[36m(PiperActor pid=1981795)[0m 2026-04-01 22:05:55,509 - piper_actor - DEBUG - run_dag dispatch (time -20001): all_gather s3 mb0 bkt=0
[36m(PiperActor pid=1981795)[0m 2026-04-01 22:05:55,509 - piper_actor - DEBUG - run_dag dispatch (time -20000): all_gather s1 mb0 bkt=0
[36m(PiperActor pid=1981795)[0m 2026-04-01 22:05:55,510 - piper_actor - DEBUG - run_dag dispatch (time -1): recv s1 mb0 bkt=0
[36m(PiperActor pid=1981795)[0m 2026-04-01 22:05:55,510 - piper_actor - DEBUG - exec_recv key ((1, 0), 0) from peer pp rank 0
[36m(PiperActor pid=1981795)[0m 2026-04-01 22:05:55,510 - piper_actor - DEBUG - run_dag dispatch (time 0): forward s1 mb0 bkt=0
[36m(PiperActor pid=1981795)[0m 2026-04-01 22:05:55,521 - piper_actor - DEBUG - run_dag dispatch (time 0): recv s1 mb1 bkt=0
[36m(PiperActor pid=1981795)[0m 2026-04-01 22:05:55,521 - piper_actor - DEBUG - exec_recv key ((1, 0), 1) from peer pp rank 0
[36m(PiperActor pid=1981795)[0m 2026-04-01 22:05:55,522 - piper_actor - DEBUG - run_dag dispatch (time 1): forward s1 mb1 bkt=0
[36m(PiperActor pid=1981795)[0m 2026-04-01 22:05:55,532 - piper_actor - DEBUG - run_dag dispatch (time 1): recv s3 mb0 bkt=0
[36m(PiperActor pid=1981795)[0m 2026-04-01 22:05:55,532 - piper_actor - DEBUG - exec_recv key ((3, 0), 0) from peer pp rank 0
[36m(PiperActor pid=1981795)[0m 2026-04-01 22:05:55,533 - piper_actor - DEBUG - run_dag dispatch (time 1): send s1 mb0 bkt=0
[36m(PiperActor pid=1981795)[0m 2026-04-01 22:05:55,533 - piper_actor - DEBUG - exec_send key ((1, 0), 0) to peer pp rank 0
[36m(PiperActor pid=1981795)[0m 2026-04-01 22:05:55,533 - piper_actor - DEBUG - run_dag dispatch (time 2): forward s3 mb0 bkt=0
[36m(PiperActor pid=1981787)[0m 2026-04-01 22:05:55,531 - piper_actor - DEBUG - exec_send key ((0, 0), 0) to peer pp rank 1
[36m(PiperActor pid=1981787)[0m 2026-04-01 22:05:55,531 - piper_actor - DEBUG - run_dag dispatch (time 1): recv s2 mb0 bkt=0
[36m(PiperActor pid=1981787)[0m 2026-04-01 22:05:55,531 - piper_actor - DEBUG - exec_recv key ((2, 0), 0) from peer pp rank 1
[36m(PiperActor pid=1981787)[0m 2026-04-01 22:05:55,532 - piper_actor - DEBUG - run_dag dispatch (time 2): forward s2 mb0 bkt=0
[36m(PiperActor pid=1981787)[0m 2026-04-01 22:05:55,542 - piper_actor - DEBUG - run_dag dispatch (time 2): send s0 mb1 bkt=0
[36m(PiperActor pid=1981787)[0m 2026-04-01 22:05:55,542 - piper_actor - DEBUG - exec_send key ((0, 0), 1) to peer pp rank 1
[36m(PiperActor pid=1981787)[0m 2026-04-01 22:05:55,543 - piper_actor - DEBUG - run_dag dispatch (time 2): recv s2 mb1 bkt=0
[36m(PiperActor pid=1981787)[0m 2026-04-01 22:05:55,543 - piper_actor - DEBUG - exec_recv key ((2, 0), 1) from peer pp rank 1
[36m(PiperActor pid=1981787)[0m 2026-04-01 22:05:55,543 - piper_actor - DEBUG - run_dag dispatch (time 3): forward s2 mb1 bkt=0
[36m(PiperActor pid=1981787)[0m 2026-04-01 22:05:55,553 - piper_actor - DEBUG - run_dag dispatch (time 3): send s2 mb0 bkt=0
[36m(PiperActor pid=1981787)[0m 2026-04-01 22:05:55,554 - piper_actor - DEBUG - exec_send key ((2, 0), 0) to peer pp rank 1
[36m(PiperActor pid=1981787)[0m 2026-04-01 22:05:55,554 - piper_actor - DEBUG - run_dag dispatch (time 4): forward s0 mb2 bkt=0
[36m(PiperActor pid=1981787)[0m 2026-04-01 22:05:55,564 - piper_actor - DEBUG - run_dag dispatch (time 4): send s2 mb1 bkt=0
[36m(PiperActor pid=1981787)[0m 2026-04-01 22:05:55,565 - piper_actor - DEBUG - exec_send key ((2, 0), 1) to peer pp rank 1
[36m(PiperActor pid=1981787)[0m 2026-04-01 22:05:55,565 - piper_actor - DEBUG - run_dag dispatch (time 4): recv s2 mb0 bkt=0
[36m(PiperActor pid=1981787)[0m 2026-04-01 22:05:55,565 - piper_actor - DEBUG - exec_recv key (None, 0) from peer pp rank 1
[36m(PiperActor pid=1981787)[0m 2026-04-01 22:05:55,565 - piper_actor - DEBUG - run_dag dispatch (time 5): backward s2 mb0 bkt=0
[36m(PiperActor pid=1981793)[0m 2026-04-01 22:05:55,532 - piper_actor - DEBUG - run_dag dispatch (time 1): recv s3 mb0 bkt=0
[36m(PiperActor pid=1981793)[0m 2026-04-01 22:05:55,532 - piper_actor - DEBUG - exec_recv key ((3, 0), 0) from peer pp rank 0
[36m(PiperActor pid=1981793)[0m 2026-04-01 22:05:55,533 - piper_actor - DEBUG - run_dag dispatch (time 1): send s1 mb0 bkt=0
[36m(PiperActor pid=1981793)[0m 2026-04-01 22:05:55,533 - piper_actor - DEBUG - exec_send key ((1, 0), 0) to peer pp rank 0
[36m(PiperActor pid=1981793)[0m 2026-04-01 22:05:55,533 - piper_actor - DEBUG - run_dag dispatch (time 2): forward s3 mb0 bkt=0
[36m(PiperActor pid=1981793)[0m 2026-04-01 22:05:55,544 - piper_actor - DEBUG - run_dag dispatch (time 2): send s1 mb1 bkt=0
[36m(PiperActor pid=1981793)[0m 2026-04-01 22:05:55,544 - piper_actor - DEBUG - exec_send key ((1, 0), 1) to peer pp rank 0
[36m(PiperActor pid=1981793)[0m 2026-04-01 22:05:55,544 - piper_actor - DEBUG - run_dag dispatch (time 3): backward s3 mb0 bkt=0
[36m(PiperActor pid=1981800)[0m 2026-04-01 22:05:55,534 - piper_actor - DEBUG - run_dag dispatch (time 1): send s0 mb0 bkt=0
[36m(PiperActor pid=1981800)[0m 2026-04-01 22:05:55,535 - piper_actor - DEBUG - exec_send key ((0, 0), 0) to peer pp rank 1
[36m(PiperActor pid=1981800)[0m 2026-04-01 22:05:55,535 - piper_actor - DEBUG - run_dag dispatch (time 1): recv s2 mb0 bkt=0
[36m(PiperActor pid=1981800)[0m 2026-04-01 22:05:55,535 - piper_actor - DEBUG - exec_recv key ((2, 0), 0) from peer pp rank 1
[36m(PiperActor pid=1981800)[0m 2026-04-01 22:05:55,536 - piper_actor - DEBUG - run_dag dispatch (time 2): forward s2 mb0 bkt=0
[36m(PiperActor pid=1981800)[0m 2026-04-01 22:05:55,547 - piper_actor - DEBUG - run_dag dispatch (time 2): send s0 mb1 bkt=0
[36m(PiperActor pid=1981800)[0m 2026-04-01 22:05:55,547 - piper_actor - DEBUG - exec_send key ((0, 0), 1) to peer pp rank 1
[36m(PiperActor pid=1981800)[0m 2026-04-01 22:05:55,547 - piper_actor - DEBUG - run_dag dispatch (time 2): recv s2 mb1 bkt=0
[36m(PiperActor pid=1981800)[0m 2026-04-01 22:05:55,547 - piper_actor - DEBUG - exec_recv key ((2, 0), 1) from peer pp rank 1
[36m(PiperActor pid=1981800)[0m 2026-04-01 22:05:55,548 - piper_actor - DEBUG - run_dag dispatch (time 3): forward s2 mb1 bkt=0
[36m(PiperActor pid=1981800)[0m 2026-04-01 22:05:55,558 - piper_actor - DEBUG - run_dag dispatch (time 3): send s2 mb0 bkt=0
[36m(PiperActor pid=1981800)[0m 2026-04-01 22:05:55,558 - piper_actor - DEBUG - exec_send key ((2, 0), 0) to peer pp rank 1
[36m(PiperActor pid=1981800)[0m 2026-04-01 22:05:55,559 - piper_actor - DEBUG - run_dag dispatch (time 4): forward s0 mb2 bkt=0
[36m(PiperActor pid=1981800)[0m 2026-04-01 22:05:55,570 - piper_actor - DEBUG - run_dag dispatch (time 4): send s2 mb1 bkt=0
[36m(PiperActor pid=1981800)[0m 2026-04-01 22:05:55,570 - piper_actor - DEBUG - exec_send key ((2, 0), 1) to peer pp rank 1
[36m(PiperActor pid=1981800)[0m 2026-04-01 22:05:55,570 - piper_actor - DEBUG - run_dag dispatch (time 4): recv s2 mb0 bkt=0
[36m(PiperActor pid=1981800)[0m 2026-04-01 22:05:55,570 - piper_actor - DEBUG - exec_recv key (None, 0) from peer pp rank 1
[36m(PiperActor pid=1981800)[0m 2026-04-01 22:05:55,570 - piper_actor - DEBUG - run_dag dispatch (time 5): backward s2 mb0 bkt=0
[36m(PiperActor pid=1981795)[0m 2026-04-01 22:05:55,544 - piper_actor - DEBUG - run_dag dispatch (time 2): send s1 mb1 bkt=0
[36m(PiperActor pid=1981795)[0m 2026-04-01 22:05:55,544 - piper_actor - DEBUG - exec_send key ((1, 0), 1) to peer pp rank 0
[36m(PiperActor pid=1981795)[0m 2026-04-01 22:05:55,544 - piper_actor - DEBUG - run_dag dispatch (time 3): backward s3 mb0 bkt=0
[36m(PiperActor pid=1981787)[0m 2026-04-01 22:05:55,593 - piper_actor - DEBUG - run_dag dispatch (time 5): send s0 mb2 bkt=0
[36m(PiperActor pid=1981787)[0m 2026-04-01 22:05:55,593 - piper_actor - DEBUG - exec_send key ((0, 0), 2) to peer pp rank 1
[36m(PiperActor pid=1981787)[0m 2026-04-01 22:05:55,594 - piper_actor - DEBUG - run_dag dispatch (time 6): forward s0 mb3 bkt=0
[36m(PiperActor pid=1981793)[0m 2026-04-01 22:05:55,575 - piper_actor - DEBUG - run_dag dispatch (time 3): recv s3 mb1 bkt=0
[36m(PiperActor pid=1981793)[0m 2026-04-01 22:05:55,575 - piper_actor - DEBUG - exec_recv key ((3, 0), 1) from peer pp rank 0
[36m(PiperActor pid=1981793)[0m 2026-04-01 22:05:55,576 - piper_actor - DEBUG - run_dag dispatch (time 4): forward s3 mb1 bkt=0
[36m(PiperActor pid=1981800)[0m 2026-04-01 22:05:55,597 - piper_actor - DEBUG - run_dag dispatch (time 5): send s0 mb2 bkt=0
[36m(PiperActor pid=1981800)[0m 2026-04-01 22:05:55,597 - piper_actor - DEBUG - exec_send key ((0, 0), 2) to peer pp rank 1
[36m(PiperActor pid=1981800)[0m 2026-04-01 22:05:55,598 - piper_actor - DEBUG - run_dag dispatch (time 6): forward s0 mb3 bkt=0
[36m(PiperActor pid=1981795)[0m 2026-04-01 22:05:55,578 - piper_actor - DEBUG - run_dag dispatch (time 3): recv s3 mb1 bkt=0
[36m(PiperActor pid=1981795)[0m 2026-04-01 22:05:55,579 - piper_actor - DEBUG - exec_recv key ((3, 0), 1) from peer pp rank 0
[36m(PiperActor pid=1981795)[0m 2026-04-01 22:05:55,579 - piper_actor - DEBUG - run_dag dispatch (time 4): forward s3 mb1 bkt=0
[36m(PiperActor pid=1981787)[0m 2026-04-01 22:05:55,648 - piper_actor - DEBUG - run_dag dispatch (time 6): send s2 mb0 bkt=0
[36m(PiperActor pid=1981787)[0m 2026-04-01 22:05:55,648 - piper_actor - DEBUG - exec_send key (None, 0) to peer pp rank 1
[36m(PiperActor pid=1981787)[0m 2026-04-01 22:05:55,648 - piper_actor - DEBUG - run_dag dispatch (time 6): recv s2 mb1 bkt=0
[36m(PiperActor pid=1981787)[0m 2026-04-01 22:05:55,648 - piper_actor - DEBUG - exec_recv key (None, 1) from peer pp rank 1
[36m(PiperActor pid=1981787)[0m 2026-04-01 22:05:55,649 - piper_actor - DEBUG - run_dag dispatch (time 7): backward s2 mb1 bkt=0
[36m(PiperActor pid=1981793)[0m 2026-04-01 22:05:55,618 - piper_actor - DEBUG - run_dag dispatch (time 4): send s3 mb0 bkt=0
[36m(PiperActor pid=1981793)[0m 2026-04-01 22:05:55,618 - piper_actor - DEBUG - exec_send key (None, 0) to peer pp rank 0
[36m(PiperActor pid=1981793)[0m 2026-04-01 22:05:55,619 - piper_actor - DEBUG - run_dag dispatch (time 5): backward s3 mb1 bkt=0
[36m(PiperActor pid=1981793)[0m 2026-04-01 22:05:55,649 - piper_actor - DEBUG - run_dag dispatch (time 5): recv s1 mb2 bkt=0
[36m(PiperActor pid=1981793)[0m 2026-04-01 22:05:55,649 - piper_actor - DEBUG - exec_recv key ((1, 0), 2) from peer pp rank 0
[36m(PiperActor pid=1981793)[0m 2026-04-01 22:05:55,650 - piper_actor - DEBUG - run_dag dispatch (time 6): forward s1 mb2 bkt=0
[36m(PiperActor pid=1981800)[0m 2026-04-01 22:05:55,650 - piper_actor - DEBUG - run_dag dispatch (time 6): send s2 mb0 bkt=0
[36m(PiperActor pid=1981800)[0m 2026-04-01 22:05:55,651 - piper_actor - DEBUG - exec_send key (None, 0) to peer pp rank 1
[36m(PiperActor pid=1981800)[0m 2026-04-01 22:05:55,651 - piper_actor - DEBUG - run_dag dispatch (time 6): recv s2 mb1 bkt=0
[36m(PiperActor pid=1981800)[0m 2026-04-01 22:05:55,651 - piper_actor - DEBUG - exec_recv key (None, 1) from peer pp rank 1
[36m(PiperActor pid=1981800)[0m 2026-04-01 22:05:55,652 - piper_actor - DEBUG - run_dag dispatch (time 7): backward s2 mb1 bkt=0
[36m(PiperActor pid=1981795)[0m 2026-04-01 22:05:55,621 - piper_actor - DEBUG - run_dag dispatch (time 4): send s3 mb0 bkt=0
[36m(PiperActor pid=1981795)[0m 2026-04-01 22:05:55,621 - piper_actor - DEBUG - exec_send key (None, 0) to peer pp rank 0
[36m(PiperActor pid=1981795)[0m 2026-04-01 22:05:55,621 - piper_actor - DEBUG - run_dag dispatch (time 5): backward s3 mb1 bkt=0
[36m(PiperActor pid=1981795)[0m 2026-04-01 22:05:55,652 - piper_actor - DEBUG - run_dag dispatch (time 5): recv s1 mb2 bkt=0
[36m(PiperActor pid=1981795)[0m 2026-04-01 22:05:55,652 - piper_actor - DEBUG - exec_recv key ((1, 0), 2) from peer pp rank 0
[36m(PiperActor pid=1981795)[0m 2026-04-01 22:05:55,653 - piper_actor - DEBUG - run_dag dispatch (time 6): forward s1 mb2 bkt=0
[36m(PiperActor pid=1981787)[0m 2026-04-01 22:05:55,683 - piper_actor - DEBUG - run_dag dispatch (time 7): send s0 mb3 bkt=0
[36m(PiperActor pid=1981787)[0m 2026-04-01 22:05:55,684 - piper_actor - DEBUG - exec_send key ((0, 0), 3) to peer pp rank 1
[36m(PiperActor pid=1981787)[0m 2026-04-01 22:05:55,684 - piper_actor - DEBUG - run_dag dispatch (time 7): recv s2 mb2 bkt=0
[36m(PiperActor pid=1981787)[0m 2026-04-01 22:05:55,684 - piper_actor - DEBUG - exec_recv key ((2, 0), 2) from peer pp rank 1
[36m(PiperActor pid=1981787)[0m 2026-04-01 22:05:55,685 - piper_actor - DEBUG - run_dag dispatch (time 8): forward s2 mb2 bkt=0
[36m(PiperActor pid=1981793)[0m 2026-04-01 22:05:55,689 - piper_actor - DEBUG - run_dag dispatch (time 6): recv s1 mb0 bkt=0
[36m(PiperActor pid=1981793)[0m 2026-04-01 22:05:55,690 - piper_actor - DEBUG - exec_recv key (None, 0) from peer pp rank 0
[36m(PiperActor pid=1981793)[0m 2026-04-01 22:05:55,690 - piper_actor - DEBUG - run_dag dispatch (time 6): send s3 mb1 bkt=0
[36m(PiperActor pid=1981793)[0m 2026-04-01 22:05:55,690 - piper_actor - DEBUG - exec_send key (None, 1) to peer pp rank 0
[36m(PiperActor pid=1981793)[0m 2026-04-01 22:05:55,690 - piper_actor - DEBUG - run_dag dispatch (time 7): backward s1 mb0 bkt=0
[36m(PiperActor pid=1981800)[0m 2026-04-01 22:05:55,686 - piper_actor - DEBUG - run_dag dispatch (time 7): send s0 mb3 bkt=0
[36m(PiperActor pid=1981800)[0m 2026-04-01 22:05:55,687 - piper_actor - DEBUG - exec_send key ((0, 0), 3) to peer pp rank 1
[36m(PiperActor pid=1981800)[0m 2026-04-01 22:05:55,688 - piper_actor - DEBUG - run_dag dispatch (time 7): recv s2 mb2 bkt=0
[36m(PiperActor pid=1981800)[0m 2026-04-01 22:05:55,688 - piper_actor - DEBUG - exec_recv key ((2, 0), 2) from peer pp rank 1
[36m(PiperActor pid=1981800)[0m 2026-04-01 22:05:55,689 - piper_actor - DEBUG - run_dag dispatch (time 8): forward s2 mb2 bkt=0
[36m(PiperActor pid=1981795)[0m 2026-04-01 22:05:55,693 - piper_actor - DEBUG - run_dag dispatch (time 6): recv s1 mb0 bkt=0
[36m(PiperActor pid=1981795)[0m 2026-04-01 22:05:55,693 - piper_actor - DEBUG - exec_recv key (None, 0) from peer pp rank 0
[36m(PiperActor pid=1981795)[0m 2026-04-01 22:05:55,693 - piper_actor - DEBUG - run_dag dispatch (time 6): send s3 mb1 bkt=0
[36m(PiperActor pid=1981795)[0m 2026-04-01 22:05:55,693 - piper_actor - DEBUG - exec_send key (None, 1) to peer pp rank 0
[36m(PiperActor pid=1981795)[0m 2026-04-01 22:05:55,694 - piper_actor - DEBUG - run_dag dispatch (time 7): backward s1 mb0 bkt=0
[36m(PiperActor pid=1981787)[0m 2026-04-01 22:05:55,720 - piper_actor - DEBUG - run_dag dispatch (time 8): send s2 mb1 bkt=0
[36m(PiperActor pid=1981787)[0m 2026-04-01 22:05:55,720 - piper_actor - DEBUG - exec_send key (None, 1) to peer pp rank 1
[36m(PiperActor pid=1981787)[0m 2026-04-01 22:05:55,720 - piper_actor - DEBUG - run_dag dispatch (time 8): recv s0 mb0 bkt=0
[36m(PiperActor pid=1981787)[0m 2026-04-01 22:05:55,720 - piper_actor - DEBUG - exec_recv key (None, 0) from peer pp rank 1
[36m(PiperActor pid=1981787)[0m 2026-04-01 22:05:55,721 - piper_actor - DEBUG - run_dag dispatch (time 9): backward s0 mb0 bkt=0
[36m(PiperActor pid=1981793)[0m 2026-04-01 22:05:55,718 - piper_actor - DEBUG - run_dag dispatch (time 7): recv s1 mb3 bkt=0
[36m(PiperActor pid=1981793)[0m 2026-04-01 22:05:55,719 - piper_actor - DEBUG - exec_recv key ((1, 0), 3) from peer pp rank 0
[36m(PiperActor pid=1981793)[0m 2026-04-01 22:05:55,719 - piper_actor - DEBUG - run_dag dispatch (time 7): send s1 mb2 bkt=0
[36m(PiperActor pid=1981793)[0m 2026-04-01 22:05:55,719 - piper_actor - DEBUG - exec_send key ((1, 0), 2) to peer pp rank 0
[36m(PiperActor pid=1981793)[0m 2026-04-01 22:05:55,720 - piper_actor - DEBUG - run_dag dispatch (time 8): forward s1 mb3 bkt=0
[36m(PiperActor pid=1981793)[0m 2026-04-01 22:05:55,735 - piper_actor - DEBUG - run_dag dispatch (time 8): recv s1 mb1 bkt=0
[36m(PiperActor pid=1981793)[0m 2026-04-01 22:05:55,736 - piper_actor - DEBUG - exec_recv key (None, 1) from peer pp rank 0
[36m(PiperActor pid=1981793)[0m 2026-04-01 22:05:55,736 - piper_actor - DEBUG - run_dag dispatch (time 8): send s1 mb0 bkt=0
[36m(PiperActor pid=1981793)[0m 2026-04-01 22:05:55,736 - piper_actor - DEBUG - exec_send key (None, 0) to peer pp rank 0
[36m(PiperActor pid=1981793)[0m 2026-04-01 22:05:55,736 - piper_actor - DEBUG - run_dag dispatch (time 9): backward s1 mb1 bkt=0
[36m(PiperActor pid=1981800)[0m 2026-04-01 22:05:55,723 - piper_actor - DEBUG - run_dag dispatch (time 8): send s2 mb1 bkt=0
[36m(PiperActor pid=1981800)[0m 2026-04-01 22:05:55,723 - piper_actor - DEBUG - exec_send key (None, 1) to peer pp rank 1
[36m(PiperActor pid=1981800)[0m 2026-04-01 22:05:55,724 - piper_actor - DEBUG - run_dag dispatch (time 8): recv s0 mb0 bkt=0
[36m(PiperActor pid=1981800)[0m 2026-04-01 22:05:55,724 - piper_actor - DEBUG - exec_recv key (None, 0) from peer pp rank 1
[36m(PiperActor pid=1981800)[0m 2026-04-01 22:05:55,724 - piper_actor - DEBUG - run_dag dispatch (time 9): backward s0 mb0 bkt=0
[36m(PiperActor pid=1981795)[0m 2026-04-01 22:05:55,722 - piper_actor - DEBUG - run_dag dispatch (time 7): recv s1 mb3 bkt=0
[36m(PiperActor pid=1981795)[0m 2026-04-01 22:05:55,723 - piper_actor - DEBUG - exec_recv key ((1, 0), 3) from peer pp rank 0
[36m(PiperActor pid=1981795)[0m 2026-04-01 22:05:55,723 - piper_actor - DEBUG - run_dag dispatch (time 7): send s1 mb2 bkt=0
[36m(PiperActor pid=1981795)[0m 2026-04-01 22:05:55,723 - piper_actor - DEBUG - exec_send key ((1, 0), 2) to peer pp rank 0
[36m(PiperActor pid=1981795)[0m 2026-04-01 22:05:55,724 - piper_actor - DEBUG - run_dag dispatch (time 8): forward s1 mb3 bkt=0
[36m(PiperActor pid=1981795)[0m 2026-04-01 22:05:55,739 - piper_actor - DEBUG - run_dag dispatch (time 8): recv s1 mb1 bkt=0
[36m(PiperActor pid=1981795)[0m 2026-04-01 22:05:55,739 - piper_actor - DEBUG - exec_recv key (None, 1) from peer pp rank 0
[36m(PiperActor pid=1981795)[0m 2026-04-01 22:05:55,739 - piper_actor - DEBUG - run_dag dispatch (time 8): send s1 mb0 bkt=0
[36m(PiperActor pid=1981795)[0m 2026-04-01 22:05:55,739 - piper_actor - DEBUG - exec_send key (None, 0) to peer pp rank 0
[36m(PiperActor pid=1981795)[0m 2026-04-01 22:05:55,740 - piper_actor - DEBUG - run_dag dispatch (time 9): backward s1 mb1 bkt=0
[36m(PiperActor pid=1981787)[0m 2026-04-01 22:05:55,758 - piper_actor - DEBUG - run_dag dispatch (time 9): send s2 mb2 bkt=0
[36m(PiperActor pid=1981787)[0m 2026-04-01 22:05:55,758 - piper_actor - DEBUG - exec_send key ((2, 0), 2) to peer pp rank 1
[36m(PiperActor pid=1981787)[0m 2026-04-01 22:05:55,759 - piper_actor - DEBUG - run_dag dispatch (time 9): recv s2 mb3 bkt=0
[36m(PiperActor pid=1981787)[0m 2026-04-01 22:05:55,759 - piper_actor - DEBUG - exec_recv key ((2, 0), 3) from peer pp rank 1
[36m(PiperActor pid=1981787)[0m 2026-04-01 22:05:55,759 - piper_actor - DEBUG - run_dag dispatch (time 10): forward s2 mb3 bkt=0
[36m(PiperActor pid=1981787)[0m 2026-04-01 22:05:55,777 - piper_actor - DEBUG - run_dag dispatch (time 10): recv s0 mb1 bkt=0
[36m(PiperActor pid=1981787)[0m 2026-04-01 22:05:55,777 - piper_actor - DEBUG - exec_recv key (None, 1) from peer pp rank 1
[36m(PiperActor pid=1981787)[0m 2026-04-01 22:05:55,778 - piper_actor - DEBUG - run_dag dispatch (time 11): backward s0 mb1 bkt=0
[36m(PiperActor pid=1981793)[0m 2026-04-01 22:05:55,768 - piper_actor - DEBUG - run_dag dispatch (time 9): recv s3 mb2 bkt=0
[36m(PiperActor pid=1981793)[0m 2026-04-01 22:05:55,769 - piper_actor - DEBUG - exec_recv key ((3, 0), 2) from peer pp rank 0
[36m(PiperActor pid=1981793)[0m 2026-04-01 22:05:55,769 - piper_actor - DEBUG - run_dag dispatch (time 9): send s1 mb3 bkt=0
[36m(PiperActor pid=1981793)[0m 2026-04-01 22:05:55,769 - piper_actor - DEBUG - exec_send key ((1, 0), 3) to peer pp rank 0
[36m(PiperActor pid=1981793)[0m 2026-04-01 22:05:55,770 - piper_actor - DEBUG - run_dag dispatch (time 10): forward s3 mb2 bkt=0
[36m(PiperActor pid=1981800)[0m 2026-04-01 22:05:55,762 - piper_actor - DEBUG - run_dag dispatch (time 9): send s2 mb2 bkt=0
[36m(PiperActor pid=1981800)[0m 2026-04-01 22:05:55,762 - piper_actor - DEBUG - exec_send key ((2, 0), 2) to peer pp rank 1
[36m(PiperActor pid=1981800)[0m 2026-04-01 22:05:55,763 - piper_actor - DEBUG - run_dag dispatch (time 9): recv s2 mb3 bkt=0
[36m(PiperActor pid=1981800)[0m 2026-04-01 22:05:55,763 - piper_actor - DEBUG - exec_recv key ((2, 0), 3) from peer pp rank 1
[36m(PiperActor pid=1981800)[0m 2026-04-01 22:05:55,763 - piper_actor - DEBUG - run_dag dispatch (time 10): forward s2 mb3 bkt=0
[36m(PiperActor pid=1981800)[0m 2026-04-01 22:05:55,780 - piper_actor - DEBUG - run_dag dispatch (time 10): recv s0 mb1 bkt=0
[36m(PiperActor pid=1981800)[0m 2026-04-01 22:05:55,781 - piper_actor - DEBUG - exec_recv key (None, 1) from peer pp rank 1
[36m(PiperActor pid=1981800)[0m 2026-04-01 22:05:55,781 - piper_actor - DEBUG - run_dag dispatch (time 11): backward s0 mb1 bkt=0
[36m(PiperActor pid=1981795)[0m 2026-04-01 22:05:55,773 - piper_actor - DEBUG - run_dag dispatch (time 9): recv s3 mb2 bkt=0
[36m(PiperActor pid=1981795)[0m 2026-04-01 22:05:55,773 - piper_actor - DEBUG - exec_recv key ((3, 0), 2) from peer pp rank 0
[36m(PiperActor pid=1981795)[0m 2026-04-01 22:05:55,773 - piper_actor - DEBUG - run_dag dispatch (time 9): send s1 mb3 bkt=0
[36m(PiperActor pid=1981795)[0m 2026-04-01 22:05:55,773 - piper_actor - DEBUG - exec_send key ((1, 0), 3) to peer pp rank 0
[36m(PiperActor pid=1981795)[0m 2026-04-01 22:05:55,774 - piper_actor - DEBUG - run_dag dispatch (time 10): forward s3 mb2 bkt=0
[36m(PiperActor pid=1981787)[0m 2026-04-01 22:05:55,814 - piper_actor - DEBUG - run_dag dispatch (time 11): send s2 mb3 bkt=0
[36m(PiperActor pid=1981787)[0m 2026-04-01 22:05:55,814 - piper_actor - DEBUG - exec_send key ((2, 0), 3) to peer pp rank 1
[36m(PiperActor pid=1981787)[0m 2026-04-01 22:05:55,815 - piper_actor - DEBUG - run_dag dispatch (time 11): recv s2 mb2 bkt=0
[36m(PiperActor pid=1981787)[0m 2026-04-01 22:05:55,815 - piper_actor - DEBUG - exec_recv key (None, 2) from peer pp rank 1
[36m(PiperActor pid=1981787)[0m 2026-04-01 22:05:55,815 - piper_actor - DEBUG - run_dag dispatch (time 12): backward s2 mb2 bkt=0
[36m(PiperActor pid=1981793)[0m 2026-04-01 22:05:55,786 - piper_actor - DEBUG - run_dag dispatch (time 10): send s1 mb1 bkt=0
[36m(PiperActor pid=1981793)[0m 2026-04-01 22:05:55,786 - piper_actor - DEBUG - exec_send key (None, 1) to peer pp rank 0
[36m(PiperActor pid=1981793)[0m 2026-04-01 22:05:55,786 - piper_actor - DEBUG - run_dag dispatch (time 11): backward s3 mb2 bkt=0
[36m(PiperActor pid=1981793)[0m 2026-04-01 22:05:55,816 - piper_actor - DEBUG - run_dag dispatch (time 11): recv s3 mb3 bkt=0
[36m(PiperActor pid=1981793)[0m 2026-04-01 22:05:55,817 - piper_actor - DEBUG - exec_recv key ((3, 0), 3) from peer pp rank 0
[36m(PiperActor pid=1981793)[0m 2026-04-01 22:05:55,817 - piper_actor - DEBUG - run_dag dispatch (time 12): forward s3 mb3 bkt=0
[36m(PiperActor pid=1981800)[0m 2026-04-01 22:05:55,818 - piper_actor - DEBUG - run_dag dispatch (time 11): send s2 mb3 bkt=0
[36m(PiperActor pid=1981800)[0m 2026-04-01 22:05:55,819 - piper_actor - DEBUG - exec_send key ((2, 0), 3) to peer pp rank 1
[36m(PiperActor pid=1981800)[0m 2026-04-01 22:05:55,819 - piper_actor - DEBUG - run_dag dispatch (time 11): recv s2 mb2 bkt=0
[36m(PiperActor pid=1981800)[0m 2026-04-01 22:05:55,819 - piper_actor - DEBUG - exec_recv key (None, 2) from peer pp rank 1
[36m(PiperActor pid=1981800)[0m 2026-04-01 22:05:55,820 - piper_actor - DEBUG - run_dag dispatch (time 12): backward s2 mb2 bkt=0
[36m(PiperActor pid=1981795)[0m 2026-04-01 22:05:55,789 - piper_actor - DEBUG - run_dag dispatch (time 10): send s1 mb1 bkt=0
[36m(PiperActor pid=1981795)[0m 2026-04-01 22:05:55,790 - piper_actor - DEBUG - exec_send key (None, 1) to peer pp rank 0
[36m(PiperActor pid=1981795)[0m 2026-04-01 22:05:55,790 - piper_actor - DEBUG - run_dag dispatch (time 11): backward s3 mb2 bkt=0
[36m(PiperActor pid=1981795)[0m 2026-04-01 22:05:55,820 - piper_actor - DEBUG - run_dag dispatch (time 11): recv s3 mb3 bkt=0
[36m(PiperActor pid=1981795)[0m 2026-04-01 22:05:55,821 - piper_actor - DEBUG - exec_recv key ((3, 0), 3) from peer pp rank 0
[36m(PiperActor pid=1981795)[0m 2026-04-01 22:05:55,821 - piper_actor - DEBUG - run_dag dispatch (time 12): forward s3 mb3 bkt=0
[36m(PiperActor pid=1981787)[0m 2026-04-01 22:05:55,850 - piper_actor - DEBUG - run_dag dispatch (time 12): recv s2 mb3 bkt=0
[36m(PiperActor pid=1981787)[0m 2026-04-01 22:05:55,851 - piper_actor - DEBUG - exec_recv key (None, 3) from peer pp rank 1
[36m(PiperActor pid=1981787)[0m 2026-04-01 22:05:55,851 - piper_actor - DEBUG - run_dag dispatch (time 13): backward s2 mb3 bkt=0
[36m(PiperActor pid=1981793)[0m 2026-04-01 22:05:55,859 - piper_actor - DEBUG - run_dag dispatch (time 12): send s3 mb2 bkt=0
[36m(PiperActor pid=1981793)[0m 2026-04-01 22:05:55,860 - piper_actor - DEBUG - exec_send key (None, 2) to peer pp rank 0
[36m(PiperActor pid=1981793)[0m 2026-04-01 22:05:55,860 - piper_actor - DEBUG - run_dag dispatch (time 13): backward s3 mb3 bkt=0
[36m(PiperActor pid=1981800)[0m 2026-04-01 22:05:55,854 - piper_actor - DEBUG - run_dag dispatch (time 12): recv s2 mb3 bkt=0
[36m(PiperActor pid=1981800)[0m 2026-04-01 22:05:55,855 - piper_actor - DEBUG - exec_recv key (None, 3) from peer pp rank 1
[36m(PiperActor pid=1981800)[0m 2026-04-01 22:05:55,855 - piper_actor - DEBUG - run_dag dispatch (time 13): backward s2 mb3 bkt=0
[36m(PiperActor pid=1981795)[0m 2026-04-01 22:05:55,862 - piper_actor - DEBUG - run_dag dispatch (time 12): send s3 mb2 bkt=0
[36m(PiperActor pid=1981795)[0m 2026-04-01 22:05:55,863 - piper_actor - DEBUG - exec_send key (None, 2) to peer pp rank 0
[36m(PiperActor pid=1981795)[0m 2026-04-01 22:05:55,863 - piper_actor - DEBUG - run_dag dispatch (time 13): backward s3 mb3 bkt=0
[36m(PiperActor pid=1981787)[0m 2026-04-01 22:05:55,907 - piper_actor - DEBUG - run_dag dispatch (time 13): send s2 mb2 bkt=0
[36m(PiperActor pid=1981787)[0m 2026-04-01 22:05:55,908 - piper_actor - DEBUG - exec_send key (None, 2) to peer pp rank 1
[36m(PiperActor pid=1981793)[0m 2026-04-01 22:05:55,890 - piper_actor - DEBUG - run_dag dispatch (time 13): recv s1 mb2 bkt=0
[36m(PiperActor pid=1981793)[0m 2026-04-01 22:05:55,890 - piper_actor - DEBUG - exec_recv key (None, 2) from peer pp rank 0
[36m(PiperActor pid=1981793)[0m 2026-04-01 22:05:55,891 - piper_actor - DEBUG - run_dag dispatch (time 14): backward s1 mb2 bkt=0
[36m(PiperActor pid=1981795)[0m 2026-04-01 22:05:55,893 - piper_actor - DEBUG - run_dag dispatch (time 13): recv s1 mb2 bkt=0
[36m(PiperActor pid=1981795)[0m 2026-04-01 22:05:55,894 - piper_actor - DEBUG - exec_recv key (None, 2) from peer pp rank 0
[36m(PiperActor pid=1981795)[0m 2026-04-01 22:05:55,894 - piper_actor - DEBUG - run_dag dispatch (time 14): backward s1 mb2 bkt=0
[36m(PiperActor pid=1981787)[0m 2026-04-01 22:05:55,908 - piper_actor - DEBUG - run_dag dispatch (time 13): recv s0 mb2 bkt=0
[36m(PiperActor pid=1981787)[0m 2026-04-01 22:05:55,908 - piper_actor - DEBUG - exec_recv key (None, 2) from peer pp rank 1
[36m(PiperActor pid=1981787)[0m 2026-04-01 22:05:55,909 - piper_actor - DEBUG - run_dag dispatch (time 14): backward s0 mb2 bkt=0
[36m(PiperActor pid=1981793)[0m 2026-04-01 22:05:55,949 - piper_actor - DEBUG - run_dag dispatch (time 14): recv s1 mb3 bkt=0
[36m(PiperActor pid=1981793)[0m 2026-04-01 22:05:55,949 - piper_actor - DEBUG - exec_recv key (None, 3) from peer pp rank 0
[36m(PiperActor pid=1981793)[0m 2026-04-01 22:05:55,949 - piper_actor - DEBUG - run_dag dispatch (time 14): send s3 mb3 bkt=0
[36m(PiperActor pid=1981793)[0m 2026-04-01 22:05:55,949 - piper_actor - DEBUG - exec_send key (None, 3) to peer pp rank 0
[36m(PiperActor pid=1981793)[0m 2026-04-01 22:05:55,950 - piper_actor - DEBUG - run_dag dispatch (time 14): all_reduce s3 mb3 bkt=0
[36m(PiperActor pid=1981793)[0m 2026-04-01 22:05:55,950 - piper_actor - DEBUG - run_dag dispatch (time 15): backward s1 mb3 bkt=0
[36m(PiperActor pid=1981800)[0m 2026-04-01 22:05:55,911 - piper_actor - DEBUG - run_dag dispatch (time 13): send s2 mb2 bkt=0
[36m(PiperActor pid=1981800)[0m 2026-04-01 22:05:55,911 - piper_actor - DEBUG - exec_send key (None, 2) to peer pp rank 1
[36m(PiperActor pid=1981800)[0m 2026-04-01 22:05:55,912 - piper_actor - DEBUG - run_dag dispatch (time 13): recv s0 mb2 bkt=0
[36m(PiperActor pid=1981800)[0m 2026-04-01 22:05:55,912 - piper_actor - DEBUG - exec_recv key (None, 2) from peer pp rank 1
[36m(PiperActor pid=1981800)[0m 2026-04-01 22:05:55,912 - piper_actor - DEBUG - run_dag dispatch (time 14): backward s0 mb2 bkt=0
[36m(PiperActor pid=1981795)[0m 2026-04-01 22:05:55,951 - piper_actor - DEBUG - run_dag dispatch (time 14): recv s1 mb3 bkt=0
[36m(PiperActor pid=1981795)[0m 2026-04-01 22:05:55,951 - piper_actor - DEBUG - exec_recv key (None, 3) from peer pp rank 0
[36m(PiperActor pid=1981795)[0m 2026-04-01 22:05:55,952 - piper_actor - DEBUG - run_dag dispatch (time 14): send s3 mb3 bkt=0
[36m(PiperActor pid=1981795)[0m 2026-04-01 22:05:55,952 - piper_actor - DEBUG - exec_send key (None, 3) to peer pp rank 0
[36m(PiperActor pid=1981795)[0m 2026-04-01 22:05:55,952 - piper_actor - DEBUG - run_dag dispatch (time 14): all_reduce s3 mb3 bkt=0
[36m(PiperActor pid=1981795)[0m 2026-04-01 22:05:55,953 - piper_actor - DEBUG - run_dag dispatch (time 15): backward s1 mb3 bkt=0
[36m(PiperActor pid=1981787)[0m 2026-04-01 22:05:55,987 - piper_actor - DEBUG - run_dag dispatch (time 14): send s2 mb3 bkt=0
[36m(PiperActor pid=1981787)[0m 2026-04-01 22:05:55,987 - piper_actor - DEBUG - exec_send key (None, 3) to peer pp rank 1
[36m(PiperActor pid=1981787)[0m 2026-04-01 22:05:55,988 - piper_actor - DEBUG - run_dag dispatch (time 14): recv s0 mb3 bkt=0
[36m(PiperActor pid=1981787)[0m 2026-04-01 22:05:55,988 - piper_actor - DEBUG - exec_recv key (None, 3) from peer pp rank 1
[36m(PiperActor pid=1981787)[0m 2026-04-01 22:05:55,988 - piper_actor - DEBUG - run_dag dispatch (time 14): all_reduce s2 mb3 bkt=0
[36m(PiperActor pid=1981787)[0m 2026-04-01 22:05:55,989 - piper_actor - DEBUG - run_dag dispatch (time 15): backward s0 mb3 bkt=0
[36m(PiperActor pid=1981793)[0m 2026-04-01 22:05:55,987 - piper_actor - DEBUG - run_dag dispatch (time 15): send s1 mb2 bkt=0
[36m(PiperActor pid=1981793)[0m 2026-04-01 22:05:55,987 - piper_actor - DEBUG - exec_send key (None, 2) to peer pp rank 0
[36m(PiperActor pid=1981793)[0m 2026-04-01 22:05:55,988 - piper_actor - DEBUG - run_dag dispatch (time 16): update s1 mb3 bkt=0
[36m(PiperActor pid=1981800)[0m 2026-04-01 22:05:55,989 - piper_actor - DEBUG - run_dag dispatch (time 14): send s2 mb3 bkt=0
[36m(PiperActor pid=1981800)[0m 2026-04-01 22:05:55,990 - piper_actor - DEBUG - exec_send key (None, 3) to peer pp rank 1
[36m(PiperActor pid=1981800)[0m 2026-04-01 22:05:55,991 - piper_actor - DEBUG - run_dag dispatch (time 14): recv s0 mb3 bkt=0
[36m(PiperActor pid=1981800)[0m 2026-04-01 22:05:55,991 - piper_actor - DEBUG - exec_recv key (None, 3) from peer pp rank 1
[36m(PiperActor pid=1981800)[0m 2026-04-01 22:05:55,991 - piper_actor - DEBUG - run_dag dispatch (time 14): all_reduce s2 mb3 bkt=0
[36m(PiperActor pid=1981800)[0m 2026-04-01 22:05:55,992 - piper_actor - DEBUG - run_dag dispatch (time 15): backward s0 mb3 bkt=0
[36m(PiperActor pid=1981795)[0m 2026-04-01 22:05:55,989 - piper_actor - DEBUG - run_dag dispatch (time 15): send s1 mb2 bkt=0
[36m(PiperActor pid=1981795)[0m 2026-04-01 22:05:55,989 - piper_actor - DEBUG - exec_send key (None, 2) to peer pp rank 0
[36m(PiperActor pid=1981795)[0m 2026-04-01 22:05:55,990 - piper_actor - DEBUG - run_dag dispatch (time 16): update s1 mb3 bkt=0
[36m(PiperActor pid=1981787)[0m 2026-04-01 22:05:56,028 - piper_actor - DEBUG - run_dag dispatch (time 16): update s0 mb3 bkt=0
[36m(PiperActor pid=1981800)[0m 2026-04-01 22:05:56,030 - piper_actor - DEBUG - run_dag dispatch (time 16): update s0 mb3 bkt=0
[36m(PiperActor pid=1981793)[0m 2026-04-01 22:05:56,044 - piper_actor - DEBUG - run_dag dispatch (time 16): send s1 mb3 bkt=0
[36m(PiperActor pid=1981793)[0m 2026-04-01 22:05:56,044 - piper_actor - DEBUG - exec_send key (None, 3) to peer pp rank 0
[36m(PiperActor pid=1981793)[0m 2026-04-01 22:05:56,045 - piper_actor - DEBUG - run_dag dispatch (time 16): all_reduce s1 mb3 bkt=0
[36m(PiperActor pid=1981795)[0m 2026-04-01 22:05:56,045 - piper_actor - DEBUG - run_dag dispatch (time 16): send s1 mb3 bkt=0
[36m(PiperActor pid=1981795)[0m 2026-04-01 22:05:56,045 - piper_actor - DEBUG - exec_send key (None, 3) to peer pp rank 0
[36m(PiperActor pid=1981795)[0m 2026-04-01 22:05:56,046 - piper_actor - DEBUG - run_dag dispatch (time 16): all_reduce s1 mb3 bkt=0
[36m(PiperActor pid=1981787)[0m 2026-04-01 22:05:56,087 - piper_actor - DEBUG - run_dag dispatch (time 16): all_reduce s0 mb3 bkt=0
[36m(PiperActor pid=1981787)[0m 2026-04-01 22:05:56,093 - piper_actor - DEBUG - run_dag dispatch (time -20001): all_gather s2 mb0 bkt=0
[36m(PiperActor pid=1981787)[0m 2026-04-01 22:05:56,093 - piper_actor - DEBUG - run_dag dispatch (time -20000): all_gather s0 mb0 bkt=0
[36m(PiperActor pid=1981787)[0m 2026-04-01 22:05:56,093 - piper_actor - DEBUG - run_dag dispatch (time 0): forward s0 mb0 bkt=0
[36m(PiperActor pid=1981787)[0m 2026-04-01 22:05:56,105 - piper_actor - DEBUG - run_dag dispatch (time 1): forward s0 mb1 bkt=0
[36m(PiperActor pid=1981793)[0m 2026-04-01 22:05:56,093 - piper_actor - DEBUG - run_dag dispatch (time -20001): all_gather s3 mb0 bkt=0
[36m(PiperActor pid=1981793)[0m 2026-04-01 22:05:56,094 - piper_actor - DEBUG - run_dag dispatch (time -20000): all_gather s1 mb0 bkt=0
[36m(PiperActor pid=1981793)[0m 2026-04-01 22:05:56,094 - piper_actor - DEBUG - run_dag dispatch (time -1): recv s1 mb0 bkt=0
[36m(PiperActor pid=1981793)[0m 2026-04-01 22:05:56,094 - piper_actor - DEBUG - exec_recv key ((1, 0), 0) from peer pp rank 0
[36m(PiperActor pid=1981793)[0m 2026-04-01 22:05:56,095 - piper_actor - DEBUG - run_dag dispatch (time 0): forward s1 mb0 bkt=0
[36m(PiperActor pid=1981793)[0m 2026-04-01 22:05:56,106 - piper_actor - DEBUG - run_dag dispatch (time 0): recv s1 mb1 bkt=0
[36m(PiperActor pid=1981793)[0m 2026-04-01 22:05:56,106 - piper_actor - DEBUG - exec_recv key ((1, 0), 1) from peer pp rank 0
[36m(PiperActor pid=1981793)[0m 2026-04-01 22:05:56,106 - piper_actor - DEBUG - run_dag dispatch (time 1): forward s1 mb1 bkt=0
[36m(PiperActor pid=1981800)[0m 2026-04-01 22:05:56,087 - piper_actor - DEBUG - run_dag dispatch (time 16): all_reduce s0 mb3 bkt=0
[36m(PiperActor pid=1981800)[0m 2026-04-01 22:05:56,093 - piper_actor - DEBUG - run_dag dispatch (time -20001): all_gather s2 mb0 bkt=0
[36m(PiperActor pid=1981800)[0m 2026-04-01 22:05:56,094 - piper_actor - DEBUG - run_dag dispatch (time -20000): all_gather s0 mb0 bkt=0
[36m(PiperActor pid=1981800)[0m 2026-04-01 22:05:56,094 - piper_actor - DEBUG - run_dag dispatch (time 0): forward s0 mb0 bkt=0
[36m(PiperActor pid=1981800)[0m 2026-04-01 22:05:56,106 - piper_actor - DEBUG - run_dag dispatch (time 1): forward s0 mb1 bkt=0
[36m(PiperActor pid=1981795)[0m 2026-04-01 22:05:56,093 - piper_actor - DEBUG - run_dag dispatch (time -20001): all_gather s3 mb0 bkt=0
[36m(PiperActor pid=1981795)[0m 2026-04-01 22:05:56,094 - piper_actor - DEBUG - run_dag dispatch (time -20000): all_gather s1 mb0 bkt=0
[36m(PiperActor pid=1981795)[0m 2026-04-01 22:05:56,094 - piper_actor - DEBUG - run_dag dispatch (time -1): recv s1 mb0 bkt=0
[36m(PiperActor pid=1981795)[0m 2026-04-01 22:05:56,094 - piper_actor - DEBUG - exec_recv key ((1, 0), 0) from peer pp rank 0
[36m(PiperActor pid=1981795)[0m 2026-04-01 22:05:56,094 - piper_actor - DEBUG - run_dag dispatch (time 0): forward s1 mb0 bkt=0
[36m(PiperActor pid=1981795)[0m 2026-04-01 22:05:56,105 - piper_actor - DEBUG - run_dag dispatch (time 0): recv s1 mb1 bkt=0
[36m(PiperActor pid=1981795)[0m 2026-04-01 22:05:56,106 - piper_actor - DEBUG - exec_recv key ((1, 0), 1) from peer pp rank 0
[36m(PiperActor pid=1981795)[0m 2026-04-01 22:05:56,106 - piper_actor - DEBUG - run_dag dispatch (time 1): forward s1 mb1 bkt=0
[36m(PiperActor pid=1981787)[0m 2026-04-01 22:05:56,115 - piper_actor - DEBUG - run_dag dispatch (time 1): send s0 mb0 bkt=0
[36m(PiperActor pid=1981787)[0m 2026-04-01 22:05:56,115 - piper_actor - DEBUG - exec_send key ((0, 0), 0) to peer pp rank 1
[36m(PiperActor pid=1981787)[0m 2026-04-01 22:05:56,116 - piper_actor - DEBUG - run_dag dispatch (time 1): recv s2 mb0 bkt=0
[36m(PiperActor pid=1981787)[0m 2026-04-01 22:05:56,116 - piper_actor - DEBUG - exec_recv key ((2, 0), 0) from peer pp rank 1
[36m(PiperActor pid=1981787)[0m 2026-04-01 22:05:56,116 - piper_actor - DEBUG - run_dag dispatch (time 2): forward s2 mb0 bkt=0
[36m(PiperActor pid=1981787)[0m 2026-04-01 22:05:56,127 - piper_actor - DEBUG - run_dag dispatch (time 2): send s0 mb1 bkt=0
[36m(PiperActor pid=1981787)[0m 2026-04-01 22:05:56,127 - piper_actor - DEBUG - exec_send key ((0, 0), 1) to peer pp rank 1
[36m(PiperActor pid=1981787)[0m 2026-04-01 22:05:56,127 - piper_actor - DEBUG - run_dag dispatch (time 2): recv s2 mb1 bkt=0
[36m(PiperActor pid=1981787)[0m 2026-04-01 22:05:56,127 - piper_actor - DEBUG - exec_recv key ((2, 0), 1) from peer pp rank 1
[36m(PiperActor pid=1981787)[0m 2026-04-01 22:05:56,128 - piper_actor - DEBUG - run_dag dispatch (time 3): forward s2 mb1 bkt=0
[36m(PiperActor pid=1981787)[0m 2026-04-01 22:05:56,138 - piper_actor - DEBUG - run_dag dispatch (time 3): send s2 mb0 bkt=0
[36m(PiperActor pid=1981787)[0m 2026-04-01 22:05:56,138 - piper_actor - DEBUG - exec_send key ((2, 0), 0) to peer pp rank 1
[36m(PiperActor pid=1981787)[0m 2026-04-01 22:05:56,139 - piper_actor - DEBUG - run_dag dispatch (time 4): forward s0 mb2 bkt=0
[36m(PiperActor pid=1981787)[0m 2026-04-01 22:05:56,153 - piper_actor - DEBUG - run_dag dispatch (time 4): send s2 mb1 bkt=0
[36m(PiperActor pid=1981787)[0m 2026-04-01 22:05:56,153 - piper_actor - DEBUG - exec_send key ((2, 0), 1) to peer pp rank 1
[36m(PiperActor pid=1981787)[0m 2026-04-01 22:05:56,154 - piper_actor - DEBUG - run_dag dispatch (time 4): recv s2 mb0 bkt=0
[36m(PiperActor pid=1981787)[0m 2026-04-01 22:05:56,154 - piper_actor - DEBUG - exec_recv key (None, 0) from peer pp rank 1
[36m(PiperActor pid=1981787)[0m 2026-04-01 22:05:56,154 - piper_actor - DEBUG - run_dag dispatch (time 5): backward s2 mb0 bkt=0
[36m(PiperActor pid=1981793)[0m 2026-04-01 22:05:56,116 - piper_actor - DEBUG - run_dag dispatch (time 1): recv s3 mb0 bkt=0
[36m(PiperActor pid=1981793)[0m 2026-04-01 22:05:56,117 - piper_actor - DEBUG - exec_recv key ((3, 0), 0) from peer pp rank 0
[36m(PiperActor pid=1981793)[0m 2026-04-01 22:05:56,117 - piper_actor - DEBUG - run_dag dispatch (time 1): send s1 mb0 bkt=0
[36m(PiperActor pid=1981793)[0m 2026-04-01 22:05:56,117 - piper_actor - DEBUG - exec_send key ((1, 0), 0) to peer pp rank 0
[36m(PiperActor pid=1981793)[0m 2026-04-01 22:05:56,117 - piper_actor - DEBUG - run_dag dispatch (time 2): forward s3 mb0 bkt=0
[36m(PiperActor pid=1981793)[0m 2026-04-01 22:05:56,128 - piper_actor - DEBUG - run_dag dispatch (time 2): send s1 mb1 bkt=0
[36m(PiperActor pid=1981793)[0m 2026-04-01 22:05:56,128 - piper_actor - DEBUG - exec_send key ((1, 0), 1) to peer pp rank 0
[36m(PiperActor pid=1981793)[0m 2026-04-01 22:05:56,129 - piper_actor - DEBUG - run_dag dispatch (time 3): backward s3 mb0 bkt=0
[36m(PiperActor pid=1981800)[0m 2026-04-01 22:05:56,117 - piper_actor - DEBUG - run_dag dispatch (time 1): send s0 mb0 bkt=0
[36m(PiperActor pid=1981800)[0m 2026-04-01 22:05:56,117 - piper_actor - DEBUG - exec_send key ((0, 0), 0) to peer pp rank 1
[36m(PiperActor pid=1981800)[0m 2026-04-01 22:05:56,118 - piper_actor - DEBUG - run_dag dispatch (time 1): recv s2 mb0 bkt=0
[36m(PiperActor pid=1981800)[0m 2026-04-01 22:05:56,118 - piper_actor - DEBUG - exec_recv key ((2, 0), 0) from peer pp rank 1
[36m(PiperActor pid=1981800)[0m 2026-04-01 22:05:56,118 - piper_actor - DEBUG - run_dag dispatch (time 2): forward s2 mb0 bkt=0
[36m(PiperActor pid=1981800)[0m 2026-04-01 22:05:56,129 - piper_actor - DEBUG - run_dag dispatch (time 2): send s0 mb1 bkt=0
[36m(PiperActor pid=1981800)[0m 2026-04-01 22:05:56,129 - piper_actor - DEBUG - exec_send key ((0, 0), 1) to peer pp rank 1
[36m(PiperActor pid=1981800)[0m 2026-04-01 22:05:56,129 - piper_actor - DEBUG - run_dag dispatch (time 2): recv s2 mb1 bkt=0
[36m(PiperActor pid=1981800)[0m 2026-04-01 22:05:56,129 - piper_actor - DEBUG - exec_recv key ((2, 0), 1) from peer pp rank 1
[36m(PiperActor pid=1981800)[0m 2026-04-01 22:05:56,130 - piper_actor - DEBUG - run_dag dispatch (time 3): forward s2 mb1 bkt=0
[36m(PiperActor pid=1981800)[0m 2026-04-01 22:05:56,140 - piper_actor - DEBUG - run_dag dispatch (time 3): send s2 mb0 bkt=0
[36m(PiperActor pid=1981800)[0m 2026-04-01 22:05:56,140 - piper_actor - DEBUG - exec_send key ((2, 0), 0) to peer pp rank 1
[36m(PiperActor pid=1981800)[0m 2026-04-01 22:05:56,141 - piper_actor - DEBUG - run_dag dispatch (time 4): forward s0 mb2 bkt=0
[36m(PiperActor pid=1981795)[0m 2026-04-01 22:05:56,116 - piper_actor - DEBUG - run_dag dispatch (time 1): recv s3 mb0 bkt=0
[36m(PiperActor pid=1981795)[0m 2026-04-01 22:05:56,116 - piper_actor - DEBUG - exec_recv key ((3, 0), 0) from peer pp rank 0
[36m(PiperActor pid=1981795)[0m 2026-04-01 22:05:56,117 - piper_actor - DEBUG - run_dag dispatch (time 1): send s1 mb0 bkt=0
[36m(PiperActor pid=1981795)[0m 2026-04-01 22:05:56,117 - piper_actor - DEBUG - exec_send key ((1, 0), 0) to peer pp rank 0
[36m(PiperActor pid=1981795)[0m 2026-04-01 22:05:56,117 - piper_actor - DEBUG - run_dag dispatch (time 2): forward s3 mb0 bkt=0
[36m(PiperActor pid=1981795)[0m 2026-04-01 22:05:56,128 - piper_actor - DEBUG - run_dag dispatch (time 2): send s1 mb1 bkt=0
[36m(PiperActor pid=1981795)[0m 2026-04-01 22:05:56,128 - piper_actor - DEBUG - exec_send key ((1, 0), 1) to peer pp rank 0
[36m(PiperActor pid=1981795)[0m 2026-04-01 22:05:56,129 - piper_actor - DEBUG - run_dag dispatch (time 3): backward s3 mb0 bkt=0
[36m(PiperActor pid=1981787)[0m 2026-04-01 22:05:56,178 - piper_actor - DEBUG - run_dag dispatch (time 5): send s0 mb2 bkt=0
[36m(PiperActor pid=1981787)[0m 2026-04-01 22:05:56,179 - piper_actor - DEBUG - exec_send key ((0, 0), 2) to peer pp rank 1
[36m(PiperActor pid=1981787)[0m 2026-04-01 22:05:56,179 - piper_actor - DEBUG - run_dag dispatch (time 6): forward s0 mb3 bkt=0
[36m(PiperActor pid=1981793)[0m 2026-04-01 22:05:56,160 - piper_actor - DEBUG - run_dag dispatch (time 3): recv s3 mb1 bkt=0
[36m(PiperActor pid=1981793)[0m 2026-04-01 22:05:56,160 - piper_actor - DEBUG - exec_recv key ((3, 0), 1) from peer pp rank 0
[36m(PiperActor pid=1981793)[0m 2026-04-01 22:05:56,161 - piper_actor - DEBUG - run_dag dispatch (time 4): forward s3 mb1 bkt=0
[36m(PiperActor pid=1981800)[0m 2026-04-01 22:05:56,157 - piper_actor - DEBUG - run_dag dispatch (time 4): send s2 mb1 bkt=0
[36m(PiperActor pid=1981800)[0m 2026-04-01 22:05:56,158 - piper_actor - DEBUG - exec_send key ((2, 0), 1) to peer pp rank 1
[36m(PiperActor pid=1981800)[0m 2026-04-01 22:05:56,159 - piper_actor - DEBUG - run_dag dispatch (time 4): recv s2 mb0 bkt=0
[36m(PiperActor pid=1981800)[0m 2026-04-01 22:05:56,160 - piper_actor - DEBUG - exec_recv key (None, 0) from peer pp rank 1
[36m(PiperActor pid=1981800)[0m 2026-04-01 22:05:56,160 - piper_actor - DEBUG - run_dag dispatch (time 5): backward s2 mb0 bkt=0
[36m(PiperActor pid=1981800)[0m 2026-04-01 22:05:56,185 - piper_actor - DEBUG - run_dag dispatch (time 5): send s0 mb2 bkt=0
[36m(PiperActor pid=1981800)[0m 2026-04-01 22:05:56,186 - piper_actor - DEBUG - exec_send key ((0, 0), 2) to peer pp rank 1
[36m(PiperActor pid=1981800)[0m 2026-04-01 22:05:56,186 - piper_actor - DEBUG - run_dag dispatch (time 6): forward s0 mb3 bkt=0
[36m(PiperActor pid=1981795)[0m 2026-04-01 22:05:56,161 - piper_actor - DEBUG - run_dag dispatch (time 3): recv s3 mb1 bkt=0
[36m(PiperActor pid=1981795)[0m 2026-04-01 22:05:56,161 - piper_actor - DEBUG - exec_recv key ((3, 0), 1) from peer pp rank 0
[36m(PiperActor pid=1981795)[0m 2026-04-01 22:05:56,161 - piper_actor - DEBUG - run_dag dispatch (time 4): forward s3 mb1 bkt=0
[36m(PiperActor pid=1981787)[0m 2026-04-01 22:05:56,233 - piper_actor - DEBUG - run_dag dispatch (time 6): send s2 mb0 bkt=0
[36m(PiperActor pid=1981787)[0m 2026-04-01 22:05:56,233 - piper_actor - DEBUG - exec_send key (None, 0) to peer pp rank 1
[36m(PiperActor pid=1981787)[0m 2026-04-01 22:05:56,234 - piper_actor - DEBUG - run_dag dispatch (time 6): recv s2 mb1 bkt=0
[36m(PiperActor pid=1981787)[0m 2026-04-01 22:05:56,234 - piper_actor - DEBUG - exec_recv key (None, 1) from peer pp rank 1
[36m(PiperActor pid=1981787)[0m 2026-04-01 22:05:56,234 - piper_actor - DEBUG - run_dag dispatch (time 7): backward s2 mb1 bkt=0
[36m(PiperActor pid=1981793)[0m 2026-04-01 22:05:56,203 - piper_actor - DEBUG - run_dag dispatch (time 4): send s3 mb0 bkt=0
[36m(PiperActor pid=1981793)[0m 2026-04-01 22:05:56,204 - piper_actor - DEBUG - exec_send key (None, 0) to peer pp rank 0
[36m(PiperActor pid=1981793)[0m 2026-04-01 22:05:56,204 - piper_actor - DEBUG - run_dag dispatch (time 5): backward s3 mb1 bkt=0
[36m(PiperActor pid=1981793)[0m 2026-04-01 22:05:56,234 - piper_actor - DEBUG - run_dag dispatch (time 5): recv s1 mb2 bkt=0
[36m(PiperActor pid=1981793)[0m 2026-04-01 22:05:56,234 - piper_actor - DEBUG - exec_recv key ((1, 0), 2) from peer pp rank 0
[36m(PiperActor pid=1981793)[0m 2026-04-01 22:05:56,235 - piper_actor - DEBUG - run_dag dispatch (time 6): forward s1 mb2 bkt=0
[36m(PiperActor pid=1981800)[0m 2026-04-01 22:05:56,233 - piper_actor - DEBUG - run_dag dispatch (time 6): send s2 mb0 bkt=0
[36m(PiperActor pid=1981800)[0m 2026-04-01 22:05:56,233 - piper_actor - DEBUG - exec_send key (None, 0) to peer pp rank 1
[36m(PiperActor pid=1981800)[0m 2026-04-01 22:05:56,233 - piper_actor - DEBUG - run_dag dispatch (time 6): recv s2 mb1 bkt=0
[36m(PiperActor pid=1981800)[0m 2026-04-01 22:05:56,233 - piper_actor - DEBUG - exec_recv key (None, 1) from peer pp rank 1
[36m(PiperActor pid=1981800)[0m 2026-04-01 22:05:56,234 - piper_actor - DEBUG - run_dag dispatch (time 7): backward s2 mb1 bkt=0
[36m(PiperActor pid=1981795)[0m 2026-04-01 22:05:56,203 - piper_actor - DEBUG - run_dag dispatch (time 4): send s3 mb0 bkt=0
[36m(PiperActor pid=1981795)[0m 2026-04-01 22:05:56,203 - piper_actor - DEBUG - exec_send key (None, 0) to peer pp rank 0
[36m(PiperActor pid=1981795)[0m 2026-04-01 22:05:56,204 - piper_actor - DEBUG - run_dag dispatch (time 5): backward s3 mb1 bkt=0
[36m(PiperActor pid=1981795)[0m 2026-04-01 22:05:56,234 - piper_actor - DEBUG - run_dag dispatch (time 5): recv s1 mb2 bkt=0
[36m(PiperActor pid=1981795)[0m 2026-04-01 22:05:56,235 - piper_actor - DEBUG - exec_recv key ((1, 0), 2) from peer pp rank 0
[36m(PiperActor pid=1981795)[0m 2026-04-01 22:05:56,235 - piper_actor - DEBUG - run_dag dispatch (time 6): forward s1 mb2 bkt=0
[36m(PiperActor pid=1981787)[0m 2026-04-01 22:05:56,269 - piper_actor - DEBUG - run_dag dispatch (time 7): send s0 mb3 bkt=0
[36m(PiperActor pid=1981787)[0m 2026-04-01 22:05:56,269 - piper_actor - DEBUG - exec_send key ((0, 0), 3) to peer pp rank 1
[36m(PiperActor pid=1981787)[0m 2026-04-01 22:05:56,269 - piper_actor - DEBUG - run_dag dispatch (time 7): recv s2 mb2 bkt=0
[36m(PiperActor pid=1981787)[0m 2026-04-01 22:05:56,270 - piper_actor - DEBUG - exec_recv key ((2, 0), 2) from peer pp rank 1
[36m(PiperActor pid=1981787)[0m 2026-04-01 22:05:56,270 - piper_actor - DEBUG - run_dag dispatch (time 8): forward s2 mb2 bkt=0
[36m(PiperActor pid=1981793)[0m 2026-04-01 22:05:56,274 - piper_actor - DEBUG - run_dag dispatch (time 6): recv s1 mb0 bkt=0
[36m(PiperActor pid=1981793)[0m 2026-04-01 22:05:56,275 - piper_actor - DEBUG - exec_recv key (None, 0) from peer pp rank 0
[36m(PiperActor pid=1981793)[0m 2026-04-01 22:05:56,275 - piper_actor - DEBUG - run_dag dispatch (time 6): send s3 mb1 bkt=0
[36m(PiperActor pid=1981793)[0m 2026-04-01 22:05:56,275 - piper_actor - DEBUG - exec_send key (None, 1) to peer pp rank 0
[36m(PiperActor pid=1981793)[0m 2026-04-01 22:05:56,275 - piper_actor - DEBUG - run_dag dispatch (time 7): backward s1 mb0 bkt=0
[36m(PiperActor pid=1981800)[0m 2026-04-01 22:05:56,269 - piper_actor - DEBUG - run_dag dispatch (time 7): send s0 mb3 bkt=0
[36m(PiperActor pid=1981800)[0m 2026-04-01 22:05:56,270 - piper_actor - DEBUG - exec_send key ((0, 0), 3) to peer pp rank 1
[36m(PiperActor pid=1981800)[0m 2026-04-01 22:05:56,270 - piper_actor - DEBUG - run_dag dispatch (time 7): recv s2 mb2 bkt=0
[36m(PiperActor pid=1981800)[0m 2026-04-01 22:05:56,270 - piper_actor - DEBUG - exec_recv key ((2, 0), 2) from peer pp rank 1
[36m(PiperActor pid=1981800)[0m 2026-04-01 22:05:56,271 - piper_actor - DEBUG - run_dag dispatch (time 8): forward s2 mb2 bkt=0
[36m(PiperActor pid=1981795)[0m 2026-04-01 22:05:56,274 - piper_actor - DEBUG - run_dag dispatch (time 6): recv s1 mb0 bkt=0
[36m(PiperActor pid=1981795)[0m 2026-04-01 22:05:56,274 - piper_actor - DEBUG - exec_recv key (None, 0) from peer pp rank 0
[36m(PiperActor pid=1981795)[0m 2026-04-01 22:05:56,275 - piper_actor - DEBUG - run_dag dispatch (time 6): send s3 mb1 bkt=0
[36m(PiperActor pid=1981795)[0m 2026-04-01 22:05:56,275 - piper_actor - DEBUG - exec_send key (None, 1) to peer pp rank 0
[36m(PiperActor pid=1981795)[0m 2026-04-01 22:05:56,275 - piper_actor - DEBUG - run_dag dispatch (time 7): backward s1 mb0 bkt=0
[36m(PiperActor pid=1981787)[0m 2026-04-01 22:05:56,305 - piper_actor - DEBUG - run_dag dispatch (time 8): send s2 mb1 bkt=0
[36m(PiperActor pid=1981787)[0m 2026-04-01 22:05:56,305 - piper_actor - DEBUG - exec_send key (None, 1) to peer pp rank 1
[36m(PiperActor pid=1981787)[0m 2026-04-01 22:05:56,306 - piper_actor - DEBUG - run_dag dispatch (time 8): recv s0 mb0 bkt=0
[36m(PiperActor pid=1981787)[0m 2026-04-01 22:05:56,306 - piper_actor - DEBUG - exec_recv key (None, 0) from peer pp rank 1
[36m(PiperActor pid=1981787)[0m 2026-04-01 22:05:56,306 - piper_actor - DEBUG - run_dag dispatch (time 9): backward s0 mb0 bkt=0
[36m(PiperActor pid=1981793)[0m 2026-04-01 22:05:56,307 - piper_actor - DEBUG - run_dag dispatch (time 7): recv s1 mb3 bkt=0
[36m(PiperActor pid=1981793)[0m 2026-04-01 22:05:56,308 - piper_actor - DEBUG - exec_recv key ((1, 0), 3) from peer pp rank 0
[36m(PiperActor pid=1981793)[0m 2026-04-01 22:05:56,308 - piper_actor - DEBUG - run_dag dispatch (time 7): send s1 mb2 bkt=0
[36m(PiperActor pid=1981793)[0m 2026-04-01 22:05:56,308 - piper_actor - DEBUG - exec_send key ((1, 0), 2) to peer pp rank 0
[36m(PiperActor pid=1981793)[0m 2026-04-01 22:05:56,309 - piper_actor - DEBUG - run_dag dispatch (time 8): forward s1 mb3 bkt=0
[36m(PiperActor pid=1981800)[0m 2026-04-01 22:05:56,304 - piper_actor - DEBUG - run_dag dispatch (time 8): send s2 mb1 bkt=0
[36m(PiperActor pid=1981800)[0m 2026-04-01 22:05:56,304 - piper_actor - DEBUG - exec_send key (None, 1) to peer pp rank 1
[36m(PiperActor pid=1981800)[0m 2026-04-01 22:05:56,305 - piper_actor - DEBUG - run_dag dispatch (time 8): recv s0 mb0 bkt=0
[36m(PiperActor pid=1981800)[0m 2026-04-01 22:05:56,305 - piper_actor - DEBUG - exec_recv key (None, 0) from peer pp rank 1
[36m(PiperActor pid=1981800)[0m 2026-04-01 22:05:56,305 - piper_actor - DEBUG - run_dag dispatch (time 9): backward s0 mb0 bkt=0
[36m(PiperActor pid=1981795)[0m 2026-04-01 22:05:56,304 - piper_actor - DEBUG - run_dag dispatch (time 7): recv s1 mb3 bkt=0
[36m(PiperActor pid=1981795)[0m 2026-04-01 22:05:56,304 - piper_actor - DEBUG - exec_recv key ((1, 0), 3) from peer pp rank 0
[36m(PiperActor pid=1981795)[0m 2026-04-01 22:05:56,304 - piper_actor - DEBUG - run_dag dispatch (time 7): send s1 mb2 bkt=0
[36m(PiperActor pid=1981795)[0m 2026-04-01 22:05:56,304 - piper_actor - DEBUG - exec_send key ((1, 0), 2) to peer pp rank 0
[36m(PiperActor pid=1981795)[0m 2026-04-01 22:05:56,305 - piper_actor - DEBUG - run_dag dispatch (time 8): forward s1 mb3 bkt=0
[36m(PiperActor pid=1981795)[0m 2026-04-01 22:05:56,319 - piper_actor - DEBUG - run_dag dispatch (time 8): recv s1 mb1 bkt=0
[36m(PiperActor pid=1981795)[0m 2026-04-01 22:05:56,319 - piper_actor - DEBUG - exec_recv key (None, 1) from peer pp rank 0
[36m(PiperActor pid=1981795)[0m 2026-04-01 22:05:56,320 - piper_actor - DEBUG - run_dag dispatch (time 8): send s1 mb0 bkt=0
[36m(PiperActor pid=1981795)[0m 2026-04-01 22:05:56,320 - piper_actor - DEBUG - exec_send key (None, 0) to peer pp rank 0
[36m(PiperActor pid=1981795)[0m 2026-04-01 22:05:56,320 - piper_actor - DEBUG - run_dag dispatch (time 9): backward s1 mb1 bkt=0
[36m(PiperActor pid=1981787)[0m 2026-04-01 22:05:56,343 - piper_actor - DEBUG - run_dag dispatch (time 9): send s2 mb2 bkt=0
[36m(PiperActor pid=1981787)[0m 2026-04-01 22:05:56,344 - piper_actor - DEBUG - exec_send key ((2, 0), 2) to peer pp rank 1
[36m(PiperActor pid=1981787)[0m 2026-04-01 22:05:56,344 - piper_actor - DEBUG - run_dag dispatch (time 9): recv s2 mb3 bkt=0
[36m(PiperActor pid=1981787)[0m 2026-04-01 22:05:56,344 - piper_actor - DEBUG - exec_recv key ((2, 0), 3) from peer pp rank 1
[36m(PiperActor pid=1981787)[0m 2026-04-01 22:05:56,345 - piper_actor - DEBUG - run_dag dispatch (time 10): forward s2 mb3 bkt=0
[36m(PiperActor pid=1981793)[0m 2026-04-01 22:05:56,321 - piper_actor - DEBUG - run_dag dispatch (time 8): recv s1 mb1 bkt=0
[36m(PiperActor pid=1981793)[0m 2026-04-01 22:05:56,321 - piper_actor - DEBUG - exec_recv key (None, 1) from peer pp rank 0
[36m(PiperActor pid=1981793)[0m 2026-04-01 22:05:56,322 - piper_actor - DEBUG - run_dag dispatch (time 8): send s1 mb0 bkt=0
[36m(PiperActor pid=1981793)[0m 2026-04-01 22:05:56,322 - piper_actor - DEBUG - exec_send key (None, 0) to peer pp rank 0
[36m(PiperActor pid=1981793)[0m 2026-04-01 22:05:56,322 - piper_actor - DEBUG - run_dag dispatch (time 9): backward s1 mb1 bkt=0
[36m(PiperActor pid=1981793)[0m 2026-04-01 22:05:56,358 - piper_actor - DEBUG - run_dag dispatch (time 9): recv s3 mb2 bkt=0
[36m(PiperActor pid=1981793)[0m 2026-04-01 22:05:56,358 - piper_actor - DEBUG - exec_recv key ((3, 0), 2) from peer pp rank 0
[36m(PiperActor pid=1981793)[0m 2026-04-01 22:05:56,359 - piper_actor - DEBUG - run_dag dispatch (time 9): send s1 mb3 bkt=0
[36m(PiperActor pid=1981793)[0m 2026-04-01 22:05:56,359 - piper_actor - DEBUG - exec_send key ((1, 0), 3) to peer pp rank 0
[36m(PiperActor pid=1981793)[0m 2026-04-01 22:05:56,359 - piper_actor - DEBUG - run_dag dispatch (time 10): forward s3 mb2 bkt=0
[36m(PiperActor pid=1981800)[0m 2026-04-01 22:05:56,343 - piper_actor - DEBUG - run_dag dispatch (time 9): send s2 mb2 bkt=0
[36m(PiperActor pid=1981800)[0m 2026-04-01 22:05:56,343 - piper_actor - DEBUG - exec_send key ((2, 0), 2) to peer pp rank 1
[36m(PiperActor pid=1981800)[0m 2026-04-01 22:05:56,344 - piper_actor - DEBUG - run_dag dispatch (time 9): recv s2 mb3 bkt=0
[36m(PiperActor pid=1981800)[0m 2026-04-01 22:05:56,344 - piper_actor - DEBUG - exec_recv key ((2, 0), 3) from peer pp rank 1
[36m(PiperActor pid=1981800)[0m 2026-04-01 22:05:56,344 - piper_actor - DEBUG - run_dag dispatch (time 10): forward s2 mb3 bkt=0
[36m(PiperActor pid=1981800)[0m 2026-04-01 22:05:56,361 - piper_actor - DEBUG - run_dag dispatch (time 10): recv s0 mb1 bkt=0
[36m(PiperActor pid=1981800)[0m 2026-04-01 22:05:56,362 - piper_actor - DEBUG - exec_recv key (None, 1) from peer pp rank 1
[36m(PiperActor pid=1981795)[0m 2026-04-01 22:05:56,352 - piper_actor - DEBUG - run_dag dispatch (time 9): recv s3 mb2 bkt=0
[36m(PiperActor pid=1981795)[0m 2026-04-01 22:05:56,353 - piper_actor - DEBUG - exec_recv key ((3, 0), 2) from peer pp rank 0
[36m(PiperActor pid=1981795)[0m 2026-04-01 22:05:56,353 - piper_actor - DEBUG - run_dag dispatch (time 9): send s1 mb3 bkt=0
[36m(PiperActor pid=1981795)[0m 2026-04-01 22:05:56,353 - piper_actor - DEBUG - exec_send key ((1, 0), 3) to peer pp rank 0
[36m(PiperActor pid=1981795)[0m 2026-04-01 22:05:56,354 - piper_actor - DEBUG - run_dag dispatch (time 10): forward s3 mb2 bkt=0
[36m(PiperActor pid=1981787)[0m 2026-04-01 22:05:56,362 - piper_actor - DEBUG - run_dag dispatch (time 10): recv s0 mb1 bkt=0
[36m(PiperActor pid=1981787)[0m 2026-04-01 22:05:56,363 - piper_actor - DEBUG - exec_recv key (None, 1) from peer pp rank 1
[36m(PiperActor pid=1981787)[0m 2026-04-01 22:05:56,363 - piper_actor - DEBUG - run_dag dispatch (time 11): backward s0 mb1 bkt=0
[36m(PiperActor pid=1981787)[0m 2026-04-01 22:05:56,399 - piper_actor - DEBUG - run_dag dispatch (time 11): send s2 mb3 bkt=0
[36m(PiperActor pid=1981787)[0m 2026-04-01 22:05:56,400 - piper_actor - DEBUG - exec_send key ((2, 0), 3) to peer pp rank 1
[36m(PiperActor pid=1981787)[0m 2026-04-01 22:05:56,400 - piper_actor - DEBUG - run_dag dispatch (time 11): recv s2 mb2 bkt=0
[36m(PiperActor pid=1981787)[0m 2026-04-01 22:05:56,400 - piper_actor - DEBUG - exec_recv key (None, 2) from peer pp rank 1
[36m(PiperActor pid=1981787)[0m 2026-04-01 22:05:56,401 - piper_actor - DEBUG - run_dag dispatch (time 12): backward s2 mb2 bkt=0
[36m(PiperActor pid=1981793)[0m 2026-04-01 22:05:56,371 - piper_actor - DEBUG - run_dag dispatch (time 10): send s1 mb1 bkt=0
[36m(PiperActor pid=1981793)[0m 2026-04-01 22:05:56,371 - piper_actor - DEBUG - exec_send key (None, 1) to peer pp rank 0
[36m(PiperActor pid=1981793)[0m 2026-04-01 22:05:56,371 - piper_actor - DEBUG - run_dag dispatch (time 11): backward s3 mb2 bkt=0
[36m(PiperActor pid=1981793)[0m 2026-04-01 22:05:56,402 - piper_actor - DEBUG - run_dag dispatch (time 11): recv s3 mb3 bkt=0
[36m(PiperActor pid=1981793)[0m 2026-04-01 22:05:56,402 - piper_actor - DEBUG - exec_recv key ((3, 0), 3) from peer pp rank 0
[36m(PiperActor pid=1981800)[0m 2026-04-01 22:05:56,362 - piper_actor - DEBUG - run_dag dispatch (time 11): backward s0 mb1 bkt=0
[36m(PiperActor pid=1981800)[0m 2026-04-01 22:05:56,399 - piper_actor - DEBUG - run_dag dispatch (time 11): send s2 mb3 bkt=0
[36m(PiperActor pid=1981800)[0m 2026-04-01 22:05:56,400 - piper_actor - DEBUG - exec_send key ((2, 0), 3) to peer pp rank 1
[36m(PiperActor pid=1981800)[0m 2026-04-01 22:05:56,400 - piper_actor - DEBUG - run_dag dispatch (time 11): recv s2 mb2 bkt=0
[36m(PiperActor pid=1981800)[0m 2026-04-01 22:05:56,400 - piper_actor - DEBUG - exec_recv key (None, 2) from peer pp rank 1
[36m(PiperActor pid=1981800)[0m 2026-04-01 22:05:56,401 - piper_actor - DEBUG - run_dag dispatch (time 12): backward s2 mb2 bkt=0
[36m(PiperActor pid=1981795)[0m 2026-04-01 22:05:56,369 - piper_actor - DEBUG - run_dag dispatch (time 10): send s1 mb1 bkt=0
[36m(PiperActor pid=1981795)[0m 2026-04-01 22:05:56,370 - piper_actor - DEBUG - exec_send key (None, 1) to peer pp rank 0
[36m(PiperActor pid=1981795)[0m 2026-04-01 22:05:56,370 - piper_actor - DEBUG - run_dag dispatch (time 11): backward s3 mb2 bkt=0
[36m(PiperActor pid=1981795)[0m 2026-04-01 22:05:56,400 - piper_actor - DEBUG - run_dag dispatch (time 11): recv s3 mb3 bkt=0
[36m(PiperActor pid=1981795)[0m 2026-04-01 22:05:56,401 - piper_actor - DEBUG - exec_recv key ((3, 0), 3) from peer pp rank 0
[36m(PiperActor pid=1981795)[0m 2026-04-01 22:05:56,401 - piper_actor - DEBUG - run_dag dispatch (time 12): forward s3 mb3 bkt=0
[36m(PiperActor pid=1981787)[0m 2026-04-01 22:05:56,436 - piper_actor - DEBUG - run_dag dispatch (time 12): recv s2 mb3 bkt=0
[36m(PiperActor pid=1981787)[0m 2026-04-01 22:05:56,436 - piper_actor - DEBUG - exec_recv key (None, 3) from peer pp rank 1
[36m(PiperActor pid=1981787)[0m 2026-04-01 22:05:56,436 - piper_actor - DEBUG - run_dag dispatch (time 13): backward s2 mb3 bkt=0
[36m(PiperActor pid=1981793)[0m 2026-04-01 22:05:56,402 - piper_actor - DEBUG - run_dag dispatch (time 12): forward s3 mb3 bkt=0
[36m(PiperActor pid=1981793)[0m 2026-04-01 22:05:56,444 - piper_actor - DEBUG - run_dag dispatch (time 12): send s3 mb2 bkt=0
[36m(PiperActor pid=1981793)[0m 2026-04-01 22:05:56,444 - piper_actor - DEBUG - exec_send key (None, 2) to peer pp rank 0
[36m(PiperActor pid=1981800)[0m 2026-04-01 22:05:56,435 - piper_actor - DEBUG - run_dag dispatch (time 12): recv s2 mb3 bkt=0
[36m(PiperActor pid=1981800)[0m 2026-04-01 22:05:56,436 - piper_actor - DEBUG - exec_recv key (None, 3) from peer pp rank 1
[36m(PiperActor pid=1981800)[0m 2026-04-01 22:05:56,436 - piper_actor - DEBUG - run_dag dispatch (time 13): backward s2 mb3 bkt=0
[36m(PiperActor pid=1981795)[0m 2026-04-01 22:05:56,442 - piper_actor - DEBUG - run_dag dispatch (time 12): send s3 mb2 bkt=0
[36m(PiperActor pid=1981795)[0m 2026-04-01 22:05:56,443 - piper_actor - DEBUG - exec_send key (None, 2) to peer pp rank 0
[36m(PiperActor pid=1981795)[0m 2026-04-01 22:05:56,443 - piper_actor - DEBUG - run_dag dispatch (time 13): backward s3 mb3 bkt=0
[36m(PiperActor pid=1981793)[0m 2026-04-01 22:05:56,444 - piper_actor - DEBUG - run_dag dispatch (time 13): backward s3 mb3 bkt=0
[36m(PiperActor pid=1981793)[0m 2026-04-01 22:05:56,475 - piper_actor - DEBUG - run_dag dispatch (time 13): recv s1 mb2 bkt=0
[36m(PiperActor pid=1981793)[0m 2026-04-01 22:05:56,475 - piper_actor - DEBUG - exec_recv key (None, 2) from peer pp rank 0
[36m(PiperActor pid=1981793)[0m 2026-04-01 22:05:56,476 - piper_actor - DEBUG - run_dag dispatch (time 14): backward s1 mb2 bkt=0
[36m(PiperActor pid=1981795)[0m 2026-04-01 22:05:56,474 - piper_actor - DEBUG - run_dag dispatch (time 13): recv s1 mb2 bkt=0
[36m(PiperActor pid=1981795)[0m 2026-04-01 22:05:56,474 - piper_actor - DEBUG - exec_recv key (None, 2) from peer pp rank 0
[36m(PiperActor pid=1981795)[0m 2026-04-01 22:05:56,474 - piper_actor - DEBUG - run_dag dispatch (time 14): backward s1 mb2 bkt=0
[36m(PiperActor pid=1981787)[0m 2026-04-01 22:05:56,491 - piper_actor - DEBUG - run_dag dispatch (time 13): send s2 mb2 bkt=0
[36m(PiperActor pid=1981787)[0m 2026-04-01 22:05:56,492 - piper_actor - DEBUG - exec_send key (None, 2) to peer pp rank 1
[36m(PiperActor pid=1981787)[0m 2026-04-01 22:05:56,492 - piper_actor - DEBUG - run_dag dispatch (time 13): recv s0 mb2 bkt=0
[36m(PiperActor pid=1981787)[0m 2026-04-01 22:05:56,493 - piper_actor - DEBUG - exec_recv key (None, 2) from peer pp rank 1
[36m(PiperActor pid=1981787)[0m 2026-04-01 22:05:56,493 - piper_actor - DEBUG - run_dag dispatch (time 14): backward s0 mb2 bkt=0
[36m(PiperActor pid=1981800)[0m 2026-04-01 22:05:56,491 - piper_actor - DEBUG - run_dag dispatch (time 13): send s2 mb2 bkt=0
[36m(PiperActor pid=1981800)[0m 2026-04-01 22:05:56,492 - piper_actor - DEBUG - exec_send key (None, 2) to peer pp rank 1
[36m(PiperActor pid=1981800)[0m 2026-04-01 22:05:56,492 - piper_actor - DEBUG - run_dag dispatch (time 13): recv s0 mb2 bkt=0
[36m(PiperActor pid=1981800)[0m 2026-04-01 22:05:56,492 - piper_actor - DEBUG - exec_recv key (None, 2) from peer pp rank 1
[36m(PiperActor pid=1981800)[0m 2026-04-01 22:05:56,493 - piper_actor - DEBUG - run_dag dispatch (time 14): backward s0 mb2 bkt=0
[36m(PiperActor pid=1981793)[0m 2026-04-01 22:05:56,533 - piper_actor - DEBUG - run_dag dispatch (time 14): recv s1 mb3 bkt=0
[36m(PiperActor pid=1981793)[0m 2026-04-01 22:05:56,534 - piper_actor - DEBUG - exec_recv key (None, 3) from peer pp rank 0
[36m(PiperActor pid=1981793)[0m 2026-04-01 22:05:56,534 - piper_actor - DEBUG - run_dag dispatch (time 14): send s3 mb3 bkt=0
[36m(PiperActor pid=1981793)[0m 2026-04-01 22:05:56,534 - piper_actor - DEBUG - exec_send key (None, 3) to peer pp rank 0
[36m(PiperActor pid=1981793)[0m 2026-04-01 22:05:56,535 - piper_actor - DEBUG - run_dag dispatch (time 14): all_reduce s3 mb3 bkt=0
[36m(PiperActor pid=1981793)[0m 2026-04-01 22:05:56,535 - piper_actor - DEBUG - run_dag dispatch (time 15): backward s1 mb3 bkt=0
[36m(PiperActor pid=1981795)[0m 2026-04-01 22:05:56,531 - piper_actor - DEBUG - run_dag dispatch (time 14): recv s1 mb3 bkt=0
[36m(PiperActor pid=1981795)[0m 2026-04-01 22:05:56,532 - piper_actor - DEBUG - exec_recv key (None, 3) from peer pp rank 0
[36m(PiperActor pid=1981795)[0m 2026-04-01 22:05:56,532 - piper_actor - DEBUG - run_dag dispatch (time 14): send s3 mb3 bkt=0
[36m(PiperActor pid=1981795)[0m 2026-04-01 22:05:56,532 - piper_actor - DEBUG - exec_send key (None, 3) to peer pp rank 0
[36m(PiperActor pid=1981795)[0m 2026-04-01 22:05:56,533 - piper_actor - DEBUG - run_dag dispatch (time 14): all_reduce s3 mb3 bkt=0
[36m(PiperActor pid=1981795)[0m 2026-04-01 22:05:56,533 - piper_actor - DEBUG - run_dag dispatch (time 15): backward s1 mb3 bkt=0
[36m(PiperActor pid=1981787)[0m 2026-04-01 22:05:56,571 - piper_actor - DEBUG - run_dag dispatch (time 14): send s2 mb3 bkt=0
[36m(PiperActor pid=1981787)[0m 2026-04-01 22:05:56,572 - piper_actor - DEBUG - exec_send key (None, 3) to peer pp rank 1
[36m(PiperActor pid=1981787)[0m 2026-04-01 22:05:56,572 - piper_actor - DEBUG - run_dag dispatch (time 14): recv s0 mb3 bkt=0
[36m(PiperActor pid=1981787)[0m 2026-04-01 22:05:56,572 - piper_actor - DEBUG - exec_recv key (None, 3) from peer pp rank 1
[36m(PiperActor pid=1981787)[0m 2026-04-01 22:05:56,573 - piper_actor - DEBUG - run_dag dispatch (time 14): all_reduce s2 mb3 bkt=0
[36m(PiperActor pid=1981787)[0m 2026-04-01 22:05:56,573 - piper_actor - DEBUG - run_dag dispatch (time 15): backward s0 mb3 bkt=0
[36m(PiperActor pid=1981793)[0m 2026-04-01 22:05:56,572 - piper_actor - DEBUG - run_dag dispatch (time 15): send s1 mb2 bkt=0
[36m(PiperActor pid=1981793)[0m 2026-04-01 22:05:56,572 - piper_actor - DEBUG - exec_send key (None, 2) to peer pp rank 0
[36m(PiperActor pid=1981793)[0m 2026-04-01 22:05:56,573 - piper_actor - DEBUG - run_dag dispatch (time 16): update s1 mb3 bkt=0
[36m(PiperActor pid=1981800)[0m 2026-04-01 22:05:56,571 - piper_actor - DEBUG - run_dag dispatch (time 14): send s2 mb3 bkt=0
[36m(PiperActor pid=1981800)[0m 2026-04-01 22:05:56,571 - piper_actor - DEBUG - exec_send key (None, 3) to peer pp rank 1
[36m(PiperActor pid=1981800)[0m 2026-04-01 22:05:56,572 - piper_actor - DEBUG - run_dag dispatch (time 14): recv s0 mb3 bkt=0
[36m(PiperActor pid=1981800)[0m 2026-04-01 22:05:56,572 - piper_actor - DEBUG - exec_recv key (None, 3) from peer pp rank 1
[36m(PiperActor pid=1981800)[0m 2026-04-01 22:05:56,572 - piper_actor - DEBUG - run_dag dispatch (time 14): all_reduce s2 mb3 bkt=0
[36m(PiperActor pid=1981800)[0m 2026-04-01 22:05:56,573 - piper_actor - DEBUG - run_dag dispatch (time 15): backward s0 mb3 bkt=0
[36m(PiperActor pid=1981795)[0m 2026-04-01 22:05:56,571 - piper_actor - DEBUG - run_dag dispatch (time 15): send s1 mb2 bkt=0
[36m(PiperActor pid=1981795)[0m 2026-04-01 22:05:56,571 - piper_actor - DEBUG - exec_send key (None, 2) to peer pp rank 0
[36m(PiperActor pid=1981795)[0m 2026-04-01 22:05:56,572 - piper_actor - DEBUG - run_dag dispatch (time 16): update s1 mb3 bkt=0
[36m(PiperActor pid=1981787)[0m 2026-04-01 22:05:56,612 - piper_actor - DEBUG - run_dag dispatch (time 16): update s0 mb3 bkt=0
[36m(PiperActor pid=1981793)[0m 2026-04-01 22:05:56,629 - piper_actor - DEBUG - run_dag dispatch (time 16): send s1 mb3 bkt=0
[36m(PiperActor pid=1981793)[0m 2026-04-01 22:05:56,629 - piper_actor - DEBUG - exec_send key (None, 3) to peer pp rank 0
[36m(PiperActor pid=1981793)[0m 2026-04-01 22:05:56,629 - piper_actor - DEBUG - run_dag dispatch (time 16): all_reduce s1 mb3 bkt=0
[36m(PiperActor pid=1981800)[0m 2026-04-01 22:05:56,612 - piper_actor - DEBUG - run_dag dispatch (time 16): update s0 mb3 bkt=0
[36m(PiperActor pid=1981795)[0m 2026-04-01 22:05:56,627 - piper_actor - DEBUG - run_dag dispatch (time 16): send s1 mb3 bkt=0
[36m(PiperActor pid=1981795)[0m 2026-04-01 22:05:56,627 - piper_actor - DEBUG - exec_send key (None, 3) to peer pp rank 0
[36m(PiperActor pid=1981795)[0m 2026-04-01 22:05:56,628 - piper_actor - DEBUG - run_dag dispatch (time 16): all_reduce s1 mb3 bkt=0
[36m(PiperActor pid=1981787)[0m 2026-04-01 22:05:56,672 - piper_actor - DEBUG - run_dag dispatch (time 16): all_reduce s0 mb3 bkt=0
[36m(PiperActor pid=1981787)[0m 2026-04-01 22:05:56,677 - piper_actor - DEBUG - run_dag dispatch (time -20001): all_gather s2 mb0 bkt=0
[36m(PiperActor pid=1981787)[0m 2026-04-01 22:05:56,677 - piper_actor - DEBUG - run_dag dispatch (time -20000): all_gather s0 mb0 bkt=0
[36m(PiperActor pid=1981787)[0m 2026-04-01 22:05:56,678 - piper_actor - DEBUG - run_dag dispatch (time 0): forward s0 mb0 bkt=0
[36m(PiperActor pid=1981787)[0m 2026-04-01 22:05:56,689 - piper_actor - DEBUG - run_dag dispatch (time 1): forward s0 mb1 bkt=0
[36m(PiperActor pid=1981793)[0m 2026-04-01 22:05:56,677 - piper_actor - DEBUG - run_dag dispatch (time -20001): all_gather s3 mb0 bkt=0
[36m(PiperActor pid=1981793)[0m 2026-04-01 22:05:56,678 - piper_actor - DEBUG - run_dag dispatch (time -20000): all_gather s1 mb0 bkt=0
[36m(PiperActor pid=1981793)[0m 2026-04-01 22:05:56,678 - piper_actor - DEBUG - run_dag dispatch (time -1): recv s1 mb0 bkt=0
[36m(PiperActor pid=1981793)[0m 2026-04-01 22:05:56,678 - piper_actor - DEBUG - exec_recv key ((1, 0), 0) from peer pp rank 0
[36m(PiperActor pid=1981793)[0m 2026-04-01 22:05:56,679 - piper_actor - DEBUG - run_dag dispatch (time 0): forward s1 mb0 bkt=0
[36m(PiperActor pid=1981793)[0m 2026-04-01 22:05:56,690 - piper_actor - DEBUG - run_dag dispatch (time 0): recv s1 mb1 bkt=0
[36m(PiperActor pid=1981793)[0m 2026-04-01 22:05:56,690 - piper_actor - DEBUG - exec_recv key ((1, 0), 1) from peer pp rank 0
[36m(PiperActor pid=1981793)[0m 2026-04-01 22:05:56,690 - piper_actor - DEBUG - run_dag dispatch (time 1): forward s1 mb1 bkt=0
[36m(PiperActor pid=1981800)[0m 2026-04-01 22:05:56,670 - piper_actor - DEBUG - run_dag dispatch (time 16): all_reduce s0 mb3 bkt=0
[36m(PiperActor pid=1981800)[0m 2026-04-01 22:05:56,678 - piper_actor - DEBUG - run_dag dispatch (time -20001): all_gather s2 mb0 bkt=0
[36m(PiperActor pid=1981800)[0m 2026-04-01 22:05:56,678 - piper_actor - DEBUG - run_dag dispatch (time -20000): all_gather s0 mb0 bkt=0
[36m(PiperActor pid=1981800)[0m 2026-04-01 22:05:56,679 - piper_actor - DEBUG - run_dag dispatch (time 0): forward s0 mb0 bkt=0
[36m(PiperActor pid=1981795)[0m 2026-04-01 22:05:56,677 - piper_actor - DEBUG - run_dag dispatch (time -20001): all_gather s3 mb0 bkt=0
[36m(PiperActor pid=1981795)[0m 2026-04-01 22:05:56,677 - piper_actor - DEBUG - run_dag dispatch (time -20000): all_gather s1 mb0 bkt=0
[36m(PiperActor pid=1981795)[0m 2026-04-01 22:05:56,678 - piper_actor - DEBUG - run_dag dispatch (time -1): recv s1 mb0 bkt=0
[36m(PiperActor pid=1981795)[0m 2026-04-01 22:05:56,678 - piper_actor - DEBUG - exec_recv key ((1, 0), 0) from peer pp rank 0
[36m(PiperActor pid=1981795)[0m 2026-04-01 22:05:56,678 - piper_actor - DEBUG - run_dag dispatch (time 0): forward s1 mb0 bkt=0
[36m(PiperActor pid=1981795)[0m 2026-04-01 22:05:56,689 - piper_actor - DEBUG - run_dag dispatch (time 0): recv s1 mb1 bkt=0
[36m(PiperActor pid=1981795)[0m 2026-04-01 22:05:56,690 - piper_actor - DEBUG - exec_recv key ((1, 0), 1) from peer pp rank 0
[36m(PiperActor pid=1981795)[0m 2026-04-01 22:05:56,690 - piper_actor - DEBUG - run_dag dispatch (time 1): forward s1 mb1 bkt=0
[36m(PiperActor pid=1981787)[0m 2026-04-01 22:05:56,700 - piper_actor - DEBUG - run_dag dispatch (time 1): send s0 mb0 bkt=0
[36m(PiperActor pid=1981787)[0m 2026-04-01 22:05:56,700 - piper_actor - DEBUG - exec_send key ((0, 0), 0) to peer pp rank 1
[36m(PiperActor pid=1981787)[0m 2026-04-01 22:05:56,700 - piper_actor - DEBUG - run_dag dispatch (time 1): recv s2 mb0 bkt=0
[36m(PiperActor pid=1981787)[0m 2026-04-01 22:05:56,700 - piper_actor - DEBUG - exec_recv key ((2, 0), 0) from peer pp rank 1
[36m(PiperActor pid=1981787)[0m 2026-04-01 22:05:56,701 - piper_actor - DEBUG - run_dag dispatch (time 2): forward s2 mb0 bkt=0
[36m(PiperActor pid=1981787)[0m 2026-04-01 22:05:56,712 - piper_actor - DEBUG - run_dag dispatch (time 2): send s0 mb1 bkt=0
[36m(PiperActor pid=1981787)[0m 2026-04-01 22:05:56,712 - piper_actor - DEBUG - exec_send key ((0, 0), 1) to peer pp rank 1
[36m(PiperActor pid=1981787)[0m 2026-04-01 22:05:56,712 - piper_actor - DEBUG - run_dag dispatch (time 2): recv s2 mb1 bkt=0
[36m(PiperActor pid=1981787)[0m 2026-04-01 22:05:56,712 - piper_actor - DEBUG - exec_recv key ((2, 0), 1) from peer pp rank 1
[36m(PiperActor pid=1981787)[0m 2026-04-01 22:05:56,713 - piper_actor - DEBUG - run_dag dispatch (time 3): forward s2 mb1 bkt=0
[36m(PiperActor pid=1981787)[0m 2026-04-01 22:05:56,723 - piper_actor - DEBUG - run_dag dispatch (time 3): send s2 mb0 bkt=0
[36m(PiperActor pid=1981787)[0m 2026-04-01 22:05:56,723 - piper_actor - DEBUG - exec_send key ((2, 0), 0) to peer pp rank 1
[36m(PiperActor pid=1981787)[0m 2026-04-01 22:05:56,724 - piper_actor - DEBUG - run_dag dispatch (time 4): forward s0 mb2 bkt=0
[36m(PiperActor pid=1981793)[0m 2026-04-01 22:05:56,701 - piper_actor - DEBUG - run_dag dispatch (time 1): recv s3 mb0 bkt=0
[36m(PiperActor pid=1981793)[0m 2026-04-01 22:05:56,701 - piper_actor - DEBUG - exec_recv key ((3, 0), 0) from peer pp rank 0
[36m(PiperActor pid=1981793)[0m 2026-04-01 22:05:56,701 - piper_actor - DEBUG - run_dag dispatch (time 1): send s1 mb0 bkt=0
[36m(PiperActor pid=1981793)[0m 2026-04-01 22:05:56,701 - piper_actor - DEBUG - exec_send key ((1, 0), 0) to peer pp rank 0
[36m(PiperActor pid=1981793)[0m 2026-04-01 22:05:56,702 - piper_actor - DEBUG - run_dag dispatch (time 2): forward s3 mb0 bkt=0
[36m(PiperActor pid=1981793)[0m 2026-04-01 22:05:56,713 - piper_actor - DEBUG - run_dag dispatch (time 2): send s1 mb1 bkt=0
[36m(PiperActor pid=1981793)[0m 2026-04-01 22:05:56,713 - piper_actor - DEBUG - exec_send key ((1, 0), 1) to peer pp rank 0
[36m(PiperActor pid=1981793)[0m 2026-04-01 22:05:56,713 - piper_actor - DEBUG - run_dag dispatch (time 3): backward s3 mb0 bkt=0
[36m(PiperActor pid=1981800)[0m 2026-04-01 22:05:56,700 - piper_actor - DEBUG - run_dag dispatch (time 1): forward s0 mb1 bkt=0
[36m(PiperActor pid=1981800)[0m 2026-04-01 22:05:56,712 - piper_actor - DEBUG - run_dag dispatch (time 1): send s0 mb0 bkt=0
[36m(PiperActor pid=1981800)[0m 2026-04-01 22:05:56,713 - piper_actor - DEBUG - exec_send key ((0, 0), 0) to peer pp rank 1
[36m(PiperActor pid=1981800)[0m 2026-04-01 22:05:56,713 - piper_actor - DEBUG - run_dag dispatch (time 1): recv s2 mb0 bkt=0
[36m(PiperActor pid=1981800)[0m 2026-04-01 22:05:56,713 - piper_actor - DEBUG - exec_recv key ((2, 0), 0) from peer pp rank 1
[36m(PiperActor pid=1981800)[0m 2026-04-01 22:05:56,714 - piper_actor - DEBUG - run_dag dispatch (time 2): forward s2 mb0 bkt=0
[36m(PiperActor pid=1981800)[0m 2026-04-01 22:05:56,725 - piper_actor - DEBUG - run_dag dispatch (time 2): send s0 mb1 bkt=0
[36m(PiperActor pid=1981800)[0m 2026-04-01 22:05:56,726 - piper_actor - DEBUG - exec_send key ((0, 0), 1) to peer pp rank 1
[36m(PiperActor pid=1981800)[0m 2026-04-01 22:05:56,726 - piper_actor - DEBUG - run_dag dispatch (time 2): recv s2 mb1 bkt=0
[36m(PiperActor pid=1981800)[0m 2026-04-01 22:05:56,726 - piper_actor - DEBUG - exec_recv key ((2, 0), 1) from peer pp rank 1
[36m(PiperActor pid=1981800)[0m 2026-04-01 22:05:56,726 - piper_actor - DEBUG - run_dag dispatch (time 3): forward s2 mb1 bkt=0
[36m(PiperActor pid=1981795)[0m 2026-04-01 22:05:56,701 - piper_actor - DEBUG - run_dag dispatch (time 1): recv s3 mb0 bkt=0
[36m(PiperActor pid=1981795)[0m 2026-04-01 22:05:56,701 - piper_actor - DEBUG - exec_recv key ((3, 0), 0) from peer pp rank 0
[36m(PiperActor pid=1981795)[0m 2026-04-01 22:05:56,701 - piper_actor - DEBUG - run_dag dispatch (time 1): send s1 mb0 bkt=0
[36m(PiperActor pid=1981795)[0m 2026-04-01 22:05:56,701 - piper_actor - DEBUG - exec_send key ((1, 0), 0) to peer pp rank 0
[36m(PiperActor pid=1981795)[0m 2026-04-01 22:05:56,701 - piper_actor - DEBUG - run_dag dispatch (time 2): forward s3 mb0 bkt=0
[36m(PiperActor pid=1981795)[0m 2026-04-01 22:05:56,717 - piper_actor - DEBUG - run_dag dispatch (time 2): send s1 mb1 bkt=0
[36m(PiperActor pid=1981795)[0m 2026-04-01 22:05:56,717 - piper_actor - DEBUG - exec_send key ((1, 0), 1) to peer pp rank 0
[36m(PiperActor pid=1981795)[0m 2026-04-01 22:05:56,718 - piper_actor - DEBUG - run_dag dispatch (time 3): backward s3 mb0 bkt=0
[36m(PiperActor pid=1981787)[0m 2026-04-01 22:05:56,734 - piper_actor - DEBUG - run_dag dispatch (time 4): send s2 mb1 bkt=0
[36m(PiperActor pid=1981787)[0m 2026-04-01 22:05:56,734 - piper_actor - DEBUG - exec_send key ((2, 0), 1) to peer pp rank 1
[36m(PiperActor pid=1981787)[0m 2026-04-01 22:05:56,735 - piper_actor - DEBUG - run_dag dispatch (time 4): recv s2 mb0 bkt=0
[36m(PiperActor pid=1981787)[0m 2026-04-01 22:05:56,735 - piper_actor - DEBUG - exec_recv key (None, 0) from peer pp rank 1
[36m(PiperActor pid=1981787)[0m 2026-04-01 22:05:56,735 - piper_actor - DEBUG - run_dag dispatch (time 5): backward s2 mb0 bkt=0
[36m(PiperActor pid=1981787)[0m 2026-04-01 22:05:56,762 - piper_actor - DEBUG - run_dag dispatch (time 5): send s0 mb2 bkt=0
[36m(PiperActor pid=1981787)[0m 2026-04-01 22:05:56,762 - piper_actor - DEBUG - exec_send key ((0, 0), 2) to peer pp rank 1
[36m(PiperActor pid=1981787)[0m 2026-04-01 22:05:56,763 - piper_actor - DEBUG - run_dag dispatch (time 6): forward s0 mb3 bkt=0
[36m(PiperActor pid=1981793)[0m 2026-04-01 22:05:56,745 - piper_actor - DEBUG - run_dag dispatch (time 3): recv s3 mb1 bkt=0
[36m(PiperActor pid=1981793)[0m 2026-04-01 22:05:56,745 - piper_actor - DEBUG - exec_recv key ((3, 0), 1) from peer pp rank 0
[36m(PiperActor pid=1981793)[0m 2026-04-01 22:05:56,745 - piper_actor - DEBUG - run_dag dispatch (time 4): forward s3 mb1 bkt=0
[36m(PiperActor pid=1981800)[0m 2026-04-01 22:05:56,737 - piper_actor - DEBUG - run_dag dispatch (time 3): send s2 mb0 bkt=0
[36m(PiperActor pid=1981800)[0m 2026-04-01 22:05:56,738 - piper_actor - DEBUG - exec_send key ((2, 0), 0) to peer pp rank 1
[36m(PiperActor pid=1981800)[0m 2026-04-01 22:05:56,738 - piper_actor - DEBUG - run_dag dispatch (time 4): forward s0 mb2 bkt=0
[36m(PiperActor pid=1981800)[0m 2026-04-01 22:05:56,749 - piper_actor - DEBUG - run_dag dispatch (time 4): send s2 mb1 bkt=0
[36m(PiperActor pid=1981800)[0m 2026-04-01 22:05:56,749 - piper_actor - DEBUG - exec_send key ((2, 0), 1) to peer pp rank 1
[36m(PiperActor pid=1981800)[0m 2026-04-01 22:05:56,749 - piper_actor - DEBUG - run_dag dispatch (time 4): recv s2 mb0 bkt=0
[36m(PiperActor pid=1981800)[0m 2026-04-01 22:05:56,749 - piper_actor - DEBUG - exec_recv key (None, 0) from peer pp rank 1
[36m(PiperActor pid=1981800)[0m 2026-04-01 22:05:56,749 - piper_actor - DEBUG - run_dag dispatch (time 5): backward s2 mb0 bkt=0
[36m(PiperActor pid=1981800)[0m 2026-04-01 22:05:56,775 - piper_actor - DEBUG - run_dag dispatch (time 5): send s0 mb2 bkt=0
[36m(PiperActor pid=1981800)[0m 2026-04-01 22:05:56,776 - piper_actor - DEBUG - exec_send key ((0, 0), 2) to peer pp rank 1
[36m(PiperActor pid=1981800)[0m 2026-04-01 22:05:56,776 - piper_actor - DEBUG - run_dag dispatch (time 6): forward s0 mb3 bkt=0
[36m(PiperActor pid=1981795)[0m 2026-04-01 22:05:56,756 - piper_actor - DEBUG - run_dag dispatch (time 3): recv s3 mb1 bkt=0
[36m(PiperActor pid=1981795)[0m 2026-04-01 22:05:56,756 - piper_actor - DEBUG - exec_recv key ((3, 0), 1) from peer pp rank 0
[36m(PiperActor pid=1981795)[0m 2026-04-01 22:05:56,757 - piper_actor - DEBUG - run_dag dispatch (time 4): forward s3 mb1 bkt=0
[36m(PiperActor pid=1981793)[0m 2026-04-01 22:05:56,787 - piper_actor - DEBUG - run_dag dispatch (time 4): send s3 mb0 bkt=0
[36m(PiperActor pid=1981793)[0m 2026-04-01 22:05:56,787 - piper_actor - DEBUG - exec_send key (None, 0) to peer pp rank 0
[36m(PiperActor pid=1981793)[0m 2026-04-01 22:05:56,788 - piper_actor - DEBUG - run_dag dispatch (time 5): backward s3 mb1 bkt=0
[36m(PiperActor pid=1981795)[0m 2026-04-01 22:05:56,799 - piper_actor - DEBUG - run_dag dispatch (time 4): send s3 mb0 bkt=0
[36m(PiperActor pid=1981795)[0m 2026-04-01 22:05:56,799 - piper_actor - DEBUG - exec_send key (None, 0) to peer pp rank 0
[36m(PiperActor pid=1981795)[0m 2026-04-01 22:05:56,799 - piper_actor - DEBUG - run_dag dispatch (time 5): backward s3 mb1 bkt=0
[36m(PiperActor pid=1981787)[0m 2026-04-01 22:05:56,816 - piper_actor - DEBUG - run_dag dispatch (time 6): send s2 mb0 bkt=0
[36m(PiperActor pid=1981787)[0m 2026-04-01 22:05:56,816 - piper_actor - DEBUG - exec_send key (None, 0) to peer pp rank 1
[36m(PiperActor pid=1981787)[0m 2026-04-01 22:05:56,817 - piper_actor - DEBUG - run_dag dispatch (time 6): recv s2 mb1 bkt=0
[36m(PiperActor pid=1981787)[0m 2026-04-01 22:05:56,817 - piper_actor - DEBUG - exec_recv key (None, 1) from peer pp rank 1
[36m(PiperActor pid=1981787)[0m 2026-04-01 22:05:56,817 - piper_actor - DEBUG - run_dag dispatch (time 7): backward s2 mb1 bkt=0
[36m(PiperActor pid=1981787)[0m 2026-04-01 22:05:56,852 - piper_actor - DEBUG - run_dag dispatch (time 7): send s0 mb3 bkt=0
[36m(PiperActor pid=1981787)[0m 2026-04-01 22:05:56,852 - piper_actor - DEBUG - exec_send key ((0, 0), 3) to peer pp rank 1
[36m(PiperActor pid=1981787)[0m 2026-04-01 22:05:56,853 - piper_actor - DEBUG - run_dag dispatch (time 7): recv s2 mb2 bkt=0
[36m(PiperActor pid=1981787)[0m 2026-04-01 22:05:56,853 - piper_actor - DEBUG - exec_recv key ((2, 0), 2) from peer pp rank 1
[36m(PiperActor pid=1981787)[0m 2026-04-01 22:05:56,853 - piper_actor - DEBUG - run_dag dispatch (time 8): forward s2 mb2 bkt=0
[36m(PiperActor pid=1981793)[0m 2026-04-01 22:05:56,818 - piper_actor - DEBUG - run_dag dispatch (time 5): recv s1 mb2 bkt=0
[36m(PiperActor pid=1981793)[0m 2026-04-01 22:05:56,818 - piper_actor - DEBUG - exec_recv key ((1, 0), 2) from peer pp rank 0
[36m(PiperActor pid=1981793)[0m 2026-04-01 22:05:56,819 - piper_actor - DEBUG - run_dag dispatch (time 6): forward s1 mb2 bkt=0
[36m(PiperActor pid=1981800)[0m 2026-04-01 22:05:56,828 - piper_actor - DEBUG - run_dag dispatch (time 6): send s2 mb0 bkt=0
[36m(PiperActor pid=1981800)[0m 2026-04-01 22:05:56,828 - piper_actor - DEBUG - exec_send key (None, 0) to peer pp rank 1
[36m(PiperActor pid=1981800)[0m 2026-04-01 22:05:56,829 - piper_actor - DEBUG - run_dag dispatch (time 6): recv s2 mb1 bkt=0
[36m(PiperActor pid=1981800)[0m 2026-04-01 22:05:56,829 - piper_actor - DEBUG - exec_recv key (None, 1) from peer pp rank 1
[36m(PiperActor pid=1981800)[0m 2026-04-01 22:05:56,829 - piper_actor - DEBUG - run_dag dispatch (time 7): backward s2 mb1 bkt=0
[36m(PiperActor pid=1981795)[0m 2026-04-01 22:05:56,830 - piper_actor - DEBUG - run_dag dispatch (time 5): recv s1 mb2 bkt=0
[36m(PiperActor pid=1981795)[0m 2026-04-01 22:05:56,830 - piper_actor - DEBUG - exec_recv key ((1, 0), 2) from peer pp rank 0
[36m(PiperActor pid=1981795)[0m 2026-04-01 22:05:56,830 - piper_actor - DEBUG - run_dag dispatch (time 6): forward s1 mb2 bkt=0
[36m(PiperActor pid=1981787)[0m 2026-04-01 22:05:56,889 - piper_actor - DEBUG - run_dag dispatch (time 8): send s2 mb1 bkt=0
[36m(PiperActor pid=1981787)[0m 2026-04-01 22:05:56,889 - piper_actor - DEBUG - exec_send key (None, 1) to peer pp rank 1
[36m(PiperActor pid=1981787)[0m 2026-04-01 22:05:56,889 - piper_actor - DEBUG - run_dag dispatch (time 8): recv s0 mb0 bkt=0
[36m(PiperActor pid=1981787)[0m 2026-04-01 22:05:56,889 - piper_actor - DEBUG - exec_recv key (None, 0) from peer pp rank 1
[36m(PiperActor pid=1981787)[0m 2026-04-01 22:05:56,890 - piper_actor - DEBUG - run_dag dispatch (time 9): backward s0 mb0 bkt=0
[36m(PiperActor pid=1981793)[0m 2026-04-01 22:05:56,858 - piper_actor - DEBUG - run_dag dispatch (time 6): recv s1 mb0 bkt=0
[36m(PiperActor pid=1981793)[0m 2026-04-01 22:05:56,858 - piper_actor - DEBUG - exec_recv key (None, 0) from peer pp rank 0
[36m(PiperActor pid=1981793)[0m 2026-04-01 22:05:56,859 - piper_actor - DEBUG - run_dag dispatch (time 6): send s3 mb1 bkt=0
[36m(PiperActor pid=1981793)[0m 2026-04-01 22:05:56,859 - piper_actor - DEBUG - exec_send key (None, 1) to peer pp rank 0
[36m(PiperActor pid=1981793)[0m 2026-04-01 22:05:56,859 - piper_actor - DEBUG - run_dag dispatch (time 7): backward s1 mb0 bkt=0
[36m(PiperActor pid=1981793)[0m 2026-04-01 22:05:56,889 - piper_actor - DEBUG - run_dag dispatch (time 7): recv s1 mb3 bkt=0
[36m(PiperActor pid=1981793)[0m 2026-04-01 22:05:56,889 - piper_actor - DEBUG - exec_recv key ((1, 0), 3) from peer pp rank 0
[36m(PiperActor pid=1981793)[0m 2026-04-01 22:05:56,890 - piper_actor - DEBUG - run_dag dispatch (time 7): send s1 mb2 bkt=0
[36m(PiperActor pid=1981793)[0m 2026-04-01 22:05:56,890 - piper_actor - DEBUG - exec_send key ((1, 0), 2) to peer pp rank 0
[36m(PiperActor pid=1981793)[0m 2026-04-01 22:05:56,890 - piper_actor - DEBUG - run_dag dispatch (time 8): forward s1 mb3 bkt=0
[36m(PiperActor pid=1981800)[0m 2026-04-01 22:05:56,864 - piper_actor - DEBUG - run_dag dispatch (time 7): send s0 mb3 bkt=0
[36m(PiperActor pid=1981800)[0m 2026-04-01 22:05:56,865 - piper_actor - DEBUG - exec_send key ((0, 0), 3) to peer pp rank 1
[36m(PiperActor pid=1981800)[0m 2026-04-01 22:05:56,865 - piper_actor - DEBUG - run_dag dispatch (time 7): recv s2 mb2 bkt=0
[36m(PiperActor pid=1981800)[0m 2026-04-01 22:05:56,866 - piper_actor - DEBUG - exec_recv key ((2, 0), 2) from peer pp rank 1
[36m(PiperActor pid=1981800)[0m 2026-04-01 22:05:56,866 - piper_actor - DEBUG - run_dag dispatch (time 8): forward s2 mb2 bkt=0
[36m(PiperActor pid=1981795)[0m 2026-04-01 22:05:56,870 - piper_actor - DEBUG - run_dag dispatch (time 6): recv s1 mb0 bkt=0
[36m(PiperActor pid=1981795)[0m 2026-04-01 22:05:56,870 - piper_actor - DEBUG - exec_recv key (None, 0) from peer pp rank 0
[36m(PiperActor pid=1981795)[0m 2026-04-01 22:05:56,870 - piper_actor - DEBUG - run_dag dispatch (time 6): send s3 mb1 bkt=0
[36m(PiperActor pid=1981795)[0m 2026-04-01 22:05:56,870 - piper_actor - DEBUG - exec_send key (None, 1) to peer pp rank 0
[36m(PiperActor pid=1981795)[0m 2026-04-01 22:05:56,871 - piper_actor - DEBUG - run_dag dispatch (time 7): backward s1 mb0 bkt=0
[36m(PiperActor pid=1981787)[0m 2026-04-01 22:05:56,927 - piper_actor - DEBUG - run_dag dispatch (time 9): send s2 mb2 bkt=0
[36m(PiperActor pid=1981787)[0m 2026-04-01 22:05:56,927 - piper_actor - DEBUG - exec_send key ((2, 0), 2) to peer pp rank 1
[36m(PiperActor pid=1981787)[0m 2026-04-01 22:05:56,927 - piper_actor - DEBUG - run_dag dispatch (time 9): recv s2 mb3 bkt=0
[36m(PiperActor pid=1981787)[0m 2026-04-01 22:05:56,928 - piper_actor - DEBUG - exec_recv key ((2, 0), 3) from peer pp rank 1
[36m(PiperActor pid=1981787)[0m 2026-04-01 22:05:56,928 - piper_actor - DEBUG - run_dag dispatch (time 10): forward s2 mb3 bkt=0
[36m(PiperActor pid=1981793)[0m 2026-04-01 22:05:56,904 - piper_actor - DEBUG - run_dag dispatch (time 8): recv s1 mb1 bkt=0
[36m(PiperActor pid=1981793)[0m 2026-04-01 22:05:56,905 - piper_actor - DEBUG - exec_recv key (None, 1) from peer pp rank 0
[36m(PiperActor pid=1981793)[0m 2026-04-01 22:05:56,905 - piper_actor - DEBUG - run_dag dispatch (time 8): send s1 mb0 bkt=0
[36m(PiperActor pid=1981793)[0m 2026-04-01 22:05:56,905 - piper_actor - DEBUG - exec_send key (None, 0) to peer pp rank 0
[36m(PiperActor pid=1981793)[0m 2026-04-01 22:05:56,905 - piper_actor - DEBUG - run_dag dispatch (time 9): backward s1 mb1 bkt=0
[36m(PiperActor pid=1981793)[0m 2026-04-01 22:05:56,938 - piper_actor - DEBUG - run_dag dispatch (time 9): recv s3 mb2 bkt=0
[36m(PiperActor pid=1981793)[0m 2026-04-01 22:05:56,938 - piper_actor - DEBUG - exec_recv key ((3, 0), 2) from peer pp rank 0
[36m(PiperActor pid=1981800)[0m 2026-04-01 22:05:56,900 - piper_actor - DEBUG - run_dag dispatch (time 8): send s2 mb1 bkt=0
[36m(PiperActor pid=1981800)[0m 2026-04-01 22:05:56,900 - piper_actor - DEBUG - exec_send key (None, 1) to peer pp rank 1
[36m(PiperActor pid=1981800)[0m 2026-04-01 22:05:56,901 - piper_actor - DEBUG - run_dag dispatch (time 8): recv s0 mb0 bkt=0
[36m(PiperActor pid=1981800)[0m 2026-04-01 22:05:56,901 - piper_actor - DEBUG - exec_recv key (None, 0) from peer pp rank 1
[36m(PiperActor pid=1981800)[0m 2026-04-01 22:05:56,901 - piper_actor - DEBUG - run_dag dispatch (time 9): backward s0 mb0 bkt=0
[36m(PiperActor pid=1981795)[0m 2026-04-01 22:05:56,899 - piper_actor - DEBUG - run_dag dispatch (time 7): recv s1 mb3 bkt=0
[36m(PiperActor pid=1981795)[0m 2026-04-01 22:05:56,900 - piper_actor - DEBUG - exec_recv key ((1, 0), 3) from peer pp rank 0
[36m(PiperActor pid=1981795)[0m 2026-04-01 22:05:56,900 - piper_actor - DEBUG - run_dag dispatch (time 7): send s1 mb2 bkt=0
[36m(PiperActor pid=1981795)[0m 2026-04-01 22:05:56,900 - piper_actor - DEBUG - exec_send key ((1, 0), 2) to peer pp rank 0
[36m(PiperActor pid=1981795)[0m 2026-04-01 22:05:56,901 - piper_actor - DEBUG - run_dag dispatch (time 8): forward s1 mb3 bkt=0
[36m(PiperActor pid=1981795)[0m 2026-04-01 22:05:56,916 - piper_actor - DEBUG - run_dag dispatch (time 8): recv s1 mb1 bkt=0
[36m(PiperActor pid=1981795)[0m 2026-04-01 22:05:56,916 - piper_actor - DEBUG - exec_recv key (None, 1) from peer pp rank 0
[36m(PiperActor pid=1981795)[0m 2026-04-01 22:05:56,916 - piper_actor - DEBUG - run_dag dispatch (time 8): send s1 mb0 bkt=0
[36m(PiperActor pid=1981795)[0m 2026-04-01 22:05:56,916 - piper_actor - DEBUG - exec_send key (None, 0) to peer pp rank 0
[36m(PiperActor pid=1981795)[0m 2026-04-01 22:05:56,917 - piper_actor - DEBUG - run_dag dispatch (time 9): backward s1 mb1 bkt=0
[36m(PiperActor pid=1981787)[0m 2026-04-01 22:05:56,946 - piper_actor - DEBUG - run_dag dispatch (time 10): recv s0 mb1 bkt=0
[36m(PiperActor pid=1981787)[0m 2026-04-01 22:05:56,946 - piper_actor - DEBUG - exec_recv key (None, 1) from peer pp rank 1
[36m(PiperActor pid=1981787)[0m 2026-04-01 22:05:56,946 - piper_actor - DEBUG - run_dag dispatch (time 11): backward s0 mb1 bkt=0
[36m(PiperActor pid=1981793)[0m 2026-04-01 22:05:56,939 - piper_actor - DEBUG - run_dag dispatch (time 9): send s1 mb3 bkt=0
[36m(PiperActor pid=1981793)[0m 2026-04-01 22:05:56,939 - piper_actor - DEBUG - exec_send key ((1, 0), 3) to peer pp rank 0
[36m(PiperActor pid=1981793)[0m 2026-04-01 22:05:56,939 - piper_actor - DEBUG - run_dag dispatch (time 10): forward s3 mb2 bkt=0
[36m(PiperActor pid=1981793)[0m 2026-04-01 22:05:56,955 - piper_actor - DEBUG - run_dag dispatch (time 10): send s1 mb1 bkt=0
[36m(PiperActor pid=1981793)[0m 2026-04-01 22:05:56,955 - piper_actor - DEBUG - exec_send key (None, 1) to peer pp rank 0
[36m(PiperActor pid=1981793)[0m 2026-04-01 22:05:56,955 - piper_actor - DEBUG - run_dag dispatch (time 11): backward s3 mb2 bkt=0
[36m(PiperActor pid=1981800)[0m 2026-04-01 22:05:56,945 - piper_actor - DEBUG - run_dag dispatch (time 9): send s2 mb2 bkt=0
[36m(PiperActor pid=1981800)[0m 2026-04-01 22:05:56,945 - piper_actor - DEBUG - exec_send key ((2, 0), 2) to peer pp rank 1
[36m(PiperActor pid=1981800)[0m 2026-04-01 22:05:56,946 - piper_actor - DEBUG - run_dag dispatch (time 9): recv s2 mb3 bkt=0
[36m(PiperActor pid=1981800)[0m 2026-04-01 22:05:56,946 - piper_actor - DEBUG - exec_recv key ((2, 0), 3) from peer pp rank 1
[36m(PiperActor pid=1981800)[0m 2026-04-01 22:05:56,946 - piper_actor - DEBUG - run_dag dispatch (time 10): forward s2 mb3 bkt=0
[36m(PiperActor pid=1981800)[0m 2026-04-01 22:05:56,958 - piper_actor - DEBUG - run_dag dispatch (time 10): recv s0 mb1 bkt=0
[36m(PiperActor pid=1981800)[0m 2026-04-01 22:05:56,958 - piper_actor - DEBUG - exec_recv key (None, 1) from peer pp rank 1
[36m(PiperActor pid=1981800)[0m 2026-04-01 22:05:56,958 - piper_actor - DEBUG - run_dag dispatch (time 11): backward s0 mb1 bkt=0
[36m(PiperActor pid=1981795)[0m 2026-04-01 22:05:56,950 - piper_actor - DEBUG - run_dag dispatch (time 9): recv s3 mb2 bkt=0
[36m(PiperActor pid=1981795)[0m 2026-04-01 22:05:56,950 - piper_actor - DEBUG - exec_recv key ((3, 0), 2) from peer pp rank 0
[36m(PiperActor pid=1981795)[0m 2026-04-01 22:05:56,950 - piper_actor - DEBUG - run_dag dispatch (time 9): send s1 mb3 bkt=0
[36m(PiperActor pid=1981795)[0m 2026-04-01 22:05:56,951 - piper_actor - DEBUG - exec_send key ((1, 0), 3) to peer pp rank 0
[36m(PiperActor pid=1981795)[0m 2026-04-01 22:05:56,951 - piper_actor - DEBUG - run_dag dispatch (time 10): forward s3 mb2 bkt=0
[36m(PiperActor pid=1981795)[0m 2026-04-01 22:05:56,966 - piper_actor - DEBUG - run_dag dispatch (time 10): send s1 mb1 bkt=0
[36m(PiperActor pid=1981795)[0m 2026-04-01 22:05:56,966 - piper_actor - DEBUG - exec_send key (None, 1) to peer pp rank 0
[36m(PiperActor pid=1981795)[0m 2026-04-01 22:05:56,966 - piper_actor - DEBUG - run_dag dispatch (time 11): backward s3 mb2 bkt=0
[36m(PiperActor pid=1981787)[0m 2026-04-01 22:05:56,989 - piper_actor - DEBUG - run_dag dispatch (time 11): send s2 mb3 bkt=0
[36m(PiperActor pid=1981787)[0m 2026-04-01 22:05:56,989 - piper_actor - DEBUG - exec_send key ((2, 0), 3) to peer pp rank 1
[36m(PiperActor pid=1981787)[0m 2026-04-01 22:05:56,990 - piper_actor - DEBUG - run_dag dispatch (time 11): recv s2 mb2 bkt=0
[36m(PiperActor pid=1981787)[0m 2026-04-01 22:05:56,990 - piper_actor - DEBUG - exec_recv key (None, 2) from peer pp rank 1
[36m(PiperActor pid=1981787)[0m 2026-04-01 22:05:56,990 - piper_actor - DEBUG - run_dag dispatch (time 12): backward s2 mb2 bkt=0
[36m(PiperActor pid=1981787)[0m 2026-04-01 22:05:57,018 - piper_actor - DEBUG - run_dag dispatch (time 12): recv s2 mb3 bkt=0
[36m(PiperActor pid=1981787)[0m 2026-04-01 22:05:57,019 - piper_actor - DEBUG - exec_recv key (None, 3) from peer pp rank 1
[36m(PiperActor pid=1981787)[0m 2026-04-01 22:05:57,019 - piper_actor - DEBUG - run_dag dispatch (time 13): backward s2 mb3 bkt=0
[36m(PiperActor pid=1981793)[0m 2026-04-01 22:05:56,986 - piper_actor - DEBUG - run_dag dispatch (time 11): recv s3 mb3 bkt=0
[36m(PiperActor pid=1981793)[0m 2026-04-01 22:05:56,986 - piper_actor - DEBUG - exec_recv key ((3, 0), 3) from peer pp rank 0
[36m(PiperActor pid=1981793)[0m 2026-04-01 22:05:56,987 - piper_actor - DEBUG - run_dag dispatch (time 12): forward s3 mb3 bkt=0
[36m(PiperActor pid=1981800)[0m 2026-04-01 22:05:56,995 - piper_actor - DEBUG - run_dag dispatch (time 11): send s2 mb3 bkt=0
[36m(PiperActor pid=1981800)[0m 2026-04-01 22:05:56,995 - piper_actor - DEBUG - exec_send key ((2, 0), 3) to peer pp rank 1
[36m(PiperActor pid=1981800)[0m 2026-04-01 22:05:56,996 - piper_actor - DEBUG - run_dag dispatch (time 11): recv s2 mb2 bkt=0
[36m(PiperActor pid=1981800)[0m 2026-04-01 22:05:56,996 - piper_actor - DEBUG - exec_recv key (None, 2) from peer pp rank 1
[36m(PiperActor pid=1981800)[0m 2026-04-01 22:05:56,996 - piper_actor - DEBUG - run_dag dispatch (time 12): backward s2 mb2 bkt=0
[36m(PiperActor pid=1981795)[0m 2026-04-01 22:05:56,997 - piper_actor - DEBUG - run_dag dispatch (time 11): recv s3 mb3 bkt=0
[36m(PiperActor pid=1981795)[0m 2026-04-01 22:05:56,998 - piper_actor - DEBUG - exec_recv key ((3, 0), 3) from peer pp rank 0
[36m(PiperActor pid=1981795)[0m 2026-04-01 22:05:56,998 - piper_actor - DEBUG - run_dag dispatch (time 12): forward s3 mb3 bkt=0
[36m(PiperActor pid=1981793)[0m 2026-04-01 22:05:57,028 - piper_actor - DEBUG - run_dag dispatch (time 12): send s3 mb2 bkt=0
[36m(PiperActor pid=1981793)[0m 2026-04-01 22:05:57,028 - piper_actor - DEBUG - exec_send key (None, 2) to peer pp rank 0
[36m(PiperActor pid=1981793)[0m 2026-04-01 22:05:57,028 - piper_actor - DEBUG - run_dag dispatch (time 13): backward s3 mb3 bkt=0
[36m(PiperActor pid=1981793)[0m 2026-04-01 22:05:57,059 - piper_actor - DEBUG - run_dag dispatch (time 13): recv s1 mb2 bkt=0
[36m(PiperActor pid=1981793)[0m 2026-04-01 22:05:57,059 - piper_actor - DEBUG - exec_recv key (None, 2) from peer pp rank 0
[36m(PiperActor pid=1981793)[0m 2026-04-01 22:05:57,060 - piper_actor - DEBUG - run_dag dispatch (time 14): backward s1 mb2 bkt=0
[36m(PiperActor pid=1981800)[0m 2026-04-01 22:05:57,036 - piper_actor - DEBUG - run_dag dispatch (time 12): recv s2 mb3 bkt=0
[36m(PiperActor pid=1981800)[0m 2026-04-01 22:05:57,037 - piper_actor - DEBUG - exec_recv key (None, 3) from peer pp rank 1
[36m(PiperActor pid=1981800)[0m 2026-04-01 22:05:57,037 - piper_actor - DEBUG - run_dag dispatch (time 13): backward s2 mb3 bkt=0
[36m(PiperActor pid=1981795)[0m 2026-04-01 22:05:57,039 - piper_actor - DEBUG - run_dag dispatch (time 12): send s3 mb2 bkt=0
[36m(PiperActor pid=1981795)[0m 2026-04-01 22:05:57,039 - piper_actor - DEBUG - exec_send key (None, 2) to peer pp rank 0
[36m(PiperActor pid=1981795)[0m 2026-04-01 22:05:57,040 - piper_actor - DEBUG - run_dag dispatch (time 13): backward s3 mb3 bkt=0
[36m(PiperActor pid=1981787)[0m 2026-04-01 22:05:57,075 - piper_actor - DEBUG - run_dag dispatch (time 13): send s2 mb2 bkt=0
[36m(PiperActor pid=1981787)[0m 2026-04-01 22:05:57,076 - piper_actor - DEBUG - exec_send key (None, 2) to peer pp rank 1
[36m(PiperActor pid=1981787)[0m 2026-04-01 22:05:57,076 - piper_actor - DEBUG - run_dag dispatch (time 13): recv s0 mb2 bkt=0
[36m(PiperActor pid=1981787)[0m 2026-04-01 22:05:57,077 - piper_actor - DEBUG - exec_recv key (None, 2) from peer pp rank 1
[36m(PiperActor pid=1981787)[0m 2026-04-01 22:05:57,077 - piper_actor - DEBUG - run_dag dispatch (time 14): backward s0 mb2 bkt=0
[36m(PiperActor pid=1981800)[0m 2026-04-01 22:05:57,088 - piper_actor - DEBUG - run_dag dispatch (time 13): send s2 mb2 bkt=0
[36m(PiperActor pid=1981800)[0m 2026-04-01 22:05:57,088 - piper_actor - DEBUG - exec_send key (None, 2) to peer pp rank 1
[36m(PiperActor pid=1981800)[0m 2026-04-01 22:05:57,089 - piper_actor - DEBUG - run_dag dispatch (time 13): recv s0 mb2 bkt=0
[36m(PiperActor pid=1981800)[0m 2026-04-01 22:05:57,089 - piper_actor - DEBUG - exec_recv key (None, 2) from peer pp rank 1
[36m(PiperActor pid=1981800)[0m 2026-04-01 22:05:57,090 - piper_actor - DEBUG - run_dag dispatch (time 14): backward s0 mb2 bkt=0
[36m(PiperActor pid=1981795)[0m 2026-04-01 22:05:57,071 - piper_actor - DEBUG - run_dag dispatch (time 13): recv s1 mb2 bkt=0
[36m(PiperActor pid=1981795)[0m 2026-04-01 22:05:57,071 - piper_actor - DEBUG - exec_recv key (None, 2) from peer pp rank 0
[36m(PiperActor pid=1981795)[0m 2026-04-01 22:05:57,072 - piper_actor - DEBUG - run_dag dispatch (time 14): backward s1 mb2 bkt=0
[36m(PiperActor pid=1981793)[0m 2026-04-01 22:05:57,117 - piper_actor - DEBUG - run_dag dispatch (time 14): recv s1 mb3 bkt=0
[36m(PiperActor pid=1981793)[0m 2026-04-01 22:05:57,117 - piper_actor - DEBUG - exec_recv key (None, 3) from peer pp rank 0
[36m(PiperActor pid=1981793)[0m 2026-04-01 22:05:57,118 - piper_actor - DEBUG - run_dag dispatch (time 14): send s3 mb3 bkt=0
[36m(PiperActor pid=1981793)[0m 2026-04-01 22:05:57,118 - piper_actor - DEBUG - exec_send key (None, 3) to peer pp rank 0
[36m(PiperActor pid=1981793)[0m 2026-04-01 22:05:57,118 - piper_actor - DEBUG - run_dag dispatch (time 14): all_reduce s3 mb3 bkt=0
[36m(PiperActor pid=1981793)[0m 2026-04-01 22:05:57,119 - piper_actor - DEBUG - run_dag dispatch (time 15): backward s1 mb3 bkt=0
[36m(PiperActor pid=1981795)[0m 2026-04-01 22:05:57,129 - piper_actor - DEBUG - run_dag dispatch (time 14): recv s1 mb3 bkt=0
[36m(PiperActor pid=1981795)[0m 2026-04-01 22:05:57,129 - piper_actor - DEBUG - exec_recv key (None, 3) from peer pp rank 0
[36m(PiperActor pid=1981795)[0m 2026-04-01 22:05:57,130 - piper_actor - DEBUG - run_dag dispatch (time 14): send s3 mb3 bkt=0
[36m(PiperActor pid=1981795)[0m 2026-04-01 22:05:57,130 - piper_actor - DEBUG - exec_send key (None, 3) to peer pp rank 0
[36m(PiperActor pid=1981795)[0m 2026-04-01 22:05:57,130 - piper_actor - DEBUG - run_dag dispatch (time 14): all_reduce s3 mb3 bkt=0
[36m(PiperActor pid=1981795)[0m 2026-04-01 22:05:57,130 - piper_actor - DEBUG - run_dag dispatch (time 15): backward s1 mb3 bkt=0
[36m(PiperActor pid=1981787)[0m 2026-04-01 22:05:57,155 - piper_actor - DEBUG - run_dag dispatch (time 14): send s2 mb3 bkt=0
[36m(PiperActor pid=1981787)[0m 2026-04-01 22:05:57,155 - piper_actor - DEBUG - exec_send key (None, 3) to peer pp rank 1
[36m(PiperActor pid=1981787)[0m 2026-04-01 22:05:57,156 - piper_actor - DEBUG - run_dag dispatch (time 14): recv s0 mb3 bkt=0
[36m(PiperActor pid=1981787)[0m 2026-04-01 22:05:57,156 - piper_actor - DEBUG - exec_recv key (None, 3) from peer pp rank 1
[36m(PiperActor pid=1981787)[0m 2026-04-01 22:05:57,156 - piper_actor - DEBUG - run_dag dispatch (time 14): all_reduce s2 mb3 bkt=0
[36m(PiperActor pid=1981787)[0m 2026-04-01 22:05:57,156 - piper_actor - DEBUG - run_dag dispatch (time 15): backward s0 mb3 bkt=0
[36m(PiperActor pid=1981793)[0m 2026-04-01 22:05:57,156 - piper_actor - DEBUG - run_dag dispatch (time 15): send s1 mb2 bkt=0
[36m(PiperActor pid=1981793)[0m 2026-04-01 22:05:57,156 - piper_actor - DEBUG - exec_send key (None, 2) to peer pp rank 0
[36m(PiperActor pid=1981793)[0m 2026-04-01 22:05:57,156 - piper_actor - DEBUG - run_dag dispatch (time 16): update s1 mb3 bkt=0
[36m(PiperActor pid=1981800)[0m 2026-04-01 22:05:57,167 - piper_actor - DEBUG - run_dag dispatch (time 14): send s2 mb3 bkt=0
[36m(PiperActor pid=1981800)[0m 2026-04-01 22:05:57,168 - piper_actor - DEBUG - exec_send key (None, 3) to peer pp rank 1
[36m(PiperActor pid=1981800)[0m 2026-04-01 22:05:57,168 - piper_actor - DEBUG - run_dag dispatch (time 14): recv s0 mb3 bkt=0
[36m(PiperActor pid=1981800)[0m 2026-04-01 22:05:57,168 - piper_actor - DEBUG - exec_recv key (None, 3) from peer pp rank 1
[36m(PiperActor pid=1981800)[0m 2026-04-01 22:05:57,169 - piper_actor - DEBUG - run_dag dispatch (time 14): all_reduce s2 mb3 bkt=0
[36m(PiperActor pid=1981800)[0m 2026-04-01 22:05:57,169 - piper_actor - DEBUG - run_dag dispatch (time 15): backward s0 mb3 bkt=0
[36m(PiperActor pid=1981795)[0m 2026-04-01 22:05:57,167 - piper_actor - DEBUG - run_dag dispatch (time 15): send s1 mb2 bkt=0
[36m(PiperActor pid=1981795)[0m 2026-04-01 22:05:57,167 - piper_actor - DEBUG - exec_send key (None, 2) to peer pp rank 0
[36m(PiperActor pid=1981795)[0m 2026-04-01 22:05:57,167 - piper_actor - DEBUG - run_dag dispatch (time 16): update s1 mb3 bkt=0
[36m(PiperActor pid=1981787)[0m 2026-04-01 22:05:57,197 - piper_actor - DEBUG - run_dag dispatch (time 16): update s0 mb3 bkt=0
[36m(PiperActor pid=1981793)[0m 2026-04-01 22:05:57,212 - piper_actor - DEBUG - run_dag dispatch (time 16): send s1 mb3 bkt=0
[36m(PiperActor pid=1981793)[0m 2026-04-01 22:05:57,212 - piper_actor - DEBUG - exec_send key (None, 3) to peer pp rank 0
[36m(PiperActor pid=1981793)[0m 2026-04-01 22:05:57,213 - piper_actor - DEBUG - run_dag dispatch (time 16): all_reduce s1 mb3 bkt=0
[36m(PiperActor pid=1981800)[0m 2026-04-01 22:05:57,208 - piper_actor - DEBUG - run_dag dispatch (time 16): update s0 mb3 bkt=0
[36m(PiperActor pid=1981795)[0m 2026-04-01 22:05:57,223 - piper_actor - DEBUG - run_dag dispatch (time 16): send s1 mb3 bkt=0
[36m(PiperActor pid=1981795)[0m 2026-04-01 22:05:57,223 - piper_actor - DEBUG - exec_send key (None, 3) to peer pp rank 0
[36m(PiperActor pid=1981795)[0m 2026-04-01 22:05:57,224 - piper_actor - DEBUG - run_dag dispatch (time 16): all_reduce s1 mb3 bkt=0
[36m(PiperActor pid=1981787)[0m 2026-04-01 22:05:57,255 - piper_actor - DEBUG - run_dag dispatch (time 16): all_reduce s0 mb3 bkt=0
[36m(PiperActor pid=1981787)[0m 2026-04-01 22:05:57,260 - piper_actor - DEBUG - run_dag dispatch (time -20001): all_gather s2 mb0 bkt=0
[36m(PiperActor pid=1981787)[0m 2026-04-01 22:05:57,261 - piper_actor - DEBUG - run_dag dispatch (time -20000): all_gather s0 mb0 bkt=0
[36m(PiperActor pid=1981787)[0m 2026-04-01 22:05:57,261 - piper_actor - DEBUG - run_dag dispatch (time 0): forward s0 mb0 bkt=0
[36m(PiperActor pid=1981787)[0m 2026-04-01 22:05:57,272 - piper_actor - DEBUG - run_dag dispatch (time 1): forward s0 mb1 bkt=0
[36m(PiperActor pid=1981793)[0m 2026-04-01 22:05:57,261 - piper_actor - DEBUG - run_dag dispatch (time -20001): all_gather s3 mb0 bkt=0
[36m(PiperActor pid=1981793)[0m 2026-04-01 22:05:57,261 - piper_actor - DEBUG - run_dag dispatch (time -20000): all_gather s1 mb0 bkt=0
[36m(PiperActor pid=1981793)[0m 2026-04-01 22:05:57,262 - piper_actor - DEBUG - run_dag dispatch (time -1): recv s1 mb0 bkt=0
[36m(PiperActor pid=1981793)[0m 2026-04-01 22:05:57,262 - piper_actor - DEBUG - exec_recv key ((1, 0), 0) from peer pp rank 0
[36m(PiperActor pid=1981793)[0m 2026-04-01 22:05:57,262 - piper_actor - DEBUG - run_dag dispatch (time 0): forward s1 mb0 bkt=0
[36m(PiperActor pid=1981793)[0m 2026-04-01 22:05:57,273 - piper_actor - DEBUG - run_dag dispatch (time 0): recv s1 mb1 bkt=0
[36m(PiperActor pid=1981793)[0m 2026-04-01 22:05:57,274 - piper_actor - DEBUG - exec_recv key ((1, 0), 1) from peer pp rank 0
[36m(PiperActor pid=1981793)[0m 2026-04-01 22:05:57,274 - piper_actor - DEBUG - run_dag dispatch (time 1): forward s1 mb1 bkt=0
[36m(PiperActor pid=1981800)[0m 2026-04-01 22:05:57,265 - piper_actor - DEBUG - run_dag dispatch (time 16): all_reduce s0 mb3 bkt=0
[36m(PiperActor pid=1981800)[0m 2026-04-01 22:05:57,272 - piper_actor - DEBUG - run_dag dispatch (time -20001): all_gather s2 mb0 bkt=0
[36m(PiperActor pid=1981800)[0m 2026-04-01 22:05:57,273 - piper_actor - DEBUG - run_dag dispatch (time -20000): all_gather s0 mb0 bkt=0
[36m(PiperActor pid=1981800)[0m 2026-04-01 22:05:57,273 - piper_actor - DEBUG - run_dag dispatch (time 0): forward s0 mb0 bkt=0
[36m(PiperActor pid=1981795)[0m 2026-04-01 22:05:57,272 - piper_actor - DEBUG - run_dag dispatch (time -20001): all_gather s3 mb0 bkt=0
[36m(PiperActor pid=1981795)[0m 2026-04-01 22:05:57,272 - piper_actor - DEBUG - run_dag dispatch (time -20000): all_gather s1 mb0 bkt=0
[36m(PiperActor pid=1981795)[0m 2026-04-01 22:05:57,273 - piper_actor - DEBUG - run_dag dispatch (time -1): recv s1 mb0 bkt=0
[36m(PiperActor pid=1981795)[0m 2026-04-01 22:05:57,273 - piper_actor - DEBUG - exec_recv key ((1, 0), 0) from peer pp rank 0
[36m(PiperActor pid=1981795)[0m 2026-04-01 22:05:57,273 - piper_actor - DEBUG - run_dag dispatch (time 0): forward s1 mb0 bkt=0
[36m(PiperActor pid=1981787)[0m 2026-04-01 22:05:57,283 - piper_actor - DEBUG - run_dag dispatch (time 1): send s0 mb0 bkt=0
[36m(PiperActor pid=1981787)[0m 2026-04-01 22:05:57,283 - piper_actor - DEBUG - exec_send key ((0, 0), 0) to peer pp rank 1
[36m(PiperActor pid=1981787)[0m 2026-04-01 22:05:57,284 - piper_actor - DEBUG - run_dag dispatch (time 1): recv s2 mb0 bkt=0
[36m(PiperActor pid=1981787)[0m 2026-04-01 22:05:57,284 - piper_actor - DEBUG - exec_recv key ((2, 0), 0) from peer pp rank 1
[36m(PiperActor pid=1981787)[0m 2026-04-01 22:05:57,284 - piper_actor - DEBUG - run_dag dispatch (time 2): forward s2 mb0 bkt=0
[36m(PiperActor pid=1981787)[0m 2026-04-01 22:05:57,295 - piper_actor - DEBUG - run_dag dispatch (time 2): send s0 mb1 bkt=0
[36m(PiperActor pid=1981787)[0m 2026-04-01 22:05:57,295 - piper_actor - DEBUG - exec_send key ((0, 0), 1) to peer pp rank 1
[36m(PiperActor pid=1981787)[0m 2026-04-01 22:05:57,295 - piper_actor - DEBUG - run_dag dispatch (time 2): recv s2 mb1 bkt=0
[36m(PiperActor pid=1981787)[0m 2026-04-01 22:05:57,295 - piper_actor - DEBUG - exec_recv key ((2, 0), 1) from peer pp rank 1
[36m(PiperActor pid=1981787)[0m 2026-04-01 22:05:57,296 - piper_actor - DEBUG - run_dag dispatch (time 3): forward s2 mb1 bkt=0
[36m(PiperActor pid=1981787)[0m 2026-04-01 22:05:57,306 - piper_actor - DEBUG - run_dag dispatch (time 3): send s2 mb0 bkt=0
[36m(PiperActor pid=1981787)[0m 2026-04-01 22:05:57,306 - piper_actor - DEBUG - exec_send key ((2, 0), 0) to peer pp rank 1
[36m(PiperActor pid=1981787)[0m 2026-04-01 22:05:57,306 - piper_actor - DEBUG - run_dag dispatch (time 4): forward s0 mb2 bkt=0
[36m(PiperActor pid=1981793)[0m 2026-04-01 22:05:57,284 - piper_actor - DEBUG - run_dag dispatch (time 1): recv s3 mb0 bkt=0
[36m(PiperActor pid=1981793)[0m 2026-04-01 22:05:57,285 - piper_actor - DEBUG - exec_recv key ((3, 0), 0) from peer pp rank 0
[36m(PiperActor pid=1981793)[0m 2026-04-01 22:05:57,285 - piper_actor - DEBUG - run_dag dispatch (time 1): send s1 mb0 bkt=0
[36m(PiperActor pid=1981793)[0m 2026-04-01 22:05:57,285 - piper_actor - DEBUG - exec_send key ((1, 0), 0) to peer pp rank 0
[36m(PiperActor pid=1981793)[0m 2026-04-01 22:05:57,285 - piper_actor - DEBUG - run_dag dispatch (time 2): forward s3 mb0 bkt=0
[36m(PiperActor pid=1981793)[0m 2026-04-01 22:05:57,302 - piper_actor - DEBUG - run_dag dispatch (time 2): send s1 mb1 bkt=0
[36m(PiperActor pid=1981793)[0m 2026-04-01 22:05:57,303 - piper_actor - DEBUG - exec_send key ((1, 0), 1) to peer pp rank 0
[36m(PiperActor pid=1981793)[0m 2026-04-01 22:05:57,303 - piper_actor - DEBUG - run_dag dispatch (time 3): backward s3 mb0 bkt=0
[36m(PiperActor pid=1981800)[0m 2026-04-01 22:05:57,285 - piper_actor - DEBUG - run_dag dispatch (time 1): forward s0 mb1 bkt=0
[36m(PiperActor pid=1981800)[0m 2026-04-01 22:05:57,296 - piper_actor - DEBUG - run_dag dispatch (time 1): send s0 mb0 bkt=0
[36m(PiperActor pid=1981800)[0m 2026-04-01 22:05:57,296 - piper_actor - DEBUG - exec_send key ((0, 0), 0) to peer pp rank 1
[36m(PiperActor pid=1981800)[0m 2026-04-01 22:05:57,297 - piper_actor - DEBUG - run_dag dispatch (time 1): recv s2 mb0 bkt=0
[36m(PiperActor pid=1981800)[0m 2026-04-01 22:05:57,297 - piper_actor - DEBUG - exec_recv key ((2, 0), 0) from peer pp rank 1
[36m(PiperActor pid=1981800)[0m 2026-04-01 22:05:57,297 - piper_actor - DEBUG - run_dag dispatch (time 2): forward s2 mb0 bkt=0
[36m(PiperActor pid=1981800)[0m 2026-04-01 22:05:57,308 - piper_actor - DEBUG - run_dag dispatch (time 2): send s0 mb1 bkt=0
[36m(PiperActor pid=1981800)[0m 2026-04-01 22:05:57,308 - piper_actor - DEBUG - exec_send key ((0, 0), 1) to peer pp rank 1
[36m(PiperActor pid=1981800)[0m 2026-04-01 22:05:57,308 - piper_actor - DEBUG - run_dag dispatch (time 2): recv s2 mb1 bkt=0
[36m(PiperActor pid=1981800)[0m 2026-04-01 22:05:57,308 - piper_actor - DEBUG - exec_recv key ((2, 0), 1) from peer pp rank 1
[36m(PiperActor pid=1981800)[0m 2026-04-01 22:05:57,309 - piper_actor - DEBUG - run_dag dispatch (time 3): forward s2 mb1 bkt=0
[36m(PiperActor pid=1981800)[0m 2026-04-01 22:05:57,319 - piper_actor - DEBUG - run_dag dispatch (time 3): send s2 mb0 bkt=0
[36m(PiperActor pid=1981800)[0m 2026-04-01 22:05:57,319 - piper_actor - DEBUG - exec_send key ((2, 0), 0) to peer pp rank 1
[36m(PiperActor pid=1981800)[0m 2026-04-01 22:05:57,320 - piper_actor - DEBUG - run_dag dispatch (time 4): forward s0 mb2 bkt=0
[36m(PiperActor pid=1981795)[0m 2026-04-01 22:05:57,284 - piper_actor - DEBUG - run_dag dispatch (time 0): recv s1 mb1 bkt=0
[36m(PiperActor pid=1981795)[0m 2026-04-01 22:05:57,284 - piper_actor - DEBUG - exec_recv key ((1, 0), 1) from peer pp rank 0
[36m(PiperActor pid=1981795)[0m 2026-04-01 22:05:57,285 - piper_actor - DEBUG - run_dag dispatch (time 1): forward s1 mb1 bkt=0
[36m(PiperActor pid=1981795)[0m 2026-04-01 22:05:57,295 - piper_actor - DEBUG - run_dag dispatch (time 1): recv s3 mb0 bkt=0
[36m(PiperActor pid=1981795)[0m 2026-04-01 22:05:57,295 - piper_actor - DEBUG - exec_recv key ((3, 0), 0) from peer pp rank 0
[36m(PiperActor pid=1981795)[0m 2026-04-01 22:05:57,296 - piper_actor - DEBUG - run_dag dispatch (time 1): send s1 mb0 bkt=0
[36m(PiperActor pid=1981795)[0m 2026-04-01 22:05:57,296 - piper_actor - DEBUG - exec_send key ((1, 0), 0) to peer pp rank 0
[36m(PiperActor pid=1981795)[0m 2026-04-01 22:05:57,296 - piper_actor - DEBUG - run_dag dispatch (time 2): forward s3 mb0 bkt=0
[36m(PiperActor pid=1981795)[0m 2026-04-01 22:05:57,307 - piper_actor - DEBUG - run_dag dispatch (time 2): send s1 mb1 bkt=0
[36m(PiperActor pid=1981795)[0m 2026-04-01 22:05:57,307 - piper_actor - DEBUG - exec_send key ((1, 0), 1) to peer pp rank 0
[36m(PiperActor pid=1981795)[0m 2026-04-01 22:05:57,307 - piper_actor - DEBUG - run_dag dispatch (time 3): backward s3 mb0 bkt=0
[36m(PiperActor pid=1981787)[0m 2026-04-01 22:05:57,322 - piper_actor - DEBUG - run_dag dispatch (time 4): send s2 mb1 bkt=0
[36m(PiperActor pid=1981787)[0m 2026-04-01 22:05:57,322 - piper_actor - DEBUG - exec_send key ((2, 0), 1) to peer pp rank 1
[36m(PiperActor pid=1981787)[0m 2026-04-01 22:05:57,322 - piper_actor - DEBUG - run_dag dispatch (time 4): recv s2 mb0 bkt=0
[36m(PiperActor pid=1981787)[0m 2026-04-01 22:05:57,322 - piper_actor - DEBUG - exec_recv key (None, 0) from peer pp rank 1
[36m(PiperActor pid=1981787)[0m 2026-04-01 22:05:57,323 - piper_actor - DEBUG - run_dag dispatch (time 5): backward s2 mb0 bkt=0
[36m(PiperActor pid=1981787)[0m 2026-04-01 22:05:57,359 - piper_actor - DEBUG - run_dag dispatch (time 5): send s0 mb2 bkt=0
[36m(PiperActor pid=1981787)[0m 2026-04-01 22:05:57,360 - piper_actor - DEBUG - exec_send key ((0, 0), 2) to peer pp rank 1
[36m(PiperActor pid=1981787)[0m 2026-04-01 22:05:57,360 - piper_actor - DEBUG - run_dag dispatch (time 6): forward s0 mb3 bkt=0
[36m(PiperActor pid=1981793)[0m 2026-04-01 22:05:57,342 - piper_actor - DEBUG - run_dag dispatch (time 3): recv s3 mb1 bkt=0
[36m(PiperActor pid=1981793)[0m 2026-04-01 22:05:57,342 - piper_actor - DEBUG - exec_recv key ((3, 0), 1) from peer pp rank 0
[36m(PiperActor pid=1981793)[0m 2026-04-01 22:05:57,343 - piper_actor - DEBUG - run_dag dispatch (time 4): forward s3 mb1 bkt=0
[36m(PiperActor pid=1981800)[0m 2026-04-01 22:05:57,330 - piper_actor - DEBUG - run_dag dispatch (time 4): send s2 mb1 bkt=0
[36m(PiperActor pid=1981800)[0m 2026-04-01 22:05:57,330 - piper_actor - DEBUG - exec_send key ((2, 0), 1) to peer pp rank 1
[36m(PiperActor pid=1981800)[0m 2026-04-01 22:05:57,331 - piper_actor - DEBUG - run_dag dispatch (time 4): recv s2 mb0 bkt=0
[36m(PiperActor pid=1981800)[0m 2026-04-01 22:05:57,331 - piper_actor - DEBUG - exec_recv key (None, 0) from peer pp rank 1
[36m(PiperActor pid=1981800)[0m 2026-04-01 22:05:57,331 - piper_actor - DEBUG - run_dag dispatch (time 5): backward s2 mb0 bkt=0
[36m(PiperActor pid=1981800)[0m 2026-04-01 22:05:57,358 - piper_actor - DEBUG - run_dag dispatch (time 5): send s0 mb2 bkt=0
[36m(PiperActor pid=1981800)[0m 2026-04-01 22:05:57,359 - piper_actor - DEBUG - exec_send key ((0, 0), 2) to peer pp rank 1
[36m(PiperActor pid=1981800)[0m 2026-04-01 22:05:57,359 - piper_actor - DEBUG - run_dag dispatch (time 6): forward s0 mb3 bkt=0
[36m(PiperActor pid=1981795)[0m 2026-04-01 22:05:57,340 - piper_actor - DEBUG - run_dag dispatch (time 3): recv s3 mb1 bkt=0
[36m(PiperActor pid=1981795)[0m 2026-04-01 22:05:57,340 - piper_actor - DEBUG - exec_recv key ((3, 0), 1) from peer pp rank 0
[36m(PiperActor pid=1981795)[0m 2026-04-01 22:05:57,341 - piper_actor - DEBUG - run_dag dispatch (time 4): forward s3 mb1 bkt=0
[36m(PiperActor pid=1981793)[0m 2026-04-01 22:05:57,384 - piper_actor - DEBUG - run_dag dispatch (time 4): send s3 mb0 bkt=0
[36m(PiperActor pid=1981793)[0m 2026-04-01 22:05:57,384 - piper_actor - DEBUG - exec_send key (None, 0) to peer pp rank 0
[36m(PiperActor pid=1981793)[0m 2026-04-01 22:05:57,385 - piper_actor - DEBUG - run_dag dispatch (time 5): backward s3 mb1 bkt=0
[36m(PiperActor pid=1981795)[0m 2026-04-01 22:05:57,382 - piper_actor - DEBUG - run_dag dispatch (time 4): send s3 mb0 bkt=0
[36m(PiperActor pid=1981795)[0m 2026-04-01 22:05:57,382 - piper_actor - DEBUG - exec_send key (None, 0) to peer pp rank 0
[36m(PiperActor pid=1981795)[0m 2026-04-01 22:05:57,383 - piper_actor - DEBUG - run_dag dispatch (time 5): backward s3 mb1 bkt=0
[36m(PiperActor pid=1981787)[0m 2026-04-01 22:05:57,413 - piper_actor - DEBUG - run_dag dispatch (time 6): send s2 mb0 bkt=0
[36m(PiperActor pid=1981787)[0m 2026-04-01 22:05:57,414 - piper_actor - DEBUG - exec_send key (None, 0) to peer pp rank 1
[36m(PiperActor pid=1981787)[0m 2026-04-01 22:05:57,414 - piper_actor - DEBUG - run_dag dispatch (time 6): recv s2 mb1 bkt=0
[36m(PiperActor pid=1981787)[0m 2026-04-01 22:05:57,414 - piper_actor - DEBUG - exec_recv key (None, 1) from peer pp rank 1
[36m(PiperActor pid=1981787)[0m 2026-04-01 22:05:57,414 - piper_actor - DEBUG - run_dag dispatch (time 7): backward s2 mb1 bkt=0
[36m(PiperActor pid=1981793)[0m 2026-04-01 22:05:57,415 - piper_actor - DEBUG - run_dag dispatch (time 5): recv s1 mb2 bkt=0
[36m(PiperActor pid=1981793)[0m 2026-04-01 22:05:57,415 - piper_actor - DEBUG - exec_recv key ((1, 0), 2) from peer pp rank 0
[36m(PiperActor pid=1981793)[0m 2026-04-01 22:05:57,416 - piper_actor - DEBUG - run_dag dispatch (time 6): forward s1 mb2 bkt=0
[36m(PiperActor pid=1981800)[0m 2026-04-01 22:05:57,412 - piper_actor - DEBUG - run_dag dispatch (time 6): send s2 mb0 bkt=0
[36m(PiperActor pid=1981800)[0m 2026-04-01 22:05:57,412 - piper_actor - DEBUG - exec_send key (None, 0) to peer pp rank 1
[36m(PiperActor pid=1981800)[0m 2026-04-01 22:05:57,413 - piper_actor - DEBUG - run_dag dispatch (time 6): recv s2 mb1 bkt=0
[36m(PiperActor pid=1981800)[0m 2026-04-01 22:05:57,413 - piper_actor - DEBUG - exec_recv key (None, 1) from peer pp rank 1
[36m(PiperActor pid=1981800)[0m 2026-04-01 22:05:57,413 - piper_actor - DEBUG - run_dag dispatch (time 7): backward s2 mb1 bkt=0
[36m(PiperActor pid=1981800)[0m 2026-04-01 22:05:57,448 - piper_actor - DEBUG - run_dag dispatch (time 7): send s0 mb3 bkt=0
[36m(PiperActor pid=1981800)[0m 2026-04-01 22:05:57,449 - piper_actor - DEBUG - exec_send key ((0, 0), 3) to peer pp rank 1
[36m(PiperActor pid=1981800)[0m 2026-04-01 22:05:57,449 - piper_actor - DEBUG - run_dag dispatch (time 7): recv s2 mb2 bkt=0
[36m(PiperActor pid=1981800)[0m 2026-04-01 22:05:57,449 - piper_actor - DEBUG - exec_recv key ((2, 0), 2) from peer pp rank 1
[36m(PiperActor pid=1981795)[0m 2026-04-01 22:05:57,413 - piper_actor - DEBUG - run_dag dispatch (time 5): recv s1 mb2 bkt=0
[36m(PiperActor pid=1981795)[0m 2026-04-01 22:05:57,414 - piper_actor - DEBUG - exec_recv key ((1, 0), 2) from peer pp rank 0
[36m(PiperActor pid=1981795)[0m 2026-04-01 22:05:57,414 - piper_actor - DEBUG - run_dag dispatch (time 6): forward s1 mb2 bkt=0
[36m(PiperActor pid=1981787)[0m 2026-04-01 22:05:57,449 - piper_actor - DEBUG - run_dag dispatch (time 7): send s0 mb3 bkt=0
[36m(PiperActor pid=1981787)[0m 2026-04-01 22:05:57,450 - piper_actor - DEBUG - exec_send key ((0, 0), 3) to peer pp rank 1
[36m(PiperActor pid=1981787)[0m 2026-04-01 22:05:57,450 - piper_actor - DEBUG - run_dag dispatch (time 7): recv s2 mb2 bkt=0
[36m(PiperActor pid=1981787)[0m 2026-04-01 22:05:57,450 - piper_actor - DEBUG - exec_recv key ((2, 0), 2) from peer pp rank 1
[36m(PiperActor pid=1981787)[0m 2026-04-01 22:05:57,451 - piper_actor - DEBUG - run_dag dispatch (time 8): forward s2 mb2 bkt=0
[36m(PiperActor pid=1981787)[0m 2026-04-01 22:05:57,486 - piper_actor - DEBUG - run_dag dispatch (time 8): send s2 mb1 bkt=0
[36m(PiperActor pid=1981787)[0m 2026-04-01 22:05:57,486 - piper_actor - DEBUG - exec_send key (None, 1) to peer pp rank 1
[36m(PiperActor pid=1981787)[0m 2026-04-01 22:05:57,486 - piper_actor - DEBUG - run_dag dispatch (time 8): recv s0 mb0 bkt=0
[36m(PiperActor pid=1981787)[0m 2026-04-01 22:05:57,486 - piper_actor - DEBUG - exec_recv key (None, 0) from peer pp rank 1
[36m(PiperActor pid=1981787)[0m 2026-04-01 22:05:57,487 - piper_actor - DEBUG - run_dag dispatch (time 9): backward s0 mb0 bkt=0
[36m(PiperActor pid=1981793)[0m 2026-04-01 22:05:57,455 - piper_actor - DEBUG - run_dag dispatch (time 6): recv s1 mb0 bkt=0
[36m(PiperActor pid=1981793)[0m 2026-04-01 22:05:57,455 - piper_actor - DEBUG - exec_recv key (None, 0) from peer pp rank 0
[36m(PiperActor pid=1981793)[0m 2026-04-01 22:05:57,456 - piper_actor - DEBUG - run_dag dispatch (time 6): send s3 mb1 bkt=0
[36m(PiperActor pid=1981793)[0m 2026-04-01 22:05:57,456 - piper_actor - DEBUG - exec_send key (None, 1) to peer pp rank 0
[36m(PiperActor pid=1981793)[0m 2026-04-01 22:05:57,456 - piper_actor - DEBUG - run_dag dispatch (time 7): backward s1 mb0 bkt=0
[36m(PiperActor pid=1981793)[0m 2026-04-01 22:05:57,485 - piper_actor - DEBUG - run_dag dispatch (time 7): recv s1 mb3 bkt=0
[36m(PiperActor pid=1981793)[0m 2026-04-01 22:05:57,485 - piper_actor - DEBUG - exec_recv key ((1, 0), 3) from peer pp rank 0
[36m(PiperActor pid=1981793)[0m 2026-04-01 22:05:57,486 - piper_actor - DEBUG - run_dag dispatch (time 7): send s1 mb2 bkt=0
[36m(PiperActor pid=1981793)[0m 2026-04-01 22:05:57,486 - piper_actor - DEBUG - exec_send key ((1, 0), 2) to peer pp rank 0
[36m(PiperActor pid=1981793)[0m 2026-04-01 22:05:57,486 - piper_actor - DEBUG - run_dag dispatch (time 8): forward s1 mb3 bkt=0
[36m(PiperActor pid=1981800)[0m 2026-04-01 22:05:57,450 - piper_actor - DEBUG - run_dag dispatch (time 8): forward s2 mb2 bkt=0
[36m(PiperActor pid=1981800)[0m 2026-04-01 22:05:57,484 - piper_actor - DEBUG - run_dag dispatch (time 8): send s2 mb1 bkt=0
[36m(PiperActor pid=1981800)[0m 2026-04-01 22:05:57,484 - piper_actor - DEBUG - exec_send key (None, 1) to peer pp rank 1
[36m(PiperActor pid=1981800)[0m 2026-04-01 22:05:57,485 - piper_actor - DEBUG - run_dag dispatch (time 8): recv s0 mb0 bkt=0
[36m(PiperActor pid=1981800)[0m 2026-04-01 22:05:57,485 - piper_actor - DEBUG - exec_recv key (None, 0) from peer pp rank 1
[36m(PiperActor pid=1981800)[0m 2026-04-01 22:05:57,485 - piper_actor - DEBUG - run_dag dispatch (time 9): backward s0 mb0 bkt=0
[36m(PiperActor pid=1981795)[0m 2026-04-01 22:05:57,454 - piper_actor - DEBUG - run_dag dispatch (time 6): recv s1 mb0 bkt=0
[36m(PiperActor pid=1981795)[0m 2026-04-01 22:05:57,454 - piper_actor - DEBUG - exec_recv key (None, 0) from peer pp rank 0
[36m(PiperActor pid=1981795)[0m 2026-04-01 22:05:57,454 - piper_actor - DEBUG - run_dag dispatch (time 6): send s3 mb1 bkt=0
[36m(PiperActor pid=1981795)[0m 2026-04-01 22:05:57,454 - piper_actor - DEBUG - exec_send key (None, 1) to peer pp rank 0
[36m(PiperActor pid=1981795)[0m 2026-04-01 22:05:57,455 - piper_actor - DEBUG - run_dag dispatch (time 7): backward s1 mb0 bkt=0
[36m(PiperActor pid=1981795)[0m 2026-04-01 22:05:57,483 - piper_actor - DEBUG - run_dag dispatch (time 7): recv s1 mb3 bkt=0
[36m(PiperActor pid=1981795)[0m 2026-04-01 22:05:57,484 - piper_actor - DEBUG - exec_recv key ((1, 0), 3) from peer pp rank 0
[36m(PiperActor pid=1981795)[0m 2026-04-01 22:05:57,484 - piper_actor - DEBUG - run_dag dispatch (time 7): send s1 mb2 bkt=0
[36m(PiperActor pid=1981795)[0m 2026-04-01 22:05:57,484 - piper_actor - DEBUG - exec_send key ((1, 0), 2) to peer pp rank 0
[36m(PiperActor pid=1981795)[0m 2026-04-01 22:05:57,484 - piper_actor - DEBUG - run_dag dispatch (time 8): forward s1 mb3 bkt=0
[36m(PiperActor pid=1981787)[0m 2026-04-01 22:05:57,524 - piper_actor - DEBUG - run_dag dispatch (time 9): send s2 mb2 bkt=0
[36m(PiperActor pid=1981787)[0m 2026-04-01 22:05:57,524 - piper_actor - DEBUG - exec_send key ((2, 0), 2) to peer pp rank 1
[36m(PiperActor pid=1981787)[0m 2026-04-01 22:05:57,525 - piper_actor - DEBUG - run_dag dispatch (time 9): recv s2 mb3 bkt=0
[36m(PiperActor pid=1981787)[0m 2026-04-01 22:05:57,525 - piper_actor - DEBUG - exec_recv key ((2, 0), 3) from peer pp rank 1
[36m(PiperActor pid=1981787)[0m 2026-04-01 22:05:57,525 - piper_actor - DEBUG - run_dag dispatch (time 10): forward s2 mb3 bkt=0
[36m(PiperActor pid=1981793)[0m 2026-04-01 22:05:57,501 - piper_actor - DEBUG - run_dag dispatch (time 8): recv s1 mb1 bkt=0
[36m(PiperActor pid=1981793)[0m 2026-04-01 22:05:57,502 - piper_actor - DEBUG - exec_recv key (None, 1) from peer pp rank 0
[36m(PiperActor pid=1981793)[0m 2026-04-01 22:05:57,502 - piper_actor - DEBUG - run_dag dispatch (time 8): send s1 mb0 bkt=0
[36m(PiperActor pid=1981793)[0m 2026-04-01 22:05:57,502 - piper_actor - DEBUG - exec_send key (None, 0) to peer pp rank 0
[36m(PiperActor pid=1981793)[0m 2026-04-01 22:05:57,502 - piper_actor - DEBUG - run_dag dispatch (time 9): backward s1 mb1 bkt=0
[36m(PiperActor pid=1981800)[0m 2026-04-01 22:05:57,522 - piper_actor - DEBUG - run_dag dispatch (time 9): send s2 mb2 bkt=0
[36m(PiperActor pid=1981800)[0m 2026-04-01 22:05:57,523 - piper_actor - DEBUG - exec_send key ((2, 0), 2) to peer pp rank 1
[36m(PiperActor pid=1981800)[0m 2026-04-01 22:05:57,524 - piper_actor - DEBUG - run_dag dispatch (time 9): recv s2 mb3 bkt=0
[36m(PiperActor pid=1981800)[0m 2026-04-01 22:05:57,524 - piper_actor - DEBUG - exec_recv key ((2, 0), 3) from peer pp rank 1
[36m(PiperActor pid=1981800)[0m 2026-04-01 22:05:57,524 - piper_actor - DEBUG - run_dag dispatch (time 10): forward s2 mb3 bkt=0
[36m(PiperActor pid=1981795)[0m 2026-04-01 22:05:57,499 - piper_actor - DEBUG - run_dag dispatch (time 8): recv s1 mb1 bkt=0
[36m(PiperActor pid=1981795)[0m 2026-04-01 22:05:57,500 - piper_actor - DEBUG - exec_recv key (None, 1) from peer pp rank 0
[36m(PiperActor pid=1981795)[0m 2026-04-01 22:05:57,500 - piper_actor - DEBUG - run_dag dispatch (time 8): send s1 mb0 bkt=0
[36m(PiperActor pid=1981795)[0m 2026-04-01 22:05:57,500 - piper_actor - DEBUG - exec_send key (None, 0) to peer pp rank 0
[36m(PiperActor pid=1981795)[0m 2026-04-01 22:05:57,500 - piper_actor - DEBUG - run_dag dispatch (time 9): backward s1 mb1 bkt=0
[36m(PiperActor pid=1981795)[0m 2026-04-01 22:05:57,532 - piper_actor - DEBUG - run_dag dispatch (time 9): recv s3 mb2 bkt=0
[36m(PiperActor pid=1981795)[0m 2026-04-01 22:05:57,533 - piper_actor - DEBUG - exec_recv key ((3, 0), 2) from peer pp rank 0
[36m(PiperActor pid=1981795)[0m 2026-04-01 22:05:57,533 - piper_actor - DEBUG - run_dag dispatch (time 9): send s1 mb3 bkt=0
[36m(PiperActor pid=1981795)[0m 2026-04-01 22:05:57,533 - piper_actor - DEBUG - exec_send key ((1, 0), 3) to peer pp rank 0
[36m(PiperActor pid=1981795)[0m 2026-04-01 22:05:57,534 - piper_actor - DEBUG - run_dag dispatch (time 10): forward s3 mb2 bkt=0
[36m(PiperActor pid=1981787)[0m 2026-04-01 22:05:57,543 - piper_actor - DEBUG - run_dag dispatch (time 10): recv s0 mb1 bkt=0
[36m(PiperActor pid=1981787)[0m 2026-04-01 22:05:57,543 - piper_actor - DEBUG - exec_recv key (None, 1) from peer pp rank 1
[36m(PiperActor pid=1981787)[0m 2026-04-01 22:05:57,544 - piper_actor - DEBUG - run_dag dispatch (time 11): backward s0 mb1 bkt=0
[36m(PiperActor pid=1981793)[0m 2026-04-01 22:05:57,534 - piper_actor - DEBUG - run_dag dispatch (time 9): recv s3 mb2 bkt=0
[36m(PiperActor pid=1981793)[0m 2026-04-01 22:05:57,535 - piper_actor - DEBUG - exec_recv key ((3, 0), 2) from peer pp rank 0
[36m(PiperActor pid=1981793)[0m 2026-04-01 22:05:57,535 - piper_actor - DEBUG - run_dag dispatch (time 9): send s1 mb3 bkt=0
[36m(PiperActor pid=1981793)[0m 2026-04-01 22:05:57,535 - piper_actor - DEBUG - exec_send key ((1, 0), 3) to peer pp rank 0
[36m(PiperActor pid=1981793)[0m 2026-04-01 22:05:57,535 - piper_actor - DEBUG - run_dag dispatch (time 10): forward s3 mb2 bkt=0
[36m(PiperActor pid=1981793)[0m 2026-04-01 22:05:57,552 - piper_actor - DEBUG - run_dag dispatch (time 10): send s1 mb1 bkt=0
[36m(PiperActor pid=1981793)[0m 2026-04-01 22:05:57,552 - piper_actor - DEBUG - exec_send key (None, 1) to peer pp rank 0
[36m(PiperActor pid=1981793)[0m 2026-04-01 22:05:57,552 - piper_actor - DEBUG - run_dag dispatch (time 11): backward s3 mb2 bkt=0
[36m(PiperActor pid=1981800)[0m 2026-04-01 22:05:57,541 - piper_actor - DEBUG - run_dag dispatch (time 10): recv s0 mb1 bkt=0
[36m(PiperActor pid=1981800)[0m 2026-04-01 22:05:57,541 - piper_actor - DEBUG - exec_recv key (None, 1) from peer pp rank 1
[36m(PiperActor pid=1981800)[0m 2026-04-01 22:05:57,542 - piper_actor - DEBUG - run_dag dispatch (time 11): backward s0 mb1 bkt=0
[36m(PiperActor pid=1981795)[0m 2026-04-01 22:05:57,549 - piper_actor - DEBUG - run_dag dispatch (time 10): send s1 mb1 bkt=0
[36m(PiperActor pid=1981795)[0m 2026-04-01 22:05:57,549 - piper_actor - DEBUG - exec_send key (None, 1) to peer pp rank 0
[36m(PiperActor pid=1981795)[0m 2026-04-01 22:05:57,550 - piper_actor - DEBUG - run_dag dispatch (time 11): backward s3 mb2 bkt=0
[36m(PiperActor pid=1981787)[0m 2026-04-01 22:05:57,580 - piper_actor - DEBUG - run_dag dispatch (time 11): send s2 mb3 bkt=0
[36m(PiperActor pid=1981787)[0m 2026-04-01 22:05:57,581 - piper_actor - DEBUG - exec_send key ((2, 0), 3) to peer pp rank 1
[36m(PiperActor pid=1981787)[0m 2026-04-01 22:05:57,581 - piper_actor - DEBUG - run_dag dispatch (time 11): recv s2 mb2 bkt=0
[36m(PiperActor pid=1981787)[0m 2026-04-01 22:05:57,581 - piper_actor - DEBUG - exec_recv key (None, 2) from peer pp rank 1
[36m(PiperActor pid=1981787)[0m 2026-04-01 22:05:57,581 - piper_actor - DEBUG - run_dag dispatch (time 12): backward s2 mb2 bkt=0
[36m(PiperActor pid=1981787)[0m 2026-04-01 22:05:57,617 - piper_actor - DEBUG - run_dag dispatch (time 12): recv s2 mb3 bkt=0
[36m(PiperActor pid=1981787)[0m 2026-04-01 22:05:57,617 - piper_actor - DEBUG - exec_recv key (None, 3) from peer pp rank 1
[36m(PiperActor pid=1981787)[0m 2026-04-01 22:05:57,617 - piper_actor - DEBUG - run_dag dispatch (time 13): backward s2 mb3 bkt=0
[36m(PiperActor pid=1981793)[0m 2026-04-01 22:05:57,582 - piper_actor - DEBUG - run_dag dispatch (time 11): recv s3 mb3 bkt=0
[36m(PiperActor pid=1981793)[0m 2026-04-01 22:05:57,583 - piper_actor - DEBUG - exec_recv key ((3, 0), 3) from peer pp rank 0
[36m(PiperActor pid=1981793)[0m 2026-04-01 22:05:57,583 - piper_actor - DEBUG - run_dag dispatch (time 12): forward s3 mb3 bkt=0
[36m(PiperActor pid=1981800)[0m 2026-04-01 22:05:57,579 - piper_actor - DEBUG - run_dag dispatch (time 11): send s2 mb3 bkt=0
[36m(PiperActor pid=1981800)[0m 2026-04-01 22:05:57,579 - piper_actor - DEBUG - exec_send key ((2, 0), 3) to peer pp rank 1
[36m(PiperActor pid=1981800)[0m 2026-04-01 22:05:57,580 - piper_actor - DEBUG - run_dag dispatch (time 11): recv s2 mb2 bkt=0
[36m(PiperActor pid=1981800)[0m 2026-04-01 22:05:57,580 - piper_actor - DEBUG - exec_recv key (None, 2) from peer pp rank 1
[36m(PiperActor pid=1981800)[0m 2026-04-01 22:05:57,580 - piper_actor - DEBUG - run_dag dispatch (time 12): backward s2 mb2 bkt=0
[36m(PiperActor pid=1981800)[0m 2026-04-01 22:05:57,615 - piper_actor - DEBUG - run_dag dispatch (time 12): recv s2 mb3 bkt=0
[36m(PiperActor pid=1981800)[0m 2026-04-01 22:05:57,615 - piper_actor - DEBUG - exec_recv key (None, 3) from peer pp rank 1
[36m(PiperActor pid=1981800)[0m 2026-04-01 22:05:57,616 - piper_actor - DEBUG - run_dag dispatch (time 13): backward s2 mb3 bkt=0
[36m(PiperActor pid=1981795)[0m 2026-04-01 22:05:57,580 - piper_actor - DEBUG - run_dag dispatch (time 11): recv s3 mb3 bkt=0
[36m(PiperActor pid=1981795)[0m 2026-04-01 22:05:57,581 - piper_actor - DEBUG - exec_recv key ((3, 0), 3) from peer pp rank 0
[36m(PiperActor pid=1981795)[0m 2026-04-01 22:05:57,581 - piper_actor - DEBUG - run_dag dispatch (time 12): forward s3 mb3 bkt=0
[36m(PiperActor pid=1981793)[0m 2026-04-01 22:05:57,625 - piper_actor - DEBUG - run_dag dispatch (time 12): send s3 mb2 bkt=0
[36m(PiperActor pid=1981793)[0m 2026-04-01 22:05:57,625 - piper_actor - DEBUG - exec_send key (None, 2) to peer pp rank 0
[36m(PiperActor pid=1981793)[0m 2026-04-01 22:05:57,626 - piper_actor - DEBUG - run_dag dispatch (time 13): backward s3 mb3 bkt=0
[36m(PiperActor pid=1981793)[0m 2026-04-01 22:05:57,656 - piper_actor - DEBUG - run_dag dispatch (time 13): recv s1 mb2 bkt=0
[36m(PiperActor pid=1981793)[0m 2026-04-01 22:05:57,656 - piper_actor - DEBUG - exec_recv key (None, 2) from peer pp rank 0
[36m(PiperActor pid=1981793)[0m 2026-04-01 22:05:57,657 - piper_actor - DEBUG - run_dag dispatch (time 14): backward s1 mb2 bkt=0
[36m(PiperActor pid=1981795)[0m 2026-04-01 22:05:57,623 - piper_actor - DEBUG - run_dag dispatch (time 12): send s3 mb2 bkt=0
[36m(PiperActor pid=1981795)[0m 2026-04-01 22:05:57,623 - piper_actor - DEBUG - exec_send key (None, 2) to peer pp rank 0
[36m(PiperActor pid=1981795)[0m 2026-04-01 22:05:57,623 - piper_actor - DEBUG - run_dag dispatch (time 13): backward s3 mb3 bkt=0
[36m(PiperActor pid=1981795)[0m 2026-04-01 22:05:57,654 - piper_actor - DEBUG - run_dag dispatch (time 13): recv s1 mb2 bkt=0
[36m(PiperActor pid=1981795)[0m 2026-04-01 22:05:57,654 - piper_actor - DEBUG - exec_recv key (None, 2) from peer pp rank 0
[36m(PiperActor pid=1981795)[0m 2026-04-01 22:05:57,655 - piper_actor - DEBUG - run_dag dispatch (time 14): backward s1 mb2 bkt=0
[36m(PiperActor pid=1981787)[0m 2026-04-01 22:05:57,673 - piper_actor - DEBUG - run_dag dispatch (time 13): send s2 mb2 bkt=0
[36m(PiperActor pid=1981787)[0m 2026-04-01 22:05:57,673 - piper_actor - DEBUG - exec_send key (None, 2) to peer pp rank 1
[36m(PiperActor pid=1981787)[0m 2026-04-01 22:05:57,674 - piper_actor - DEBUG - run_dag dispatch (time 13): recv s0 mb2 bkt=0
[36m(PiperActor pid=1981787)[0m 2026-04-01 22:05:57,674 - piper_actor - DEBUG - exec_recv key (None, 2) from peer pp rank 1
[36m(PiperActor pid=1981787)[0m 2026-04-01 22:05:57,674 - piper_actor - DEBUG - run_dag dispatch (time 14): backward s0 mb2 bkt=0
[36m(PiperActor pid=1981800)[0m 2026-04-01 22:05:57,671 - piper_actor - DEBUG - run_dag dispatch (time 13): send s2 mb2 bkt=0
[36m(PiperActor pid=1981800)[0m 2026-04-01 22:05:57,672 - piper_actor - DEBUG - exec_send key (None, 2) to peer pp rank 1
[36m(PiperActor pid=1981800)[0m 2026-04-01 22:05:57,673 - piper_actor - DEBUG - run_dag dispatch (time 13): recv s0 mb2 bkt=0
[36m(PiperActor pid=1981800)[0m 2026-04-01 22:05:57,673 - piper_actor - DEBUG - exec_recv key (None, 2) from peer pp rank 1
[36m(PiperActor pid=1981800)[0m 2026-04-01 22:05:57,673 - piper_actor - DEBUG - run_dag dispatch (time 14): backward s0 mb2 bkt=0
[36m(PiperActor pid=1981793)[0m 2026-04-01 22:05:57,714 - piper_actor - DEBUG - run_dag dispatch (time 14): recv s1 mb3 bkt=0
[36m(PiperActor pid=1981793)[0m 2026-04-01 22:05:57,714 - piper_actor - DEBUG - exec_recv key (None, 3) from peer pp rank 0
[36m(PiperActor pid=1981793)[0m 2026-04-01 22:05:57,715 - piper_actor - DEBUG - run_dag dispatch (time 14): send s3 mb3 bkt=0
[36m(PiperActor pid=1981793)[0m 2026-04-01 22:05:57,715 - piper_actor - DEBUG - exec_send key (None, 3) to peer pp rank 0
[36m(PiperActor pid=1981793)[0m 2026-04-01 22:05:57,715 - piper_actor - DEBUG - run_dag dispatch (time 14): all_reduce s3 mb3 bkt=0
[36m(PiperActor pid=1981793)[0m 2026-04-01 22:05:57,716 - piper_actor - DEBUG - run_dag dispatch (time 15): backward s1 mb3 bkt=0
[36m(PiperActor pid=1981795)[0m 2026-04-01 22:05:57,712 - piper_actor - DEBUG - run_dag dispatch (time 14): recv s1 mb3 bkt=0
[36m(PiperActor pid=1981795)[0m 2026-04-01 22:05:57,712 - piper_actor - DEBUG - exec_recv key (None, 3) from peer pp rank 0
[36m(PiperActor pid=1981795)[0m 2026-04-01 22:05:57,713 - piper_actor - DEBUG - run_dag dispatch (time 14): send s3 mb3 bkt=0
[36m(PiperActor pid=1981795)[0m 2026-04-01 22:05:57,713 - piper_actor - DEBUG - exec_send key (None, 3) to peer pp rank 0
[36m(PiperActor pid=1981795)[0m 2026-04-01 22:05:57,713 - piper_actor - DEBUG - run_dag dispatch (time 14): all_reduce s3 mb3 bkt=0
[36m(PiperActor pid=1981795)[0m 2026-04-01 22:05:57,714 - piper_actor - DEBUG - run_dag dispatch (time 15): backward s1 mb3 bkt=0
[36m(PiperActor pid=1981787)[0m 2026-04-01 22:05:57,752 - piper_actor - DEBUG - run_dag dispatch (time 14): send s2 mb3 bkt=0
[36m(PiperActor pid=1981787)[0m 2026-04-01 22:05:57,753 - piper_actor - DEBUG - exec_send key (None, 3) to peer pp rank 1
[36m(PiperActor pid=1981787)[0m 2026-04-01 22:05:57,753 - piper_actor - DEBUG - run_dag dispatch (time 14): recv s0 mb3 bkt=0
[36m(PiperActor pid=1981787)[0m 2026-04-01 22:05:57,753 - piper_actor - DEBUG - exec_recv key (None, 3) from peer pp rank 1
[36m(PiperActor pid=1981787)[0m 2026-04-01 22:05:57,754 - piper_actor - DEBUG - run_dag dispatch (time 14): all_reduce s2 mb3 bkt=0
[36m(PiperActor pid=1981787)[0m 2026-04-01 22:05:57,754 - piper_actor - DEBUG - run_dag dispatch (time 15): backward s0 mb3 bkt=0
[36m(PiperActor pid=1981793)[0m 2026-04-01 22:05:57,752 - piper_actor - DEBUG - run_dag dispatch (time 15): send s1 mb2 bkt=0
[36m(PiperActor pid=1981793)[0m 2026-04-01 22:05:57,753 - piper_actor - DEBUG - exec_send key (None, 2) to peer pp rank 0
[36m(PiperActor pid=1981793)[0m 2026-04-01 22:05:57,753 - piper_actor - DEBUG - run_dag dispatch (time 16): update s1 mb3 bkt=0
[36m(PiperActor pid=1981800)[0m 2026-04-01 22:05:57,751 - piper_actor - DEBUG - run_dag dispatch (time 14): send s2 mb3 bkt=0
[36m(PiperActor pid=1981800)[0m 2026-04-01 22:05:57,751 - piper_actor - DEBUG - exec_send key (None, 3) to peer pp rank 1
[36m(PiperActor pid=1981800)[0m 2026-04-01 22:05:57,752 - piper_actor - DEBUG - run_dag dispatch (time 14): recv s0 mb3 bkt=0
[36m(PiperActor pid=1981800)[0m 2026-04-01 22:05:57,752 - piper_actor - DEBUG - exec_recv key (None, 3) from peer pp rank 1
[36m(PiperActor pid=1981800)[0m 2026-04-01 22:05:57,752 - piper_actor - DEBUG - run_dag dispatch (time 14): all_reduce s2 mb3 bkt=0
[36m(PiperActor pid=1981800)[0m 2026-04-01 22:05:57,753 - piper_actor - DEBUG - run_dag dispatch (time 15): backward s0 mb3 bkt=0
[36m(PiperActor pid=1981795)[0m 2026-04-01 22:05:57,750 - piper_actor - DEBUG - run_dag dispatch (time 15): send s1 mb2 bkt=0
[36m(PiperActor pid=1981795)[0m 2026-04-01 22:05:57,751 - piper_actor - DEBUG - exec_send key (None, 2) to peer pp rank 0
[36m(PiperActor pid=1981795)[0m 2026-04-01 22:05:57,751 - piper_actor - DEBUG - run_dag dispatch (time 16): update s1 mb3 bkt=0
[36m(PiperActor pid=1981787)[0m 2026-04-01 22:05:57,794 - piper_actor - DEBUG - run_dag dispatch (time 16): update s0 mb3 bkt=0
[36m(PiperActor pid=1981793)[0m 2026-04-01 22:05:57,810 - piper_actor - DEBUG - run_dag dispatch (time 16): send s1 mb3 bkt=0
[36m(PiperActor pid=1981793)[0m 2026-04-01 22:05:57,810 - piper_actor - DEBUG - exec_send key (None, 3) to peer pp rank 0
[36m(PiperActor pid=1981793)[0m 2026-04-01 22:05:57,810 - piper_actor - DEBUG - run_dag dispatch (time 16): all_reduce s1 mb3 bkt=0
[36m(PiperActor pid=1981800)[0m 2026-04-01 22:05:57,792 - piper_actor - DEBUG - run_dag dispatch (time 16): update s0 mb3 bkt=0
[36m(PiperActor pid=1981795)[0m 2026-04-01 22:05:57,807 - piper_actor - DEBUG - run_dag dispatch (time 16): send s1 mb3 bkt=0
[36m(PiperActor pid=1981795)[0m 2026-04-01 22:05:57,807 - piper_actor - DEBUG - exec_send key (None, 3) to peer pp rank 0
[36m(PiperActor pid=1981795)[0m 2026-04-01 22:05:57,807 - piper_actor - DEBUG - run_dag dispatch (time 16): all_reduce s1 mb3 bkt=0
[36m(run_dp_rank pid=1961720)[0m rank 0 iter time= 0.58654 ± 0.00542 s (5 samples)
[36m(run_dp_rank pid=1961720)[0m rank 0 throughput= 27933.441 tokens/s
[36m(run_dp_rank pid=1961720)[0m rank 0 peak_memory= 35.650 GiB
[36m(run_dp_rank pid=1961720)[0m rank 1 peak_memory= 35.927 GiB
[36m(run_dp_rank pid=1961720)[0m Memory breakdown (after 1st timed iter):
[36m(run_dp_rank pid=1961720)[0m   rank 0  allocated=11.821 GiB  reserved=40.371 GiB  params=3.359 GiB  grads=3.359 GiB  shard=1.680 GiB  other(acts+optim)=5.103 GiB
[36m(run_dp_rank pid=1961720)[0m   rank 1  allocated=13.778 GiB  reserved=39.703 GiB  params=3.359 GiB  grads=3.359 GiB  shard=1.680 GiB  other(acts+optim)=7.060 GiB
[36m(run_dp_rank pid=1961720)[0m Running 3 tracing iterations...
[36m(run_dp_rank pid=1961769)[0m rank 1 iter time= 0.58655 ± 0.00454 s (5 samples)
[36m(run_dp_rank pid=1961769)[0m rank 1 throughput= 27932.629 tokens/s
[36m(run_dp_rank pid=1961769)[0m rank 2 peak_memory= 35.650 GiB
[36m(run_dp_rank pid=1961769)[0m rank 3 peak_memory= 35.927 GiB
[36m(run_dp_rank pid=1961769)[0m Memory breakdown (after 1st timed iter):
[36m(run_dp_rank pid=1961769)[0m   rank 2  allocated=11.821 GiB  reserved=40.371 GiB  params=3.359 GiB  grads=3.359 GiB  shard=1.680 GiB  other(acts+optim)=5.103 GiB
[36m(run_dp_rank pid=1961769)[0m   rank 3  allocated=13.778 GiB  reserved=39.703 GiB  params=3.359 GiB  grads=3.359 GiB  shard=1.680 GiB  other(acts+optim)=7.060 GiB
[36m(run_dp_rank pid=1961769)[0m Running 3 tracing iterations...
[36m(PiperActor pid=1981787)[0m 2026-04-01 22:05:57,853 - piper_actor - DEBUG - run_dag dispatch (time 16): all_reduce s0 mb3 bkt=0
[36m(PiperActor pid=1981787)[0m 2026-04-01 22:05:57,859 - piper_actor - INFO - Actor 0: Tracing enabled
[36m(PiperActor pid=1981787)[0m 2026-04-01 22:05:57,862 - piper_actor - DEBUG - run_dag dispatch (time -20001): all_gather s2 mb0 bkt=0
[36m(PiperActor pid=1981787)[0m 2026-04-01 22:05:57,863 - piper_actor - DEBUG - run_dag dispatch (time -20000): all_gather s0 mb0 bkt=0
[36m(PiperActor pid=1981787)[0m 2026-04-01 22:05:57,863 - piper_actor - DEBUG - run_dag dispatch (time 0): forward s0 mb0 bkt=0
[36m(PiperActor pid=1981793)[0m 2026-04-01 22:05:57,859 - piper_actor - INFO - Actor 1: Tracing enabled
[36m(PiperActor pid=1981793)[0m 2026-04-01 22:05:57,863 - piper_actor - DEBUG - run_dag dispatch (time -20001): all_gather s3 mb0 bkt=0
[36m(PiperActor pid=1981793)[0m 2026-04-01 22:05:57,863 - piper_actor - DEBUG - run_dag dispatch (time -20000): all_gather s1 mb0 bkt=0
[36m(PiperActor pid=1981793)[0m 2026-04-01 22:05:57,863 - piper_actor - DEBUG - run_dag dispatch (time -1): recv s1 mb0 bkt=0
[36m(PiperActor pid=1981793)[0m 2026-04-01 22:05:57,864 - piper_actor - DEBUG - exec_recv key ((1, 0), 0) from peer pp rank 0
[36m(PiperActor pid=1981793)[0m 2026-04-01 22:05:57,864 - piper_actor - DEBUG - run_dag dispatch (time 0): forward s1 mb0 bkt=0
[36m(PiperActor pid=1981800)[0m 2026-04-01 22:05:57,849 - piper_actor - DEBUG - run_dag dispatch (time 16): all_reduce s0 mb3 bkt=0
[36m(PiperActor pid=1981800)[0m 2026-04-01 22:05:57,857 - piper_actor - INFO - Actor 2: Tracing enabled
[36m(PiperActor pid=1981800)[0m 2026-04-01 22:05:57,860 - piper_actor - DEBUG - run_dag dispatch (time -20001): all_gather s2 mb0 bkt=0
[36m(PiperActor pid=1981800)[0m 2026-04-01 22:05:57,861 - piper_actor - DEBUG - run_dag dispatch (time -20000): all_gather s0 mb0 bkt=0
[36m(PiperActor pid=1981800)[0m 2026-04-01 22:05:57,861 - piper_actor - DEBUG - run_dag dispatch (time 0): forward s0 mb0 bkt=0
[36m(PiperActor pid=1981795)[0m 2026-04-01 22:05:57,857 - piper_actor - INFO - Actor 3: Tracing enabled
[36m(PiperActor pid=1981795)[0m 2026-04-01 22:05:57,861 - piper_actor - DEBUG - run_dag dispatch (time -20001): all_gather s3 mb0 bkt=0
[36m(PiperActor pid=1981795)[0m 2026-04-01 22:05:57,861 - piper_actor - DEBUG - run_dag dispatch (time -20000): all_gather s1 mb0 bkt=0
[36m(PiperActor pid=1981795)[0m 2026-04-01 22:05:57,862 - piper_actor - DEBUG - run_dag dispatch (time -1): recv s1 mb0 bkt=0
[36m(PiperActor pid=1981795)[0m 2026-04-01 22:05:57,862 - piper_actor - DEBUG - exec_recv key ((1, 0), 0) from peer pp rank 0
[36m(PiperActor pid=1981795)[0m 2026-04-01 22:05:57,862 - piper_actor - DEBUG - run_dag dispatch (time 0): forward s1 mb0 bkt=0
[36m(PiperActor pid=1981787)[0m 2026-04-01 22:05:57,875 - piper_actor - DEBUG - run_dag dispatch (time 1): forward s0 mb1 bkt=0
[36m(PiperActor pid=1981787)[0m 2026-04-01 22:05:57,885 - piper_actor - DEBUG - run_dag dispatch (time 1): send s0 mb0 bkt=0
[36m(PiperActor pid=1981787)[0m 2026-04-01 22:05:57,886 - piper_actor - DEBUG - exec_send key ((0, 0), 0) to peer pp rank 1
[36m(PiperActor pid=1981787)[0m 2026-04-01 22:05:57,886 - piper_actor - DEBUG - run_dag dispatch (time 1): recv s2 mb0 bkt=0
[36m(PiperActor pid=1981787)[0m 2026-04-01 22:05:57,886 - piper_actor - DEBUG - exec_recv key ((2, 0), 0) from peer pp rank 1
[36m(PiperActor pid=1981787)[0m 2026-04-01 22:05:57,886 - piper_actor - DEBUG - run_dag dispatch (time 2): forward s2 mb0 bkt=0
[36m(PiperActor pid=1981787)[0m 2026-04-01 22:05:57,897 - piper_actor - DEBUG - run_dag dispatch (time 2): send s0 mb1 bkt=0
[36m(PiperActor pid=1981787)[0m 2026-04-01 22:05:57,897 - piper_actor - DEBUG - exec_send key ((0, 0), 1) to peer pp rank 1
[36m(PiperActor pid=1981787)[0m 2026-04-01 22:05:57,897 - piper_actor - DEBUG - run_dag dispatch (time 2): recv s2 mb1 bkt=0
[36m(PiperActor pid=1981787)[0m 2026-04-01 22:05:57,898 - piper_actor - DEBUG - exec_recv key ((2, 0), 1) from peer pp rank 1
[36m(PiperActor pid=1981787)[0m 2026-04-01 22:05:57,898 - piper_actor - DEBUG - run_dag dispatch (time 3): forward s2 mb1 bkt=0
[36m(PiperActor pid=1981787)[0m 2026-04-01 22:05:57,908 - piper_actor - DEBUG - run_dag dispatch (time 3): send s2 mb0 bkt=0
[36m(PiperActor pid=1981787)[0m 2026-04-01 22:05:57,909 - piper_actor - DEBUG - exec_send key ((2, 0), 0) to peer pp rank 1
[36m(PiperActor pid=1981793)[0m 2026-04-01 22:05:57,875 - piper_actor - DEBUG - run_dag dispatch (time 0): recv s1 mb1 bkt=0
[36m(PiperActor pid=1981793)[0m 2026-04-01 22:05:57,875 - piper_actor - DEBUG - exec_recv key ((1, 0), 1) from peer pp rank 0
[36m(PiperActor pid=1981793)[0m 2026-04-01 22:05:57,875 - piper_actor - DEBUG - run_dag dispatch (time 1): forward s1 mb1 bkt=0
[36m(PiperActor pid=1981793)[0m 2026-04-01 22:05:57,885 - piper_actor - DEBUG - run_dag dispatch (time 1): recv s3 mb0 bkt=0
[36m(PiperActor pid=1981793)[0m 2026-04-01 22:05:57,885 - piper_actor - DEBUG - exec_recv key ((3, 0), 0) from peer pp rank 0
[36m(PiperActor pid=1981793)[0m 2026-04-01 22:05:57,886 - piper_actor - DEBUG - run_dag dispatch (time 1): send s1 mb0 bkt=0
[36m(PiperActor pid=1981793)[0m 2026-04-01 22:05:57,886 - piper_actor - DEBUG - exec_send key ((1, 0), 0) to peer pp rank 0
[36m(PiperActor pid=1981793)[0m 2026-04-01 22:05:57,886 - piper_actor - DEBUG - run_dag dispatch (time 2): forward s3 mb0 bkt=0
[36m(PiperActor pid=1981793)[0m 2026-04-01 22:05:57,897 - piper_actor - DEBUG - run_dag dispatch (time 2): send s1 mb1 bkt=0
[36m(PiperActor pid=1981793)[0m 2026-04-01 22:05:57,897 - piper_actor - DEBUG - exec_send key ((1, 0), 1) to peer pp rank 0
[36m(PiperActor pid=1981793)[0m 2026-04-01 22:05:57,897 - piper_actor - DEBUG - run_dag dispatch (time 3): backward s3 mb0 bkt=0
[36m(PiperActor pid=1981800)[0m 2026-04-01 22:05:57,873 - piper_actor - DEBUG - run_dag dispatch (time 1): forward s0 mb1 bkt=0
[36m(PiperActor pid=1981800)[0m 2026-04-01 22:05:57,884 - piper_actor - DEBUG - run_dag dispatch (time 1): send s0 mb0 bkt=0
[36m(PiperActor pid=1981800)[0m 2026-04-01 22:05:57,884 - piper_actor - DEBUG - exec_send key ((0, 0), 0) to peer pp rank 1
[36m(PiperActor pid=1981800)[0m 2026-04-01 22:05:57,885 - piper_actor - DEBUG - run_dag dispatch (time 1): recv s2 mb0 bkt=0
[36m(PiperActor pid=1981800)[0m 2026-04-01 22:05:57,885 - piper_actor - DEBUG - exec_recv key ((2, 0), 0) from peer pp rank 1
[36m(PiperActor pid=1981800)[0m 2026-04-01 22:05:57,885 - piper_actor - DEBUG - run_dag dispatch (time 2): forward s2 mb0 bkt=0
[36m(PiperActor pid=1981800)[0m 2026-04-01 22:05:57,896 - piper_actor - DEBUG - run_dag dispatch (time 2): send s0 mb1 bkt=0
[36m(PiperActor pid=1981800)[0m 2026-04-01 22:05:57,896 - piper_actor - DEBUG - exec_send key ((0, 0), 1) to peer pp rank 1
[36m(PiperActor pid=1981800)[0m 2026-04-01 22:05:57,896 - piper_actor - DEBUG - run_dag dispatch (time 2): recv s2 mb1 bkt=0
[36m(PiperActor pid=1981800)[0m 2026-04-01 22:05:57,897 - piper_actor - DEBUG - exec_recv key ((2, 0), 1) from peer pp rank 1
[36m(PiperActor pid=1981800)[0m 2026-04-01 22:05:57,897 - piper_actor - DEBUG - run_dag dispatch (time 3): forward s2 mb1 bkt=0
[36m(PiperActor pid=1981800)[0m 2026-04-01 22:05:57,907 - piper_actor - DEBUG - run_dag dispatch (time 3): send s2 mb0 bkt=0
[36m(PiperActor pid=1981800)[0m 2026-04-01 22:05:57,908 - piper_actor - DEBUG - exec_send key ((2, 0), 0) to peer pp rank 1
[36m(PiperActor pid=1981800)[0m 2026-04-01 22:05:57,908 - piper_actor - DEBUG - run_dag dispatch (time 4): forward s0 mb2 bkt=0
[36m(PiperActor pid=1981795)[0m 2026-04-01 22:05:57,873 - piper_actor - DEBUG - run_dag dispatch (time 0): recv s1 mb1 bkt=0
[36m(PiperActor pid=1981795)[0m 2026-04-01 22:05:57,873 - piper_actor - DEBUG - exec_recv key ((1, 0), 1) from peer pp rank 0
[36m(PiperActor pid=1981795)[0m 2026-04-01 22:05:57,874 - piper_actor - DEBUG - run_dag dispatch (time 1): forward s1 mb1 bkt=0
[36m(PiperActor pid=1981795)[0m 2026-04-01 22:05:57,884 - piper_actor - DEBUG - run_dag dispatch (time 1): recv s3 mb0 bkt=0
[36m(PiperActor pid=1981795)[0m 2026-04-01 22:05:57,884 - piper_actor - DEBUG - exec_recv key ((3, 0), 0) from peer pp rank 0
[36m(PiperActor pid=1981795)[0m 2026-04-01 22:05:57,885 - piper_actor - DEBUG - run_dag dispatch (time 1): send s1 mb0 bkt=0
[36m(PiperActor pid=1981795)[0m 2026-04-01 22:05:57,885 - piper_actor - DEBUG - exec_send key ((1, 0), 0) to peer pp rank 0
[36m(PiperActor pid=1981795)[0m 2026-04-01 22:05:57,885 - piper_actor - DEBUG - run_dag dispatch (time 2): forward s3 mb0 bkt=0
[36m(PiperActor pid=1981795)[0m 2026-04-01 22:05:57,896 - piper_actor - DEBUG - run_dag dispatch (time 2): send s1 mb1 bkt=0
[36m(PiperActor pid=1981795)[0m 2026-04-01 22:05:57,896 - piper_actor - DEBUG - exec_send key ((1, 0), 1) to peer pp rank 0
[36m(PiperActor pid=1981795)[0m 2026-04-01 22:05:57,896 - piper_actor - DEBUG - run_dag dispatch (time 3): backward s3 mb0 bkt=0
[36m(PiperActor pid=1981787)[0m 2026-04-01 22:05:57,909 - piper_actor - DEBUG - run_dag dispatch (time 4): forward s0 mb2 bkt=0
[36m(PiperActor pid=1981787)[0m 2026-04-01 22:05:57,919 - piper_actor - DEBUG - run_dag dispatch (time 4): send s2 mb1 bkt=0
[36m(PiperActor pid=1981787)[0m 2026-04-01 22:05:57,920 - piper_actor - DEBUG - exec_send key ((2, 0), 1) to peer pp rank 1
[36m(PiperActor pid=1981787)[0m 2026-04-01 22:05:57,920 - piper_actor - DEBUG - run_dag dispatch (time 4): recv s2 mb0 bkt=0
[36m(PiperActor pid=1981787)[0m 2026-04-01 22:05:57,920 - piper_actor - DEBUG - exec_recv key (None, 0) from peer pp rank 1
[36m(PiperActor pid=1981787)[0m 2026-04-01 22:05:57,920 - piper_actor - DEBUG - run_dag dispatch (time 5): backward s2 mb0 bkt=0
[36m(PiperActor pid=1981787)[0m 2026-04-01 22:05:57,947 - piper_actor - DEBUG - run_dag dispatch (time 5): send s0 mb2 bkt=0
[36m(PiperActor pid=1981787)[0m 2026-04-01 22:05:57,947 - piper_actor - DEBUG - exec_send key ((0, 0), 2) to peer pp rank 1
[36m(PiperActor pid=1981787)[0m 2026-04-01 22:05:57,948 - piper_actor - DEBUG - run_dag dispatch (time 6): forward s0 mb3 bkt=0
[36m(PiperActor pid=1981793)[0m 2026-04-01 22:05:57,929 - piper_actor - DEBUG - run_dag dispatch (time 3): recv s3 mb1 bkt=0
[36m(PiperActor pid=1981793)[0m 2026-04-01 22:05:57,929 - piper_actor - DEBUG - exec_recv key ((3, 0), 1) from peer pp rank 0
[36m(PiperActor pid=1981793)[0m 2026-04-01 22:05:57,930 - piper_actor - DEBUG - run_dag dispatch (time 4): forward s3 mb1 bkt=0
[36m(PiperActor pid=1981800)[0m 2026-04-01 22:05:57,919 - piper_actor - DEBUG - run_dag dispatch (time 4): send s2 mb1 bkt=0
[36m(PiperActor pid=1981800)[0m 2026-04-01 22:05:57,919 - piper_actor - DEBUG - exec_send key ((2, 0), 1) to peer pp rank 1
[36m(PiperActor pid=1981800)[0m 2026-04-01 22:05:57,919 - piper_actor - DEBUG - run_dag dispatch (time 4): recv s2 mb0 bkt=0
[36m(PiperActor pid=1981800)[0m 2026-04-01 22:05:57,919 - piper_actor - DEBUG - exec_recv key (None, 0) from peer pp rank 1
[36m(PiperActor pid=1981800)[0m 2026-04-01 22:05:57,920 - piper_actor - DEBUG - run_dag dispatch (time 5): backward s2 mb0 bkt=0
[36m(PiperActor pid=1981800)[0m 2026-04-01 22:05:57,947 - piper_actor - DEBUG - run_dag dispatch (time 5): send s0 mb2 bkt=0
[36m(PiperActor pid=1981800)[0m 2026-04-01 22:05:57,948 - piper_actor - DEBUG - exec_send key ((0, 0), 2) to peer pp rank 1
[36m(PiperActor pid=1981800)[0m 2026-04-01 22:05:57,948 - piper_actor - DEBUG - run_dag dispatch (time 6): forward s0 mb3 bkt=0
[36m(PiperActor pid=1981795)[0m 2026-04-01 22:05:57,929 - piper_actor - DEBUG - run_dag dispatch (time 3): recv s3 mb1 bkt=0
[36m(PiperActor pid=1981795)[0m 2026-04-01 22:05:57,929 - piper_actor - DEBUG - exec_recv key ((3, 0), 1) from peer pp rank 0
[36m(PiperActor pid=1981795)[0m 2026-04-01 22:05:57,930 - piper_actor - DEBUG - run_dag dispatch (time 4): forward s3 mb1 bkt=0
[36m(PiperActor pid=1981793)[0m 2026-04-01 22:05:57,972 - piper_actor - DEBUG - run_dag dispatch (time 4): send s3 mb0 bkt=0
[36m(PiperActor pid=1981793)[0m 2026-04-01 22:05:57,972 - piper_actor - DEBUG - exec_send key (None, 0) to peer pp rank 0
[36m(PiperActor pid=1981793)[0m 2026-04-01 22:05:57,973 - piper_actor - DEBUG - run_dag dispatch (time 5): backward s3 mb1 bkt=0
[36m(PiperActor pid=1981795)[0m 2026-04-01 22:05:57,971 - piper_actor - DEBUG - run_dag dispatch (time 4): send s3 mb0 bkt=0
[36m(PiperActor pid=1981795)[0m 2026-04-01 22:05:57,971 - piper_actor - DEBUG - exec_send key (None, 0) to peer pp rank 0
[36m(PiperActor pid=1981795)[0m 2026-04-01 22:05:57,972 - piper_actor - DEBUG - run_dag dispatch (time 5): backward s3 mb1 bkt=0
[36m(PiperActor pid=1981787)[0m 2026-04-01 22:05:58,002 - piper_actor - DEBUG - run_dag dispatch (time 6): send s2 mb0 bkt=0
[36m(PiperActor pid=1981787)[0m 2026-04-01 22:05:58,002 - piper_actor - DEBUG - exec_send key (None, 0) to peer pp rank 1
[36m(PiperActor pid=1981787)[0m 2026-04-01 22:05:58,003 - piper_actor - DEBUG - run_dag dispatch (time 6): recv s2 mb1 bkt=0
[36m(PiperActor pid=1981787)[0m 2026-04-01 22:05:58,003 - piper_actor - DEBUG - exec_recv key (None, 1) from peer pp rank 1
[36m(PiperActor pid=1981787)[0m 2026-04-01 22:05:58,003 - piper_actor - DEBUG - run_dag dispatch (time 7): backward s2 mb1 bkt=0
[36m(PiperActor pid=1981787)[0m 2026-04-01 22:05:58,038 - piper_actor - DEBUG - run_dag dispatch (time 7): send s0 mb3 bkt=0
[36m(PiperActor pid=1981787)[0m 2026-04-01 22:05:58,038 - piper_actor - DEBUG - exec_send key ((0, 0), 3) to peer pp rank 1
[36m(PiperActor pid=1981787)[0m 2026-04-01 22:05:58,039 - piper_actor - DEBUG - run_dag dispatch (time 7): recv s2 mb2 bkt=0
[36m(PiperActor pid=1981787)[0m 2026-04-01 22:05:58,039 - piper_actor - DEBUG - exec_recv key ((2, 0), 2) from peer pp rank 1
[36m(PiperActor pid=1981787)[0m 2026-04-01 22:05:58,039 - piper_actor - DEBUG - run_dag dispatch (time 8): forward s2 mb2 bkt=0
[36m(PiperActor pid=1981793)[0m 2026-04-01 22:05:58,003 - piper_actor - DEBUG - run_dag dispatch (time 5): recv s1 mb2 bkt=0
[36m(PiperActor pid=1981793)[0m 2026-04-01 22:05:58,003 - piper_actor - DEBUG - exec_recv key ((1, 0), 2) from peer pp rank 0
[36m(PiperActor pid=1981793)[0m 2026-04-01 22:05:58,004 - piper_actor - DEBUG - run_dag dispatch (time 6): forward s1 mb2 bkt=0
[36m(PiperActor pid=1981800)[0m 2026-04-01 22:05:58,001 - piper_actor - DEBUG - run_dag dispatch (time 6): send s2 mb0 bkt=0
[36m(PiperActor pid=1981800)[0m 2026-04-01 22:05:58,001 - piper_actor - DEBUG - exec_send key (None, 0) to peer pp rank 1
[36m(PiperActor pid=1981800)[0m 2026-04-01 22:05:58,002 - piper_actor - DEBUG - run_dag dispatch (time 6): recv s2 mb1 bkt=0
[36m(PiperActor pid=1981800)[0m 2026-04-01 22:05:58,002 - piper_actor - DEBUG - exec_recv key (None, 1) from peer pp rank 1
[36m(PiperActor pid=1981800)[0m 2026-04-01 22:05:58,002 - piper_actor - DEBUG - run_dag dispatch (time 7): backward s2 mb1 bkt=0
[36m(PiperActor pid=1981800)[0m 2026-04-01 22:05:58,038 - piper_actor - DEBUG - run_dag dispatch (time 7): send s0 mb3 bkt=0
[36m(PiperActor pid=1981800)[0m 2026-04-01 22:05:58,038 - piper_actor - DEBUG - exec_send key ((0, 0), 3) to peer pp rank 1
[36m(PiperActor pid=1981800)[0m 2026-04-01 22:05:58,039 - piper_actor - DEBUG - run_dag dispatch (time 7): recv s2 mb2 bkt=0
[36m(PiperActor pid=1981800)[0m 2026-04-01 22:05:58,039 - piper_actor - DEBUG - exec_recv key ((2, 0), 2) from peer pp rank 1
[36m(PiperActor pid=1981800)[0m 2026-04-01 22:05:58,040 - piper_actor - DEBUG - run_dag dispatch (time 8): forward s2 mb2 bkt=0
[36m(PiperActor pid=1981795)[0m 2026-04-01 22:05:58,002 - piper_actor - DEBUG - run_dag dispatch (time 5): recv s1 mb2 bkt=0
[36m(PiperActor pid=1981795)[0m 2026-04-01 22:05:58,003 - piper_actor - DEBUG - exec_recv key ((1, 0), 2) from peer pp rank 0
[36m(PiperActor pid=1981795)[0m 2026-04-01 22:05:58,003 - piper_actor - DEBUG - run_dag dispatch (time 6): forward s1 mb2 bkt=0
[36m(PiperActor pid=1981795)[0m 2026-04-01 22:05:58,042 - piper_actor - DEBUG - run_dag dispatch (time 6): recv s1 mb0 bkt=0
[36m(PiperActor pid=1981795)[0m 2026-04-01 22:05:58,043 - piper_actor - DEBUG - exec_recv key (None, 0) from peer pp rank 0
[36m(PiperActor pid=1981787)[0m 2026-04-01 22:05:58,074 - piper_actor - DEBUG - run_dag dispatch (time 8): send s2 mb1 bkt=0
[36m(PiperActor pid=1981787)[0m 2026-04-01 22:05:58,074 - piper_actor - DEBUG - exec_send key (None, 1) to peer pp rank 1
[36m(PiperActor pid=1981787)[0m 2026-04-01 22:05:58,075 - piper_actor - DEBUG - run_dag dispatch (time 8): recv s0 mb0 bkt=0
[36m(PiperActor pid=1981787)[0m 2026-04-01 22:05:58,075 - piper_actor - DEBUG - exec_recv key (None, 0) from peer pp rank 1
[36m(PiperActor pid=1981787)[0m 2026-04-01 22:05:58,076 - piper_actor - DEBUG - run_dag dispatch (time 9): backward s0 mb0 bkt=0
[36m(PiperActor pid=1981793)[0m 2026-04-01 22:05:58,044 - piper_actor - DEBUG - run_dag dispatch (time 6): recv s1 mb0 bkt=0
[36m(PiperActor pid=1981793)[0m 2026-04-01 22:05:58,044 - piper_actor - DEBUG - exec_recv key (None, 0) from peer pp rank 0
[36m(PiperActor pid=1981793)[0m 2026-04-01 22:05:58,044 - piper_actor - DEBUG - run_dag dispatch (time 6): send s3 mb1 bkt=0
[36m(PiperActor pid=1981793)[0m 2026-04-01 22:05:58,044 - piper_actor - DEBUG - exec_send key (None, 1) to peer pp rank 0
[36m(PiperActor pid=1981793)[0m 2026-04-01 22:05:58,045 - piper_actor - DEBUG - run_dag dispatch (time 7): backward s1 mb0 bkt=0
[36m(PiperActor pid=1981793)[0m 2026-04-01 22:05:58,073 - piper_actor - DEBUG - run_dag dispatch (time 7): recv s1 mb3 bkt=0
[36m(PiperActor pid=1981793)[0m 2026-04-01 22:05:58,074 - piper_actor - DEBUG - exec_recv key ((1, 0), 3) from peer pp rank 0
[36m(PiperActor pid=1981793)[0m 2026-04-01 22:05:58,074 - piper_actor - DEBUG - run_dag dispatch (time 7): send s1 mb2 bkt=0
[36m(PiperActor pid=1981793)[0m 2026-04-01 22:05:58,074 - piper_actor - DEBUG - exec_send key ((1, 0), 2) to peer pp rank 0
[36m(PiperActor pid=1981793)[0m 2026-04-01 22:05:58,075 - piper_actor - DEBUG - run_dag dispatch (time 8): forward s1 mb3 bkt=0
[36m(PiperActor pid=1981800)[0m 2026-04-01 22:05:58,073 - piper_actor - DEBUG - run_dag dispatch (time 8): send s2 mb1 bkt=0
[36m(PiperActor pid=1981800)[0m 2026-04-01 22:05:58,073 - piper_actor - DEBUG - exec_send key (None, 1) to peer pp rank 1
[36m(PiperActor pid=1981800)[0m 2026-04-01 22:05:58,074 - piper_actor - DEBUG - run_dag dispatch (time 8): recv s0 mb0 bkt=0
[36m(PiperActor pid=1981800)[0m 2026-04-01 22:05:58,074 - piper_actor - DEBUG - exec_recv key (None, 0) from peer pp rank 1
[36m(PiperActor pid=1981800)[0m 2026-04-01 22:05:58,074 - piper_actor - DEBUG - run_dag dispatch (time 9): backward s0 mb0 bkt=0
[36m(PiperActor pid=1981795)[0m 2026-04-01 22:05:58,043 - piper_actor - DEBUG - run_dag dispatch (time 6): send s3 mb1 bkt=0
[36m(PiperActor pid=1981795)[0m 2026-04-01 22:05:58,043 - piper_actor - DEBUG - exec_send key (None, 1) to peer pp rank 0
[36m(PiperActor pid=1981795)[0m 2026-04-01 22:05:58,044 - piper_actor - DEBUG - run_dag dispatch (time 7): backward s1 mb0 bkt=0
[36m(PiperActor pid=1981795)[0m 2026-04-01 22:05:58,072 - piper_actor - DEBUG - run_dag dispatch (time 7): recv s1 mb3 bkt=0
[36m(PiperActor pid=1981795)[0m 2026-04-01 22:05:58,073 - piper_actor - DEBUG - exec_recv key ((1, 0), 3) from peer pp rank 0
[36m(PiperActor pid=1981795)[0m 2026-04-01 22:05:58,073 - piper_actor - DEBUG - run_dag dispatch (time 7): send s1 mb2 bkt=0
[36m(PiperActor pid=1981795)[0m 2026-04-01 22:05:58,073 - piper_actor - DEBUG - exec_send key ((1, 0), 2) to peer pp rank 0
[36m(PiperActor pid=1981795)[0m 2026-04-01 22:05:58,074 - piper_actor - DEBUG - run_dag dispatch (time 8): forward s1 mb3 bkt=0
[36m(PiperActor pid=1981787)[0m 2026-04-01 22:05:58,112 - piper_actor - DEBUG - run_dag dispatch (time 9): send s2 mb2 bkt=0
[36m(PiperActor pid=1981787)[0m 2026-04-01 22:05:58,113 - piper_actor - DEBUG - exec_send key ((2, 0), 2) to peer pp rank 1
[36m(PiperActor pid=1981787)[0m 2026-04-01 22:05:58,113 - piper_actor - DEBUG - run_dag dispatch (time 9): recv s2 mb3 bkt=0
[36m(PiperActor pid=1981787)[0m 2026-04-01 22:05:58,113 - piper_actor - DEBUG - exec_recv key ((2, 0), 3) from peer pp rank 1
[36m(PiperActor pid=1981787)[0m 2026-04-01 22:05:58,114 - piper_actor - DEBUG - run_dag dispatch (time 10): forward s2 mb3 bkt=0
[36m(PiperActor pid=1981793)[0m 2026-04-01 22:05:58,090 - piper_actor - DEBUG - run_dag dispatch (time 8): recv s1 mb1 bkt=0
[36m(PiperActor pid=1981793)[0m 2026-04-01 22:05:58,090 - piper_actor - DEBUG - exec_recv key (None, 1) from peer pp rank 0
[36m(PiperActor pid=1981793)[0m 2026-04-01 22:05:58,090 - piper_actor - DEBUG - run_dag dispatch (time 8): send s1 mb0 bkt=0
[36m(PiperActor pid=1981793)[0m 2026-04-01 22:05:58,090 - piper_actor - DEBUG - exec_send key (None, 0) to peer pp rank 0
[36m(PiperActor pid=1981793)[0m 2026-04-01 22:05:58,091 - piper_actor - DEBUG - run_dag dispatch (time 9): backward s1 mb1 bkt=0
[36m(PiperActor pid=1981793)[0m 2026-04-01 22:05:58,123 - piper_actor - DEBUG - run_dag dispatch (time 9): recv s3 mb2 bkt=0
[36m(PiperActor pid=1981793)[0m 2026-04-01 22:05:58,123 - piper_actor - DEBUG - exec_recv key ((3, 0), 2) from peer pp rank 0
[36m(PiperActor pid=1981793)[0m 2026-04-01 22:05:58,123 - piper_actor - DEBUG - run_dag dispatch (time 9): send s1 mb3 bkt=0
[36m(PiperActor pid=1981793)[0m 2026-04-01 22:05:58,124 - piper_actor - DEBUG - exec_send key ((1, 0), 3) to peer pp rank 0
[36m(PiperActor pid=1981793)[0m 2026-04-01 22:05:58,124 - piper_actor - DEBUG - run_dag dispatch (time 10): forward s3 mb2 bkt=0
[36m(PiperActor pid=1981800)[0m 2026-04-01 22:05:58,113 - piper_actor - DEBUG - run_dag dispatch (time 9): send s2 mb2 bkt=0
[36m(PiperActor pid=1981800)[0m 2026-04-01 22:05:58,113 - piper_actor - DEBUG - exec_send key ((2, 0), 2) to peer pp rank 1
[36m(PiperActor pid=1981800)[0m 2026-04-01 22:05:58,114 - piper_actor - DEBUG - run_dag dispatch (time 9): recv s2 mb3 bkt=0
[36m(PiperActor pid=1981800)[0m 2026-04-01 22:05:58,114 - piper_actor - DEBUG - exec_recv key ((2, 0), 3) from peer pp rank 1
[36m(PiperActor pid=1981800)[0m 2026-04-01 22:05:58,114 - piper_actor - DEBUG - run_dag dispatch (time 10): forward s2 mb3 bkt=0
[36m(PiperActor pid=1981795)[0m 2026-04-01 22:05:58,089 - piper_actor - DEBUG - run_dag dispatch (time 8): recv s1 mb1 bkt=0
[36m(PiperActor pid=1981795)[0m 2026-04-01 22:05:58,089 - piper_actor - DEBUG - exec_recv key (None, 1) from peer pp rank 0
[36m(PiperActor pid=1981795)[0m 2026-04-01 22:05:58,089 - piper_actor - DEBUG - run_dag dispatch (time 8): send s1 mb0 bkt=0
[36m(PiperActor pid=1981795)[0m 2026-04-01 22:05:58,089 - piper_actor - DEBUG - exec_send key (None, 0) to peer pp rank 0
[36m(PiperActor pid=1981795)[0m 2026-04-01 22:05:58,089 - piper_actor - DEBUG - run_dag dispatch (time 9): backward s1 mb1 bkt=0
[36m(PiperActor pid=1981795)[0m 2026-04-01 22:05:58,122 - piper_actor - DEBUG - run_dag dispatch (time 9): recv s3 mb2 bkt=0
[36m(PiperActor pid=1981795)[0m 2026-04-01 22:05:58,122 - piper_actor - DEBUG - exec_recv key ((3, 0), 2) from peer pp rank 0
[36m(PiperActor pid=1981795)[0m 2026-04-01 22:05:58,123 - piper_actor - DEBUG - run_dag dispatch (time 9): send s1 mb3 bkt=0
[36m(PiperActor pid=1981795)[0m 2026-04-01 22:05:58,123 - piper_actor - DEBUG - exec_send key ((1, 0), 3) to peer pp rank 0
[36m(PiperActor pid=1981795)[0m 2026-04-01 22:05:58,123 - piper_actor - DEBUG - run_dag dispatch (time 10): forward s3 mb2 bkt=0
[36m(PiperActor pid=1981787)[0m 2026-04-01 22:05:58,132 - piper_actor - DEBUG - run_dag dispatch (time 10): recv s0 mb1 bkt=0
[36m(PiperActor pid=1981787)[0m 2026-04-01 22:05:58,132 - piper_actor - DEBUG - exec_recv key (None, 1) from peer pp rank 1
[36m(PiperActor pid=1981787)[0m 2026-04-01 22:05:58,132 - piper_actor - DEBUG - run_dag dispatch (time 11): backward s0 mb1 bkt=0
[36m(PiperActor pid=1981793)[0m 2026-04-01 22:05:58,140 - piper_actor - DEBUG - run_dag dispatch (time 10): send s1 mb1 bkt=0
[36m(PiperActor pid=1981793)[0m 2026-04-01 22:05:58,141 - piper_actor - DEBUG - exec_send key (None, 1) to peer pp rank 0
[36m(PiperActor pid=1981793)[0m 2026-04-01 22:05:58,141 - piper_actor - DEBUG - run_dag dispatch (time 11): backward s3 mb2 bkt=0
[36m(PiperActor pid=1981800)[0m 2026-04-01 22:05:58,131 - piper_actor - DEBUG - run_dag dispatch (time 10): recv s0 mb1 bkt=0
[36m(PiperActor pid=1981800)[0m 2026-04-01 22:05:58,132 - piper_actor - DEBUG - exec_recv key (None, 1) from peer pp rank 1
[36m(PiperActor pid=1981800)[0m 2026-04-01 22:05:58,132 - piper_actor - DEBUG - run_dag dispatch (time 11): backward s0 mb1 bkt=0
[36m(PiperActor pid=1981795)[0m 2026-04-01 22:05:58,139 - piper_actor - DEBUG - run_dag dispatch (time 10): send s1 mb1 bkt=0
[36m(PiperActor pid=1981795)[0m 2026-04-01 22:05:58,139 - piper_actor - DEBUG - exec_send key (None, 1) to peer pp rank 0
[36m(PiperActor pid=1981795)[0m 2026-04-01 22:05:58,140 - piper_actor - DEBUG - run_dag dispatch (time 11): backward s3 mb2 bkt=0
[36m(PiperActor pid=1981787)[0m 2026-04-01 22:05:58,169 - piper_actor - DEBUG - run_dag dispatch (time 11): send s2 mb3 bkt=0
[36m(PiperActor pid=1981787)[0m 2026-04-01 22:05:58,169 - piper_actor - DEBUG - exec_send key ((2, 0), 3) to peer pp rank 1
[36m(PiperActor pid=1981787)[0m 2026-04-01 22:05:58,170 - piper_actor - DEBUG - run_dag dispatch (time 11): recv s2 mb2 bkt=0
[36m(PiperActor pid=1981787)[0m 2026-04-01 22:05:58,170 - piper_actor - DEBUG - exec_recv key (None, 2) from peer pp rank 1
[36m(PiperActor pid=1981787)[0m 2026-04-01 22:05:58,170 - piper_actor - DEBUG - run_dag dispatch (time 12): backward s2 mb2 bkt=0
[36m(PiperActor pid=1981787)[0m 2026-04-01 22:05:58,205 - piper_actor - DEBUG - run_dag dispatch (time 12): recv s2 mb3 bkt=0
[36m(PiperActor pid=1981787)[0m 2026-04-01 22:05:58,205 - piper_actor - DEBUG - exec_recv key (None, 3) from peer pp rank 1
[36m(PiperActor pid=1981787)[0m 2026-04-01 22:05:58,206 - piper_actor - DEBUG - run_dag dispatch (time 13): backward s2 mb3 bkt=0
[36m(PiperActor pid=1981793)[0m 2026-04-01 22:05:58,171 - piper_actor - DEBUG - run_dag dispatch (time 11): recv s3 mb3 bkt=0
[36m(PiperActor pid=1981793)[0m 2026-04-01 22:05:58,171 - piper_actor - DEBUG - exec_recv key ((3, 0), 3) from peer pp rank 0
[36m(PiperActor pid=1981793)[0m 2026-04-01 22:05:58,172 - piper_actor - DEBUG - run_dag dispatch (time 12): forward s3 mb3 bkt=0
[36m(PiperActor pid=1981800)[0m 2026-04-01 22:05:58,170 - piper_actor - DEBUG - run_dag dispatch (time 11): send s2 mb3 bkt=0
[36m(PiperActor pid=1981800)[0m 2026-04-01 22:05:58,171 - piper_actor - DEBUG - exec_send key ((2, 0), 3) to peer pp rank 1
[36m(PiperActor pid=1981800)[0m 2026-04-01 22:05:58,171 - piper_actor - DEBUG - run_dag dispatch (time 11): recv s2 mb2 bkt=0
[36m(PiperActor pid=1981800)[0m 2026-04-01 22:05:58,171 - piper_actor - DEBUG - exec_recv key (None, 2) from peer pp rank 1
[36m(PiperActor pid=1981800)[0m 2026-04-01 22:05:58,172 - piper_actor - DEBUG - run_dag dispatch (time 12): backward s2 mb2 bkt=0
[36m(PiperActor pid=1981800)[0m 2026-04-01 22:05:58,207 - piper_actor - DEBUG - run_dag dispatch (time 12): recv s2 mb3 bkt=0
[36m(PiperActor pid=1981800)[0m 2026-04-01 22:05:58,207 - piper_actor - DEBUG - exec_recv key (None, 3) from peer pp rank 1
[36m(PiperActor pid=1981800)[0m 2026-04-01 22:05:58,208 - piper_actor - DEBUG - run_dag dispatch (time 13): backward s2 mb3 bkt=0
[36m(PiperActor pid=1981795)[0m 2026-04-01 22:05:58,170 - piper_actor - DEBUG - run_dag dispatch (time 11): recv s3 mb3 bkt=0
[36m(PiperActor pid=1981795)[0m 2026-04-01 22:05:58,171 - piper_actor - DEBUG - exec_recv key ((3, 0), 3) from peer pp rank 0
[36m(PiperActor pid=1981795)[0m 2026-04-01 22:05:58,171 - piper_actor - DEBUG - run_dag dispatch (time 12): forward s3 mb3 bkt=0
[36m(PiperActor pid=1981793)[0m 2026-04-01 22:05:58,214 - piper_actor - DEBUG - run_dag dispatch (time 12): send s3 mb2 bkt=0
[36m(PiperActor pid=1981793)[0m 2026-04-01 22:05:58,214 - piper_actor - DEBUG - exec_send key (None, 2) to peer pp rank 0
[36m(PiperActor pid=1981793)[0m 2026-04-01 22:05:58,215 - piper_actor - DEBUG - run_dag dispatch (time 13): backward s3 mb3 bkt=0
[36m(PiperActor pid=1981793)[0m 2026-04-01 22:05:58,245 - piper_actor - DEBUG - run_dag dispatch (time 13): recv s1 mb2 bkt=0
[36m(PiperActor pid=1981793)[0m 2026-04-01 22:05:58,245 - piper_actor - DEBUG - exec_recv key (None, 2) from peer pp rank 0
[36m(PiperActor pid=1981793)[0m 2026-04-01 22:05:58,246 - piper_actor - DEBUG - run_dag dispatch (time 14): backward s1 mb2 bkt=0
[36m(PiperActor pid=1981795)[0m 2026-04-01 22:05:58,213 - piper_actor - DEBUG - run_dag dispatch (time 12): send s3 mb2 bkt=0
[36m(PiperActor pid=1981795)[0m 2026-04-01 22:05:58,213 - piper_actor - DEBUG - exec_send key (None, 2) to peer pp rank 0
[36m(PiperActor pid=1981795)[0m 2026-04-01 22:05:58,213 - piper_actor - DEBUG - run_dag dispatch (time 13): backward s3 mb3 bkt=0
[36m(PiperActor pid=1981795)[0m 2026-04-01 22:05:58,244 - piper_actor - DEBUG - run_dag dispatch (time 13): recv s1 mb2 bkt=0
[36m(PiperActor pid=1981795)[0m 2026-04-01 22:05:58,244 - piper_actor - DEBUG - exec_recv key (None, 2) from peer pp rank 0
[36m(PiperActor pid=1981795)[0m 2026-04-01 22:05:58,245 - piper_actor - DEBUG - run_dag dispatch (time 14): backward s1 mb2 bkt=0
[36m(PiperActor pid=1981787)[0m 2026-04-01 22:05:58,262 - piper_actor - DEBUG - run_dag dispatch (time 13): send s2 mb2 bkt=0
[36m(PiperActor pid=1981787)[0m 2026-04-01 22:05:58,263 - piper_actor - DEBUG - exec_send key (None, 2) to peer pp rank 1
[36m(PiperActor pid=1981787)[0m 2026-04-01 22:05:58,263 - piper_actor - DEBUG - run_dag dispatch (time 13): recv s0 mb2 bkt=0
[36m(PiperActor pid=1981787)[0m 2026-04-01 22:05:58,263 - piper_actor - DEBUG - exec_recv key (None, 2) from peer pp rank 1
[36m(PiperActor pid=1981787)[0m 2026-04-01 22:05:58,264 - piper_actor - DEBUG - run_dag dispatch (time 14): backward s0 mb2 bkt=0
[36m(PiperActor pid=1981800)[0m 2026-04-01 22:05:58,262 - piper_actor - DEBUG - run_dag dispatch (time 13): send s2 mb2 bkt=0
[36m(PiperActor pid=1981800)[0m 2026-04-01 22:05:58,262 - piper_actor - DEBUG - exec_send key (None, 2) to peer pp rank 1
[36m(PiperActor pid=1981800)[0m 2026-04-01 22:05:58,263 - piper_actor - DEBUG - run_dag dispatch (time 13): recv s0 mb2 bkt=0
[36m(PiperActor pid=1981800)[0m 2026-04-01 22:05:58,263 - piper_actor - DEBUG - exec_recv key (None, 2) from peer pp rank 1
[36m(PiperActor pid=1981800)[0m 2026-04-01 22:05:58,264 - piper_actor - DEBUG - run_dag dispatch (time 14): backward s0 mb2 bkt=0
[36m(PiperActor pid=1981795)[0m 2026-04-01 22:05:58,302 - piper_actor - DEBUG - run_dag dispatch (time 14): recv s1 mb3 bkt=0
[36m(PiperActor pid=1981795)[0m 2026-04-01 22:05:58,302 - piper_actor - DEBUG - exec_recv key (None, 3) from peer pp rank 0
[36m(PiperActor pid=1981795)[0m 2026-04-01 22:05:58,303 - piper_actor - DEBUG - run_dag dispatch (time 14): send s3 mb3 bkt=0
[36m(PiperActor pid=1981795)[0m 2026-04-01 22:05:58,303 - piper_actor - DEBUG - exec_send key (None, 3) to peer pp rank 0
[36m(PiperActor pid=1981795)[0m 2026-04-01 22:05:58,303 - piper_actor - DEBUG - run_dag dispatch (time 14): all_reduce s3 mb3 bkt=0
[36m(PiperActor pid=1981795)[0m 2026-04-01 22:05:58,303 - piper_actor - DEBUG - run_dag dispatch (time 15): backward s1 mb3 bkt=0
[36m(PiperActor pid=1981787)[0m 2026-04-01 22:05:58,342 - piper_actor - DEBUG - run_dag dispatch (time 14): send s2 mb3 bkt=0
[36m(PiperActor pid=1981787)[0m 2026-04-01 22:05:58,342 - piper_actor - DEBUG - exec_send key (None, 3) to peer pp rank 1
[36m(PiperActor pid=1981787)[0m 2026-04-01 22:05:58,343 - piper_actor - DEBUG - run_dag dispatch (time 14): recv s0 mb3 bkt=0
[36m(PiperActor pid=1981787)[0m 2026-04-01 22:05:58,343 - piper_actor - DEBUG - exec_recv key (None, 3) from peer pp rank 1
[36m(PiperActor pid=1981787)[0m 2026-04-01 22:05:58,343 - piper_actor - DEBUG - run_dag dispatch (time 14): all_reduce s2 mb3 bkt=0
[36m(PiperActor pid=1981787)[0m 2026-04-01 22:05:58,344 - piper_actor - DEBUG - run_dag dispatch (time 15): backward s0 mb3 bkt=0
[36m(PiperActor pid=1981793)[0m 2026-04-01 22:05:58,303 - piper_actor - DEBUG - run_dag dispatch (time 14): recv s1 mb3 bkt=0
[36m(PiperActor pid=1981793)[0m 2026-04-01 22:05:58,303 - piper_actor - DEBUG - exec_recv key (None, 3) from peer pp rank 0
[36m(PiperActor pid=1981793)[0m 2026-04-01 22:05:58,304 - piper_actor - DEBUG - run_dag dispatch (time 14): send s3 mb3 bkt=0
[36m(PiperActor pid=1981793)[0m 2026-04-01 22:05:58,304 - piper_actor - DEBUG - exec_send key (None, 3) to peer pp rank 0
[36m(PiperActor pid=1981793)[0m 2026-04-01 22:05:58,304 - piper_actor - DEBUG - run_dag dispatch (time 14): all_reduce s3 mb3 bkt=0
[36m(PiperActor pid=1981793)[0m 2026-04-01 22:05:58,305 - piper_actor - DEBUG - run_dag dispatch (time 15): backward s1 mb3 bkt=0
[36m(PiperActor pid=1981793)[0m 2026-04-01 22:05:58,342 - piper_actor - DEBUG - run_dag dispatch (time 15): send s1 mb2 bkt=0
[36m(PiperActor pid=1981793)[0m 2026-04-01 22:05:58,342 - piper_actor - DEBUG - exec_send key (None, 2) to peer pp rank 0
[36m(PiperActor pid=1981793)[0m 2026-04-01 22:05:58,343 - piper_actor - DEBUG - run_dag dispatch (time 16): update s1 mb3 bkt=0
[36m(PiperActor pid=1981800)[0m 2026-04-01 22:05:58,341 - piper_actor - DEBUG - run_dag dispatch (time 14): send s2 mb3 bkt=0
[36m(PiperActor pid=1981800)[0m 2026-04-01 22:05:58,342 - piper_actor - DEBUG - exec_send key (None, 3) to peer pp rank 1
[36m(PiperActor pid=1981800)[0m 2026-04-01 22:05:58,342 - piper_actor - DEBUG - run_dag dispatch (time 14): recv s0 mb3 bkt=0
[36m(PiperActor pid=1981800)[0m 2026-04-01 22:05:58,342 - piper_actor - DEBUG - exec_recv key (None, 3) from peer pp rank 1
[36m(PiperActor pid=1981800)[0m 2026-04-01 22:05:58,343 - piper_actor - DEBUG - run_dag dispatch (time 14): all_reduce s2 mb3 bkt=0
[36m(PiperActor pid=1981800)[0m 2026-04-01 22:05:58,343 - piper_actor - DEBUG - run_dag dispatch (time 15): backward s0 mb3 bkt=0
[36m(PiperActor pid=1981795)[0m 2026-04-01 22:05:58,341 - piper_actor - DEBUG - run_dag dispatch (time 15): send s1 mb2 bkt=0
[36m(PiperActor pid=1981795)[0m 2026-04-01 22:05:58,341 - piper_actor - DEBUG - exec_send key (None, 2) to peer pp rank 0
[36m(PiperActor pid=1981795)[0m 2026-04-01 22:05:58,341 - piper_actor - DEBUG - run_dag dispatch (time 16): update s1 mb3 bkt=0
[36m(PiperActor pid=1981787)[0m 2026-04-01 22:05:58,383 - piper_actor - DEBUG - run_dag dispatch (time 16): update s0 mb3 bkt=0
[36m(PiperActor pid=1981800)[0m 2026-04-01 22:05:58,383 - piper_actor - DEBUG - run_dag dispatch (time 16): update s0 mb3 bkt=0
[36m(PiperActor pid=1981795)[0m 2026-04-01 22:05:58,397 - piper_actor - DEBUG - run_dag dispatch (time 16): send s1 mb3 bkt=0
[36m(PiperActor pid=1981795)[0m 2026-04-01 22:05:58,397 - piper_actor - DEBUG - exec_send key (None, 3) to peer pp rank 0
[36m(PiperActor pid=1981795)[0m 2026-04-01 22:05:58,398 - piper_actor - DEBUG - run_dag dispatch (time 16): all_reduce s1 mb3 bkt=0
[36m(PiperActor pid=1981793)[0m 2026-04-01 22:05:58,400 - piper_actor - DEBUG - run_dag dispatch (time 16): send s1 mb3 bkt=0
[36m(PiperActor pid=1981793)[0m 2026-04-01 22:05:58,400 - piper_actor - DEBUG - exec_send key (None, 3) to peer pp rank 0
[36m(PiperActor pid=1981793)[0m 2026-04-01 22:05:58,400 - piper_actor - DEBUG - run_dag dispatch (time 16): all_reduce s1 mb3 bkt=0
[36m(PiperActor pid=1981800)[0m 2026-04-01 22:05:58,440 - piper_actor - DEBUG - run_dag dispatch (time 16): all_reduce s0 mb3 bkt=0
[36m(PiperActor pid=1981787)[0m 2026-04-01 22:05:58,442 - piper_actor - DEBUG - run_dag dispatch (time 16): all_reduce s0 mb3 bkt=0
[36m(PiperActor pid=1981787)[0m 2026-04-01 22:05:59,459 - piper_actor - DEBUG - run_dag dispatch (time -20001): all_gather s2 mb0 bkt=0
[36m(PiperActor pid=1981787)[0m 2026-04-01 22:05:59,460 - piper_actor - DEBUG - run_dag dispatch (time -20000): all_gather s0 mb0 bkt=0
[36m(PiperActor pid=1981787)[0m 2026-04-01 22:05:59,460 - piper_actor - DEBUG - run_dag dispatch (time 0): forward s0 mb0 bkt=0
[36m(PiperActor pid=1981787)[0m 2026-04-01 22:05:59,472 - piper_actor - DEBUG - run_dag dispatch (time 1): forward s0 mb1 bkt=0
[36m(PiperActor pid=1981787)[0m 2026-04-01 22:05:59,483 - piper_actor - DEBUG - run_dag dispatch (time 1): send s0 mb0 bkt=0
[36m(PiperActor pid=1981787)[0m 2026-04-01 22:05:59,483 - piper_actor - DEBUG - exec_send key ((0, 0), 0) to peer pp rank 1
[36m(PiperActor pid=1981787)[0m 2026-04-01 22:05:59,483 - piper_actor - DEBUG - run_dag dispatch (time 1): recv s2 mb0 bkt=0
[36m(PiperActor pid=1981787)[0m 2026-04-01 22:05:59,483 - piper_actor - DEBUG - exec_recv key ((2, 0), 0) from peer pp rank 1
[36m(PiperActor pid=1981787)[0m 2026-04-01 22:05:59,484 - piper_actor - DEBUG - run_dag dispatch (time 2): forward s2 mb0 bkt=0
[36m(PiperActor pid=1981787)[0m 2026-04-01 22:05:59,494 - piper_actor - DEBUG - run_dag dispatch (time 2): send s0 mb1 bkt=0
[36m(PiperActor pid=1981787)[0m 2026-04-01 22:05:59,494 - piper_actor - DEBUG - exec_send key ((0, 0), 1) to peer pp rank 1
[36m(PiperActor pid=1981787)[0m 2026-04-01 22:05:59,494 - piper_actor - DEBUG - run_dag dispatch (time 2): recv s2 mb1 bkt=0
[36m(PiperActor pid=1981787)[0m 2026-04-01 22:05:59,495 - piper_actor - DEBUG - exec_recv key ((2, 0), 1) from peer pp rank 1
[36m(PiperActor pid=1981787)[0m 2026-04-01 22:05:59,495 - piper_actor - DEBUG - run_dag dispatch (time 3): forward s2 mb1 bkt=0
[36m(PiperActor pid=1981787)[0m 2026-04-01 22:05:59,505 - piper_actor - DEBUG - run_dag dispatch (time 3): send s2 mb0 bkt=0
[36m(PiperActor pid=1981787)[0m 2026-04-01 22:05:59,505 - piper_actor - DEBUG - exec_send key ((2, 0), 0) to peer pp rank 1
[36m(PiperActor pid=1981787)[0m 2026-04-01 22:05:59,506 - piper_actor - DEBUG - run_dag dispatch (time 4): forward s0 mb2 bkt=0
[36m(PiperActor pid=1981787)[0m 2026-04-01 22:05:59,516 - piper_actor - DEBUG - run_dag dispatch (time 4): send s2 mb1 bkt=0
[36m(PiperActor pid=1981787)[0m 2026-04-01 22:05:59,516 - piper_actor - DEBUG - exec_send key ((2, 0), 1) to peer pp rank 1
[36m(PiperActor pid=1981787)[0m 2026-04-01 22:05:59,517 - piper_actor - DEBUG - run_dag dispatch (time 4): recv s2 mb0 bkt=0
[36m(PiperActor pid=1981787)[0m 2026-04-01 22:05:59,517 - piper_actor - DEBUG - exec_recv key (None, 0) from peer pp rank 1
[36m(PiperActor pid=1981787)[0m 2026-04-01 22:05:59,517 - piper_actor - DEBUG - run_dag dispatch (time 5): backward s2 mb0 bkt=0
[36m(PiperActor pid=1981793)[0m 2026-04-01 22:05:59,459 - piper_actor - DEBUG - run_dag dispatch (time -20001): all_gather s3 mb0 bkt=0
[36m(PiperActor pid=1981793)[0m 2026-04-01 22:05:59,460 - piper_actor - DEBUG - run_dag dispatch (time -20000): all_gather s1 mb0 bkt=0
[36m(PiperActor pid=1981793)[0m 2026-04-01 22:05:59,460 - piper_actor - DEBUG - run_dag dispatch (time -1): recv s1 mb0 bkt=0
[36m(PiperActor pid=1981793)[0m 2026-04-01 22:05:59,460 - piper_actor - DEBUG - exec_recv key ((1, 0), 0) from peer pp rank 0
[36m(PiperActor pid=1981793)[0m 2026-04-01 22:05:59,461 - piper_actor - DEBUG - run_dag dispatch (time 0): forward s1 mb0 bkt=0
[36m(PiperActor pid=1981793)[0m 2026-04-01 22:05:59,472 - piper_actor - DEBUG - run_dag dispatch (time 0): recv s1 mb1 bkt=0
[36m(PiperActor pid=1981793)[0m 2026-04-01 22:05:59,472 - piper_actor - DEBUG - exec_recv key ((1, 0), 1) from peer pp rank 0
[36m(PiperActor pid=1981793)[0m 2026-04-01 22:05:59,472 - piper_actor - DEBUG - run_dag dispatch (time 1): forward s1 mb1 bkt=0
[36m(PiperActor pid=1981793)[0m 2026-04-01 22:05:59,483 - piper_actor - DEBUG - run_dag dispatch (time 1): recv s3 mb0 bkt=0
[36m(PiperActor pid=1981793)[0m 2026-04-01 22:05:59,483 - piper_actor - DEBUG - exec_recv key ((3, 0), 0) from peer pp rank 0
[36m(PiperActor pid=1981793)[0m 2026-04-01 22:05:59,483 - piper_actor - DEBUG - run_dag dispatch (time 1): send s1 mb0 bkt=0
[36m(PiperActor pid=1981793)[0m 2026-04-01 22:05:59,484 - piper_actor - DEBUG - exec_send key ((1, 0), 0) to peer pp rank 0
[36m(PiperActor pid=1981793)[0m 2026-04-01 22:05:59,484 - piper_actor - DEBUG - run_dag dispatch (time 2): forward s3 mb0 bkt=0
[36m(PiperActor pid=1981793)[0m 2026-04-01 22:05:59,495 - piper_actor - DEBUG - run_dag dispatch (time 2): send s1 mb1 bkt=0
[36m(PiperActor pid=1981793)[0m 2026-04-01 22:05:59,495 - piper_actor - DEBUG - exec_send key ((1, 0), 1) to peer pp rank 0
[36m(PiperActor pid=1981793)[0m 2026-04-01 22:05:59,495 - piper_actor - DEBUG - run_dag dispatch (time 3): backward s3 mb0 bkt=0
[36m(PiperActor pid=1981793)[0m 2026-04-01 22:05:59,526 - piper_actor - DEBUG - run_dag dispatch (time 3): recv s3 mb1 bkt=0
[36m(PiperActor pid=1981793)[0m 2026-04-01 22:05:59,526 - piper_actor - DEBUG - exec_recv key ((3, 0), 1) from peer pp rank 0
[36m(PiperActor pid=1981793)[0m 2026-04-01 22:05:59,527 - piper_actor - DEBUG - run_dag dispatch (time 4): forward s3 mb1 bkt=0
[36m(PiperActor pid=1981800)[0m 2026-04-01 22:05:59,458 - piper_actor - DEBUG - run_dag dispatch (time -20001): all_gather s2 mb0 bkt=0
[36m(PiperActor pid=1981800)[0m 2026-04-01 22:05:59,459 - piper_actor - DEBUG - run_dag dispatch (time -20000): all_gather s0 mb0 bkt=0
[36m(PiperActor pid=1981800)[0m 2026-04-01 22:05:59,459 - piper_actor - DEBUG - run_dag dispatch (time 0): forward s0 mb0 bkt=0
[36m(PiperActor pid=1981800)[0m 2026-04-01 22:05:59,471 - piper_actor - DEBUG - run_dag dispatch (time 1): forward s0 mb1 bkt=0
[36m(PiperActor pid=1981800)[0m 2026-04-01 22:05:59,482 - piper_actor - DEBUG - run_dag dispatch (time 1): send s0 mb0 bkt=0
[36m(PiperActor pid=1981800)[0m 2026-04-01 22:05:59,482 - piper_actor - DEBUG - exec_send key ((0, 0), 0) to peer pp rank 1
[36m(PiperActor pid=1981800)[0m 2026-04-01 22:05:59,483 - piper_actor - DEBUG - run_dag dispatch (time 1): recv s2 mb0 bkt=0
[36m(PiperActor pid=1981800)[0m 2026-04-01 22:05:59,483 - piper_actor - DEBUG - exec_recv key ((2, 0), 0) from peer pp rank 1
[36m(PiperActor pid=1981800)[0m 2026-04-01 22:05:59,484 - piper_actor - DEBUG - run_dag dispatch (time 2): forward s2 mb0 bkt=0
[36m(PiperActor pid=1981800)[0m 2026-04-01 22:05:59,494 - piper_actor - DEBUG - run_dag dispatch (time 2): send s0 mb1 bkt=0
[36m(PiperActor pid=1981800)[0m 2026-04-01 22:05:59,494 - piper_actor - DEBUG - exec_send key ((0, 0), 1) to peer pp rank 1
[36m(PiperActor pid=1981800)[0m 2026-04-01 22:05:59,495 - piper_actor - DEBUG - run_dag dispatch (time 2): recv s2 mb1 bkt=0
[36m(PiperActor pid=1981800)[0m 2026-04-01 22:05:59,495 - piper_actor - DEBUG - exec_recv key ((2, 0), 1) from peer pp rank 1
[36m(PiperActor pid=1981800)[0m 2026-04-01 22:05:59,495 - piper_actor - DEBUG - run_dag dispatch (time 3): forward s2 mb1 bkt=0
[36m(PiperActor pid=1981800)[0m 2026-04-01 22:05:59,505 - piper_actor - DEBUG - run_dag dispatch (time 3): send s2 mb0 bkt=0
[36m(PiperActor pid=1981800)[0m 2026-04-01 22:05:59,506 - piper_actor - DEBUG - exec_send key ((2, 0), 0) to peer pp rank 1
[36m(PiperActor pid=1981800)[0m 2026-04-01 22:05:59,506 - piper_actor - DEBUG - run_dag dispatch (time 4): forward s0 mb2 bkt=0
[36m(PiperActor pid=1981800)[0m 2026-04-01 22:05:59,516 - piper_actor - DEBUG - run_dag dispatch (time 4): send s2 mb1 bkt=0
[36m(PiperActor pid=1981800)[0m 2026-04-01 22:05:59,516 - piper_actor - DEBUG - exec_send key ((2, 0), 1) to peer pp rank 1
[36m(PiperActor pid=1981800)[0m 2026-04-01 22:05:59,517 - piper_actor - DEBUG - run_dag dispatch (time 4): recv s2 mb0 bkt=0
[36m(PiperActor pid=1981800)[0m 2026-04-01 22:05:59,517 - piper_actor - DEBUG - exec_recv key (None, 0) from peer pp rank 1
[36m(PiperActor pid=1981800)[0m 2026-04-01 22:05:59,517 - piper_actor - DEBUG - run_dag dispatch (time 5): backward s2 mb0 bkt=0
[36m(PiperActor pid=1981795)[0m 2026-04-01 22:05:59,458 - piper_actor - DEBUG - run_dag dispatch (time -20001): all_gather s3 mb0 bkt=0
[36m(PiperActor pid=1981795)[0m 2026-04-01 22:05:59,459 - piper_actor - DEBUG - run_dag dispatch (time -20000): all_gather s1 mb0 bkt=0
[36m(PiperActor pid=1981795)[0m 2026-04-01 22:05:59,459 - piper_actor - DEBUG - run_dag dispatch (time -1): recv s1 mb0 bkt=0
[36m(PiperActor pid=1981795)[0m 2026-04-01 22:05:59,459 - piper_actor - DEBUG - exec_recv key ((1, 0), 0) from peer pp rank 0
[36m(PiperActor pid=1981795)[0m 2026-04-01 22:05:59,459 - piper_actor - DEBUG - run_dag dispatch (time 0): forward s1 mb0 bkt=0
[36m(PiperActor pid=1981795)[0m 2026-04-01 22:05:59,470 - piper_actor - DEBUG - run_dag dispatch (time 0): recv s1 mb1 bkt=0
[36m(PiperActor pid=1981795)[0m 2026-04-01 22:05:59,471 - piper_actor - DEBUG - exec_recv key ((1, 0), 1) from peer pp rank 0
[36m(PiperActor pid=1981795)[0m 2026-04-01 22:05:59,471 - piper_actor - DEBUG - run_dag dispatch (time 1): forward s1 mb1 bkt=0
[36m(PiperActor pid=1981795)[0m 2026-04-01 22:05:59,482 - piper_actor - DEBUG - run_dag dispatch (time 1): recv s3 mb0 bkt=0
[36m(PiperActor pid=1981795)[0m 2026-04-01 22:05:59,482 - piper_actor - DEBUG - exec_recv key ((3, 0), 0) from peer pp rank 0
[36m(PiperActor pid=1981795)[0m 2026-04-01 22:05:59,482 - piper_actor - DEBUG - run_dag dispatch (time 1): send s1 mb0 bkt=0
[36m(PiperActor pid=1981795)[0m 2026-04-01 22:05:59,482 - piper_actor - DEBUG - exec_send key ((1, 0), 0) to peer pp rank 0
[36m(PiperActor pid=1981795)[0m 2026-04-01 22:05:59,483 - piper_actor - DEBUG - run_dag dispatch (time 2): forward s3 mb0 bkt=0
[36m(PiperActor pid=1981795)[0m 2026-04-01 22:05:59,493 - piper_actor - DEBUG - run_dag dispatch (time 2): send s1 mb1 bkt=0
[36m(PiperActor pid=1981795)[0m 2026-04-01 22:05:59,493 - piper_actor - DEBUG - exec_send key ((1, 0), 1) to peer pp rank 0
[36m(PiperActor pid=1981795)[0m 2026-04-01 22:05:59,494 - piper_actor - DEBUG - run_dag dispatch (time 3): backward s3 mb0 bkt=0
[36m(PiperActor pid=1981795)[0m 2026-04-01 22:05:59,527 - piper_actor - DEBUG - run_dag dispatch (time 3): recv s3 mb1 bkt=0
[36m(PiperActor pid=1981795)[0m 2026-04-01 22:05:59,527 - piper_actor - DEBUG - exec_recv key ((3, 0), 1) from peer pp rank 0
[36m(PiperActor pid=1981795)[0m 2026-04-01 22:05:59,528 - piper_actor - DEBUG - run_dag dispatch (time 4): forward s3 mb1 bkt=0
[36m(PiperActor pid=1981787)[0m 2026-04-01 22:05:59,544 - piper_actor - DEBUG - run_dag dispatch (time 5): send s0 mb2 bkt=0
[36m(PiperActor pid=1981787)[0m 2026-04-01 22:05:59,544 - piper_actor - DEBUG - exec_send key ((0, 0), 2) to peer pp rank 1
[36m(PiperActor pid=1981787)[0m 2026-04-01 22:05:59,545 - piper_actor - DEBUG - run_dag dispatch (time 6): forward s0 mb3 bkt=0
[36m(PiperActor pid=1981793)[0m 2026-04-01 22:05:59,569 - piper_actor - DEBUG - run_dag dispatch (time 4): send s3 mb0 bkt=0
[36m(PiperActor pid=1981793)[0m 2026-04-01 22:05:59,569 - piper_actor - DEBUG - exec_send key (None, 0) to peer pp rank 0
[36m(PiperActor pid=1981793)[0m 2026-04-01 22:05:59,570 - piper_actor - DEBUG - run_dag dispatch (time 5): backward s3 mb1 bkt=0
[36m(PiperActor pid=1981800)[0m 2026-04-01 22:05:59,545 - piper_actor - DEBUG - run_dag dispatch (time 5): send s0 mb2 bkt=0
[36m(PiperActor pid=1981800)[0m 2026-04-01 22:05:59,546 - piper_actor - DEBUG - exec_send key ((0, 0), 2) to peer pp rank 1
[36m(PiperActor pid=1981800)[0m 2026-04-01 22:05:59,546 - piper_actor - DEBUG - run_dag dispatch (time 6): forward s0 mb3 bkt=0
[36m(PiperActor pid=1981795)[0m 2026-04-01 22:05:59,569 - piper_actor - DEBUG - run_dag dispatch (time 4): send s3 mb0 bkt=0
[36m(PiperActor pid=1981795)[0m 2026-04-01 22:05:59,569 - piper_actor - DEBUG - exec_send key (None, 0) to peer pp rank 0
[36m(PiperActor pid=1981795)[0m 2026-04-01 22:05:59,570 - piper_actor - DEBUG - run_dag dispatch (time 5): backward s3 mb1 bkt=0
[36m(PiperActor pid=1981787)[0m 2026-04-01 22:05:59,598 - piper_actor - DEBUG - run_dag dispatch (time 6): send s2 mb0 bkt=0
[36m(PiperActor pid=1981787)[0m 2026-04-01 22:05:59,598 - piper_actor - DEBUG - exec_send key (None, 0) to peer pp rank 1
[36m(PiperActor pid=1981787)[0m 2026-04-01 22:05:59,599 - piper_actor - DEBUG - run_dag dispatch (time 6): recv s2 mb1 bkt=0
[36m(PiperActor pid=1981787)[0m 2026-04-01 22:05:59,599 - piper_actor - DEBUG - exec_recv key (None, 1) from peer pp rank 1
[36m(PiperActor pid=1981787)[0m 2026-04-01 22:05:59,599 - piper_actor - DEBUG - run_dag dispatch (time 7): backward s2 mb1 bkt=0
[36m(PiperActor pid=1981793)[0m 2026-04-01 22:05:59,599 - piper_actor - DEBUG - run_dag dispatch (time 5): recv s1 mb2 bkt=0
[36m(PiperActor pid=1981793)[0m 2026-04-01 22:05:59,600 - piper_actor - DEBUG - exec_recv key ((1, 0), 2) from peer pp rank 0
[36m(PiperActor pid=1981793)[0m 2026-04-01 22:05:59,600 - piper_actor - DEBUG - run_dag dispatch (time 6): forward s1 mb2 bkt=0
[36m(PiperActor pid=1981800)[0m 2026-04-01 22:05:59,598 - piper_actor - DEBUG - run_dag dispatch (time 6): send s2 mb0 bkt=0
[36m(PiperActor pid=1981800)[0m 2026-04-01 22:05:59,599 - piper_actor - DEBUG - exec_send key (None, 0) to peer pp rank 1
[36m(PiperActor pid=1981800)[0m 2026-04-01 22:05:59,599 - piper_actor - DEBUG - run_dag dispatch (time 6): recv s2 mb1 bkt=0
[36m(PiperActor pid=1981800)[0m 2026-04-01 22:05:59,599 - piper_actor - DEBUG - exec_recv key (None, 1) from peer pp rank 1
[36m(PiperActor pid=1981800)[0m 2026-04-01 22:05:59,600 - piper_actor - DEBUG - run_dag dispatch (time 7): backward s2 mb1 bkt=0
[36m(PiperActor pid=1981795)[0m 2026-04-01 22:05:59,600 - piper_actor - DEBUG - run_dag dispatch (time 5): recv s1 mb2 bkt=0
[36m(PiperActor pid=1981795)[0m 2026-04-01 22:05:59,600 - piper_actor - DEBUG - exec_recv key ((1, 0), 2) from peer pp rank 0
[36m(PiperActor pid=1981795)[0m 2026-04-01 22:05:59,601 - piper_actor - DEBUG - run_dag dispatch (time 6): forward s1 mb2 bkt=0
[36m(PiperActor pid=1981787)[0m 2026-04-01 22:05:59,634 - piper_actor - DEBUG - run_dag dispatch (time 7): send s0 mb3 bkt=0
[36m(PiperActor pid=1981787)[0m 2026-04-01 22:05:59,635 - piper_actor - DEBUG - exec_send key ((0, 0), 3) to peer pp rank 1
[36m(PiperActor pid=1981787)[0m 2026-04-01 22:05:59,635 - piper_actor - DEBUG - run_dag dispatch (time 7): recv s2 mb2 bkt=0
[36m(PiperActor pid=1981787)[0m 2026-04-01 22:05:59,635 - piper_actor - DEBUG - exec_recv key ((2, 0), 2) from peer pp rank 1
[36m(PiperActor pid=1981787)[0m 2026-04-01 22:05:59,636 - piper_actor - DEBUG - run_dag dispatch (time 8): forward s2 mb2 bkt=0
[36m(PiperActor pid=1981793)[0m 2026-04-01 22:05:59,640 - piper_actor - DEBUG - run_dag dispatch (time 6): recv s1 mb0 bkt=0
[36m(PiperActor pid=1981793)[0m 2026-04-01 22:05:59,640 - piper_actor - DEBUG - exec_recv key (None, 0) from peer pp rank 0
[36m(PiperActor pid=1981793)[0m 2026-04-01 22:05:59,640 - piper_actor - DEBUG - run_dag dispatch (time 6): send s3 mb1 bkt=0
[36m(PiperActor pid=1981793)[0m 2026-04-01 22:05:59,640 - piper_actor - DEBUG - exec_send key (None, 1) to peer pp rank 0
[36m(PiperActor pid=1981793)[0m 2026-04-01 22:05:59,641 - piper_actor - DEBUG - run_dag dispatch (time 7): backward s1 mb0 bkt=0
[36m(PiperActor pid=1981800)[0m 2026-04-01 22:05:59,635 - piper_actor - DEBUG - run_dag dispatch (time 7): send s0 mb3 bkt=0
[36m(PiperActor pid=1981800)[0m 2026-04-01 22:05:59,636 - piper_actor - DEBUG - exec_send key ((0, 0), 3) to peer pp rank 1
[36m(PiperActor pid=1981800)[0m 2026-04-01 22:05:59,636 - piper_actor - DEBUG - run_dag dispatch (time 7): recv s2 mb2 bkt=0
[36m(PiperActor pid=1981800)[0m 2026-04-01 22:05:59,636 - piper_actor - DEBUG - exec_recv key ((2, 0), 2) from peer pp rank 1
[36m(PiperActor pid=1981800)[0m 2026-04-01 22:05:59,637 - piper_actor - DEBUG - run_dag dispatch (time 8): forward s2 mb2 bkt=0
[36m(PiperActor pid=1981795)[0m 2026-04-01 22:05:59,640 - piper_actor - DEBUG - run_dag dispatch (time 6): recv s1 mb0 bkt=0
[36m(PiperActor pid=1981795)[0m 2026-04-01 22:05:59,640 - piper_actor - DEBUG - exec_recv key (None, 0) from peer pp rank 0
[36m(PiperActor pid=1981795)[0m 2026-04-01 22:05:59,640 - piper_actor - DEBUG - run_dag dispatch (time 6): send s3 mb1 bkt=0
[36m(PiperActor pid=1981795)[0m 2026-04-01 22:05:59,640 - piper_actor - DEBUG - exec_send key (None, 1) to peer pp rank 0
[36m(PiperActor pid=1981795)[0m 2026-04-01 22:05:59,641 - piper_actor - DEBUG - run_dag dispatch (time 7): backward s1 mb0 bkt=0
[36m(PiperActor pid=1981787)[0m 2026-04-01 22:05:59,670 - piper_actor - DEBUG - run_dag dispatch (time 8): send s2 mb1 bkt=0
[36m(PiperActor pid=1981787)[0m 2026-04-01 22:05:59,670 - piper_actor - DEBUG - exec_send key (None, 1) to peer pp rank 1
[36m(PiperActor pid=1981787)[0m 2026-04-01 22:05:59,671 - piper_actor - DEBUG - run_dag dispatch (time 8): recv s0 mb0 bkt=0
[36m(PiperActor pid=1981787)[0m 2026-04-01 22:05:59,671 - piper_actor - DEBUG - exec_recv key (None, 0) from peer pp rank 1
[36m(PiperActor pid=1981787)[0m 2026-04-01 22:05:59,671 - piper_actor - DEBUG - run_dag dispatch (time 9): backward s0 mb0 bkt=0
[36m(PiperActor pid=1981793)[0m 2026-04-01 22:05:59,670 - piper_actor - DEBUG - run_dag dispatch (time 7): recv s1 mb3 bkt=0
[36m(PiperActor pid=1981793)[0m 2026-04-01 22:05:59,670 - piper_actor - DEBUG - exec_recv key ((1, 0), 3) from peer pp rank 0
[36m(PiperActor pid=1981793)[0m 2026-04-01 22:05:59,671 - piper_actor - DEBUG - run_dag dispatch (time 7): send s1 mb2 bkt=0
[36m(PiperActor pid=1981793)[0m 2026-04-01 22:05:59,671 - piper_actor - DEBUG - exec_send key ((1, 0), 2) to peer pp rank 0
[36m(PiperActor pid=1981793)[0m 2026-04-01 22:05:59,671 - piper_actor - DEBUG - run_dag dispatch (time 8): forward s1 mb3 bkt=0
[36m(PiperActor pid=1981793)[0m 2026-04-01 22:05:59,686 - piper_actor - DEBUG - run_dag dispatch (time 8): recv s1 mb1 bkt=0
[36m(PiperActor pid=1981793)[0m 2026-04-01 22:05:59,686 - piper_actor - DEBUG - exec_recv key (None, 1) from peer pp rank 0
[36m(PiperActor pid=1981793)[0m 2026-04-01 22:05:59,686 - piper_actor - DEBUG - run_dag dispatch (time 8): send s1 mb0 bkt=0
[36m(PiperActor pid=1981793)[0m 2026-04-01 22:05:59,687 - piper_actor - DEBUG - exec_send key (None, 0) to peer pp rank 0
[36m(PiperActor pid=1981793)[0m 2026-04-01 22:05:59,687 - piper_actor - DEBUG - run_dag dispatch (time 9): backward s1 mb1 bkt=0
[36m(PiperActor pid=1981800)[0m 2026-04-01 22:05:59,670 - piper_actor - DEBUG - run_dag dispatch (time 8): send s2 mb1 bkt=0
[36m(PiperActor pid=1981800)[0m 2026-04-01 22:05:59,670 - piper_actor - DEBUG - exec_send key (None, 1) to peer pp rank 1
[36m(PiperActor pid=1981800)[0m 2026-04-01 22:05:59,671 - piper_actor - DEBUG - run_dag dispatch (time 8): recv s0 mb0 bkt=0
[36m(PiperActor pid=1981800)[0m 2026-04-01 22:05:59,671 - piper_actor - DEBUG - exec_recv key (None, 0) from peer pp rank 1
[36m(PiperActor pid=1981800)[0m 2026-04-01 22:05:59,671 - piper_actor - DEBUG - run_dag dispatch (time 9): backward s0 mb0 bkt=0
[36m(PiperActor pid=1981795)[0m 2026-04-01 22:05:59,669 - piper_actor - DEBUG - run_dag dispatch (time 7): recv s1 mb3 bkt=0
[36m(PiperActor pid=1981795)[0m 2026-04-01 22:05:59,670 - piper_actor - DEBUG - exec_recv key ((1, 0), 3) from peer pp rank 0
[36m(PiperActor pid=1981795)[0m 2026-04-01 22:05:59,670 - piper_actor - DEBUG - run_dag dispatch (time 7): send s1 mb2 bkt=0
[36m(PiperActor pid=1981795)[0m 2026-04-01 22:05:59,670 - piper_actor - DEBUG - exec_send key ((1, 0), 2) to peer pp rank 0
[36m(PiperActor pid=1981795)[0m 2026-04-01 22:05:59,671 - piper_actor - DEBUG - run_dag dispatch (time 8): forward s1 mb3 bkt=0
[36m(PiperActor pid=1981795)[0m 2026-04-01 22:05:59,685 - piper_actor - DEBUG - run_dag dispatch (time 8): recv s1 mb1 bkt=0
[36m(PiperActor pid=1981795)[0m 2026-04-01 22:05:59,686 - piper_actor - DEBUG - exec_recv key (None, 1) from peer pp rank 0
[36m(PiperActor pid=1981795)[0m 2026-04-01 22:05:59,686 - piper_actor - DEBUG - run_dag dispatch (time 8): send s1 mb0 bkt=0
[36m(PiperActor pid=1981795)[0m 2026-04-01 22:05:59,686 - piper_actor - DEBUG - exec_send key (None, 0) to peer pp rank 0
[36m(PiperActor pid=1981795)[0m 2026-04-01 22:05:59,686 - piper_actor - DEBUG - run_dag dispatch (time 9): backward s1 mb1 bkt=0
[36m(PiperActor pid=1981787)[0m 2026-04-01 22:05:59,708 - piper_actor - DEBUG - run_dag dispatch (time 9): send s2 mb2 bkt=0
[36m(PiperActor pid=1981787)[0m 2026-04-01 22:05:59,709 - piper_actor - DEBUG - exec_send key ((2, 0), 2) to peer pp rank 1
[36m(PiperActor pid=1981787)[0m 2026-04-01 22:05:59,709 - piper_actor - DEBUG - run_dag dispatch (time 9): recv s2 mb3 bkt=0
[36m(PiperActor pid=1981787)[0m 2026-04-01 22:05:59,709 - piper_actor - DEBUG - exec_recv key ((2, 0), 3) from peer pp rank 1
[36m(PiperActor pid=1981787)[0m 2026-04-01 22:05:59,710 - piper_actor - DEBUG - run_dag dispatch (time 10): forward s2 mb3 bkt=0
[36m(PiperActor pid=1981787)[0m 2026-04-01 22:05:59,728 - piper_actor - DEBUG - run_dag dispatch (time 10): recv s0 mb1 bkt=0
[36m(PiperActor pid=1981787)[0m 2026-04-01 22:05:59,728 - piper_actor - DEBUG - exec_recv key (None, 1) from peer pp rank 1
[36m(PiperActor pid=1981787)[0m 2026-04-01 22:05:59,728 - piper_actor - DEBUG - run_dag dispatch (time 11): backward s0 mb1 bkt=0
[36m(PiperActor pid=1981793)[0m 2026-04-01 22:05:59,719 - piper_actor - DEBUG - run_dag dispatch (time 9): recv s3 mb2 bkt=0
[36m(PiperActor pid=1981793)[0m 2026-04-01 22:05:59,720 - piper_actor - DEBUG - exec_recv key ((3, 0), 2) from peer pp rank 0
[36m(PiperActor pid=1981793)[0m 2026-04-01 22:05:59,720 - piper_actor - DEBUG - run_dag dispatch (time 9): send s1 mb3 bkt=0
[36m(PiperActor pid=1981793)[0m 2026-04-01 22:05:59,720 - piper_actor - DEBUG - exec_send key ((1, 0), 3) to peer pp rank 0
[36m(PiperActor pid=1981793)[0m 2026-04-01 22:05:59,721 - piper_actor - DEBUG - run_dag dispatch (time 10): forward s3 mb2 bkt=0
[36m(PiperActor pid=1981793)[0m 2026-04-01 22:05:59,736 - piper_actor - DEBUG - run_dag dispatch (time 10): send s1 mb1 bkt=0
[36m(PiperActor pid=1981793)[0m 2026-04-01 22:05:59,736 - piper_actor - DEBUG - exec_send key (None, 1) to peer pp rank 0
[36m(PiperActor pid=1981793)[0m 2026-04-01 22:05:59,737 - piper_actor - DEBUG - run_dag dispatch (time 11): backward s3 mb2 bkt=0
[36m(PiperActor pid=1981800)[0m 2026-04-01 22:05:59,709 - piper_actor - DEBUG - run_dag dispatch (time 9): send s2 mb2 bkt=0
[36m(PiperActor pid=1981800)[0m 2026-04-01 22:05:59,710 - piper_actor - DEBUG - exec_send key ((2, 0), 2) to peer pp rank 1
[36m(PiperActor pid=1981800)[0m 2026-04-01 22:05:59,710 - piper_actor - DEBUG - run_dag dispatch (time 9): recv s2 mb3 bkt=0
[36m(PiperActor pid=1981800)[0m 2026-04-01 22:05:59,710 - piper_actor - DEBUG - exec_recv key ((2, 0), 3) from peer pp rank 1
[36m(PiperActor pid=1981800)[0m 2026-04-01 22:05:59,711 - piper_actor - DEBUG - run_dag dispatch (time 10): forward s2 mb3 bkt=0
[36m(PiperActor pid=1981800)[0m 2026-04-01 22:05:59,728 - piper_actor - DEBUG - run_dag dispatch (time 10): recv s0 mb1 bkt=0
[36m(PiperActor pid=1981800)[0m 2026-04-01 22:05:59,728 - piper_actor - DEBUG - exec_recv key (None, 1) from peer pp rank 1
[36m(PiperActor pid=1981800)[0m 2026-04-01 22:05:59,729 - piper_actor - DEBUG - run_dag dispatch (time 11): backward s0 mb1 bkt=0
[36m(PiperActor pid=1981795)[0m 2026-04-01 22:05:59,719 - piper_actor - DEBUG - run_dag dispatch (time 9): recv s3 mb2 bkt=0
[36m(PiperActor pid=1981795)[0m 2026-04-01 22:05:59,719 - piper_actor - DEBUG - exec_recv key ((3, 0), 2) from peer pp rank 0
[36m(PiperActor pid=1981795)[0m 2026-04-01 22:05:59,720 - piper_actor - DEBUG - run_dag dispatch (time 9): send s1 mb3 bkt=0
[36m(PiperActor pid=1981795)[0m 2026-04-01 22:05:59,720 - piper_actor - DEBUG - exec_send key ((1, 0), 3) to peer pp rank 0
[36m(PiperActor pid=1981795)[0m 2026-04-01 22:05:59,720 - piper_actor - DEBUG - run_dag dispatch (time 10): forward s3 mb2 bkt=0
[36m(PiperActor pid=1981795)[0m 2026-04-01 22:05:59,736 - piper_actor - DEBUG - run_dag dispatch (time 10): send s1 mb1 bkt=0
[36m(PiperActor pid=1981795)[0m 2026-04-01 22:05:59,736 - piper_actor - DEBUG - exec_send key (None, 1) to peer pp rank 0
[36m(PiperActor pid=1981795)[0m 2026-04-01 22:05:59,736 - piper_actor - DEBUG - run_dag dispatch (time 11): backward s3 mb2 bkt=0
[36m(PiperActor pid=1981787)[0m 2026-04-01 22:05:59,765 - piper_actor - DEBUG - run_dag dispatch (time 11): send s2 mb3 bkt=0
[36m(PiperActor pid=1981787)[0m 2026-04-01 22:05:59,765 - piper_actor - DEBUG - exec_send key ((2, 0), 3) to peer pp rank 1
[36m(PiperActor pid=1981787)[0m 2026-04-01 22:05:59,766 - piper_actor - DEBUG - run_dag dispatch (time 11): recv s2 mb2 bkt=0
[36m(PiperActor pid=1981787)[0m 2026-04-01 22:05:59,766 - piper_actor - DEBUG - exec_recv key (None, 2) from peer pp rank 1
[36m(PiperActor pid=1981787)[0m 2026-04-01 22:05:59,766 - piper_actor - DEBUG - run_dag dispatch (time 12): backward s2 mb2 bkt=0
[36m(PiperActor pid=1981793)[0m 2026-04-01 22:05:59,767 - piper_actor - DEBUG - run_dag dispatch (time 11): recv s3 mb3 bkt=0
[36m(PiperActor pid=1981793)[0m 2026-04-01 22:05:59,768 - piper_actor - DEBUG - exec_recv key ((3, 0), 3) from peer pp rank 0
[36m(PiperActor pid=1981793)[0m 2026-04-01 22:05:59,768 - piper_actor - DEBUG - run_dag dispatch (time 12): forward s3 mb3 bkt=0
[36m(PiperActor pid=1981800)[0m 2026-04-01 22:05:59,766 - piper_actor - DEBUG - run_dag dispatch (time 11): send s2 mb3 bkt=0
[36m(PiperActor pid=1981800)[0m 2026-04-01 22:05:59,767 - piper_actor - DEBUG - exec_send key ((2, 0), 3) to peer pp rank 1
[36m(PiperActor pid=1981800)[0m 2026-04-01 22:05:59,767 - piper_actor - DEBUG - run_dag dispatch (time 11): recv s2 mb2 bkt=0
[36m(PiperActor pid=1981800)[0m 2026-04-01 22:05:59,767 - piper_actor - DEBUG - exec_recv key (None, 2) from peer pp rank 1
[36m(PiperActor pid=1981800)[0m 2026-04-01 22:05:59,768 - piper_actor - DEBUG - run_dag dispatch (time 12): backward s2 mb2 bkt=0
[36m(PiperActor pid=1981795)[0m 2026-04-01 22:05:59,767 - piper_actor - DEBUG - run_dag dispatch (time 11): recv s3 mb3 bkt=0
[36m(PiperActor pid=1981795)[0m 2026-04-01 22:05:59,767 - piper_actor - DEBUG - exec_recv key ((3, 0), 3) from peer pp rank 0
[36m(PiperActor pid=1981795)[0m 2026-04-01 22:05:59,768 - piper_actor - DEBUG - run_dag dispatch (time 12): forward s3 mb3 bkt=0
[36m(PiperActor pid=1981787)[0m 2026-04-01 22:05:59,801 - piper_actor - DEBUG - run_dag dispatch (time 12): recv s2 mb3 bkt=0
[36m(PiperActor pid=1981787)[0m 2026-04-01 22:05:59,801 - piper_actor - DEBUG - exec_recv key (None, 3) from peer pp rank 1
[36m(PiperActor pid=1981787)[0m 2026-04-01 22:05:59,802 - piper_actor - DEBUG - run_dag dispatch (time 13): backward s2 mb3 bkt=0
[36m(PiperActor pid=1981793)[0m 2026-04-01 22:05:59,809 - piper_actor - DEBUG - run_dag dispatch (time 12): send s3 mb2 bkt=0
[36m(PiperActor pid=1981793)[0m 2026-04-01 22:05:59,810 - piper_actor - DEBUG - exec_send key (None, 2) to peer pp rank 0
[36m(PiperActor pid=1981793)[0m 2026-04-01 22:05:59,810 - piper_actor - DEBUG - run_dag dispatch (time 13): backward s3 mb3 bkt=0
[36m(PiperActor pid=1981800)[0m 2026-04-01 22:05:59,803 - piper_actor - DEBUG - run_dag dispatch (time 12): recv s2 mb3 bkt=0
[36m(PiperActor pid=1981800)[0m 2026-04-01 22:05:59,803 - piper_actor - DEBUG - exec_recv key (None, 3) from peer pp rank 1
[36m(PiperActor pid=1981800)[0m 2026-04-01 22:05:59,804 - piper_actor - DEBUG - run_dag dispatch (time 13): backward s2 mb3 bkt=0
[36m(PiperActor pid=1981795)[0m 2026-04-01 22:05:59,809 - piper_actor - DEBUG - run_dag dispatch (time 12): send s3 mb2 bkt=0
[36m(PiperActor pid=1981795)[0m 2026-04-01 22:05:59,809 - piper_actor - DEBUG - exec_send key (None, 2) to peer pp rank 0
[36m(PiperActor pid=1981795)[0m 2026-04-01 22:05:59,810 - piper_actor - DEBUG - run_dag dispatch (time 13): backward s3 mb3 bkt=0
[36m(PiperActor pid=1981793)[0m 2026-04-01 22:05:59,841 - piper_actor - DEBUG - run_dag dispatch (time 13): recv s1 mb2 bkt=0
[36m(PiperActor pid=1981793)[0m 2026-04-01 22:05:59,841 - piper_actor - DEBUG - exec_recv key (None, 2) from peer pp rank 0
[36m(PiperActor pid=1981793)[0m 2026-04-01 22:05:59,842 - piper_actor - DEBUG - run_dag dispatch (time 14): backward s1 mb2 bkt=0
[36m(PiperActor pid=1981795)[0m 2026-04-01 22:05:59,841 - piper_actor - DEBUG - run_dag dispatch (time 13): recv s1 mb2 bkt=0
[36m(PiperActor pid=1981795)[0m 2026-04-01 22:05:59,841 - piper_actor - DEBUG - exec_recv key (None, 2) from peer pp rank 0
[36m(PiperActor pid=1981795)[0m 2026-04-01 22:05:59,841 - piper_actor - DEBUG - run_dag dispatch (time 14): backward s1 mb2 bkt=0
[36m(PiperActor pid=1981787)[0m 2026-04-01 22:05:59,857 - piper_actor - DEBUG - run_dag dispatch (time 13): send s2 mb2 bkt=0
[36m(PiperActor pid=1981787)[0m 2026-04-01 22:05:59,858 - piper_actor - DEBUG - exec_send key (None, 2) to peer pp rank 1
[36m(PiperActor pid=1981787)[0m 2026-04-01 22:05:59,858 - piper_actor - DEBUG - run_dag dispatch (time 13): recv s0 mb2 bkt=0
[36m(PiperActor pid=1981787)[0m 2026-04-01 22:05:59,858 - piper_actor - DEBUG - exec_recv key (None, 2) from peer pp rank 1
[36m(PiperActor pid=1981787)[0m 2026-04-01 22:05:59,859 - piper_actor - DEBUG - run_dag dispatch (time 14): backward s0 mb2 bkt=0
[36m(PiperActor pid=1981800)[0m 2026-04-01 22:05:59,858 - piper_actor - DEBUG - run_dag dispatch (time 13): send s2 mb2 bkt=0
[36m(PiperActor pid=1981800)[0m 2026-04-01 22:05:59,859 - piper_actor - DEBUG - exec_send key (None, 2) to peer pp rank 1
[36m(PiperActor pid=1981800)[0m 2026-04-01 22:05:59,860 - piper_actor - DEBUG - run_dag dispatch (time 13): recv s0 mb2 bkt=0
[36m(PiperActor pid=1981800)[0m 2026-04-01 22:05:59,860 - piper_actor - DEBUG - exec_recv key (None, 2) from peer pp rank 1
[36m(PiperActor pid=1981800)[0m 2026-04-01 22:05:59,860 - piper_actor - DEBUG - run_dag dispatch (time 14): backward s0 mb2 bkt=0
[36m(PiperActor pid=1981793)[0m 2026-04-01 22:05:59,899 - piper_actor - DEBUG - run_dag dispatch (time 14): recv s1 mb3 bkt=0
[36m(PiperActor pid=1981793)[0m 2026-04-01 22:05:59,900 - piper_actor - DEBUG - exec_recv key (None, 3) from peer pp rank 0
[36m(PiperActor pid=1981793)[0m 2026-04-01 22:05:59,900 - piper_actor - DEBUG - run_dag dispatch (time 14): send s3 mb3 bkt=0
[36m(PiperActor pid=1981793)[0m 2026-04-01 22:05:59,900 - piper_actor - DEBUG - exec_send key (None, 3) to peer pp rank 0
[36m(PiperActor pid=1981793)[0m 2026-04-01 22:05:59,901 - piper_actor - DEBUG - run_dag dispatch (time 14): all_reduce s3 mb3 bkt=0
[36m(PiperActor pid=1981793)[0m 2026-04-01 22:05:59,901 - piper_actor - DEBUG - run_dag dispatch (time 15): backward s1 mb3 bkt=0
[36m(PiperActor pid=1981795)[0m 2026-04-01 22:05:59,899 - piper_actor - DEBUG - run_dag dispatch (time 14): recv s1 mb3 bkt=0
[36m(PiperActor pid=1981795)[0m 2026-04-01 22:05:59,900 - piper_actor - DEBUG - exec_recv key (None, 3) from peer pp rank 0
[36m(PiperActor pid=1981795)[0m 2026-04-01 22:05:59,900 - piper_actor - DEBUG - run_dag dispatch (time 14): send s3 mb3 bkt=0
[36m(PiperActor pid=1981795)[0m 2026-04-01 22:05:59,900 - piper_actor - DEBUG - exec_send key (None, 3) to peer pp rank 0
[36m(PiperActor pid=1981795)[0m 2026-04-01 22:05:59,901 - piper_actor - DEBUG - run_dag dispatch (time 14): all_reduce s3 mb3 bkt=0
[36m(PiperActor pid=1981795)[0m 2026-04-01 22:05:59,901 - piper_actor - DEBUG - run_dag dispatch (time 15): backward s1 mb3 bkt=0
[36m(PiperActor pid=1981795)[0m 2026-04-01 22:05:59,938 - piper_actor - DEBUG - run_dag dispatch (time 15): send s1 mb2 bkt=0
[36m(PiperActor pid=1981795)[0m 2026-04-01 22:05:59,938 - piper_actor - DEBUG - exec_send key (None, 2) to peer pp rank 0
[36m(PiperActor pid=1981795)[0m 2026-04-01 22:05:59,939 - piper_actor - DEBUG - run_dag dispatch (time 16): update s1 mb3 bkt=0
[36m(PiperActor pid=1981787)[0m 2026-04-01 22:05:59,937 - piper_actor - DEBUG - run_dag dispatch (time 14): send s2 mb3 bkt=0
[36m(PiperActor pid=1981787)[0m 2026-04-01 22:05:59,938 - piper_actor - DEBUG - exec_send key (None, 3) to peer pp rank 1
[36m(PiperActor pid=1981787)[0m 2026-04-01 22:05:59,938 - piper_actor - DEBUG - run_dag dispatch (time 14): recv s0 mb3 bkt=0
[36m(PiperActor pid=1981787)[0m 2026-04-01 22:05:59,938 - piper_actor - DEBUG - exec_recv key (None, 3) from peer pp rank 1
[36m(PiperActor pid=1981787)[0m 2026-04-01 22:05:59,939 - piper_actor - DEBUG - run_dag dispatch (time 14): all_reduce s2 mb3 bkt=0
[36m(PiperActor pid=1981787)[0m 2026-04-01 22:05:59,939 - piper_actor - DEBUG - run_dag dispatch (time 15): backward s0 mb3 bkt=0
[36m(PiperActor pid=1981793)[0m 2026-04-01 22:05:59,938 - piper_actor - DEBUG - run_dag dispatch (time 15): send s1 mb2 bkt=0
[36m(PiperActor pid=1981793)[0m 2026-04-01 22:05:59,938 - piper_actor - DEBUG - exec_send key (None, 2) to peer pp rank 0
[36m(PiperActor pid=1981793)[0m 2026-04-01 22:05:59,939 - piper_actor - DEBUG - run_dag dispatch (time 16): update s1 mb3 bkt=0
[36m(PiperActor pid=1981800)[0m 2026-04-01 22:05:59,938 - piper_actor - DEBUG - run_dag dispatch (time 14): send s2 mb3 bkt=0
[36m(PiperActor pid=1981800)[0m 2026-04-01 22:05:59,939 - piper_actor - DEBUG - exec_send key (None, 3) to peer pp rank 1
[36m(PiperActor pid=1981800)[0m 2026-04-01 22:05:59,940 - piper_actor - DEBUG - run_dag dispatch (time 14): recv s0 mb3 bkt=0
[36m(PiperActor pid=1981800)[0m 2026-04-01 22:05:59,940 - piper_actor - DEBUG - exec_recv key (None, 3) from peer pp rank 1
[36m(PiperActor pid=1981800)[0m 2026-04-01 22:05:59,940 - piper_actor - DEBUG - run_dag dispatch (time 14): all_reduce s2 mb3 bkt=0
[36m(PiperActor pid=1981800)[0m 2026-04-01 22:05:59,941 - piper_actor - DEBUG - run_dag dispatch (time 15): backward s0 mb3 bkt=0
[36m(PiperActor pid=1981787)[0m 2026-04-01 22:05:59,978 - piper_actor - DEBUG - run_dag dispatch (time 16): update s0 mb3 bkt=0
[36m(PiperActor pid=1981793)[0m 2026-04-01 22:05:59,995 - piper_actor - DEBUG - run_dag dispatch (time 16): send s1 mb3 bkt=0
[36m(PiperActor pid=1981793)[0m 2026-04-01 22:05:59,995 - piper_actor - DEBUG - exec_send key (None, 3) to peer pp rank 0
[36m(PiperActor pid=1981793)[0m 2026-04-01 22:05:59,995 - piper_actor - DEBUG - run_dag dispatch (time 16): all_reduce s1 mb3 bkt=0
[36m(PiperActor pid=1981800)[0m 2026-04-01 22:05:59,980 - piper_actor - DEBUG - run_dag dispatch (time 16): update s0 mb3 bkt=0
[36m(PiperActor pid=1981795)[0m 2026-04-01 22:05:59,994 - piper_actor - DEBUG - run_dag dispatch (time 16): send s1 mb3 bkt=0
[36m(PiperActor pid=1981795)[0m 2026-04-01 22:05:59,995 - piper_actor - DEBUG - exec_send key (None, 3) to peer pp rank 0
[36m(PiperActor pid=1981795)[0m 2026-04-01 22:05:59,995 - piper_actor - DEBUG - run_dag dispatch (time 16): all_reduce s1 mb3 bkt=0
[36m(PiperActor pid=1981787)[0m 2026-04-01 22:06:00,038 - piper_actor - DEBUG - run_dag dispatch (time 16): all_reduce s0 mb3 bkt=0
[36m(PiperActor pid=1981800)[0m 2026-04-01 22:06:00,037 - piper_actor - DEBUG - run_dag dispatch (time 16): all_reduce s0 mb3 bkt=0
[36m(PiperActor pid=1981787)[0m 2026-04-01 22:06:01,054 - piper_actor - DEBUG - run_dag dispatch (time -20001): all_gather s2 mb0 bkt=0
[36m(PiperActor pid=1981787)[0m 2026-04-01 22:06:01,055 - piper_actor - DEBUG - run_dag dispatch (time -20000): all_gather s0 mb0 bkt=0
[36m(PiperActor pid=1981787)[0m 2026-04-01 22:06:01,055 - piper_actor - DEBUG - run_dag dispatch (time 0): forward s0 mb0 bkt=0
[36m(PiperActor pid=1981787)[0m 2026-04-01 22:06:01,067 - piper_actor - DEBUG - run_dag dispatch (time 1): forward s0 mb1 bkt=0
[36m(PiperActor pid=1981787)[0m 2026-04-01 22:06:01,078 - piper_actor - DEBUG - run_dag dispatch (time 1): send s0 mb0 bkt=0
[36m(PiperActor pid=1981787)[0m 2026-04-01 22:06:01,078 - piper_actor - DEBUG - exec_send key ((0, 0), 0) to peer pp rank 1
[36m(PiperActor pid=1981787)[0m 2026-04-01 22:06:01,078 - piper_actor - DEBUG - run_dag dispatch (time 1): recv s2 mb0 bkt=0
[36m(PiperActor pid=1981787)[0m 2026-04-01 22:06:01,078 - piper_actor - DEBUG - exec_recv key ((2, 0), 0) from peer pp rank 1
[36m(PiperActor pid=1981787)[0m 2026-04-01 22:06:01,079 - piper_actor - DEBUG - run_dag dispatch (time 2): forward s2 mb0 bkt=0
[36m(PiperActor pid=1981787)[0m 2026-04-01 22:06:01,089 - piper_actor - DEBUG - run_dag dispatch (time 2): send s0 mb1 bkt=0
[36m(PiperActor pid=1981787)[0m 2026-04-01 22:06:01,090 - piper_actor - DEBUG - exec_send key ((0, 0), 1) to peer pp rank 1
[36m(PiperActor pid=1981787)[0m 2026-04-01 22:06:01,090 - piper_actor - DEBUG - run_dag dispatch (time 2): recv s2 mb1 bkt=0
[36m(PiperActor pid=1981787)[0m 2026-04-01 22:06:01,090 - piper_actor - DEBUG - exec_recv key ((2, 0), 1) from peer pp rank 1
[36m(PiperActor pid=1981787)[0m 2026-04-01 22:06:01,090 - piper_actor - DEBUG - run_dag dispatch (time 3): forward s2 mb1 bkt=0
[36m(PiperActor pid=1981787)[0m 2026-04-01 22:06:01,101 - piper_actor - DEBUG - run_dag dispatch (time 3): send s2 mb0 bkt=0
[36m(PiperActor pid=1981787)[0m 2026-04-01 22:06:01,101 - piper_actor - DEBUG - exec_send key ((2, 0), 0) to peer pp rank 1
[36m(PiperActor pid=1981787)[0m 2026-04-01 22:06:01,101 - piper_actor - DEBUG - run_dag dispatch (time 4): forward s0 mb2 bkt=0
[36m(PiperActor pid=1981793)[0m 2026-04-01 22:06:01,054 - piper_actor - DEBUG - run_dag dispatch (time -20001): all_gather s3 mb0 bkt=0
[36m(PiperActor pid=1981793)[0m 2026-04-01 22:06:01,055 - piper_actor - DEBUG - run_dag dispatch (time -20000): all_gather s1 mb0 bkt=0
[36m(PiperActor pid=1981793)[0m 2026-04-01 22:06:01,055 - piper_actor - DEBUG - run_dag dispatch (time -1): recv s1 mb0 bkt=0
[36m(PiperActor pid=1981793)[0m 2026-04-01 22:06:01,055 - piper_actor - DEBUG - exec_recv key ((1, 0), 0) from peer pp rank 0
[36m(PiperActor pid=1981793)[0m 2026-04-01 22:06:01,056 - piper_actor - DEBUG - run_dag dispatch (time 0): forward s1 mb0 bkt=0
[36m(PiperActor pid=1981793)[0m 2026-04-01 22:06:01,067 - piper_actor - DEBUG - run_dag dispatch (time 0): recv s1 mb1 bkt=0
[36m(PiperActor pid=1981793)[0m 2026-04-01 22:06:01,067 - piper_actor - DEBUG - exec_recv key ((1, 0), 1) from peer pp rank 0
[36m(PiperActor pid=1981793)[0m 2026-04-01 22:06:01,068 - piper_actor - DEBUG - run_dag dispatch (time 1): forward s1 mb1 bkt=0
[36m(PiperActor pid=1981793)[0m 2026-04-01 22:06:01,078 - piper_actor - DEBUG - run_dag dispatch (time 1): recv s3 mb0 bkt=0
[36m(PiperActor pid=1981793)[0m 2026-04-01 22:06:01,079 - piper_actor - DEBUG - exec_recv key ((3, 0), 0) from peer pp rank 0
[36m(PiperActor pid=1981793)[0m 2026-04-01 22:06:01,079 - piper_actor - DEBUG - run_dag dispatch (time 1): send s1 mb0 bkt=0
[36m(PiperActor pid=1981793)[0m 2026-04-01 22:06:01,079 - piper_actor - DEBUG - exec_send key ((1, 0), 0) to peer pp rank 0
[36m(PiperActor pid=1981793)[0m 2026-04-01 22:06:01,079 - piper_actor - DEBUG - run_dag dispatch (time 2): forward s3 mb0 bkt=0
[36m(PiperActor pid=1981793)[0m 2026-04-01 22:06:01,090 - piper_actor - DEBUG - run_dag dispatch (time 2): send s1 mb1 bkt=0
[36m(PiperActor pid=1981793)[0m 2026-04-01 22:06:01,090 - piper_actor - DEBUG - exec_send key ((1, 0), 1) to peer pp rank 0
[36m(PiperActor pid=1981793)[0m 2026-04-01 22:06:01,091 - piper_actor - DEBUG - run_dag dispatch (time 3): backward s3 mb0 bkt=0
[36m(PiperActor pid=1981800)[0m 2026-04-01 22:06:01,056 - piper_actor - DEBUG - run_dag dispatch (time -20001): all_gather s2 mb0 bkt=0
[36m(PiperActor pid=1981800)[0m 2026-04-01 22:06:01,057 - piper_actor - DEBUG - run_dag dispatch (time -20000): all_gather s0 mb0 bkt=0
[36m(PiperActor pid=1981800)[0m 2026-04-01 22:06:01,057 - piper_actor - DEBUG - run_dag dispatch (time 0): forward s0 mb0 bkt=0
[36m(PiperActor pid=1981800)[0m 2026-04-01 22:06:01,069 - piper_actor - DEBUG - run_dag dispatch (time 1): forward s0 mb1 bkt=0
[36m(PiperActor pid=1981800)[0m 2026-04-01 22:06:01,080 - piper_actor - DEBUG - run_dag dispatch (time 1): send s0 mb0 bkt=0
[36m(PiperActor pid=1981800)[0m 2026-04-01 22:06:01,080 - piper_actor - DEBUG - exec_send key ((0, 0), 0) to peer pp rank 1
[36m(PiperActor pid=1981800)[0m 2026-04-01 22:06:01,081 - piper_actor - DEBUG - run_dag dispatch (time 1): recv s2 mb0 bkt=0
[36m(PiperActor pid=1981800)[0m 2026-04-01 22:06:01,081 - piper_actor - DEBUG - exec_recv key ((2, 0), 0) from peer pp rank 1
[36m(PiperActor pid=1981800)[0m 2026-04-01 22:06:01,081 - piper_actor - DEBUG - run_dag dispatch (time 2): forward s2 mb0 bkt=0
[36m(PiperActor pid=1981800)[0m 2026-04-01 22:06:01,092 - piper_actor - DEBUG - run_dag dispatch (time 2): send s0 mb1 bkt=0
[36m(PiperActor pid=1981800)[0m 2026-04-01 22:06:01,092 - piper_actor - DEBUG - exec_send key ((0, 0), 1) to peer pp rank 1
[36m(PiperActor pid=1981800)[0m 2026-04-01 22:06:01,092 - piper_actor - DEBUG - run_dag dispatch (time 2): recv s2 mb1 bkt=0
[36m(PiperActor pid=1981800)[0m 2026-04-01 22:06:01,092 - piper_actor - DEBUG - exec_recv key ((2, 0), 1) from peer pp rank 1
[36m(PiperActor pid=1981800)[0m 2026-04-01 22:06:01,093 - piper_actor - DEBUG - run_dag dispatch (time 3): forward s2 mb1 bkt=0
[36m(PiperActor pid=1981800)[0m 2026-04-01 22:06:01,103 - piper_actor - DEBUG - run_dag dispatch (time 3): send s2 mb0 bkt=0
[36m(PiperActor pid=1981800)[0m 2026-04-01 22:06:01,104 - piper_actor - DEBUG - exec_send key ((2, 0), 0) to peer pp rank 1
[36m(PiperActor pid=1981795)[0m 2026-04-01 22:06:01,055 - piper_actor - DEBUG - run_dag dispatch (time -20001): all_gather s3 mb0 bkt=0
[36m(PiperActor pid=1981795)[0m 2026-04-01 22:06:01,055 - piper_actor - DEBUG - run_dag dispatch (time -20000): all_gather s1 mb0 bkt=0
[36m(PiperActor pid=1981795)[0m 2026-04-01 22:06:01,056 - piper_actor - DEBUG - run_dag dispatch (time -1): recv s1 mb0 bkt=0
[36m(PiperActor pid=1981795)[0m 2026-04-01 22:06:01,056 - piper_actor - DEBUG - exec_recv key ((1, 0), 0) from peer pp rank 0
[36m(PiperActor pid=1981795)[0m 2026-04-01 22:06:01,056 - piper_actor - DEBUG - run_dag dispatch (time 0): forward s1 mb0 bkt=0
[36m(PiperActor pid=1981795)[0m 2026-04-01 22:06:01,067 - piper_actor - DEBUG - run_dag dispatch (time 0): recv s1 mb1 bkt=0
[36m(PiperActor pid=1981795)[0m 2026-04-01 22:06:01,067 - piper_actor - DEBUG - exec_recv key ((1, 0), 1) from peer pp rank 0
[36m(PiperActor pid=1981795)[0m 2026-04-01 22:06:01,068 - piper_actor - DEBUG - run_dag dispatch (time 1): forward s1 mb1 bkt=0
[36m(PiperActor pid=1981795)[0m 2026-04-01 22:06:01,078 - piper_actor - DEBUG - run_dag dispatch (time 1): recv s3 mb0 bkt=0
[36m(PiperActor pid=1981795)[0m 2026-04-01 22:06:01,079 - piper_actor - DEBUG - exec_recv key ((3, 0), 0) from peer pp rank 0
[36m(PiperActor pid=1981795)[0m 2026-04-01 22:06:01,079 - piper_actor - DEBUG - run_dag dispatch (time 1): send s1 mb0 bkt=0
[36m(PiperActor pid=1981795)[0m 2026-04-01 22:06:01,079 - piper_actor - DEBUG - exec_send key ((1, 0), 0) to peer pp rank 0
[36m(PiperActor pid=1981795)[0m 2026-04-01 22:06:01,079 - piper_actor - DEBUG - run_dag dispatch (time 2): forward s3 mb0 bkt=0
[36m(PiperActor pid=1981795)[0m 2026-04-01 22:06:01,090 - piper_actor - DEBUG - run_dag dispatch (time 2): send s1 mb1 bkt=0
[36m(PiperActor pid=1981795)[0m 2026-04-01 22:06:01,090 - piper_actor - DEBUG - exec_send key ((1, 0), 1) to peer pp rank 0
[36m(PiperActor pid=1981795)[0m 2026-04-01 22:06:01,090 - piper_actor - DEBUG - run_dag dispatch (time 3): backward s3 mb0 bkt=0
[36m(PiperActor pid=1981787)[0m 2026-04-01 22:06:01,112 - piper_actor - DEBUG - run_dag dispatch (time 4): send s2 mb1 bkt=0
[36m(PiperActor pid=1981787)[0m 2026-04-01 22:06:01,112 - piper_actor - DEBUG - exec_send key ((2, 0), 1) to peer pp rank 1
[36m(PiperActor pid=1981787)[0m 2026-04-01 22:06:01,112 - piper_actor - DEBUG - run_dag dispatch (time 4): recv s2 mb0 bkt=0
[36m(PiperActor pid=1981787)[0m 2026-04-01 22:06:01,112 - piper_actor - DEBUG - exec_recv key (None, 0) from peer pp rank 1
[36m(PiperActor pid=1981787)[0m 2026-04-01 22:06:01,113 - piper_actor - DEBUG - run_dag dispatch (time 5): backward s2 mb0 bkt=0
[36m(PiperActor pid=1981787)[0m 2026-04-01 22:06:01,139 - piper_actor - DEBUG - run_dag dispatch (time 5): send s0 mb2 bkt=0
[36m(PiperActor pid=1981787)[0m 2026-04-01 22:06:01,140 - piper_actor - DEBUG - exec_send key ((0, 0), 2) to peer pp rank 1
[36m(PiperActor pid=1981787)[0m 2026-04-01 22:06:01,140 - piper_actor - DEBUG - run_dag dispatch (time 6): forward s0 mb3 bkt=0
[36m(PiperActor pid=1981793)[0m 2026-04-01 22:06:01,122 - piper_actor - DEBUG - run_dag dispatch (time 3): recv s3 mb1 bkt=0
[36m(PiperActor pid=1981793)[0m 2026-04-01 22:06:01,122 - piper_actor - DEBUG - exec_recv key ((3, 0), 1) from peer pp rank 0
[36m(PiperActor pid=1981793)[0m 2026-04-01 22:06:01,123 - piper_actor - DEBUG - run_dag dispatch (time 4): forward s3 mb1 bkt=0
[36m(PiperActor pid=1981800)[0m 2026-04-01 22:06:01,104 - piper_actor - DEBUG - run_dag dispatch (time 4): forward s0 mb2 bkt=0
[36m(PiperActor pid=1981800)[0m 2026-04-01 22:06:01,118 - piper_actor - DEBUG - run_dag dispatch (time 4): send s2 mb1 bkt=0
[36m(PiperActor pid=1981800)[0m 2026-04-01 22:06:01,119 - piper_actor - DEBUG - exec_send key ((2, 0), 1) to peer pp rank 1
[36m(PiperActor pid=1981800)[0m 2026-04-01 22:06:01,120 - piper_actor - DEBUG - run_dag dispatch (time 4): recv s2 mb0 bkt=0
[36m(PiperActor pid=1981800)[0m 2026-04-01 22:06:01,120 - piper_actor - DEBUG - exec_recv key (None, 0) from peer pp rank 1
[36m(PiperActor pid=1981800)[0m 2026-04-01 22:06:01,121 - piper_actor - DEBUG - run_dag dispatch (time 5): backward s2 mb0 bkt=0
[36m(PiperActor pid=1981795)[0m 2026-04-01 22:06:01,124 - piper_actor - DEBUG - run_dag dispatch (time 3): recv s3 mb1 bkt=0
[36m(PiperActor pid=1981795)[0m 2026-04-01 22:06:01,125 - piper_actor - DEBUG - exec_recv key ((3, 0), 1) from peer pp rank 0
[36m(PiperActor pid=1981795)[0m 2026-04-01 22:06:01,125 - piper_actor - DEBUG - run_dag dispatch (time 4): forward s3 mb1 bkt=0
[36m(PiperActor pid=1981793)[0m 2026-04-01 22:06:01,164 - piper_actor - DEBUG - run_dag dispatch (time 4): send s3 mb0 bkt=0
[36m(PiperActor pid=1981793)[0m 2026-04-01 22:06:01,164 - piper_actor - DEBUG - exec_send key (None, 0) to peer pp rank 0
[36m(PiperActor pid=1981793)[0m 2026-04-01 22:06:01,165 - piper_actor - DEBUG - run_dag dispatch (time 5): backward s3 mb1 bkt=0
[36m(PiperActor pid=1981800)[0m 2026-04-01 22:06:01,147 - piper_actor - DEBUG - run_dag dispatch (time 5): send s0 mb2 bkt=0
[36m(PiperActor pid=1981800)[0m 2026-04-01 22:06:01,147 - piper_actor - DEBUG - exec_send key ((0, 0), 2) to peer pp rank 1
[36m(PiperActor pid=1981800)[0m 2026-04-01 22:06:01,148 - piper_actor - DEBUG - run_dag dispatch (time 6): forward s0 mb3 bkt=0
[36m(PiperActor pid=1981795)[0m 2026-04-01 22:06:01,166 - piper_actor - DEBUG - run_dag dispatch (time 4): send s3 mb0 bkt=0
[36m(PiperActor pid=1981795)[0m 2026-04-01 22:06:01,166 - piper_actor - DEBUG - exec_send key (None, 0) to peer pp rank 0
[36m(PiperActor pid=1981795)[0m 2026-04-01 22:06:01,167 - piper_actor - DEBUG - run_dag dispatch (time 5): backward s3 mb1 bkt=0
[36m(PiperActor pid=1981787)[0m 2026-04-01 22:06:01,193 - piper_actor - DEBUG - run_dag dispatch (time 6): send s2 mb0 bkt=0
[36m(PiperActor pid=1981787)[0m 2026-04-01 22:06:01,194 - piper_actor - DEBUG - exec_send key (None, 0) to peer pp rank 1
[36m(PiperActor pid=1981787)[0m 2026-04-01 22:06:01,194 - piper_actor - DEBUG - run_dag dispatch (time 6): recv s2 mb1 bkt=0
[36m(PiperActor pid=1981787)[0m 2026-04-01 22:06:01,194 - piper_actor - DEBUG - exec_recv key (None, 1) from peer pp rank 1
[36m(PiperActor pid=1981787)[0m 2026-04-01 22:06:01,195 - piper_actor - DEBUG - run_dag dispatch (time 7): backward s2 mb1 bkt=0
[36m(PiperActor pid=1981793)[0m 2026-04-01 22:06:01,195 - piper_actor - DEBUG - run_dag dispatch (time 5): recv s1 mb2 bkt=0
[36m(PiperActor pid=1981793)[0m 2026-04-01 22:06:01,196 - piper_actor - DEBUG - exec_recv key ((1, 0), 2) from peer pp rank 0
[36m(PiperActor pid=1981793)[0m 2026-04-01 22:06:01,196 - piper_actor - DEBUG - run_dag dispatch (time 6): forward s1 mb2 bkt=0
[36m(PiperActor pid=1981800)[0m 2026-04-01 22:06:01,196 - piper_actor - DEBUG - run_dag dispatch (time 6): send s2 mb0 bkt=0
[36m(PiperActor pid=1981800)[0m 2026-04-01 22:06:01,196 - piper_actor - DEBUG - exec_send key (None, 0) to peer pp rank 1
[36m(PiperActor pid=1981800)[0m 2026-04-01 22:06:01,197 - piper_actor - DEBUG - run_dag dispatch (time 6): recv s2 mb1 bkt=0
[36m(PiperActor pid=1981800)[0m 2026-04-01 22:06:01,197 - piper_actor - DEBUG - exec_recv key (None, 1) from peer pp rank 1
[36m(PiperActor pid=1981800)[0m 2026-04-01 22:06:01,197 - piper_actor - DEBUG - run_dag dispatch (time 7): backward s2 mb1 bkt=0
[36m(PiperActor pid=1981795)[0m 2026-04-01 22:06:01,198 - piper_actor - DEBUG - run_dag dispatch (time 5): recv s1 mb2 bkt=0
[36m(PiperActor pid=1981795)[0m 2026-04-01 22:06:01,198 - piper_actor - DEBUG - exec_recv key ((1, 0), 2) from peer pp rank 0
[36m(PiperActor pid=1981795)[0m 2026-04-01 22:06:01,198 - piper_actor - DEBUG - run_dag dispatch (time 6): forward s1 mb2 bkt=0
[36m(PiperActor pid=1981787)[0m 2026-04-01 22:06:01,229 - piper_actor - DEBUG - run_dag dispatch (time 7): send s0 mb3 bkt=0
[36m(PiperActor pid=1981787)[0m 2026-04-01 22:06:01,230 - piper_actor - DEBUG - exec_send key ((0, 0), 3) to peer pp rank 1
[36m(PiperActor pid=1981787)[0m 2026-04-01 22:06:01,230 - piper_actor - DEBUG - run_dag dispatch (time 7): recv s2 mb2 bkt=0
[36m(PiperActor pid=1981787)[0m 2026-04-01 22:06:01,230 - piper_actor - DEBUG - exec_recv key ((2, 0), 2) from peer pp rank 1
[36m(PiperActor pid=1981787)[0m 2026-04-01 22:06:01,231 - piper_actor - DEBUG - run_dag dispatch (time 8): forward s2 mb2 bkt=0
[36m(PiperActor pid=1981787)[0m 2026-04-01 22:06:01,266 - piper_actor - DEBUG - run_dag dispatch (time 8): send s2 mb1 bkt=0
[36m(PiperActor pid=1981787)[0m 2026-04-01 22:06:01,266 - piper_actor - DEBUG - exec_send key (None, 1) to peer pp rank 1
[36m(PiperActor pid=1981787)[0m 2026-04-01 22:06:01,266 - piper_actor - DEBUG - run_dag dispatch (time 8): recv s0 mb0 bkt=0
[36m(PiperActor pid=1981787)[0m 2026-04-01 22:06:01,266 - piper_actor - DEBUG - exec_recv key (None, 0) from peer pp rank 1
[36m(PiperActor pid=1981787)[0m 2026-04-01 22:06:01,267 - piper_actor - DEBUG - run_dag dispatch (time 9): backward s0 mb0 bkt=0
[36m(PiperActor pid=1981793)[0m 2026-04-01 22:06:01,235 - piper_actor - DEBUG - run_dag dispatch (time 6): recv s1 mb0 bkt=0
[36m(PiperActor pid=1981793)[0m 2026-04-01 22:06:01,235 - piper_actor - DEBUG - exec_recv key (None, 0) from peer pp rank 0
[36m(PiperActor pid=1981793)[0m 2026-04-01 22:06:01,235 - piper_actor - DEBUG - run_dag dispatch (time 6): send s3 mb1 bkt=0
[36m(PiperActor pid=1981793)[0m 2026-04-01 22:06:01,236 - piper_actor - DEBUG - exec_send key (None, 1) to peer pp rank 0
[36m(PiperActor pid=1981793)[0m 2026-04-01 22:06:01,236 - piper_actor - DEBUG - run_dag dispatch (time 7): backward s1 mb0 bkt=0
[36m(PiperActor pid=1981793)[0m 2026-04-01 22:06:01,265 - piper_actor - DEBUG - run_dag dispatch (time 7): recv s1 mb3 bkt=0
[36m(PiperActor pid=1981793)[0m 2026-04-01 22:06:01,265 - piper_actor - DEBUG - exec_recv key ((1, 0), 3) from peer pp rank 0
[36m(PiperActor pid=1981793)[0m 2026-04-01 22:06:01,266 - piper_actor - DEBUG - run_dag dispatch (time 7): send s1 mb2 bkt=0
[36m(PiperActor pid=1981793)[0m 2026-04-01 22:06:01,266 - piper_actor - DEBUG - exec_send key ((1, 0), 2) to peer pp rank 0
[36m(PiperActor pid=1981793)[0m 2026-04-01 22:06:01,266 - piper_actor - DEBUG - run_dag dispatch (time 8): forward s1 mb3 bkt=0
[36m(PiperActor pid=1981800)[0m 2026-04-01 22:06:01,233 - piper_actor - DEBUG - run_dag dispatch (time 7): send s0 mb3 bkt=0
[36m(PiperActor pid=1981800)[0m 2026-04-01 22:06:01,233 - piper_actor - DEBUG - exec_send key ((0, 0), 3) to peer pp rank 1
[36m(PiperActor pid=1981800)[0m 2026-04-01 22:06:01,234 - piper_actor - DEBUG - run_dag dispatch (time 7): recv s2 mb2 bkt=0
[36m(PiperActor pid=1981800)[0m 2026-04-01 22:06:01,234 - piper_actor - DEBUG - exec_recv key ((2, 0), 2) from peer pp rank 1
[36m(PiperActor pid=1981800)[0m 2026-04-01 22:06:01,234 - piper_actor - DEBUG - run_dag dispatch (time 8): forward s2 mb2 bkt=0
[36m(PiperActor pid=1981800)[0m 2026-04-01 22:06:01,268 - piper_actor - DEBUG - run_dag dispatch (time 8): send s2 mb1 bkt=0
[36m(PiperActor pid=1981800)[0m 2026-04-01 22:06:01,268 - piper_actor - DEBUG - exec_send key (None, 1) to peer pp rank 1
[36m(PiperActor pid=1981800)[0m 2026-04-01 22:06:01,268 - piper_actor - DEBUG - run_dag dispatch (time 8): recv s0 mb0 bkt=0
[36m(PiperActor pid=1981800)[0m 2026-04-01 22:06:01,269 - piper_actor - DEBUG - exec_recv key (None, 0) from peer pp rank 1
[36m(PiperActor pid=1981800)[0m 2026-04-01 22:06:01,269 - piper_actor - DEBUG - run_dag dispatch (time 9): backward s0 mb0 bkt=0
[36m(PiperActor pid=1981795)[0m 2026-04-01 22:06:01,237 - piper_actor - DEBUG - run_dag dispatch (time 6): recv s1 mb0 bkt=0
[36m(PiperActor pid=1981795)[0m 2026-04-01 22:06:01,238 - piper_actor - DEBUG - exec_recv key (None, 0) from peer pp rank 0
[36m(PiperActor pid=1981795)[0m 2026-04-01 22:06:01,238 - piper_actor - DEBUG - run_dag dispatch (time 6): send s3 mb1 bkt=0
[36m(PiperActor pid=1981795)[0m 2026-04-01 22:06:01,238 - piper_actor - DEBUG - exec_send key (None, 1) to peer pp rank 0
[36m(PiperActor pid=1981795)[0m 2026-04-01 22:06:01,238 - piper_actor - DEBUG - run_dag dispatch (time 7): backward s1 mb0 bkt=0
[36m(PiperActor pid=1981795)[0m 2026-04-01 22:06:01,267 - piper_actor - DEBUG - run_dag dispatch (time 7): recv s1 mb3 bkt=0
[36m(PiperActor pid=1981795)[0m 2026-04-01 22:06:01,268 - piper_actor - DEBUG - exec_recv key ((1, 0), 3) from peer pp rank 0
[36m(PiperActor pid=1981795)[0m 2026-04-01 22:06:01,268 - piper_actor - DEBUG - run_dag dispatch (time 7): send s1 mb2 bkt=0
[36m(PiperActor pid=1981795)[0m 2026-04-01 22:06:01,268 - piper_actor - DEBUG - exec_send key ((1, 0), 2) to peer pp rank 0
[36m(PiperActor pid=1981795)[0m 2026-04-01 22:06:01,268 - piper_actor - DEBUG - run_dag dispatch (time 8): forward s1 mb3 bkt=0
[36m(PiperActor pid=1981787)[0m 2026-04-01 22:06:01,304 - piper_actor - DEBUG - run_dag dispatch (time 9): send s2 mb2 bkt=0
[36m(PiperActor pid=1981787)[0m 2026-04-01 22:06:01,304 - piper_actor - DEBUG - exec_send key ((2, 0), 2) to peer pp rank 1
[36m(PiperActor pid=1981787)[0m 2026-04-01 22:06:01,305 - piper_actor - DEBUG - run_dag dispatch (time 9): recv s2 mb3 bkt=0
[36m(PiperActor pid=1981787)[0m 2026-04-01 22:06:01,305 - piper_actor - DEBUG - exec_recv key ((2, 0), 3) from peer pp rank 1
[36m(PiperActor pid=1981787)[0m 2026-04-01 22:06:01,305 - piper_actor - DEBUG - run_dag dispatch (time 10): forward s2 mb3 bkt=0
[36m(PiperActor pid=1981793)[0m 2026-04-01 22:06:01,281 - piper_actor - DEBUG - run_dag dispatch (time 8): recv s1 mb1 bkt=0
[36m(PiperActor pid=1981793)[0m 2026-04-01 22:06:01,281 - piper_actor - DEBUG - exec_recv key (None, 1) from peer pp rank 0
[36m(PiperActor pid=1981793)[0m 2026-04-01 22:06:01,282 - piper_actor - DEBUG - run_dag dispatch (time 8): send s1 mb0 bkt=0
[36m(PiperActor pid=1981793)[0m 2026-04-01 22:06:01,282 - piper_actor - DEBUG - exec_send key (None, 0) to peer pp rank 0
[36m(PiperActor pid=1981793)[0m 2026-04-01 22:06:01,282 - piper_actor - DEBUG - run_dag dispatch (time 9): backward s1 mb1 bkt=0
[36m(PiperActor pid=1981793)[0m 2026-04-01 22:06:01,315 - piper_actor - DEBUG - run_dag dispatch (time 9): recv s3 mb2 bkt=0
[36m(PiperActor pid=1981793)[0m 2026-04-01 22:06:01,315 - piper_actor - DEBUG - exec_recv key ((3, 0), 2) from peer pp rank 0
[36m(PiperActor pid=1981800)[0m 2026-04-01 22:06:01,307 - piper_actor - DEBUG - run_dag dispatch (time 9): send s2 mb2 bkt=0
[36m(PiperActor pid=1981800)[0m 2026-04-01 22:06:01,308 - piper_actor - DEBUG - exec_send key ((2, 0), 2) to peer pp rank 1
[36m(PiperActor pid=1981800)[0m 2026-04-01 22:06:01,308 - piper_actor - DEBUG - run_dag dispatch (time 9): recv s2 mb3 bkt=0
[36m(PiperActor pid=1981800)[0m 2026-04-01 22:06:01,308 - piper_actor - DEBUG - exec_recv key ((2, 0), 3) from peer pp rank 1
[36m(PiperActor pid=1981800)[0m 2026-04-01 22:06:01,309 - piper_actor - DEBUG - run_dag dispatch (time 10): forward s2 mb3 bkt=0
[36m(PiperActor pid=1981795)[0m 2026-04-01 22:06:01,283 - piper_actor - DEBUG - run_dag dispatch (time 8): recv s1 mb1 bkt=0
[36m(PiperActor pid=1981795)[0m 2026-04-01 22:06:01,283 - piper_actor - DEBUG - exec_recv key (None, 1) from peer pp rank 0
[36m(PiperActor pid=1981795)[0m 2026-04-01 22:06:01,284 - piper_actor - DEBUG - run_dag dispatch (time 8): send s1 mb0 bkt=0
[36m(PiperActor pid=1981795)[0m 2026-04-01 22:06:01,284 - piper_actor - DEBUG - exec_send key (None, 0) to peer pp rank 0
[36m(PiperActor pid=1981795)[0m 2026-04-01 22:06:01,284 - piper_actor - DEBUG - run_dag dispatch (time 9): backward s1 mb1 bkt=0
[36m(PiperActor pid=1981787)[0m 2026-04-01 22:06:01,323 - piper_actor - DEBUG - run_dag dispatch (time 10): recv s0 mb1 bkt=0
[36m(PiperActor pid=1981787)[0m 2026-04-01 22:06:01,323 - piper_actor - DEBUG - exec_recv key (None, 1) from peer pp rank 1
[36m(PiperActor pid=1981787)[0m 2026-04-01 22:06:01,324 - piper_actor - DEBUG - run_dag dispatch (time 11): backward s0 mb1 bkt=0
[36m(PiperActor pid=1981793)[0m 2026-04-01 22:06:01,316 - piper_actor - DEBUG - run_dag dispatch (time 9): send s1 mb3 bkt=0
[36m(PiperActor pid=1981793)[0m 2026-04-01 22:06:01,316 - piper_actor - DEBUG - exec_send key ((1, 0), 3) to peer pp rank 0
[36m(PiperActor pid=1981793)[0m 2026-04-01 22:06:01,316 - piper_actor - DEBUG - run_dag dispatch (time 10): forward s3 mb2 bkt=0
[36m(PiperActor pid=1981793)[0m 2026-04-01 22:06:01,332 - piper_actor - DEBUG - run_dag dispatch (time 10): send s1 mb1 bkt=0
[36m(PiperActor pid=1981793)[0m 2026-04-01 22:06:01,332 - piper_actor - DEBUG - exec_send key (None, 1) to peer pp rank 0
[36m(PiperActor pid=1981793)[0m 2026-04-01 22:06:01,332 - piper_actor - DEBUG - run_dag dispatch (time 11): backward s3 mb2 bkt=0
[36m(PiperActor pid=1981800)[0m 2026-04-01 22:06:01,326 - piper_actor - DEBUG - run_dag dispatch (time 10): recv s0 mb1 bkt=0
[36m(PiperActor pid=1981800)[0m 2026-04-01 22:06:01,326 - piper_actor - DEBUG - exec_recv key (None, 1) from peer pp rank 1
[36m(PiperActor pid=1981800)[0m 2026-04-01 22:06:01,326 - piper_actor - DEBUG - run_dag dispatch (time 11): backward s0 mb1 bkt=0
[36m(PiperActor pid=1981795)[0m 2026-04-01 22:06:01,317 - piper_actor - DEBUG - run_dag dispatch (time 9): recv s3 mb2 bkt=0
[36m(PiperActor pid=1981795)[0m 2026-04-01 22:06:01,317 - piper_actor - DEBUG - exec_recv key ((3, 0), 2) from peer pp rank 0
[36m(PiperActor pid=1981795)[0m 2026-04-01 22:06:01,317 - piper_actor - DEBUG - run_dag dispatch (time 9): send s1 mb3 bkt=0
[36m(PiperActor pid=1981795)[0m 2026-04-01 22:06:01,318 - piper_actor - DEBUG - exec_send key ((1, 0), 3) to peer pp rank 0
[36m(PiperActor pid=1981795)[0m 2026-04-01 22:06:01,318 - piper_actor - DEBUG - run_dag dispatch (time 10): forward s3 mb2 bkt=0
[36m(PiperActor pid=1981795)[0m 2026-04-01 22:06:01,334 - piper_actor - DEBUG - run_dag dispatch (time 10): send s1 mb1 bkt=0
[36m(PiperActor pid=1981795)[0m 2026-04-01 22:06:01,334 - piper_actor - DEBUG - exec_send key (None, 1) to peer pp rank 0
[36m(PiperActor pid=1981795)[0m 2026-04-01 22:06:01,334 - piper_actor - DEBUG - run_dag dispatch (time 11): backward s3 mb2 bkt=0
[36m(PiperActor pid=1981787)[0m 2026-04-01 22:06:01,360 - piper_actor - DEBUG - run_dag dispatch (time 11): send s2 mb3 bkt=0
[36m(PiperActor pid=1981787)[0m 2026-04-01 22:06:01,361 - piper_actor - DEBUG - exec_send key ((2, 0), 3) to peer pp rank 1
[36m(PiperActor pid=1981787)[0m 2026-04-01 22:06:01,361 - piper_actor - DEBUG - run_dag dispatch (time 11): recv s2 mb2 bkt=0
[36m(PiperActor pid=1981787)[0m 2026-04-01 22:06:01,361 - piper_actor - DEBUG - exec_recv key (None, 2) from peer pp rank 1
[36m(PiperActor pid=1981787)[0m 2026-04-01 22:06:01,362 - piper_actor - DEBUG - run_dag dispatch (time 12): backward s2 mb2 bkt=0
[36m(PiperActor pid=1981787)[0m 2026-04-01 22:06:01,397 - piper_actor - DEBUG - run_dag dispatch (time 12): recv s2 mb3 bkt=0
[36m(PiperActor pid=1981787)[0m 2026-04-01 22:06:01,397 - piper_actor - DEBUG - exec_recv key (None, 3) from peer pp rank 1
[36m(PiperActor pid=1981787)[0m 2026-04-01 22:06:01,398 - piper_actor - DEBUG - run_dag dispatch (time 13): backward s2 mb3 bkt=0
[36m(PiperActor pid=1981793)[0m 2026-04-01 22:06:01,363 - piper_actor - DEBUG - run_dag dispatch (time 11): recv s3 mb3 bkt=0
[36m(PiperActor pid=1981793)[0m 2026-04-01 22:06:01,363 - piper_actor - DEBUG - exec_recv key ((3, 0), 3) from peer pp rank 0
[36m(PiperActor pid=1981793)[0m 2026-04-01 22:06:01,364 - piper_actor - DEBUG - run_dag dispatch (time 12): forward s3 mb3 bkt=0
[36m(PiperActor pid=1981800)[0m 2026-04-01 22:06:01,364 - piper_actor - DEBUG - run_dag dispatch (time 11): send s2 mb3 bkt=0
[36m(PiperActor pid=1981800)[0m 2026-04-01 22:06:01,365 - piper_actor - DEBUG - exec_send key ((2, 0), 3) to peer pp rank 1
[36m(PiperActor pid=1981800)[0m 2026-04-01 22:06:01,365 - piper_actor - DEBUG - run_dag dispatch (time 11): recv s2 mb2 bkt=0
[36m(PiperActor pid=1981800)[0m 2026-04-01 22:06:01,365 - piper_actor - DEBUG - exec_recv key (None, 2) from peer pp rank 1
[36m(PiperActor pid=1981800)[0m 2026-04-01 22:06:01,366 - piper_actor - DEBUG - run_dag dispatch (time 12): backward s2 mb2 bkt=0
[36m(PiperActor pid=1981800)[0m 2026-04-01 22:06:01,401 - piper_actor - DEBUG - run_dag dispatch (time 12): recv s2 mb3 bkt=0
[36m(PiperActor pid=1981800)[0m 2026-04-01 22:06:01,401 - piper_actor - DEBUG - exec_recv key (None, 3) from peer pp rank 1
[36m(PiperActor pid=1981795)[0m 2026-04-01 22:06:01,365 - piper_actor - DEBUG - run_dag dispatch (time 11): recv s3 mb3 bkt=0
[36m(PiperActor pid=1981795)[0m 2026-04-01 22:06:01,365 - piper_actor - DEBUG - exec_recv key ((3, 0), 3) from peer pp rank 0
[36m(PiperActor pid=1981795)[0m 2026-04-01 22:06:01,366 - piper_actor - DEBUG - run_dag dispatch (time 12): forward s3 mb3 bkt=0
[36m(PiperActor pid=1981793)[0m 2026-04-01 22:06:01,405 - piper_actor - DEBUG - run_dag dispatch (time 12): send s3 mb2 bkt=0
[36m(PiperActor pid=1981793)[0m 2026-04-01 22:06:01,405 - piper_actor - DEBUG - exec_send key (None, 2) to peer pp rank 0
[36m(PiperActor pid=1981793)[0m 2026-04-01 22:06:01,406 - piper_actor - DEBUG - run_dag dispatch (time 13): backward s3 mb3 bkt=0
[36m(PiperActor pid=1981793)[0m 2026-04-01 22:06:01,436 - piper_actor - DEBUG - run_dag dispatch (time 13): recv s1 mb2 bkt=0
[36m(PiperActor pid=1981793)[0m 2026-04-01 22:06:01,437 - piper_actor - DEBUG - exec_recv key (None, 2) from peer pp rank 0
[36m(PiperActor pid=1981793)[0m 2026-04-01 22:06:01,437 - piper_actor - DEBUG - run_dag dispatch (time 14): backward s1 mb2 bkt=0
[36m(PiperActor pid=1981800)[0m 2026-04-01 22:06:01,402 - piper_actor - DEBUG - run_dag dispatch (time 13): backward s2 mb3 bkt=0
[36m(PiperActor pid=1981795)[0m 2026-04-01 22:06:01,407 - piper_actor - DEBUG - run_dag dispatch (time 12): send s3 mb2 bkt=0
[36m(PiperActor pid=1981795)[0m 2026-04-01 22:06:01,407 - piper_actor - DEBUG - exec_send key (None, 2) to peer pp rank 0
[36m(PiperActor pid=1981795)[0m 2026-04-01 22:06:01,408 - piper_actor - DEBUG - run_dag dispatch (time 13): backward s3 mb3 bkt=0
[36m(PiperActor pid=1981795)[0m 2026-04-01 22:06:01,439 - piper_actor - DEBUG - run_dag dispatch (time 13): recv s1 mb2 bkt=0
[36m(PiperActor pid=1981795)[0m 2026-04-01 22:06:01,439 - piper_actor - DEBUG - exec_recv key (None, 2) from peer pp rank 0
[36m(PiperActor pid=1981795)[0m 2026-04-01 22:06:01,440 - piper_actor - DEBUG - run_dag dispatch (time 14): backward s1 mb2 bkt=0
[36m(PiperActor pid=1981787)[0m 2026-04-01 22:06:01,453 - piper_actor - DEBUG - run_dag dispatch (time 13): send s2 mb2 bkt=0
[36m(PiperActor pid=1981787)[0m 2026-04-01 22:06:01,453 - piper_actor - DEBUG - exec_send key (None, 2) to peer pp rank 1
[36m(PiperActor pid=1981787)[0m 2026-04-01 22:06:01,454 - piper_actor - DEBUG - run_dag dispatch (time 13): recv s0 mb2 bkt=0
[36m(PiperActor pid=1981787)[0m 2026-04-01 22:06:01,454 - piper_actor - DEBUG - exec_recv key (None, 2) from peer pp rank 1
[36m(PiperActor pid=1981787)[0m 2026-04-01 22:06:01,454 - piper_actor - DEBUG - run_dag dispatch (time 14): backward s0 mb2 bkt=0
[36m(PiperActor pid=1981800)[0m 2026-04-01 22:06:01,457 - piper_actor - DEBUG - run_dag dispatch (time 13): send s2 mb2 bkt=0
[36m(PiperActor pid=1981800)[0m 2026-04-01 22:06:01,458 - piper_actor - DEBUG - exec_send key (None, 2) to peer pp rank 1
[36m(PiperActor pid=1981800)[0m 2026-04-01 22:06:01,458 - piper_actor - DEBUG - run_dag dispatch (time 13): recv s0 mb2 bkt=0
[36m(PiperActor pid=1981800)[0m 2026-04-01 22:06:01,458 - piper_actor - DEBUG - exec_recv key (None, 2) from peer pp rank 1
[36m(PiperActor pid=1981800)[0m 2026-04-01 22:06:01,459 - piper_actor - DEBUG - run_dag dispatch (time 14): backward s0 mb2 bkt=0
[36m(PiperActor pid=1981793)[0m 2026-04-01 22:06:01,494 - piper_actor - DEBUG - run_dag dispatch (time 14): recv s1 mb3 bkt=0
[36m(PiperActor pid=1981793)[0m 2026-04-01 22:06:01,495 - piper_actor - DEBUG - exec_recv key (None, 3) from peer pp rank 0
[36m(PiperActor pid=1981793)[0m 2026-04-01 22:06:01,495 - piper_actor - DEBUG - run_dag dispatch (time 14): send s3 mb3 bkt=0
[36m(PiperActor pid=1981793)[0m 2026-04-01 22:06:01,495 - piper_actor - DEBUG - exec_send key (None, 3) to peer pp rank 0
[36m(PiperActor pid=1981793)[0m 2026-04-01 22:06:01,496 - piper_actor - DEBUG - run_dag dispatch (time 14): all_reduce s3 mb3 bkt=0
[36m(PiperActor pid=1981793)[0m 2026-04-01 22:06:01,496 - piper_actor - DEBUG - run_dag dispatch (time 15): backward s1 mb3 bkt=0
[36m(PiperActor pid=1981795)[0m 2026-04-01 22:06:01,497 - piper_actor - DEBUG - run_dag dispatch (time 14): recv s1 mb3 bkt=0
[36m(PiperActor pid=1981795)[0m 2026-04-01 22:06:01,498 - piper_actor - DEBUG - exec_recv key (None, 3) from peer pp rank 0
[36m(PiperActor pid=1981795)[0m 2026-04-01 22:06:01,498 - piper_actor - DEBUG - run_dag dispatch (time 14): send s3 mb3 bkt=0
[36m(PiperActor pid=1981795)[0m 2026-04-01 22:06:01,498 - piper_actor - DEBUG - exec_send key (None, 3) to peer pp rank 0
[36m(PiperActor pid=1981795)[0m 2026-04-01 22:06:01,499 - piper_actor - DEBUG - run_dag dispatch (time 14): all_reduce s3 mb3 bkt=0
[36m(PiperActor pid=1981795)[0m 2026-04-01 22:06:01,499 - piper_actor - DEBUG - run_dag dispatch (time 15): backward s1 mb3 bkt=0
[36m(PiperActor pid=1981787)[0m 2026-04-01 22:06:01,532 - piper_actor - DEBUG - run_dag dispatch (time 14): send s2 mb3 bkt=0
[36m(PiperActor pid=1981787)[0m 2026-04-01 22:06:01,533 - piper_actor - DEBUG - exec_send key (None, 3) to peer pp rank 1
[36m(PiperActor pid=1981787)[0m 2026-04-01 22:06:01,533 - piper_actor - DEBUG - run_dag dispatch (time 14): recv s0 mb3 bkt=0
[36m(PiperActor pid=1981787)[0m 2026-04-01 22:06:01,533 - piper_actor - DEBUG - exec_recv key (None, 3) from peer pp rank 1
[36m(PiperActor pid=1981787)[0m 2026-04-01 22:06:01,534 - piper_actor - DEBUG - run_dag dispatch (time 14): all_reduce s2 mb3 bkt=0
[36m(PiperActor pid=1981787)[0m 2026-04-01 22:06:01,534 - piper_actor - DEBUG - run_dag dispatch (time 15): backward s0 mb3 bkt=0
[36m(PiperActor pid=1981793)[0m 2026-04-01 22:06:01,533 - piper_actor - DEBUG - run_dag dispatch (time 15): send s1 mb2 bkt=0
[36m(PiperActor pid=1981793)[0m 2026-04-01 22:06:01,533 - piper_actor - DEBUG - exec_send key (None, 2) to peer pp rank 0
[36m(PiperActor pid=1981793)[0m 2026-04-01 22:06:01,534 - piper_actor - DEBUG - run_dag dispatch (time 16): update s1 mb3 bkt=0
[36m(PiperActor pid=1981800)[0m 2026-04-01 22:06:01,537 - piper_actor - DEBUG - run_dag dispatch (time 14): send s2 mb3 bkt=0
[36m(PiperActor pid=1981800)[0m 2026-04-01 22:06:01,537 - piper_actor - DEBUG - exec_send key (None, 3) to peer pp rank 1
[36m(PiperActor pid=1981800)[0m 2026-04-01 22:06:01,538 - piper_actor - DEBUG - run_dag dispatch (time 14): recv s0 mb3 bkt=0
[36m(PiperActor pid=1981800)[0m 2026-04-01 22:06:01,538 - piper_actor - DEBUG - exec_recv key (None, 3) from peer pp rank 1
[36m(PiperActor pid=1981800)[0m 2026-04-01 22:06:01,538 - piper_actor - DEBUG - run_dag dispatch (time 14): all_reduce s2 mb3 bkt=0
[36m(PiperActor pid=1981800)[0m 2026-04-01 22:06:01,539 - piper_actor - DEBUG - run_dag dispatch (time 15): backward s0 mb3 bkt=0
[36m(PiperActor pid=1981795)[0m 2026-04-01 22:06:01,535 - piper_actor - DEBUG - run_dag dispatch (time 15): send s1 mb2 bkt=0
[36m(PiperActor pid=1981795)[0m 2026-04-01 22:06:01,536 - piper_actor - DEBUG - exec_send key (None, 2) to peer pp rank 0
[36m(PiperActor pid=1981795)[0m 2026-04-01 22:06:01,536 - piper_actor - DEBUG - run_dag dispatch (time 16): update s1 mb3 bkt=0
[36m(PiperActor pid=1981787)[0m 2026-04-01 22:06:01,574 - piper_actor - DEBUG - run_dag dispatch (time 16): update s0 mb3 bkt=0
[36m(PiperActor pid=1981793)[0m 2026-04-01 22:06:01,589 - piper_actor - DEBUG - run_dag dispatch (time 16): send s1 mb3 bkt=0
[36m(PiperActor pid=1981793)[0m 2026-04-01 22:06:01,589 - piper_actor - DEBUG - exec_send key (None, 3) to peer pp rank 0
[36m(PiperActor pid=1981793)[0m 2026-04-01 22:06:01,590 - piper_actor - DEBUG - run_dag dispatch (time 16): all_reduce s1 mb3 bkt=0
[36m(PiperActor pid=1981800)[0m 2026-04-01 22:06:01,578 - piper_actor - DEBUG - run_dag dispatch (time 16): update s0 mb3 bkt=0
[36m(PiperActor pid=1981795)[0m 2026-04-01 22:06:01,592 - piper_actor - DEBUG - run_dag dispatch (time 16): send s1 mb3 bkt=0
[36m(PiperActor pid=1981795)[0m 2026-04-01 22:06:01,592 - piper_actor - DEBUG - exec_send key (None, 3) to peer pp rank 0
[36m(PiperActor pid=1981795)[0m 2026-04-01 22:06:01,593 - piper_actor - DEBUG - run_dag dispatch (time 16): all_reduce s1 mb3 bkt=0
[36m(PiperActor pid=1981787)[0m 2026-04-01 22:06:01,632 - piper_actor - DEBUG - run_dag dispatch (time 16): all_reduce s0 mb3 bkt=0
[36m(PiperActor pid=1981800)[0m 2026-04-01 22:06:01,634 - piper_actor - DEBUG - run_dag dispatch (time 16): all_reduce s0 mb3 bkt=0
[36m(run_dp_rank pid=1961720)[0m rank 0 all_gather time= 3.401 ± 0.639 ms (6 samples)
[36m(run_dp_rank pid=1961720)[0m rank 0 forward time= 19.575 ± 0.882 ms (24 samples)
[36m(run_dp_rank pid=1961720)[0m rank 0 p2p_send time= 0.168 ± 0.094 ms (36 samples)
[36m(run_dp_rank pid=1961720)[0m rank 0 p2p_recv time= 42.201 ± 23.219 ms (36 samples)
[36m(run_dp_rank pid=1961720)[0m rank 0 backward time= 35.928 ± 2.234 ms (24 samples)
[36m(run_dp_rank pid=1961720)[0m rank 0 all_reduce time= 6.407 ± 1.333 ms (6 samples)
[36m(run_dp_rank pid=1961720)[0m rank 0 backward_sync time= 0.003 ± 0.000 ms (3 samples)
[36m(run_dp_rank pid=1961720)[0m rank 0 optim_step time= 11.957 ± 0.029 ms (3 samples)
[36m(run_dp_rank pid=1961720)[0m rank 1 all_gather time= 3.171 ± 0.796 ms (6 samples)
[36m(run_dp_rank pid=1961720)[0m rank 1 p2p_recv time= 16.387 ± 14.628 ms (36 samples)
[36m(run_dp_rank pid=1961720)[0m rank 1 forward time= 20.830 ± 3.181 ms (24 samples)
[36m(run_dp_rank pid=1961720)[0m rank 1 p2p_send time= 0.237 ± 0.119 ms (36 samples)
[36m(run_dp_rank pid=1961720)[0m rank 1 backward time= 41.669 ± 9.367 ms (24 samples)
[36m(run_dp_rank pid=1961720)[0m rank 1 all_reduce time= 7.550 ± 2.655 ms (6 samples)
[36m(run_dp_rank pid=1961720)[0m rank 1 backward_sync time= 0.003 ± 0.000 ms (3 samples)
[36m(run_dp_rank pid=1961720)[0m rank 1 optim_step time= 11.423 ± 0.024 ms (3 samples)
[36m(run_dp_rank pid=1961769)[0m rank 2 all_gather time= 3.614 ± 0.531 ms (6 samples)
[36m(run_dp_rank pid=1961769)[0m rank 2 forward time= 19.811 ± 1.038 ms (24 samples)
[36m(run_dp_rank pid=1961769)[0m rank 2 p2p_send time= 0.174 ± 0.107 ms (36 samples)
[36m(run_dp_rank pid=1961769)[0m rank 2 p2p_recv time= 41.951 ± 22.937 ms (36 samples)
[36m(run_dp_rank pid=1961769)[0m rank 2 backward time= 36.466 ± 2.449 ms (24 samples)
[36m(run_dp_rank pid=1961769)[0m rank 2 all_reduce time= 6.671 ± 1.800 ms (6 samples)
[36m(run_dp_rank pid=1961769)[0m rank 2 backward_sync time= 0.003 ± 0.000 ms (3 samples)
[36m(run_dp_rank pid=1961769)[0m rank 2 optim_step time= 11.332 ± 0.031 ms (3 samples)
[36m(run_dp_rank pid=1961769)[0m rank 3 all_gather time= 3.603 ± 1.336 ms (6 samples)
[36m(run_dp_rank pid=1961769)[0m rank 3 p2p_recv time= 16.775 ± 14.790 ms (36 samples)
[36m(run_dp_rank pid=1961769)[0m rank 3 forward time= 20.855 ± 3.185 ms (24 samples)
[36m(run_dp_rank pid=1961769)[0m rank 3 p2p_send time= 0.237 ± 0.122 ms (36 samples)
[36m(run_dp_rank pid=1961769)[0m rank 3 backward time= 41.598 ± 9.357 ms (24 samples)
[36m(run_dp_rank pid=1961769)[0m rank 3 all_reduce time= 7.289 ± 2.358 ms (6 samples)
[36m(run_dp_rank pid=1961769)[0m rank 3 backward_sync time= 0.003 ± 0.000 ms (3 samples)
[36m(run_dp_rank pid=1961769)[0m rank 3 optim_step time= 11.161 ± 0.003 ms (3 samples)
