Namespace(model='3b', schedule='interleaved-1f1b', dp=2, pp=2, batch_size=16, mbs=4, seq_len=256, warmup=2, iters=5, trace_iters=3, tracing=True, naive_grad_sync=False, activation_checkpointing=False, bucketing=False, zero_stage=3, nsight=True, no_render_dag=True, no_nvtx=False)
2026-04-01 23:44:20,375	INFO worker.py:2007 -- Started a local Ray instance.
/m-coriander/coriander/wxdeng/conda-envs/piper_ref/lib/python3.10/site-packages/ray/_private/worker.py:2046: FutureWarning: Tip: In future versions of Ray, Ray will no longer override accelerator visible devices env var if num_gpus=0 or num_gpus=None (default). To enable this behavior and turn off this error message, set RAY_ACCEL_ENV_VAR_OVERRIDE_ON_ZERO=0
  warnings.warn(
{'placement_group_id': 'd691a50916a99f4f9962a979de4e01000000', 'name': '', 'bundles': {0: {'GPU': 2.0, 'CPU': 2.0}, 1: {'GPU': 2.0, 'CPU': 2.0}}, 'bundles_to_node_id': {0: 'e718137bb5b8b04cb64d7b8b329f7e4726c4341aa20a84e462e8cfcc', 1: 'e718137bb5b8b04cb64d7b8b329f7e4726c4341aa20a84e462e8cfcc'}, 'strategy': 'PACK', 'state': 'CREATED', 'stats': {'end_to_end_creation_latency_ms': 2.671, 'scheduling_latency_ms': 2.529, 'scheduling_attempt': 1, 'highest_retry_delay_ms': 0.0, 'scheduling_state': 'FINISHED'}}
[36m(run_dp_rank pid=2251954)[0m 2026-04-01 23:44:34,895 - piper_coordinator - DEBUG - Running DP rank 1 of 2 with 10.158.48.71:35775 as master address
[36m(run_dp_rank pid=2251954)[0m Namespace(model='3b', schedule='interleaved-1f1b', dp=2, pp=2, batch_size=16, mbs=4, seq_len=256, warmup=2, iters=5, trace_iters=3, tracing=True, naive_grad_sync=False, activation_checkpointing=False, bucketing=False, zero_stage=3, nsight=True, no_render_dag=True, no_nvtx=False)
[36m(run_dp_rank pid=2251994)[0m 2026-04-01 23:44:35,055 - piper_coordinator - DEBUG - Running DP rank 2 of 2 with 10.158.48.71:35775 as master address
[36m(run_dp_rank pid=2251994)[0m Namespace(model='3b', schedule='interleaved-1f1b', dp=2, pp=2, batch_size=16, mbs=4, seq_len=256, warmup=2, iters=5, trace_iters=3, tracing=True, naive_grad_sync=False, activation_checkpointing=False, bucketing=False, zero_stage=3, nsight=True, no_render_dag=True, no_nvtx=False)
[36m(run_dp_rank pid=2251954)[0m Schedule:
[36m(run_dp_rank pid=2251954)[0m 0:0:f    	0:1:f    	2:0:f    	2:1:f    	 ------ 	0:2:f    	2:0:b    	0:3:f    	2:1:b    	2:2:f    	0:0:b    	2:3:f    	0:1:b    	 ------ 	2:2:b    	2:3:b    	0:2:b    	0:3:b    	
[36m(run_dp_rank pid=2251954)[0m  ------ 	1:0:f    	1:1:f    	3:0:f    	3:0:b    	3:1:f    	3:1:b    	1:2:f    	1:0:b    	1:3:f    	1:1:b    	3:2:f    	3:2:b    	3:3:f    	3:3:b    	1:2:b    	1:3:b    	 ------ 	
[36m(run_dp_rank pid=2251954)[0m 2026-04-01 23:44:38,186 - piper_actor - DEBUG - DP rank 0 created actor Actor(PiperActor, dc15c5cf2ed63209f62776d401000000) global rank 0
[36m(run_dp_rank pid=2251954)[0m 2026-04-01 23:44:38,187 - piper_actor - DEBUG - DP rank 0 created actor Actor(PiperActor, 874b062b2e7f3d8473ced75c01000000) global rank 1
[36m(run_dp_rank pid=2251994)[0m Schedule:
[36m(run_dp_rank pid=2251994)[0m 0:0:f    	0:1:f    	2:0:f    	2:1:f    	 ------ 	0:2:f    	2:0:b    	0:3:f    	2:1:b    	2:2:f    	0:0:b    	2:3:f    	0:1:b    	 ------ 	2:2:b    	2:3:b    	0:2:b    	0:3:b    	
[36m(run_dp_rank pid=2251994)[0m  ------ 	1:0:f    	1:1:f    	3:0:f    	3:0:b    	3:1:f    	3:1:b    	1:2:f    	1:0:b    	1:3:f    	1:1:b    	3:2:f    	3:2:b    	3:3:f    	3:3:b    	1:2:b    	1:3:b    	 ------ 	
[36m(run_dp_rank pid=2251994)[0m 2026-04-01 23:44:38,339 - piper_actor - DEBUG - DP rank 1 created actor Actor(PiperActor, c27e3dc740ed868fe587394701000000) global rank 2
[36m(run_dp_rank pid=2251994)[0m 2026-04-01 23:44:38,340 - piper_actor - DEBUG - DP rank 1 created actor Actor(PiperActor, 92bcf66d48539606b33fbab701000000) global rank 3
[36m(PiperActor pid=2272402)[0m 2026-04-01 23:45:36,367 - piper_actor - DEBUG - Initializing Ray actor 0 GPU 0
[36m(PiperActor pid=2272396)[0m 2026-04-01 23:45:36,473 - piper_actor - DEBUG - Initializing Ray actor 1 GPU 1
[36m(PiperActor pid=2272388)[0m 2026-04-01 23:45:36,534 - piper_actor - DEBUG - Initializing Ray actor 2 GPU 2
[36m(PiperActor pid=2272392)[0m 2026-04-01 23:45:36,886 - piper_actor - DEBUG - Initializing Ray actor 3 GPU 3
[36m(run_dp_rank pid=2251954)[0m 2026-04-01 23:45:40,313 - piper_compile - DEBUG - Master address for process groups: 10.158.48.71:44761
[36m(PiperActor pid=2272402)[0m 2026-04-01 23:45:40,314 - piper_actor - INFO - Actor 0 using GPU 0, master addr 10.158.48.71:44761
[36m(run_dp_rank pid=2251994)[0m 2026-04-01 23:45:40,472 - piper_compile - DEBUG - Master address for process groups: 10.158.48.71:44761
[36m(PiperActor pid=2272396)[0m 2026-04-01 23:45:40,675 - piper_actor - INFO - Actor 1 using GPU 1, master addr 10.158.48.71:44761
[36m(PiperActor pid=2272388)[0m 2026-04-01 23:45:40,859 - piper_actor - INFO - Actor 2 using GPU 2, master addr 10.158.48.71:44761
[36m(PiperActor pid=2272388)[0m 2026-04-01 23:45:41,162 - piper_actor - DEBUG - Actor 2 has GPU 2, joined the global process group
[36m(PiperActor pid=2272388)[0m 2026-04-01 23:45:41,164 - piper_actor - DEBUG - Global rank 2 joined its dp group 0 along with ranks [0, 2]
[36m(PiperActor pid=2272388)[0m 2026-04-01 23:45:41,166 - piper_actor - INFO - Global rank 2 warmed up pp communicators
[36m(PiperActor pid=2272396)[0m 2026-04-01 23:45:41,065 - piper_actor - DEBUG - Actor 1 has GPU 1, joined the global process group
[36m(PiperActor pid=2272396)[0m 2026-04-01 23:45:41,067 - piper_actor - DEBUG - Global rank 1 joined its dp group 1 along with ranks [1, 3]
[36m(PiperActor pid=2272396)[0m 2026-04-01 23:45:41,069 - piper_actor - INFO - Global rank 1 warmed up pp communicators
[36m(PiperActor pid=2272392)[0m 2026-04-01 23:45:41,208 - piper_actor - INFO - Actor 3 using GPU 3, master addr 10.158.48.71:44761
[36m(PiperActor pid=2272402)[0m 2026-04-01 23:45:41,353 - piper_actor - DEBUG - Actor 0 has GPU 0, joined the global process group
[36m(PiperActor pid=2272402)[0m 2026-04-01 23:45:41,355 - piper_actor - DEBUG - Global rank 0 joined its dp group 0 along with ranks [0, 2]
[36m(PiperActor pid=2272402)[0m 2026-04-01 23:45:41,357 - piper_actor - INFO - Global rank 0 warmed up pp communicators
[36m(PiperActor pid=2272392)[0m 2026-04-01 23:45:41,347 - piper_actor - DEBUG - Actor 3 has GPU 3, joined the global process group
[36m(PiperActor pid=2272392)[0m 2026-04-01 23:45:41,349 - piper_actor - DEBUG - Global rank 3 joined its dp group 1 along with ranks [1, 3]
[36m(PiperActor pid=2272392)[0m 2026-04-01 23:45:41,352 - piper_actor - INFO - Global rank 3 warmed up pp communicators
[36m(run_dp_rank pid=2251954)[0m Model size: 3607 M parameters (6.72 GB), dtype: torch.bfloat16
[36m(run_dp_rank pid=2251994)[0m 2026-04-01 23:45:41,481 - piper_compile - INFO - DP rank 1 waiting for dp_rank=0 to finish compiling...
[36m(run_dp_rank pid=2251954)[0m 2026-04-01 23:45:46,048 - piper_backend - DEBUG - Graph has stage annotations: True
[36m(run_dp_rank pid=2251954)[0m 2026-04-01 23:45:46,050 - piper_graph_transform - DEBUG - Found stage nodes in graph
[36m(PiperActor pid=2272402)[0m 2026-04-01 23:45:46,752 - piper_actor - DEBUG - Loading stage 0 (1 module(s)) on actor 0
[36m(PiperActor pid=2272396)[0m 2026-04-01 23:45:47,158 - piper_actor - DEBUG - Loading stage 1 (1 module(s)) on actor 1
[36m(PiperActor pid=2272402)[0m 2026-04-01 23:45:49,646 - piper_actor - DEBUG - Actor 0 imported and initialized Triton kernel modules
[36m(PiperActor pid=2272402)[0m 2026-04-01 23:45:49,647 - piper_actor - DEBUG - Manually registering Triton kernel at index 0 on actor 0...
[36m(PiperActor pid=2272396)[0m 2026-04-01 23:45:50,036 - piper_actor - DEBUG - Actor 1 imported and initialized Triton kernel modules
[36m(PiperActor pid=2272396)[0m 2026-04-01 23:45:50,036 - piper_actor - DEBUG - Manually registering Triton kernel at index 0 on actor 1...
[36m(PiperActor pid=2272402)[0m 2026-04-01 23:45:52,310 - piper_actor - DEBUG - Actor 0 registered kernel at id_to_kernel[0] (copied from index 0)
[36m(PiperActor pid=2272396)[0m 2026-04-01 23:45:52,310 - piper_actor - DEBUG - Actor 1 registered kernel at id_to_kernel[0] (copied from index 0)
[36m(PiperActor pid=2272402)[0m 2026-04-01 23:45:52,360 - piper_actor - DEBUG - _replace_meta_constants: No meta device tensors found to replace! (checked 0 submodules)
[36m(PiperActor pid=2272402)[0m 2026-04-01 23:45:52,360 - piper_actor - DEBUG - Stage 0 module 0 input indices: [1]
[36m(PiperActor pid=2272396)[0m 2026-04-01 23:45:52,360 - piper_actor - DEBUG - _replace_meta_constants: No meta device tensors found to replace! (checked 0 submodules)
[36m(PiperActor pid=2272396)[0m 2026-04-01 23:45:52,360 - piper_actor - DEBUG - Stage 1 module 0 input indices: [0]
[36m(PiperActor pid=2272402)[0m 2026-04-01 23:45:52,465 - piper_actor - DEBUG - Loading stage 2 (1 module(s)) on actor 0
[36m(PiperActor pid=2272402)[0m 2026-04-01 23:45:52,465 - piper_actor - DEBUG - Actor 0 imported and initialized Triton kernel modules
[36m(PiperActor pid=2272402)[0m 2026-04-01 23:45:52,466 - piper_actor - DEBUG - Manually registering Triton kernel at index 0 on actor 0...
[36m(PiperActor pid=2272396)[0m 2026-04-01 23:45:52,462 - piper_actor - DEBUG - Loading stage 3 (1 module(s)) on actor 1
[36m(PiperActor pid=2272396)[0m 2026-04-01 23:45:52,463 - piper_actor - DEBUG - Actor 1 imported and initialized Triton kernel modules
[36m(PiperActor pid=2272396)[0m 2026-04-01 23:45:52,463 - piper_actor - DEBUG - Manually registering Triton kernel at index 0 on actor 1...
[36m(PiperActor pid=2272402)[0m 2026-04-01 23:45:52,648 - piper_actor - DEBUG - Actor 0 registered kernel at id_to_kernel[0] (copied from index 0)
[36m(PiperActor pid=2272402)[0m 2026-04-01 23:45:52,696 - piper_actor - DEBUG - _replace_meta_constants: No meta device tensors found to replace! (checked 0 submodules)
[36m(PiperActor pid=2272402)[0m 2026-04-01 23:45:52,696 - piper_actor - DEBUG - Stage 2 module 0 input indices: [0]
[36m(PiperActor pid=2272396)[0m 2026-04-01 23:45:52,666 - piper_actor - DEBUG - Actor 1 registered kernel at id_to_kernel[0] (copied from index 0)
[36m(PiperActor pid=2272396)[0m 2026-04-01 23:45:52,730 - piper_actor - DEBUG - _replace_meta_constants: No meta device tensors found to replace! (checked 0 submodules)
[36m(PiperActor pid=2272396)[0m 2026-04-01 23:45:52,730 - piper_actor - DEBUG - Stage 3 module 0 input indices: [0]
[36m(run_dp_rank pid=2251954)[0m 2026-04-01 23:45:52,756 - piper_backend - DEBUG - Built task DAG: 34 nodes, 28 data edges, 32 temporal edges
[36m(run_dp_rank pid=2251954)[0m 2026-04-01 23:45:52,757 - piper_backend - DEBUG - Inserted ALL_REDUCE nodes for DP gradient sync
[36m(run_dp_rank pid=2251954)[0m 2026-04-01 23:45:52,757 - piper_backend - DEBUG - Inserted ZeRO-3 collective nodes
[36m(run_dp_rank pid=2251954)[0m 2026-04-01 23:45:52,758 - piper_graph_transform - WARNING - graphviz Python package not installed; skipping DAG visualisation
[36m(run_dp_rank pid=2251954)[0m 2026-04-01 23:45:52,758 - piper_graph_transform - WARNING - graphviz Python package not installed; skipping DAG visualisation
[36m(run_dp_rank pid=2251954)[0m 2026-04-01 23:45:52,761 - piper_backend - DEBUG - Loaded per-rank DAGs onto 2 actors
[36m(run_dp_rank pid=2251954)[0m 2026-04-01 23:45:53,444 - piper_backend - WARNING - Should not directly call compiled module, running non-distributed execution
[36m(run_dp_rank pid=2251954)[0m 2026-04-01 23:45:53,444 - piper_compile - INFO - DP rank 0 stage graphs loaded onto actors.
[36m(run_dp_rank pid=2251954)[0m 2026-04-01 23:45:55,816 - piper_compile - INFO - DP rank 0 published compiled stage data.
[36m(run_dp_rank pid=2251994)[0m 2026-04-01 23:45:55,829 - piper_compile - INFO - DP rank 1 received compiled stage data, loading onto actors...
[36m(PiperActor pid=2272402)[0m 2026-04-01 23:45:55,822 - piper_actor - DEBUG - Actor 0 loaded inputs 1
[36m(PiperActor pid=2272388)[0m 2026-04-01 23:45:55,839 - piper_actor - DEBUG - Loading stage 0 (1 module(s)) on actor 2
[36m(PiperActor pid=2272392)[0m 2026-04-01 23:45:55,839 - piper_actor - DEBUG - Loading stage 1 (1 module(s)) on actor 3
[36m(PiperActor pid=2272388)[0m 2026-04-01 23:45:58,797 - piper_actor - DEBUG - Actor 2 imported and initialized Triton kernel modules
[36m(PiperActor pid=2272388)[0m 2026-04-01 23:45:58,797 - piper_actor - DEBUG - Manually registering Triton kernel at index 0 on actor 2...
[36m(PiperActor pid=2272392)[0m 2026-04-01 23:45:58,850 - piper_actor - DEBUG - Actor 3 imported and initialized Triton kernel modules
[36m(PiperActor pid=2272392)[0m 2026-04-01 23:45:58,851 - piper_actor - DEBUG - Manually registering Triton kernel at index 0 on actor 3...
[36m(PiperActor pid=2272388)[0m 2026-04-01 23:46:00,463 - piper_actor - DEBUG - Actor 2 registered kernel at id_to_kernel[0] (copied from index 0)
[36m(PiperActor pid=2272388)[0m 2026-04-01 23:46:00,517 - piper_actor - DEBUG - _replace_meta_constants: No meta device tensors found to replace! (checked 0 submodules)
[36m(PiperActor pid=2272388)[0m 2026-04-01 23:46:00,517 - piper_actor - DEBUG - Stage 0 module 0 input indices: [1]
[36m(PiperActor pid=2272392)[0m 2026-04-01 23:46:00,525 - piper_actor - DEBUG - Actor 3 registered kernel at id_to_kernel[0] (copied from index 0)
[36m(PiperActor pid=2272388)[0m 2026-04-01 23:46:00,568 - piper_actor - DEBUG - Loading stage 2 (1 module(s)) on actor 2
[36m(PiperActor pid=2272388)[0m 2026-04-01 23:46:00,569 - piper_actor - DEBUG - Actor 2 imported and initialized Triton kernel modules
[36m(PiperActor pid=2272388)[0m 2026-04-01 23:46:00,569 - piper_actor - DEBUG - Manually registering Triton kernel at index 0 on actor 2...
[36m(PiperActor pid=2272392)[0m 2026-04-01 23:46:00,583 - piper_actor - DEBUG - _replace_meta_constants: No meta device tensors found to replace! (checked 0 submodules)
[36m(PiperActor pid=2272392)[0m 2026-04-01 23:46:00,583 - piper_actor - DEBUG - Stage 1 module 0 input indices: [0]
[36m(PiperActor pid=2272388)[0m 2026-04-01 23:46:00,590 - piper_actor - DEBUG - Actor 2 registered kernel at id_to_kernel[0] (copied from index 0)
[36m(PiperActor pid=2272392)[0m 2026-04-01 23:46:00,624 - piper_actor - DEBUG - Loading stage 3 (1 module(s)) on actor 3
[36m(PiperActor pid=2272392)[0m 2026-04-01 23:46:00,624 - piper_actor - DEBUG - Actor 3 imported and initialized Triton kernel modules
[36m(PiperActor pid=2272392)[0m 2026-04-01 23:46:00,624 - piper_actor - DEBUG - Manually registering Triton kernel at index 0 on actor 3...
[36m(run_dp_rank pid=2251954)[0m 2026-04-01 23:46:00,659 - piper_compile - INFO - DP rank 0 real inputs/labels loaded onto actors.
[36m(run_dp_rank pid=2251954)[0m 2026-04-01 23:46:00,660 - piper_compile - INFO - DP rank 0 done.
[36m(run_dp_rank pid=2251954)[0m Running 2 warmup iterations...
[36m(PiperActor pid=2272402)[0m 2026-04-01 23:46:00,666 - piper_actor - DEBUG - run_dag dispatch (time -30001): all_gather s2 mb0 bkt=0
[36m(PiperActor pid=2272388)[0m 2026-04-01 23:46:00,639 - piper_actor - DEBUG - _replace_meta_constants: No meta device tensors found to replace! (checked 0 submodules)
[36m(PiperActor pid=2272388)[0m 2026-04-01 23:46:00,639 - piper_actor - DEBUG - Stage 2 module 0 input indices: [0]
[36m(PiperActor pid=2272396)[0m 2026-04-01 23:46:00,648 - piper_actor - DEBUG - Actor 1 loaded labels torch.Size([16, 256, 128256])
[36m(PiperActor pid=2272396)[0m 2026-04-01 23:46:00,666 - piper_actor - DEBUG - run_dag dispatch (time -30001): all_gather s3 mb0 bkt=0
[36m(PiperActor pid=2272392)[0m 2026-04-01 23:46:00,740 - piper_actor - DEBUG - Actor 3 registered kernel at id_to_kernel[0] (copied from index 0)
[36m(PiperActor pid=2272392)[0m 2026-04-01 23:46:00,790 - piper_actor - DEBUG - _replace_meta_constants: No meta device tensors found to replace! (checked 0 submodules)
[36m(PiperActor pid=2272392)[0m 2026-04-01 23:46:00,790 - piper_actor - DEBUG - Stage 3 module 0 input indices: [0]
[36m(run_dp_rank pid=2251994)[0m 2026-04-01 23:46:01,115 - piper_compile - INFO - DP rank 1 stage graphs and DAGs loaded onto actors.
[36m(PiperActor pid=2272388)[0m 2026-04-01 23:46:01,120 - piper_actor - DEBUG - Actor 2 loaded inputs 1
[36m(run_dp_rank pid=2251994)[0m 2026-04-01 23:46:04,645 - piper_compile - INFO - DP rank 1 real inputs/labels loaded onto actors.
[36m(run_dp_rank pid=2251994)[0m 2026-04-01 23:46:04,645 - piper_compile - INFO - DP rank 1 done.
[36m(run_dp_rank pid=2251994)[0m Running 2 warmup iterations...
[36m(PiperActor pid=2272388)[0m 2026-04-01 23:46:04,651 - piper_actor - DEBUG - run_dag dispatch (time -30001): all_gather s2 mb0 bkt=0
[36m(PiperActor pid=2272392)[0m 2026-04-01 23:46:04,634 - piper_actor - DEBUG - Actor 3 loaded labels torch.Size([16, 256, 128256])
[36m(PiperActor pid=2272392)[0m 2026-04-01 23:46:04,651 - piper_actor - DEBUG - run_dag dispatch (time -30001): all_gather s3 mb0 bkt=0
[36m(PiperActor pid=2272396)[0m 2026-04-01 23:46:10,573 - piper_actor - DEBUG - run_dag dispatch (time -30000): all_gather s1 mb0 bkt=0
[36m(PiperActor pid=2272396)[0m 2026-04-01 23:46:10,574 - piper_actor - DEBUG - run_dag dispatch (time -1): recv s1 mb0 bkt=0
[36m(PiperActor pid=2272396)[0m 2026-04-01 23:46:10,574 - piper_actor - DEBUG - exec_recv key ((1, 0), 0) from peer pp rank 0
[36m(PiperActor pid=2272396)[0m [rank1]:[W401 23:46:10.087124062 ProcessGroupNCCL.cpp:4068] Warning: An unbatched P2P op (send/recv) was called on this ProcessGroup with size 2.  In lazy initialization mode, this will result in a new 2-rank NCCL communicator to be created. (function operator())
[36m(PiperActor pid=2272392)[0m 2026-04-01 23:46:10,573 - piper_actor - DEBUG - run_dag dispatch (time -30000): all_gather s1 mb0 bkt=0
[36m(PiperActor pid=2272392)[0m 2026-04-01 23:46:10,575 - piper_actor - DEBUG - run_dag dispatch (time -1): recv s1 mb0 bkt=0
[36m(PiperActor pid=2272392)[0m 2026-04-01 23:46:10,575 - piper_actor - DEBUG - exec_recv key ((1, 0), 0) from peer pp rank 0
[36m(PiperActor pid=2272392)[0m [rank3]:[W401 23:46:10.088172240 ProcessGroupNCCL.cpp:4068] Warning: An unbatched P2P op (send/recv) was called on this ProcessGroup with size 2.  In lazy initialization mode, this will result in a new 2-rank NCCL communicator to be created. (function operator())
[36m(PiperActor pid=2272402)[0m 2026-04-01 23:46:11,434 - piper_actor - DEBUG - run_dag dispatch (time -30000): all_gather s0 mb0 bkt=0
[36m(PiperActor pid=2272402)[0m 2026-04-01 23:46:11,435 - piper_actor - DEBUG - run_dag dispatch (time 0): forward s0 mb0 bkt=0
[36m(PiperActor pid=2272388)[0m 2026-04-01 23:46:11,434 - piper_actor - DEBUG - run_dag dispatch (time -30000): all_gather s0 mb0 bkt=0
[36m(PiperActor pid=2272388)[0m 2026-04-01 23:46:11,436 - piper_actor - DEBUG - run_dag dispatch (time 0): forward s0 mb0 bkt=0
[36m(PiperActor pid=2272402)[0m 2026-04-01 23:46:11,913 - piper_actor - DEBUG - run_dag dispatch (time 1): forward s0 mb1 bkt=0
[36m(PiperActor pid=2272388)[0m 2026-04-01 23:46:11,913 - piper_actor - DEBUG - run_dag dispatch (time 1): forward s0 mb1 bkt=0
[36m(PiperActor pid=2272402)[0m 2026-04-01 23:46:11,957 - piper_actor - DEBUG - run_dag dispatch (time 1): send s0 mb0 bkt=0
[36m(PiperActor pid=2272402)[0m 2026-04-01 23:46:11,957 - piper_actor - DEBUG - exec_send key ((0, 0), 0) to peer pp rank 1
[36m(PiperActor pid=2272402)[0m [rank0]:[W401 23:46:11.470118306 ProcessGroupNCCL.cpp:4068] Warning: An unbatched P2P op (send/recv) was called on this ProcessGroup with size 2.  In lazy initialization mode, this will result in a new 2-rank NCCL communicator to be created. (function operator())
[36m(PiperActor pid=2272388)[0m 2026-04-01 23:46:11,956 - piper_actor - DEBUG - run_dag dispatch (time 1): send s0 mb0 bkt=0
[36m(PiperActor pid=2272388)[0m 2026-04-01 23:46:11,956 - piper_actor - DEBUG - exec_send key ((0, 0), 0) to peer pp rank 1
[36m(PiperActor pid=2272388)[0m [rank2]:[W401 23:46:11.469586956 ProcessGroupNCCL.cpp:4068] Warning: An unbatched P2P op (send/recv) was called on this ProcessGroup with size 2.  In lazy initialization mode, this will result in a new 2-rank NCCL communicator to be created. (function operator())
[36m(PiperActor pid=2272402)[0m 2026-04-01 23:46:15,521 - piper_actor - DEBUG - run_dag dispatch (time 1): recv s2 mb0 bkt=0
[36m(PiperActor pid=2272402)[0m 2026-04-01 23:46:15,521 - piper_actor - DEBUG - exec_recv key ((2, 0), 0) from peer pp rank 1
[36m(PiperActor pid=2272402)[0m [rank0]:[W401 23:46:15.034221463 ProcessGroupNCCL.cpp:4068] Warning: An unbatched P2P op (send/recv) was called on this ProcessGroup with size 2.  In lazy initialization mode, this will result in a new 2-rank NCCL communicator to be created. (function operator())
[36m(PiperActor pid=2272396)[0m 2026-04-01 23:46:15,525 - piper_actor - DEBUG - run_dag dispatch (time 0): forward s1 mb0 bkt=0
[36m(PiperActor pid=2272388)[0m 2026-04-01 23:46:15,627 - piper_actor - DEBUG - run_dag dispatch (time 1): recv s2 mb0 bkt=0
[36m(PiperActor pid=2272388)[0m 2026-04-01 23:46:15,628 - piper_actor - DEBUG - exec_recv key ((2, 0), 0) from peer pp rank 1
[36m(PiperActor pid=2272388)[0m [rank2]:[W401 23:46:15.140935372 ProcessGroupNCCL.cpp:4068] Warning: An unbatched P2P op (send/recv) was called on this ProcessGroup with size 2.  In lazy initialization mode, this will result in a new 2-rank NCCL communicator to be created. (function operator())
[36m(PiperActor pid=2272392)[0m 2026-04-01 23:46:15,631 - piper_actor - DEBUG - run_dag dispatch (time 0): forward s1 mb0 bkt=0
[36m(PiperActor pid=2272396)[0m 2026-04-01 23:46:15,939 - piper_actor - DEBUG - run_dag dispatch (time 0): recv s1 mb1 bkt=0
[36m(PiperActor pid=2272396)[0m 2026-04-01 23:46:15,940 - piper_actor - DEBUG - exec_recv key ((1, 0), 1) from peer pp rank 0
[36m(PiperActor pid=2272396)[0m 2026-04-01 23:46:15,940 - piper_actor - DEBUG - run_dag dispatch (time 1): forward s1 mb1 bkt=0
[36m(PiperActor pid=2272392)[0m 2026-04-01 23:46:16,387 - piper_actor - DEBUG - run_dag dispatch (time 0): recv s1 mb1 bkt=0
[36m(PiperActor pid=2272392)[0m 2026-04-01 23:46:16,388 - piper_actor - DEBUG - exec_recv key ((1, 0), 1) from peer pp rank 0
[36m(PiperActor pid=2272392)[0m 2026-04-01 23:46:16,389 - piper_actor - DEBUG - run_dag dispatch (time 1): forward s1 mb1 bkt=0
[36m(PiperActor pid=2272396)[0m 2026-04-01 23:46:16,440 - piper_actor - DEBUG - run_dag dispatch (time 1): recv s3 mb0 bkt=0
[36m(PiperActor pid=2272396)[0m 2026-04-01 23:46:16,441 - piper_actor - DEBUG - exec_recv key ((3, 0), 0) from peer pp rank 0
[36m(PiperActor pid=2272396)[0m 2026-04-01 23:46:16,442 - piper_actor - DEBUG - run_dag dispatch (time 1): send s1 mb0 bkt=0
[36m(PiperActor pid=2272396)[0m 2026-04-01 23:46:16,442 - piper_actor - DEBUG - exec_send key ((1, 0), 0) to peer pp rank 0
[36m(PiperActor pid=2272396)[0m [rank1]:[W401 23:46:16.954931688 ProcessGroupNCCL.cpp:4068] Warning: An unbatched P2P op (send/recv) was called on this ProcessGroup with size 2.  In lazy initialization mode, this will result in a new 2-rank NCCL communicator to be created. (function operator())
[36m(PiperActor pid=2272392)[0m 2026-04-01 23:46:16,517 - piper_actor - DEBUG - run_dag dispatch (time 1): recv s3 mb0 bkt=0
[36m(PiperActor pid=2272392)[0m 2026-04-01 23:46:16,517 - piper_actor - DEBUG - exec_recv key ((3, 0), 0) from peer pp rank 0
[36m(PiperActor pid=2272392)[0m 2026-04-01 23:46:16,518 - piper_actor - DEBUG - run_dag dispatch (time 1): send s1 mb0 bkt=0
[36m(PiperActor pid=2272392)[0m 2026-04-01 23:46:16,518 - piper_actor - DEBUG - exec_send key ((1, 0), 0) to peer pp rank 0
[36m(PiperActor pid=2272392)[0m [rank3]:[W401 23:46:16.031299969 ProcessGroupNCCL.cpp:4068] Warning: An unbatched P2P op (send/recv) was called on this ProcessGroup with size 2.  In lazy initialization mode, this will result in a new 2-rank NCCL communicator to be created. (function operator())
[36m(PiperActor pid=2272402)[0m 2026-04-01 23:46:19,816 - piper_actor - DEBUG - run_dag dispatch (time 2): forward s2 mb0 bkt=0
[36m(PiperActor pid=2272396)[0m 2026-04-01 23:46:19,815 - piper_actor - DEBUG - run_dag dispatch (time 2): forward s3 mb0 bkt=0
[36m(PiperActor pid=2272402)[0m 2026-04-01 23:46:20,269 - piper_actor - DEBUG - run_dag dispatch (time 2): send s0 mb1 bkt=0
[36m(PiperActor pid=2272402)[0m 2026-04-01 23:46:20,269 - piper_actor - DEBUG - exec_send key ((0, 0), 1) to peer pp rank 1
[36m(PiperActor pid=2272402)[0m 2026-04-01 23:46:20,270 - piper_actor - DEBUG - run_dag dispatch (time 2): recv s2 mb1 bkt=0
[36m(PiperActor pid=2272402)[0m 2026-04-01 23:46:20,270 - piper_actor - DEBUG - exec_recv key ((2, 0), 1) from peer pp rank 1
[36m(PiperActor pid=2272402)[0m 2026-04-01 23:46:20,270 - piper_actor - DEBUG - run_dag dispatch (time 3): forward s2 mb1 bkt=0
[36m(PiperActor pid=2272388)[0m 2026-04-01 23:46:20,192 - piper_actor - DEBUG - run_dag dispatch (time 2): forward s2 mb0 bkt=0
[36m(PiperActor pid=2272392)[0m 2026-04-01 23:46:20,192 - piper_actor - DEBUG - run_dag dispatch (time 2): forward s3 mb0 bkt=0
[36m(PiperActor pid=2272402)[0m 2026-04-01 23:46:20,407 - piper_actor - DEBUG - run_dag dispatch (time 3): send s2 mb0 bkt=0
[36m(PiperActor pid=2272402)[0m 2026-04-01 23:46:20,407 - piper_actor - DEBUG - exec_send key ((2, 0), 0) to peer pp rank 1
[36m(PiperActor pid=2272402)[0m 2026-04-01 23:46:20,408 - piper_actor - DEBUG - run_dag dispatch (time 4): forward s0 mb2 bkt=0
[36m(PiperActor pid=2272388)[0m 2026-04-01 23:46:20,379 - piper_actor - DEBUG - run_dag dispatch (time 2): send s0 mb1 bkt=0
[36m(PiperActor pid=2272388)[0m 2026-04-01 23:46:20,379 - piper_actor - DEBUG - exec_send key ((0, 0), 1) to peer pp rank 1
[36m(PiperActor pid=2272388)[0m 2026-04-01 23:46:20,380 - piper_actor - DEBUG - run_dag dispatch (time 2): recv s2 mb1 bkt=0
[36m(PiperActor pid=2272388)[0m 2026-04-01 23:46:20,380 - piper_actor - DEBUG - exec_recv key ((2, 0), 1) from peer pp rank 1
[36m(PiperActor pid=2272388)[0m 2026-04-01 23:46:20,380 - piper_actor - DEBUG - run_dag dispatch (time 3): forward s2 mb1 bkt=0
[36m(PiperActor pid=2272396)[0m 2026-04-01 23:46:20,426 - piper_actor - DEBUG - run_dag dispatch (time 2): send s1 mb1 bkt=0
[36m(PiperActor pid=2272396)[0m 2026-04-01 23:46:20,426 - piper_actor - DEBUG - exec_send key ((1, 0), 1) to peer pp rank 0
[36m(PiperActor pid=2272396)[0m 2026-04-01 23:46:20,427 - piper_actor - DEBUG - run_dag dispatch (time 3): backward s3 mb0 bkt=0
[36m(PiperActor pid=2272388)[0m 2026-04-01 23:46:20,546 - piper_actor - DEBUG - run_dag dispatch (time 3): send s2 mb0 bkt=0
[36m(PiperActor pid=2272388)[0m 2026-04-01 23:46:20,546 - piper_actor - DEBUG - exec_send key ((2, 0), 0) to peer pp rank 1
[36m(PiperActor pid=2272388)[0m 2026-04-01 23:46:20,547 - piper_actor - DEBUG - run_dag dispatch (time 4): forward s0 mb2 bkt=0
[36m(PiperActor pid=2272396)[0m 2026-04-01 23:46:20,547 - piper_actor - DEBUG - run_dag dispatch (time 3): recv s3 mb1 bkt=0
[36m(PiperActor pid=2272396)[0m 2026-04-01 23:46:20,548 - piper_actor - DEBUG - exec_recv key ((3, 0), 1) from peer pp rank 0
[36m(PiperActor pid=2272396)[0m 2026-04-01 23:46:20,548 - piper_actor - DEBUG - run_dag dispatch (time 4): forward s3 mb1 bkt=0
[36m(PiperActor pid=2272396)[0m 2026-04-01 23:46:20,559 - piper_actor - DEBUG - run_dag dispatch (time 4): send s3 mb0 bkt=0
[36m(PiperActor pid=2272396)[0m 2026-04-01 23:46:20,559 - piper_actor - DEBUG - exec_send key (None, 0) to peer pp rank 0
[36m(PiperActor pid=2272396)[0m 2026-04-01 23:46:20,560 - piper_actor - DEBUG - run_dag dispatch (time 5): backward s3 mb1 bkt=0
[36m(PiperActor pid=2272392)[0m 2026-04-01 23:46:20,571 - piper_actor - DEBUG - run_dag dispatch (time 2): send s1 mb1 bkt=0
[36m(PiperActor pid=2272392)[0m 2026-04-01 23:46:20,571 - piper_actor - DEBUG - exec_send key ((1, 0), 1) to peer pp rank 0
[36m(PiperActor pid=2272392)[0m 2026-04-01 23:46:20,572 - piper_actor - DEBUG - run_dag dispatch (time 3): backward s3 mb0 bkt=0
[36m(PiperActor pid=2272392)[0m 2026-04-01 23:46:20,691 - piper_actor - DEBUG - run_dag dispatch (time 3): recv s3 mb1 bkt=0
[36m(PiperActor pid=2272392)[0m 2026-04-01 23:46:20,692 - piper_actor - DEBUG - exec_recv key ((3, 0), 1) from peer pp rank 0
[36m(PiperActor pid=2272392)[0m 2026-04-01 23:46:20,692 - piper_actor - DEBUG - run_dag dispatch (time 4): forward s3 mb1 bkt=0
[36m(PiperActor pid=2272392)[0m 2026-04-01 23:46:20,704 - piper_actor - DEBUG - run_dag dispatch (time 4): send s3 mb0 bkt=0
[36m(PiperActor pid=2272392)[0m 2026-04-01 23:46:20,704 - piper_actor - DEBUG - exec_send key (None, 0) to peer pp rank 0
[36m(PiperActor pid=2272392)[0m 2026-04-01 23:46:20,704 - piper_actor - DEBUG - run_dag dispatch (time 5): backward s3 mb1 bkt=0
[36m(PiperActor pid=2272402)[0m 2026-04-01 23:46:20,769 - piper_actor - DEBUG - run_dag dispatch (time 4): send s2 mb1 bkt=0
[36m(PiperActor pid=2272402)[0m 2026-04-01 23:46:20,769 - piper_actor - DEBUG - exec_send key ((2, 0), 1) to peer pp rank 1
[36m(PiperActor pid=2272402)[0m 2026-04-01 23:46:20,770 - piper_actor - DEBUG - run_dag dispatch (time 4): recv s2 mb0 bkt=0
[36m(PiperActor pid=2272402)[0m 2026-04-01 23:46:20,770 - piper_actor - DEBUG - exec_recv key (None, 0) from peer pp rank 1
[36m(PiperActor pid=2272402)[0m 2026-04-01 23:46:20,771 - piper_actor - DEBUG - run_dag dispatch (time 5): backward s2 mb0 bkt=0
[36m(PiperActor pid=2272396)[0m 2026-04-01 23:46:20,774 - piper_actor - DEBUG - run_dag dispatch (time 5): recv s1 mb2 bkt=0
[36m(PiperActor pid=2272396)[0m 2026-04-01 23:46:20,774 - piper_actor - DEBUG - exec_recv key ((1, 0), 2) from peer pp rank 0
[36m(PiperActor pid=2272396)[0m 2026-04-01 23:46:20,775 - piper_actor - DEBUG - run_dag dispatch (time 6): forward s1 mb2 bkt=0
[36m(PiperActor pid=2272396)[0m 2026-04-01 23:46:20,820 - piper_actor - DEBUG - run_dag dispatch (time 6): recv s1 mb0 bkt=0
[36m(PiperActor pid=2272396)[0m 2026-04-01 23:46:20,820 - piper_actor - DEBUG - exec_recv key (None, 0) from peer pp rank 0
[36m(PiperActor pid=2272396)[0m 2026-04-01 23:46:20,821 - piper_actor - DEBUG - run_dag dispatch (time 6): send s3 mb1 bkt=0
[36m(PiperActor pid=2272396)[0m 2026-04-01 23:46:20,821 - piper_actor - DEBUG - exec_send key (None, 1) to peer pp rank 0
[36m(PiperActor pid=2272396)[0m 2026-04-01 23:46:20,821 - piper_actor - DEBUG - run_dag dispatch (time 7): backward s1 mb0 bkt=0
[36m(PiperActor pid=2272402)[0m 2026-04-01 23:46:20,918 - piper_actor - DEBUG - run_dag dispatch (time 5): send s0 mb2 bkt=0
[36m(PiperActor pid=2272402)[0m 2026-04-01 23:46:20,919 - piper_actor - DEBUG - exec_send key ((0, 0), 2) to peer pp rank 1
[36m(PiperActor pid=2272402)[0m 2026-04-01 23:46:20,919 - piper_actor - DEBUG - run_dag dispatch (time 6): forward s0 mb3 bkt=0
[36m(PiperActor pid=2272402)[0m 2026-04-01 23:46:20,931 - piper_actor - DEBUG - run_dag dispatch (time 6): send s2 mb0 bkt=0
[36m(PiperActor pid=2272402)[0m 2026-04-01 23:46:20,931 - piper_actor - DEBUG - exec_send key (None, 0) to peer pp rank 1
[36m(PiperActor pid=2272402)[0m 2026-04-01 23:46:20,931 - piper_actor - DEBUG - run_dag dispatch (time 6): recv s2 mb1 bkt=0
[36m(PiperActor pid=2272402)[0m 2026-04-01 23:46:20,931 - piper_actor - DEBUG - exec_recv key (None, 1) from peer pp rank 1
[36m(PiperActor pid=2272402)[0m 2026-04-01 23:46:20,932 - piper_actor - DEBUG - run_dag dispatch (time 7): backward s2 mb1 bkt=0
[36m(PiperActor pid=2272396)[0m 2026-04-01 23:46:20,922 - piper_actor - DEBUG - run_dag dispatch (time 7): recv s1 mb3 bkt=0
[36m(PiperActor pid=2272396)[0m 2026-04-01 23:46:20,922 - piper_actor - DEBUG - exec_recv key ((1, 0), 3) from peer pp rank 0
[36m(PiperActor pid=2272396)[0m 2026-04-01 23:46:20,923 - piper_actor - DEBUG - run_dag dispatch (time 7): send s1 mb2 bkt=0
[36m(PiperActor pid=2272396)[0m 2026-04-01 23:46:20,923 - piper_actor - DEBUG - exec_send key ((1, 0), 2) to peer pp rank 0
[36m(PiperActor pid=2272396)[0m 2026-04-01 23:46:20,923 - piper_actor - DEBUG - run_dag dispatch (time 8): forward s1 mb3 bkt=0
[36m(PiperActor pid=2272396)[0m 2026-04-01 23:46:20,942 - piper_actor - DEBUG - run_dag dispatch (time 8): recv s1 mb1 bkt=0
[36m(PiperActor pid=2272396)[0m 2026-04-01 23:46:20,942 - piper_actor - DEBUG - exec_recv key (None, 1) from peer pp rank 0
[36m(PiperActor pid=2272396)[0m 2026-04-01 23:46:20,943 - piper_actor - DEBUG - run_dag dispatch (time 8): send s1 mb0 bkt=0
[36m(PiperActor pid=2272396)[0m 2026-04-01 23:46:20,943 - piper_actor - DEBUG - exec_send key (None, 0) to peer pp rank 0
[36m(PiperActor pid=2272396)[0m 2026-04-01 23:46:20,943 - piper_actor - DEBUG - run_dag dispatch (time 9): backward s1 mb1 bkt=0
[36m(PiperActor pid=2272402)[0m 2026-04-01 23:46:20,953 - piper_actor - DEBUG - run_dag dispatch (time 7): send s0 mb3 bkt=0
[36m(PiperActor pid=2272402)[0m 2026-04-01 23:46:20,953 - piper_actor - DEBUG - exec_send key ((0, 0), 3) to peer pp rank 1
[36m(PiperActor pid=2272402)[0m 2026-04-01 23:46:20,954 - piper_actor - DEBUG - run_dag dispatch (time 7): recv s2 mb2 bkt=0
[36m(PiperActor pid=2272402)[0m 2026-04-01 23:46:20,954 - piper_actor - DEBUG - exec_recv key ((2, 0), 2) from peer pp rank 1
[36m(PiperActor pid=2272402)[0m 2026-04-01 23:46:20,954 - piper_actor - DEBUG - run_dag dispatch (time 8): forward s2 mb2 bkt=0
[36m(PiperActor pid=2272402)[0m 2026-04-01 23:46:20,965 - piper_actor - DEBUG - run_dag dispatch (time 8): send s2 mb1 bkt=0
[36m(PiperActor pid=2272402)[0m 2026-04-01 23:46:20,965 - piper_actor - DEBUG - exec_send key (None, 1) to peer pp rank 1
[36m(PiperActor pid=2272402)[0m 2026-04-01 23:46:20,965 - piper_actor - DEBUG - run_dag dispatch (time 8): recv s0 mb0 bkt=0
[36m(PiperActor pid=2272402)[0m 2026-04-01 23:46:20,965 - piper_actor - DEBUG - exec_recv key (None, 0) from peer pp rank 1
[36m(PiperActor pid=2272402)[0m 2026-04-01 23:46:20,966 - piper_actor - DEBUG - run_dag dispatch (time 9): backward s0 mb0 bkt=0
[36m(PiperActor pid=2272396)[0m 2026-04-01 23:46:20,976 - piper_actor - DEBUG - run_dag dispatch (time 9): recv s3 mb2 bkt=0
[36m(PiperActor pid=2272396)[0m 2026-04-01 23:46:20,976 - piper_actor - DEBUG - exec_recv key ((3, 0), 2) from peer pp rank 0
[36m(PiperActor pid=2272396)[0m 2026-04-01 23:46:20,977 - piper_actor - DEBUG - run_dag dispatch (time 9): send s1 mb3 bkt=0
[36m(PiperActor pid=2272396)[0m 2026-04-01 23:46:20,977 - piper_actor - DEBUG - exec_send key ((1, 0), 3) to peer pp rank 0
[36m(PiperActor pid=2272396)[0m 2026-04-01 23:46:20,977 - piper_actor - DEBUG - run_dag dispatch (time 10): forward s3 mb2 bkt=0
[36m(PiperActor pid=2272396)[0m 2026-04-01 23:46:20,997 - piper_actor - DEBUG - run_dag dispatch (time 10): send s1 mb1 bkt=0
[36m(PiperActor pid=2272396)[0m 2026-04-01 23:46:20,997 - piper_actor - DEBUG - exec_send key (None, 1) to peer pp rank 0
[36m(PiperActor pid=2272396)[0m 2026-04-01 23:46:20,997 - piper_actor - DEBUG - run_dag dispatch (time 11): backward s3 mb2 bkt=0
[36m(PiperActor pid=2272402)[0m 2026-04-01 23:46:21,043 - piper_actor - DEBUG - run_dag dispatch (time 9): send s2 mb2 bkt=0
[36m(PiperActor pid=2272402)[0m 2026-04-01 23:46:21,044 - piper_actor - DEBUG - exec_send key ((2, 0), 2) to peer pp rank 1
[36m(PiperActor pid=2272402)[0m 2026-04-01 23:46:21,044 - piper_actor - DEBUG - run_dag dispatch (time 9): recv s2 mb3 bkt=0
[36m(PiperActor pid=2272402)[0m 2026-04-01 23:46:21,044 - piper_actor - DEBUG - exec_recv key ((2, 0), 3) from peer pp rank 1
[36m(PiperActor pid=2272402)[0m 2026-04-01 23:46:21,045 - piper_actor - DEBUG - run_dag dispatch (time 10): forward s2 mb3 bkt=0
[36m(PiperActor pid=2272402)[0m 2026-04-01 23:46:21,055 - piper_actor - DEBUG - run_dag dispatch (time 10): recv s0 mb1 bkt=0
[36m(PiperActor pid=2272402)[0m 2026-04-01 23:46:21,055 - piper_actor - DEBUG - exec_recv key (None, 1) from peer pp rank 1
[36m(PiperActor pid=2272402)[0m 2026-04-01 23:46:21,056 - piper_actor - DEBUG - run_dag dispatch (time 11): backward s0 mb1 bkt=0
[36m(PiperActor pid=2272396)[0m 2026-04-01 23:46:21,048 - piper_actor - DEBUG - run_dag dispatch (time 11): recv s3 mb3 bkt=0
[36m(PiperActor pid=2272396)[0m 2026-04-01 23:46:21,048 - piper_actor - DEBUG - exec_recv key ((3, 0), 3) from peer pp rank 0
[36m(PiperActor pid=2272396)[0m 2026-04-01 23:46:21,048 - piper_actor - DEBUG - run_dag dispatch (time 12): forward s3 mb3 bkt=0
[36m(PiperActor pid=2272402)[0m 2026-04-01 23:46:21,084 - piper_actor - DEBUG - run_dag dispatch (time 11): send s2 mb3 bkt=0
[36m(PiperActor pid=2272402)[0m 2026-04-01 23:46:21,085 - piper_actor - DEBUG - exec_send key ((2, 0), 3) to peer pp rank 1
[36m(PiperActor pid=2272402)[0m 2026-04-01 23:46:21,085 - piper_actor - DEBUG - run_dag dispatch (time 11): recv s2 mb2 bkt=0
[36m(PiperActor pid=2272402)[0m 2026-04-01 23:46:21,085 - piper_actor - DEBUG - exec_recv key (None, 2) from peer pp rank 1
[36m(PiperActor pid=2272402)[0m 2026-04-01 23:46:21,085 - piper_actor - DEBUG - run_dag dispatch (time 12): backward s2 mb2 bkt=0
[36m(PiperActor pid=2272402)[0m 2026-04-01 23:46:21,107 - piper_actor - DEBUG - run_dag dispatch (time 12): recv s2 mb3 bkt=0
[36m(PiperActor pid=2272402)[0m 2026-04-01 23:46:21,107 - piper_actor - DEBUG - exec_recv key (None, 3) from peer pp rank 1
[36m(PiperActor pid=2272402)[0m 2026-04-01 23:46:21,107 - piper_actor - DEBUG - run_dag dispatch (time 13): backward s2 mb3 bkt=0
[36m(PiperActor pid=2272396)[0m 2026-04-01 23:46:21,093 - piper_actor - DEBUG - run_dag dispatch (time 12): send s3 mb2 bkt=0
[36m(PiperActor pid=2272396)[0m 2026-04-01 23:46:21,093 - piper_actor - DEBUG - exec_send key (None, 2) to peer pp rank 0
[36m(PiperActor pid=2272396)[0m 2026-04-01 23:46:21,093 - piper_actor - DEBUG - run_dag dispatch (time 13): backward s3 mb3 bkt=0
[36m(PiperActor pid=2272402)[0m 2026-04-01 23:46:21,140 - piper_actor - DEBUG - run_dag dispatch (time 13): send s2 mb2 bkt=0
[36m(PiperActor pid=2272402)[0m 2026-04-01 23:46:21,140 - piper_actor - DEBUG - exec_send key (None, 2) to peer pp rank 1
[36m(PiperActor pid=2272402)[0m 2026-04-01 23:46:21,141 - piper_actor - DEBUG - run_dag dispatch (time 13): recv s0 mb2 bkt=0
[36m(PiperActor pid=2272402)[0m 2026-04-01 23:46:21,141 - piper_actor - DEBUG - exec_recv key (None, 2) from peer pp rank 1
[36m(PiperActor pid=2272402)[0m 2026-04-01 23:46:21,141 - piper_actor - DEBUG - run_dag dispatch (time 14): backward s0 mb2 bkt=0
[36m(PiperActor pid=2272396)[0m 2026-04-01 23:46:21,123 - piper_actor - DEBUG - run_dag dispatch (time 13): recv s1 mb2 bkt=0
[36m(PiperActor pid=2272396)[0m 2026-04-01 23:46:21,123 - piper_actor - DEBUG - exec_recv key (None, 2) from peer pp rank 0
[36m(PiperActor pid=2272396)[0m 2026-04-01 23:46:21,124 - piper_actor - DEBUG - run_dag dispatch (time 14): backward s1 mb2 bkt=0
[36m(PiperActor pid=2272388)[0m 2026-04-01 23:46:21,162 - piper_actor - DEBUG - run_dag dispatch (time 4): send s2 mb1 bkt=0
[36m(PiperActor pid=2272388)[0m 2026-04-01 23:46:21,162 - piper_actor - DEBUG - exec_send key ((2, 0), 1) to peer pp rank 1
[36m(PiperActor pid=2272388)[0m 2026-04-01 23:46:21,163 - piper_actor - DEBUG - run_dag dispatch (time 4): recv s2 mb0 bkt=0
[36m(PiperActor pid=2272388)[0m 2026-04-01 23:46:21,163 - piper_actor - DEBUG - exec_recv key (None, 0) from peer pp rank 1
[36m(PiperActor pid=2272388)[0m 2026-04-01 23:46:21,163 - piper_actor - DEBUG - run_dag dispatch (time 5): backward s2 mb0 bkt=0
[36m(PiperActor pid=2272396)[0m 2026-04-01 23:46:21,181 - piper_actor - DEBUG - run_dag dispatch (time 14): recv s1 mb3 bkt=0
[36m(PiperActor pid=2272396)[0m 2026-04-01 23:46:21,182 - piper_actor - DEBUG - exec_recv key (None, 3) from peer pp rank 0
[36m(PiperActor pid=2272396)[0m 2026-04-01 23:46:21,182 - piper_actor - DEBUG - run_dag dispatch (time 14): send s3 mb3 bkt=0
[36m(PiperActor pid=2272396)[0m 2026-04-01 23:46:21,182 - piper_actor - DEBUG - exec_send key (None, 3) to peer pp rank 0
[36m(PiperActor pid=2272396)[0m 2026-04-01 23:46:21,183 - piper_actor - DEBUG - run_dag dispatch (time 14): reduce_scatter s3 mb3 bkt=0
[36m(PiperActor pid=2272396)[0m 2026-04-01 23:46:21,183 - piper_actor - DEBUG - run_dag dispatch (time 15): backward s1 mb3 bkt=0
[36m(PiperActor pid=2272392)[0m 2026-04-01 23:46:21,167 - piper_actor - DEBUG - run_dag dispatch (time 5): recv s1 mb2 bkt=0
[36m(PiperActor pid=2272392)[0m 2026-04-01 23:46:21,168 - piper_actor - DEBUG - exec_recv key ((1, 0), 2) from peer pp rank 0
[36m(PiperActor pid=2272392)[0m 2026-04-01 23:46:21,169 - piper_actor - DEBUG - run_dag dispatch (time 6): forward s1 mb2 bkt=0
[36m(PiperActor pid=2272402)[0m 2026-04-01 23:46:21,219 - piper_actor - DEBUG - run_dag dispatch (time 14): send s2 mb3 bkt=0
[36m(PiperActor pid=2272402)[0m 2026-04-01 23:46:21,220 - piper_actor - DEBUG - exec_send key (None, 3) to peer pp rank 1
[36m(PiperActor pid=2272402)[0m 2026-04-01 23:46:21,220 - piper_actor - DEBUG - run_dag dispatch (time 14): recv s0 mb3 bkt=0
[36m(PiperActor pid=2272402)[0m 2026-04-01 23:46:21,220 - piper_actor - DEBUG - exec_recv key (None, 3) from peer pp rank 1
[36m(PiperActor pid=2272402)[0m 2026-04-01 23:46:21,221 - piper_actor - DEBUG - run_dag dispatch (time 14): reduce_scatter s2 mb3 bkt=0
[36m(PiperActor pid=2272402)[0m 2026-04-01 23:46:21,221 - piper_actor - DEBUG - run_dag dispatch (time 15): backward s0 mb3 bkt=0
[36m(PiperActor pid=2272396)[0m 2026-04-01 23:46:21,219 - piper_actor - DEBUG - run_dag dispatch (time 15): send s1 mb2 bkt=0
[36m(PiperActor pid=2272396)[0m 2026-04-01 23:46:21,219 - piper_actor - DEBUG - exec_send key (None, 2) to peer pp rank 0
[36m(PiperActor pid=2272396)[0m 2026-04-01 23:46:21,220 - piper_actor - DEBUG - run_dag dispatch (time 16): update s1 mb3 bkt=0
[36m(PiperActor pid=2272392)[0m 2026-04-01 23:46:21,212 - piper_actor - DEBUG - run_dag dispatch (time 6): recv s1 mb0 bkt=0
[36m(PiperActor pid=2272392)[0m 2026-04-01 23:46:21,213 - piper_actor - DEBUG - exec_recv key (None, 0) from peer pp rank 0
[36m(PiperActor pid=2272392)[0m 2026-04-01 23:46:21,213 - piper_actor - DEBUG - run_dag dispatch (time 6): send s3 mb1 bkt=0
[36m(PiperActor pid=2272392)[0m 2026-04-01 23:46:21,213 - piper_actor - DEBUG - exec_send key (None, 1) to peer pp rank 0
[36m(PiperActor pid=2272392)[0m 2026-04-01 23:46:21,213 - piper_actor - DEBUG - run_dag dispatch (time 7): backward s1 mb0 bkt=0
[36m(PiperActor pid=2272402)[0m 2026-04-01 23:46:21,261 - piper_actor - DEBUG - run_dag dispatch (time 16): update s0 mb3 bkt=0
[36m(PiperActor pid=2272388)[0m 2026-04-01 23:46:21,243 - piper_actor - DEBUG - run_dag dispatch (time 5): send s0 mb2 bkt=0
[36m(PiperActor pid=2272388)[0m 2026-04-01 23:46:21,244 - piper_actor - DEBUG - exec_send key ((0, 0), 2) to peer pp rank 1
[36m(PiperActor pid=2272388)[0m 2026-04-01 23:46:21,244 - piper_actor - DEBUG - run_dag dispatch (time 6): forward s0 mb3 bkt=0
[36m(PiperActor pid=2272388)[0m 2026-04-01 23:46:21,255 - piper_actor - DEBUG - run_dag dispatch (time 6): send s2 mb0 bkt=0
[36m(PiperActor pid=2272388)[0m 2026-04-01 23:46:21,255 - piper_actor - DEBUG - exec_send key (None, 0) to peer pp rank 1
[36m(PiperActor pid=2272388)[0m 2026-04-01 23:46:21,256 - piper_actor - DEBUG - run_dag dispatch (time 6): recv s2 mb1 bkt=0
[36m(PiperActor pid=2272388)[0m 2026-04-01 23:46:21,256 - piper_actor - DEBUG - exec_recv key (None, 1) from peer pp rank 1
[36m(PiperActor pid=2272388)[0m 2026-04-01 23:46:21,256 - piper_actor - DEBUG - run_dag dispatch (time 7): backward s2 mb1 bkt=0
[36m(PiperActor pid=2272392)[0m 2026-04-01 23:46:21,249 - piper_actor - DEBUG - run_dag dispatch (time 7): recv s1 mb3 bkt=0
[36m(PiperActor pid=2272392)[0m 2026-04-01 23:46:21,249 - piper_actor - DEBUG - exec_recv key ((1, 0), 3) from peer pp rank 0
[36m(PiperActor pid=2272392)[0m 2026-04-01 23:46:21,249 - piper_actor - DEBUG - run_dag dispatch (time 7): send s1 mb2 bkt=0
[36m(PiperActor pid=2272392)[0m 2026-04-01 23:46:21,250 - piper_actor - DEBUG - exec_send key ((1, 0), 2) to peer pp rank 0
[36m(PiperActor pid=2272392)[0m 2026-04-01 23:46:21,250 - piper_actor - DEBUG - run_dag dispatch (time 8): forward s1 mb3 bkt=0
[36m(PiperActor pid=2272392)[0m 2026-04-01 23:46:21,269 - piper_actor - DEBUG - run_dag dispatch (time 8): recv s1 mb1 bkt=0
[36m(PiperActor pid=2272392)[0m 2026-04-01 23:46:21,269 - piper_actor - DEBUG - exec_recv key (None, 1) from peer pp rank 0
[36m(PiperActor pid=2272392)[0m 2026-04-01 23:46:21,269 - piper_actor - DEBUG - run_dag dispatch (time 8): send s1 mb0 bkt=0
[36m(PiperActor pid=2272392)[0m 2026-04-01 23:46:21,269 - piper_actor - DEBUG - exec_send key (None, 0) to peer pp rank 0
[36m(PiperActor pid=2272392)[0m 2026-04-01 23:46:21,270 - piper_actor - DEBUG - run_dag dispatch (time 9): backward s1 mb1 bkt=0
[36m(PiperActor pid=2272388)[0m 2026-04-01 23:46:21,277 - piper_actor - DEBUG - run_dag dispatch (time 7): send s0 mb3 bkt=0
[36m(PiperActor pid=2272388)[0m 2026-04-01 23:46:21,278 - piper_actor - DEBUG - exec_send key ((0, 0), 3) to peer pp rank 1
[36m(PiperActor pid=2272388)[0m 2026-04-01 23:46:21,278 - piper_actor - DEBUG - run_dag dispatch (time 7): recv s2 mb2 bkt=0
[36m(PiperActor pid=2272388)[0m 2026-04-01 23:46:21,278 - piper_actor - DEBUG - exec_recv key ((2, 0), 2) from peer pp rank 1
[36m(PiperActor pid=2272388)[0m 2026-04-01 23:46:21,278 - piper_actor - DEBUG - run_dag dispatch (time 8): forward s2 mb2 bkt=0
[36m(PiperActor pid=2272388)[0m 2026-04-01 23:46:21,289 - piper_actor - DEBUG - run_dag dispatch (time 8): send s2 mb1 bkt=0
[36m(PiperActor pid=2272388)[0m 2026-04-01 23:46:21,289 - piper_actor - DEBUG - exec_send key (None, 1) to peer pp rank 1
[36m(PiperActor pid=2272388)[0m 2026-04-01 23:46:21,290 - piper_actor - DEBUG - run_dag dispatch (time 8): recv s0 mb0 bkt=0
[36m(PiperActor pid=2272388)[0m 2026-04-01 23:46:21,290 - piper_actor - DEBUG - exec_recv key (None, 0) from peer pp rank 1
[36m(PiperActor pid=2272388)[0m 2026-04-01 23:46:21,290 - piper_actor - DEBUG - run_dag dispatch (time 9): backward s0 mb0 bkt=0
[36m(PiperActor pid=2272392)[0m 2026-04-01 23:46:21,304 - piper_actor - DEBUG - run_dag dispatch (time 9): recv s3 mb2 bkt=0
[36m(PiperActor pid=2272392)[0m 2026-04-01 23:46:21,304 - piper_actor - DEBUG - exec_recv key ((3, 0), 2) from peer pp rank 0
[36m(PiperActor pid=2272392)[0m 2026-04-01 23:46:21,304 - piper_actor - DEBUG - run_dag dispatch (time 9): send s1 mb3 bkt=0
[36m(PiperActor pid=2272392)[0m 2026-04-01 23:46:21,305 - piper_actor - DEBUG - exec_send key ((1, 0), 3) to peer pp rank 0
[36m(PiperActor pid=2272392)[0m 2026-04-01 23:46:21,305 - piper_actor - DEBUG - run_dag dispatch (time 10): forward s3 mb2 bkt=0
[36m(PiperActor pid=2272392)[0m 2026-04-01 23:46:21,324 - piper_actor - DEBUG - run_dag dispatch (time 10): send s1 mb1 bkt=0
[36m(PiperActor pid=2272392)[0m 2026-04-01 23:46:21,324 - piper_actor - DEBUG - exec_send key (None, 1) to peer pp rank 0
[36m(PiperActor pid=2272392)[0m 2026-04-01 23:46:21,324 - piper_actor - DEBUG - run_dag dispatch (time 11): backward s3 mb2 bkt=0
[36m(PiperActor pid=2272388)[0m 2026-04-01 23:46:21,385 - piper_actor - DEBUG - run_dag dispatch (time 9): send s2 mb2 bkt=0
[36m(PiperActor pid=2272388)[0m 2026-04-01 23:46:21,385 - piper_actor - DEBUG - exec_send key ((2, 0), 2) to peer pp rank 1
[36m(PiperActor pid=2272388)[0m 2026-04-01 23:46:21,385 - piper_actor - DEBUG - run_dag dispatch (time 9): recv s2 mb3 bkt=0
[36m(PiperActor pid=2272388)[0m 2026-04-01 23:46:21,386 - piper_actor - DEBUG - exec_recv key ((2, 0), 3) from peer pp rank 1
[36m(PiperActor pid=2272388)[0m 2026-04-01 23:46:21,386 - piper_actor - DEBUG - run_dag dispatch (time 10): forward s2 mb3 bkt=0
[36m(PiperActor pid=2272392)[0m 2026-04-01 23:46:21,390 - piper_actor - DEBUG - run_dag dispatch (time 11): recv s3 mb3 bkt=0
[36m(PiperActor pid=2272392)[0m 2026-04-01 23:46:21,390 - piper_actor - DEBUG - exec_recv key ((3, 0), 3) from peer pp rank 0
[36m(PiperActor pid=2272392)[0m 2026-04-01 23:46:21,391 - piper_actor - DEBUG - run_dag dispatch (time 12): forward s3 mb3 bkt=0
[36m(PiperActor pid=2272388)[0m 2026-04-01 23:46:21,397 - piper_actor - DEBUG - run_dag dispatch (time 10): recv s0 mb1 bkt=0
[36m(PiperActor pid=2272388)[0m 2026-04-01 23:46:21,397 - piper_actor - DEBUG - exec_recv key (None, 1) from peer pp rank 1
[36m(PiperActor pid=2272388)[0m 2026-04-01 23:46:21,397 - piper_actor - DEBUG - run_dag dispatch (time 11): backward s0 mb1 bkt=0
[36m(PiperActor pid=2272388)[0m 2026-04-01 23:46:21,420 - piper_actor - DEBUG - run_dag dispatch (time 11): send s2 mb3 bkt=0
[36m(PiperActor pid=2272388)[0m 2026-04-01 23:46:21,420 - piper_actor - DEBUG - exec_send key ((2, 0), 3) to peer pp rank 1
[36m(PiperActor pid=2272388)[0m 2026-04-01 23:46:21,420 - piper_actor - DEBUG - run_dag dispatch (time 11): recv s2 mb2 bkt=0
[36m(PiperActor pid=2272388)[0m 2026-04-01 23:46:21,420 - piper_actor - DEBUG - exec_recv key (None, 2) from peer pp rank 1
[36m(PiperActor pid=2272388)[0m 2026-04-01 23:46:21,421 - piper_actor - DEBUG - run_dag dispatch (time 12): backward s2 mb2 bkt=0
[36m(PiperActor pid=2272388)[0m 2026-04-01 23:46:21,442 - piper_actor - DEBUG - run_dag dispatch (time 12): recv s2 mb3 bkt=0
[36m(PiperActor pid=2272388)[0m 2026-04-01 23:46:21,443 - piper_actor - DEBUG - exec_recv key (None, 3) from peer pp rank 1
[36m(PiperActor pid=2272388)[0m 2026-04-01 23:46:21,443 - piper_actor - DEBUG - run_dag dispatch (time 13): backward s2 mb3 bkt=0
[36m(PiperActor pid=2272392)[0m 2026-04-01 23:46:21,433 - piper_actor - DEBUG - run_dag dispatch (time 12): send s3 mb2 bkt=0
[36m(PiperActor pid=2272392)[0m 2026-04-01 23:46:21,433 - piper_actor - DEBUG - exec_send key (None, 2) to peer pp rank 0
[36m(PiperActor pid=2272392)[0m 2026-04-01 23:46:21,433 - piper_actor - DEBUG - run_dag dispatch (time 13): backward s3 mb3 bkt=0
[36m(PiperActor pid=2272392)[0m 2026-04-01 23:46:21,464 - piper_actor - DEBUG - run_dag dispatch (time 13): recv s1 mb2 bkt=0
[36m(PiperActor pid=2272392)[0m 2026-04-01 23:46:21,464 - piper_actor - DEBUG - exec_recv key (None, 2) from peer pp rank 0
[36m(PiperActor pid=2272392)[0m 2026-04-01 23:46:21,464 - piper_actor - DEBUG - run_dag dispatch (time 14): backward s1 mb2 bkt=0
[36m(PiperActor pid=2272388)[0m 2026-04-01 23:46:21,479 - piper_actor - DEBUG - run_dag dispatch (time 13): send s2 mb2 bkt=0
[36m(PiperActor pid=2272388)[0m 2026-04-01 23:46:21,480 - piper_actor - DEBUG - exec_send key (None, 2) to peer pp rank 1
[36m(PiperActor pid=2272388)[0m 2026-04-01 23:46:21,480 - piper_actor - DEBUG - run_dag dispatch (time 13): recv s0 mb2 bkt=0
[36m(PiperActor pid=2272388)[0m 2026-04-01 23:46:21,480 - piper_actor - DEBUG - exec_recv key (None, 2) from peer pp rank 1
[36m(PiperActor pid=2272388)[0m 2026-04-01 23:46:21,481 - piper_actor - DEBUG - run_dag dispatch (time 14): backward s0 mb2 bkt=0
[36m(PiperActor pid=2272392)[0m 2026-04-01 23:46:21,522 - piper_actor - DEBUG - run_dag dispatch (time 14): recv s1 mb3 bkt=0
[36m(PiperActor pid=2272392)[0m 2026-04-01 23:46:21,522 - piper_actor - DEBUG - exec_recv key (None, 3) from peer pp rank 0
[36m(PiperActor pid=2272392)[0m 2026-04-01 23:46:21,523 - piper_actor - DEBUG - run_dag dispatch (time 14): send s3 mb3 bkt=0
[36m(PiperActor pid=2272392)[0m 2026-04-01 23:46:21,523 - piper_actor - DEBUG - exec_send key (None, 3) to peer pp rank 0
[36m(PiperActor pid=2272392)[0m 2026-04-01 23:46:21,523 - piper_actor - DEBUG - run_dag dispatch (time 14): reduce_scatter s3 mb3 bkt=0
[36m(PiperActor pid=2272392)[0m 2026-04-01 23:46:21,524 - piper_actor - DEBUG - run_dag dispatch (time 15): backward s1 mb3 bkt=0
[36m(PiperActor pid=2272388)[0m 2026-04-01 23:46:21,560 - piper_actor - DEBUG - run_dag dispatch (time 14): send s2 mb3 bkt=0
[36m(PiperActor pid=2272388)[0m 2026-04-01 23:46:21,560 - piper_actor - DEBUG - exec_send key (None, 3) to peer pp rank 1
[36m(PiperActor pid=2272388)[0m 2026-04-01 23:46:21,561 - piper_actor - DEBUG - run_dag dispatch (time 14): recv s0 mb3 bkt=0
[36m(PiperActor pid=2272388)[0m 2026-04-01 23:46:21,561 - piper_actor - DEBUG - exec_recv key (None, 3) from peer pp rank 1
[36m(PiperActor pid=2272388)[0m 2026-04-01 23:46:21,561 - piper_actor - DEBUG - run_dag dispatch (time 14): reduce_scatter s2 mb3 bkt=0
[36m(PiperActor pid=2272388)[0m 2026-04-01 23:46:21,562 - piper_actor - DEBUG - run_dag dispatch (time 15): backward s0 mb3 bkt=0
[36m(PiperActor pid=2272392)[0m 2026-04-01 23:46:21,561 - piper_actor - DEBUG - run_dag dispatch (time 15): send s1 mb2 bkt=0
[36m(PiperActor pid=2272392)[0m 2026-04-01 23:46:21,561 - piper_actor - DEBUG - exec_send key (None, 2) to peer pp rank 0
[36m(PiperActor pid=2272392)[0m 2026-04-01 23:46:21,562 - piper_actor - DEBUG - run_dag dispatch (time 16): update s1 mb3 bkt=0
[36m(PiperActor pid=2272388)[0m 2026-04-01 23:46:21,601 - piper_actor - DEBUG - run_dag dispatch (time 16): update s0 mb3 bkt=0
[36m(PiperActor pid=2272396)[0m 2026-04-01 23:46:21,600 - piper_actor - DEBUG - run_dag dispatch (time 16): send s1 mb3 bkt=0
[36m(PiperActor pid=2272396)[0m 2026-04-01 23:46:21,600 - piper_actor - DEBUG - exec_send key (None, 3) to peer pp rank 0
[36m(PiperActor pid=2272396)[0m 2026-04-01 23:46:21,600 - piper_actor - DEBUG - run_dag dispatch (time 16): reduce_scatter s1 mb3 bkt=0
[36m(PiperActor pid=2272392)[0m 2026-04-01 23:46:21,660 - piper_actor - DEBUG - run_dag dispatch (time 16): send s1 mb3 bkt=0
[36m(PiperActor pid=2272392)[0m 2026-04-01 23:46:21,660 - piper_actor - DEBUG - exec_send key (None, 3) to peer pp rank 0
[36m(PiperActor pid=2272392)[0m 2026-04-01 23:46:21,661 - piper_actor - DEBUG - run_dag dispatch (time 16): reduce_scatter s1 mb3 bkt=0
[36m(PiperActor pid=2272402)[0m 2026-04-01 23:46:21,687 - piper_actor - DEBUG - run_dag dispatch (time 16): reduce_scatter s0 mb3 bkt=0
[36m(PiperActor pid=2272388)[0m 2026-04-01 23:46:21,761 - piper_actor - DEBUG - run_dag dispatch (time 16): reduce_scatter s0 mb3 bkt=0
[36m(PiperActor pid=2272402)[0m 2026-04-01 23:46:22,698 - piper_actor - DEBUG - run_dag dispatch (time -30001): all_gather s2 mb0 bkt=0
[36m(PiperActor pid=2272402)[0m 2026-04-01 23:46:22,698 - piper_actor - DEBUG - run_dag dispatch (time -30000): all_gather s0 mb0 bkt=0
[36m(PiperActor pid=2272402)[0m 2026-04-01 23:46:22,699 - piper_actor - DEBUG - run_dag dispatch (time 0): forward s0 mb0 bkt=0
[36m(PiperActor pid=2272402)[0m 2026-04-01 23:46:22,710 - piper_actor - DEBUG - run_dag dispatch (time 1): forward s0 mb1 bkt=0
[36m(PiperActor pid=2272402)[0m 2026-04-01 23:46:22,720 - piper_actor - DEBUG - run_dag dispatch (time 1): send s0 mb0 bkt=0
[36m(PiperActor pid=2272402)[0m 2026-04-01 23:46:22,721 - piper_actor - DEBUG - exec_send key ((0, 0), 0) to peer pp rank 1
[36m(PiperActor pid=2272402)[0m 2026-04-01 23:46:22,721 - piper_actor - DEBUG - run_dag dispatch (time 1): recv s2 mb0 bkt=0
[36m(PiperActor pid=2272402)[0m 2026-04-01 23:46:22,721 - piper_actor - DEBUG - exec_recv key ((2, 0), 0) from peer pp rank 1
[36m(PiperActor pid=2272402)[0m 2026-04-01 23:46:22,721 - piper_actor - DEBUG - run_dag dispatch (time 2): forward s2 mb0 bkt=0
[36m(PiperActor pid=2272388)[0m 2026-04-01 23:46:22,772 - piper_actor - DEBUG - run_dag dispatch (time -30001): all_gather s2 mb0 bkt=0
[36m(PiperActor pid=2272388)[0m 2026-04-01 23:46:22,772 - piper_actor - DEBUG - run_dag dispatch (time -30000): all_gather s0 mb0 bkt=0
[36m(PiperActor pid=2272388)[0m 2026-04-01 23:46:22,773 - piper_actor - DEBUG - run_dag dispatch (time 0): forward s0 mb0 bkt=0
[36m(PiperActor pid=2272396)[0m 2026-04-01 23:46:22,698 - piper_actor - DEBUG - run_dag dispatch (time -30001): all_gather s3 mb0 bkt=0
[36m(PiperActor pid=2272396)[0m 2026-04-01 23:46:22,699 - piper_actor - DEBUG - run_dag dispatch (time -30000): all_gather s1 mb0 bkt=0
[36m(PiperActor pid=2272396)[0m 2026-04-01 23:46:22,699 - piper_actor - DEBUG - run_dag dispatch (time -1): recv s1 mb0 bkt=0
[36m(PiperActor pid=2272396)[0m 2026-04-01 23:46:22,699 - piper_actor - DEBUG - exec_recv key ((1, 0), 0) from peer pp rank 0
[36m(PiperActor pid=2272396)[0m 2026-04-01 23:46:22,699 - piper_actor - DEBUG - run_dag dispatch (time 0): forward s1 mb0 bkt=0
[36m(PiperActor pid=2272396)[0m 2026-04-01 23:46:22,710 - piper_actor - DEBUG - run_dag dispatch (time 0): recv s1 mb1 bkt=0
[36m(PiperActor pid=2272396)[0m 2026-04-01 23:46:22,711 - piper_actor - DEBUG - exec_recv key ((1, 0), 1) from peer pp rank 0
[36m(PiperActor pid=2272396)[0m 2026-04-01 23:46:22,711 - piper_actor - DEBUG - run_dag dispatch (time 1): forward s1 mb1 bkt=0
[36m(PiperActor pid=2272396)[0m 2026-04-01 23:46:22,722 - piper_actor - DEBUG - run_dag dispatch (time 1): recv s3 mb0 bkt=0
[36m(PiperActor pid=2272396)[0m 2026-04-01 23:46:22,722 - piper_actor - DEBUG - exec_recv key ((3, 0), 0) from peer pp rank 0
[36m(PiperActor pid=2272396)[0m 2026-04-01 23:46:22,723 - piper_actor - DEBUG - run_dag dispatch (time 1): send s1 mb0 bkt=0
[36m(PiperActor pid=2272396)[0m 2026-04-01 23:46:22,723 - piper_actor - DEBUG - exec_send key ((1, 0), 0) to peer pp rank 0
[36m(PiperActor pid=2272396)[0m 2026-04-01 23:46:22,723 - piper_actor - DEBUG - run_dag dispatch (time 2): forward s3 mb0 bkt=0
[36m(PiperActor pid=2272392)[0m 2026-04-01 23:46:22,773 - piper_actor - DEBUG - run_dag dispatch (time -30001): all_gather s3 mb0 bkt=0
[36m(PiperActor pid=2272392)[0m 2026-04-01 23:46:22,774 - piper_actor - DEBUG - run_dag dispatch (time -30000): all_gather s1 mb0 bkt=0
[36m(PiperActor pid=2272392)[0m 2026-04-01 23:46:22,774 - piper_actor - DEBUG - run_dag dispatch (time -1): recv s1 mb0 bkt=0
[36m(PiperActor pid=2272392)[0m 2026-04-01 23:46:22,774 - piper_actor - DEBUG - exec_recv key ((1, 0), 0) from peer pp rank 0
[36m(PiperActor pid=2272392)[0m 2026-04-01 23:46:22,775 - piper_actor - DEBUG - run_dag dispatch (time 0): forward s1 mb0 bkt=0
[36m(PiperActor pid=2272402)[0m 2026-04-01 23:46:22,782 - piper_actor - DEBUG - run_dag dispatch (time 2): send s0 mb1 bkt=0
[36m(PiperActor pid=2272402)[0m 2026-04-01 23:46:22,782 - piper_actor - DEBUG - exec_send key ((0, 0), 1) to peer pp rank 1
[36m(PiperActor pid=2272402)[0m 2026-04-01 23:46:22,783 - piper_actor - DEBUG - run_dag dispatch (time 2): recv s2 mb1 bkt=0
[36m(PiperActor pid=2272402)[0m 2026-04-01 23:46:22,783 - piper_actor - DEBUG - exec_recv key ((2, 0), 1) from peer pp rank 1
[36m(PiperActor pid=2272402)[0m 2026-04-01 23:46:22,783 - piper_actor - DEBUG - run_dag dispatch (time 3): forward s2 mb1 bkt=0
[36m(PiperActor pid=2272402)[0m 2026-04-01 23:46:22,802 - piper_actor - DEBUG - run_dag dispatch (time 3): send s2 mb0 bkt=0
[36m(PiperActor pid=2272402)[0m 2026-04-01 23:46:22,802 - piper_actor - DEBUG - exec_send key ((2, 0), 0) to peer pp rank 1
[36m(PiperActor pid=2272402)[0m 2026-04-01 23:46:22,802 - piper_actor - DEBUG - run_dag dispatch (time 4): forward s0 mb2 bkt=0
[36m(PiperActor pid=2272388)[0m 2026-04-01 23:46:22,783 - piper_actor - DEBUG - run_dag dispatch (time 1): forward s0 mb1 bkt=0
[36m(PiperActor pid=2272388)[0m 2026-04-01 23:46:22,794 - piper_actor - DEBUG - run_dag dispatch (time 1): send s0 mb0 bkt=0
[36m(PiperActor pid=2272388)[0m 2026-04-01 23:46:22,794 - piper_actor - DEBUG - exec_send key ((0, 0), 0) to peer pp rank 1
[36m(PiperActor pid=2272388)[0m 2026-04-01 23:46:22,795 - piper_actor - DEBUG - run_dag dispatch (time 1): recv s2 mb0 bkt=0
[36m(PiperActor pid=2272388)[0m 2026-04-01 23:46:22,795 - piper_actor - DEBUG - exec_recv key ((2, 0), 0) from peer pp rank 1
[36m(PiperActor pid=2272388)[0m 2026-04-01 23:46:22,795 - piper_actor - DEBUG - run_dag dispatch (time 2): forward s2 mb0 bkt=0
[36m(PiperActor pid=2272388)[0m 2026-04-01 23:46:22,806 - piper_actor - DEBUG - run_dag dispatch (time 2): send s0 mb1 bkt=0
[36m(PiperActor pid=2272388)[0m 2026-04-01 23:46:22,807 - piper_actor - DEBUG - exec_send key ((0, 0), 1) to peer pp rank 1
[36m(PiperActor pid=2272388)[0m 2026-04-01 23:46:22,807 - piper_actor - DEBUG - run_dag dispatch (time 2): recv s2 mb1 bkt=0
[36m(PiperActor pid=2272388)[0m 2026-04-01 23:46:22,807 - piper_actor - DEBUG - exec_recv key ((2, 0), 1) from peer pp rank 1
[36m(PiperActor pid=2272388)[0m 2026-04-01 23:46:22,807 - piper_actor - DEBUG - run_dag dispatch (time 3): forward s2 mb1 bkt=0
[36m(PiperActor pid=2272396)[0m 2026-04-01 23:46:22,802 - piper_actor - DEBUG - run_dag dispatch (time 2): send s1 mb1 bkt=0
[36m(PiperActor pid=2272396)[0m 2026-04-01 23:46:22,803 - piper_actor - DEBUG - exec_send key ((1, 0), 1) to peer pp rank 0
[36m(PiperActor pid=2272396)[0m 2026-04-01 23:46:22,803 - piper_actor - DEBUG - run_dag dispatch (time 3): backward s3 mb0 bkt=0
[36m(PiperActor pid=2272392)[0m 2026-04-01 23:46:22,786 - piper_actor - DEBUG - run_dag dispatch (time 0): recv s1 mb1 bkt=0
[36m(PiperActor pid=2272392)[0m 2026-04-01 23:46:22,787 - piper_actor - DEBUG - exec_recv key ((1, 0), 1) from peer pp rank 0
[36m(PiperActor pid=2272392)[0m 2026-04-01 23:46:22,787 - piper_actor - DEBUG - run_dag dispatch (time 1): forward s1 mb1 bkt=0
[36m(PiperActor pid=2272392)[0m 2026-04-01 23:46:22,799 - piper_actor - DEBUG - run_dag dispatch (time 1): recv s3 mb0 bkt=0
[36m(PiperActor pid=2272392)[0m 2026-04-01 23:46:22,799 - piper_actor - DEBUG - exec_recv key ((3, 0), 0) from peer pp rank 0
[36m(PiperActor pid=2272392)[0m 2026-04-01 23:46:22,799 - piper_actor - DEBUG - run_dag dispatch (time 1): send s1 mb0 bkt=0
[36m(PiperActor pid=2272392)[0m 2026-04-01 23:46:22,799 - piper_actor - DEBUG - exec_send key ((1, 0), 0) to peer pp rank 0
[36m(PiperActor pid=2272392)[0m 2026-04-01 23:46:22,800 - piper_actor - DEBUG - run_dag dispatch (time 2): forward s3 mb0 bkt=0
[36m(PiperActor pid=2272392)[0m 2026-04-01 23:46:22,811 - piper_actor - DEBUG - run_dag dispatch (time 2): send s1 mb1 bkt=0
[36m(PiperActor pid=2272392)[0m 2026-04-01 23:46:22,811 - piper_actor - DEBUG - exec_send key ((1, 0), 1) to peer pp rank 0
[36m(PiperActor pid=2272392)[0m 2026-04-01 23:46:22,812 - piper_actor - DEBUG - run_dag dispatch (time 3): backward s3 mb0 bkt=0
[36m(PiperActor pid=2272402)[0m 2026-04-01 23:46:22,822 - piper_actor - DEBUG - run_dag dispatch (time 4): send s2 mb1 bkt=0
[36m(PiperActor pid=2272402)[0m 2026-04-01 23:46:22,822 - piper_actor - DEBUG - exec_send key ((2, 0), 1) to peer pp rank 1
[36m(PiperActor pid=2272402)[0m 2026-04-01 23:46:22,822 - piper_actor - DEBUG - run_dag dispatch (time 4): recv s2 mb0 bkt=0
[36m(PiperActor pid=2272402)[0m 2026-04-01 23:46:22,822 - piper_actor - DEBUG - exec_recv key (None, 0) from peer pp rank 1
[36m(PiperActor pid=2272402)[0m 2026-04-01 23:46:22,823 - piper_actor - DEBUG - run_dag dispatch (time 5): backward s2 mb0 bkt=0
[36m(PiperActor pid=2272402)[0m 2026-04-01 23:46:22,859 - piper_actor - DEBUG - run_dag dispatch (time 5): send s0 mb2 bkt=0
[36m(PiperActor pid=2272402)[0m 2026-04-01 23:46:22,859 - piper_actor - DEBUG - exec_send key ((0, 0), 2) to peer pp rank 1
[36m(PiperActor pid=2272388)[0m 2026-04-01 23:46:22,818 - piper_actor - DEBUG - run_dag dispatch (time 3): send s2 mb0 bkt=0
[36m(PiperActor pid=2272388)[0m 2026-04-01 23:46:22,819 - piper_actor - DEBUG - exec_send key ((2, 0), 0) to peer pp rank 1
[36m(PiperActor pid=2272388)[0m 2026-04-01 23:46:22,819 - piper_actor - DEBUG - run_dag dispatch (time 4): forward s0 mb2 bkt=0
[36m(PiperActor pid=2272388)[0m 2026-04-01 23:46:22,830 - piper_actor - DEBUG - run_dag dispatch (time 4): send s2 mb1 bkt=0
[36m(PiperActor pid=2272388)[0m 2026-04-01 23:46:22,831 - piper_actor - DEBUG - exec_send key ((2, 0), 1) to peer pp rank 1
[36m(PiperActor pid=2272388)[0m 2026-04-01 23:46:22,831 - piper_actor - DEBUG - run_dag dispatch (time 4): recv s2 mb0 bkt=0
[36m(PiperActor pid=2272388)[0m 2026-04-01 23:46:22,831 - piper_actor - DEBUG - exec_recv key (None, 0) from peer pp rank 1
[36m(PiperActor pid=2272388)[0m 2026-04-01 23:46:22,831 - piper_actor - DEBUG - run_dag dispatch (time 5): backward s2 mb0 bkt=0
[36m(PiperActor pid=2272388)[0m 2026-04-01 23:46:22,855 - piper_actor - DEBUG - run_dag dispatch (time 5): send s0 mb2 bkt=0
[36m(PiperActor pid=2272388)[0m 2026-04-01 23:46:22,855 - piper_actor - DEBUG - exec_send key ((0, 0), 2) to peer pp rank 1
[36m(PiperActor pid=2272388)[0m 2026-04-01 23:46:22,856 - piper_actor - DEBUG - run_dag dispatch (time 6): forward s0 mb3 bkt=0
[36m(PiperActor pid=2272396)[0m 2026-04-01 23:46:22,849 - piper_actor - DEBUG - run_dag dispatch (time 3): recv s3 mb1 bkt=0
[36m(PiperActor pid=2272396)[0m 2026-04-01 23:46:22,849 - piper_actor - DEBUG - exec_recv key ((3, 0), 1) from peer pp rank 0
[36m(PiperActor pid=2272396)[0m 2026-04-01 23:46:22,850 - piper_actor - DEBUG - run_dag dispatch (time 4): forward s3 mb1 bkt=0
[36m(PiperActor pid=2272392)[0m 2026-04-01 23:46:22,849 - piper_actor - DEBUG - run_dag dispatch (time 3): recv s3 mb1 bkt=0
[36m(PiperActor pid=2272392)[0m 2026-04-01 23:46:22,850 - piper_actor - DEBUG - exec_recv key ((3, 0), 1) from peer pp rank 0
[36m(PiperActor pid=2272392)[0m 2026-04-01 23:46:22,850 - piper_actor - DEBUG - run_dag dispatch (time 4): forward s3 mb1 bkt=0
[36m(PiperActor pid=2272402)[0m 2026-04-01 23:46:22,859 - piper_actor - DEBUG - run_dag dispatch (time 6): forward s0 mb3 bkt=0
[36m(PiperActor pid=2272396)[0m 2026-04-01 23:46:22,883 - piper_actor - DEBUG - run_dag dispatch (time 4): send s3 mb0 bkt=0
[36m(PiperActor pid=2272396)[0m 2026-04-01 23:46:22,883 - piper_actor - DEBUG - exec_send key (None, 0) to peer pp rank 0
[36m(PiperActor pid=2272396)[0m 2026-04-01 23:46:22,883 - piper_actor - DEBUG - run_dag dispatch (time 5): backward s3 mb1 bkt=0
[36m(PiperActor pid=2272392)[0m 2026-04-01 23:46:22,878 - piper_actor - DEBUG - run_dag dispatch (time 4): send s3 mb0 bkt=0
[36m(PiperActor pid=2272392)[0m 2026-04-01 23:46:22,879 - piper_actor - DEBUG - exec_send key (None, 0) to peer pp rank 0
[36m(PiperActor pid=2272392)[0m 2026-04-01 23:46:22,879 - piper_actor - DEBUG - run_dag dispatch (time 5): backward s3 mb1 bkt=0
[36m(PiperActor pid=2272402)[0m 2026-04-01 23:46:22,912 - piper_actor - DEBUG - run_dag dispatch (time 6): send s2 mb0 bkt=0
[36m(PiperActor pid=2272402)[0m 2026-04-01 23:46:22,912 - piper_actor - DEBUG - exec_send key (None, 0) to peer pp rank 1
[36m(PiperActor pid=2272402)[0m 2026-04-01 23:46:22,913 - piper_actor - DEBUG - run_dag dispatch (time 6): recv s2 mb1 bkt=0
[36m(PiperActor pid=2272402)[0m 2026-04-01 23:46:22,913 - piper_actor - DEBUG - exec_recv key (None, 1) from peer pp rank 1
[36m(PiperActor pid=2272402)[0m 2026-04-01 23:46:22,913 - piper_actor - DEBUG - run_dag dispatch (time 7): backward s2 mb1 bkt=0
[36m(PiperActor pid=2272388)[0m 2026-04-01 23:46:22,908 - piper_actor - DEBUG - run_dag dispatch (time 6): send s2 mb0 bkt=0
[36m(PiperActor pid=2272388)[0m 2026-04-01 23:46:22,908 - piper_actor - DEBUG - exec_send key (None, 0) to peer pp rank 1
[36m(PiperActor pid=2272388)[0m 2026-04-01 23:46:22,909 - piper_actor - DEBUG - run_dag dispatch (time 6): recv s2 mb1 bkt=0
[36m(PiperActor pid=2272388)[0m 2026-04-01 23:46:22,909 - piper_actor - DEBUG - exec_recv key (None, 1) from peer pp rank 1
[36m(PiperActor pid=2272388)[0m 2026-04-01 23:46:22,909 - piper_actor - DEBUG - run_dag dispatch (time 7): backward s2 mb1 bkt=0
[36m(PiperActor pid=2272396)[0m 2026-04-01 23:46:22,913 - piper_actor - DEBUG - run_dag dispatch (time 5): recv s1 mb2 bkt=0
[36m(PiperActor pid=2272396)[0m 2026-04-01 23:46:22,913 - piper_actor - DEBUG - exec_recv key ((1, 0), 2) from peer pp rank 0
[36m(PiperActor pid=2272396)[0m 2026-04-01 23:46:22,914 - piper_actor - DEBUG - run_dag dispatch (time 6): forward s1 mb2 bkt=0
[36m(PiperActor pid=2272392)[0m 2026-04-01 23:46:22,910 - piper_actor - DEBUG - run_dag dispatch (time 5): recv s1 mb2 bkt=0
[36m(PiperActor pid=2272392)[0m 2026-04-01 23:46:22,910 - piper_actor - DEBUG - exec_recv key ((1, 0), 2) from peer pp rank 0
[36m(PiperActor pid=2272392)[0m 2026-04-01 23:46:22,911 - piper_actor - DEBUG - run_dag dispatch (time 6): forward s1 mb2 bkt=0
[36m(PiperActor pid=2272402)[0m 2026-04-01 23:46:22,947 - piper_actor - DEBUG - run_dag dispatch (time 7): send s0 mb3 bkt=0
[36m(PiperActor pid=2272402)[0m 2026-04-01 23:46:22,947 - piper_actor - DEBUG - exec_send key ((0, 0), 3) to peer pp rank 1
[36m(PiperActor pid=2272402)[0m 2026-04-01 23:46:22,948 - piper_actor - DEBUG - run_dag dispatch (time 7): recv s2 mb2 bkt=0
[36m(PiperActor pid=2272402)[0m 2026-04-01 23:46:22,948 - piper_actor - DEBUG - exec_recv key ((2, 0), 2) from peer pp rank 1
[36m(PiperActor pid=2272402)[0m 2026-04-01 23:46:22,948 - piper_actor - DEBUG - run_dag dispatch (time 8): forward s2 mb2 bkt=0
[36m(PiperActor pid=2272402)[0m 2026-04-01 23:46:22,984 - piper_actor - DEBUG - run_dag dispatch (time 8): send s2 mb1 bkt=0
[36m(PiperActor pid=2272402)[0m 2026-04-01 23:46:22,984 - piper_actor - DEBUG - exec_send key (None, 1) to peer pp rank 1
[36m(PiperActor pid=2272388)[0m 2026-04-01 23:46:22,943 - piper_actor - DEBUG - run_dag dispatch (time 7): send s0 mb3 bkt=0
[36m(PiperActor pid=2272388)[0m 2026-04-01 23:46:22,944 - piper_actor - DEBUG - exec_send key ((0, 0), 3) to peer pp rank 1
[36m(PiperActor pid=2272388)[0m 2026-04-01 23:46:22,944 - piper_actor - DEBUG - run_dag dispatch (time 7): recv s2 mb2 bkt=0
[36m(PiperActor pid=2272388)[0m 2026-04-01 23:46:22,944 - piper_actor - DEBUG - exec_recv key ((2, 0), 2) from peer pp rank 1
[36m(PiperActor pid=2272388)[0m 2026-04-01 23:46:22,945 - piper_actor - DEBUG - run_dag dispatch (time 8): forward s2 mb2 bkt=0
[36m(PiperActor pid=2272388)[0m 2026-04-01 23:46:22,981 - piper_actor - DEBUG - run_dag dispatch (time 8): send s2 mb1 bkt=0
[36m(PiperActor pid=2272388)[0m 2026-04-01 23:46:22,981 - piper_actor - DEBUG - exec_send key (None, 1) to peer pp rank 1
[36m(PiperActor pid=2272388)[0m 2026-04-01 23:46:22,982 - piper_actor - DEBUG - run_dag dispatch (time 8): recv s0 mb0 bkt=0
[36m(PiperActor pid=2272388)[0m 2026-04-01 23:46:22,982 - piper_actor - DEBUG - exec_recv key (None, 0) from peer pp rank 1
[36m(PiperActor pid=2272388)[0m 2026-04-01 23:46:22,982 - piper_actor - DEBUG - run_dag dispatch (time 9): backward s0 mb0 bkt=0
[36m(PiperActor pid=2272396)[0m 2026-04-01 23:46:22,954 - piper_actor - DEBUG - run_dag dispatch (time 6): recv s1 mb0 bkt=0
[36m(PiperActor pid=2272396)[0m 2026-04-01 23:46:22,954 - piper_actor - DEBUG - exec_recv key (None, 0) from peer pp rank 0
[36m(PiperActor pid=2272396)[0m 2026-04-01 23:46:22,954 - piper_actor - DEBUG - run_dag dispatch (time 6): send s3 mb1 bkt=0
[36m(PiperActor pid=2272396)[0m 2026-04-01 23:46:22,954 - piper_actor - DEBUG - exec_send key (None, 1) to peer pp rank 0
[36m(PiperActor pid=2272396)[0m 2026-04-01 23:46:22,955 - piper_actor - DEBUG - run_dag dispatch (time 7): backward s1 mb0 bkt=0
[36m(PiperActor pid=2272396)[0m 2026-04-01 23:46:22,983 - piper_actor - DEBUG - run_dag dispatch (time 7): recv s1 mb3 bkt=0
[36m(PiperActor pid=2272396)[0m 2026-04-01 23:46:22,983 - piper_actor - DEBUG - exec_recv key ((1, 0), 3) from peer pp rank 0
[36m(PiperActor pid=2272396)[0m 2026-04-01 23:46:22,984 - piper_actor - DEBUG - run_dag dispatch (time 7): send s1 mb2 bkt=0
[36m(PiperActor pid=2272396)[0m 2026-04-01 23:46:22,984 - piper_actor - DEBUG - exec_send key ((1, 0), 2) to peer pp rank 0
[36m(PiperActor pid=2272396)[0m 2026-04-01 23:46:22,984 - piper_actor - DEBUG - run_dag dispatch (time 8): forward s1 mb3 bkt=0
[36m(PiperActor pid=2272392)[0m 2026-04-01 23:46:22,950 - piper_actor - DEBUG - run_dag dispatch (time 6): recv s1 mb0 bkt=0
[36m(PiperActor pid=2272392)[0m 2026-04-01 23:46:22,951 - piper_actor - DEBUG - exec_recv key (None, 0) from peer pp rank 0
[36m(PiperActor pid=2272392)[0m 2026-04-01 23:46:22,951 - piper_actor - DEBUG - run_dag dispatch (time 6): send s3 mb1 bkt=0
[36m(PiperActor pid=2272392)[0m 2026-04-01 23:46:22,951 - piper_actor - DEBUG - exec_send key (None, 1) to peer pp rank 0
[36m(PiperActor pid=2272392)[0m 2026-04-01 23:46:22,951 - piper_actor - DEBUG - run_dag dispatch (time 7): backward s1 mb0 bkt=0
[36m(PiperActor pid=2272392)[0m 2026-04-01 23:46:22,980 - piper_actor - DEBUG - run_dag dispatch (time 7): recv s1 mb3 bkt=0
[36m(PiperActor pid=2272392)[0m 2026-04-01 23:46:22,981 - piper_actor - DEBUG - exec_recv key ((1, 0), 3) from peer pp rank 0
[36m(PiperActor pid=2272392)[0m 2026-04-01 23:46:22,981 - piper_actor - DEBUG - run_dag dispatch (time 7): send s1 mb2 bkt=0
[36m(PiperActor pid=2272392)[0m 2026-04-01 23:46:22,981 - piper_actor - DEBUG - exec_send key ((1, 0), 2) to peer pp rank 0
[36m(PiperActor pid=2272392)[0m 2026-04-01 23:46:22,982 - piper_actor - DEBUG - run_dag dispatch (time 8): forward s1 mb3 bkt=0
[36m(PiperActor pid=2272402)[0m 2026-04-01 23:46:22,985 - piper_actor - DEBUG - run_dag dispatch (time 8): recv s0 mb0 bkt=0
[36m(PiperActor pid=2272402)[0m 2026-04-01 23:46:22,985 - piper_actor - DEBUG - exec_recv key (None, 0) from peer pp rank 1
[36m(PiperActor pid=2272402)[0m 2026-04-01 23:46:22,985 - piper_actor - DEBUG - run_dag dispatch (time 9): backward s0 mb0 bkt=0
[36m(PiperActor pid=2272402)[0m 2026-04-01 23:46:23,022 - piper_actor - DEBUG - run_dag dispatch (time 9): send s2 mb2 bkt=0
[36m(PiperActor pid=2272402)[0m 2026-04-01 23:46:23,022 - piper_actor - DEBUG - exec_send key ((2, 0), 2) to peer pp rank 1
[36m(PiperActor pid=2272402)[0m 2026-04-01 23:46:23,023 - piper_actor - DEBUG - run_dag dispatch (time 9): recv s2 mb3 bkt=0
[36m(PiperActor pid=2272402)[0m 2026-04-01 23:46:23,023 - piper_actor - DEBUG - exec_recv key ((2, 0), 3) from peer pp rank 1
[36m(PiperActor pid=2272402)[0m 2026-04-01 23:46:23,023 - piper_actor - DEBUG - run_dag dispatch (time 10): forward s2 mb3 bkt=0
[36m(PiperActor pid=2272388)[0m 2026-04-01 23:46:23,019 - piper_actor - DEBUG - run_dag dispatch (time 9): send s2 mb2 bkt=0
[36m(PiperActor pid=2272388)[0m 2026-04-01 23:46:23,019 - piper_actor - DEBUG - exec_send key ((2, 0), 2) to peer pp rank 1
[36m(PiperActor pid=2272388)[0m 2026-04-01 23:46:23,020 - piper_actor - DEBUG - run_dag dispatch (time 9): recv s2 mb3 bkt=0
[36m(PiperActor pid=2272388)[0m 2026-04-01 23:46:23,020 - piper_actor - DEBUG - exec_recv key ((2, 0), 3) from peer pp rank 1
[36m(PiperActor pid=2272388)[0m 2026-04-01 23:46:23,020 - piper_actor - DEBUG - run_dag dispatch (time 10): forward s2 mb3 bkt=0
[36m(PiperActor pid=2272396)[0m 2026-04-01 23:46:23,000 - piper_actor - DEBUG - run_dag dispatch (time 8): recv s1 mb1 bkt=0
[36m(PiperActor pid=2272396)[0m 2026-04-01 23:46:23,000 - piper_actor - DEBUG - exec_recv key (None, 1) from peer pp rank 0
[36m(PiperActor pid=2272396)[0m 2026-04-01 23:46:23,000 - piper_actor - DEBUG - run_dag dispatch (time 8): send s1 mb0 bkt=0
[36m(PiperActor pid=2272396)[0m 2026-04-01 23:46:23,001 - piper_actor - DEBUG - exec_send key (None, 0) to peer pp rank 0
[36m(PiperActor pid=2272396)[0m 2026-04-01 23:46:23,001 - piper_actor - DEBUG - run_dag dispatch (time 9): backward s1 mb1 bkt=0
[36m(PiperActor pid=2272392)[0m 2026-04-01 23:46:22,997 - piper_actor - DEBUG - run_dag dispatch (time 8): recv s1 mb1 bkt=0
[36m(PiperActor pid=2272392)[0m 2026-04-01 23:46:22,997 - piper_actor - DEBUG - exec_recv key (None, 1) from peer pp rank 0
[36m(PiperActor pid=2272392)[0m 2026-04-01 23:46:22,998 - piper_actor - DEBUG - run_dag dispatch (time 8): send s1 mb0 bkt=0
[36m(PiperActor pid=2272392)[0m 2026-04-01 23:46:22,998 - piper_actor - DEBUG - exec_send key (None, 0) to peer pp rank 0
[36m(PiperActor pid=2272392)[0m 2026-04-01 23:46:22,998 - piper_actor - DEBUG - run_dag dispatch (time 9): backward s1 mb1 bkt=0
[36m(PiperActor pid=2272402)[0m 2026-04-01 23:46:23,041 - piper_actor - DEBUG - run_dag dispatch (time 10): recv s0 mb1 bkt=0
[36m(PiperActor pid=2272402)[0m 2026-04-01 23:46:23,041 - piper_actor - DEBUG - exec_recv key (None, 1) from peer pp rank 1
[36m(PiperActor pid=2272402)[0m 2026-04-01 23:46:23,042 - piper_actor - DEBUG - run_dag dispatch (time 11): backward s0 mb1 bkt=0
[36m(PiperActor pid=2272388)[0m 2026-04-01 23:46:23,038 - piper_actor - DEBUG - run_dag dispatch (time 10): recv s0 mb1 bkt=0
[36m(PiperActor pid=2272388)[0m 2026-04-01 23:46:23,039 - piper_actor - DEBUG - exec_recv key (None, 1) from peer pp rank 1
[36m(PiperActor pid=2272388)[0m 2026-04-01 23:46:23,039 - piper_actor - DEBUG - run_dag dispatch (time 11): backward s0 mb1 bkt=0
[36m(PiperActor pid=2272396)[0m 2026-04-01 23:46:23,033 - piper_actor - DEBUG - run_dag dispatch (time 9): recv s3 mb2 bkt=0
[36m(PiperActor pid=2272396)[0m 2026-04-01 23:46:23,033 - piper_actor - DEBUG - exec_recv key ((3, 0), 2) from peer pp rank 0
[36m(PiperActor pid=2272396)[0m 2026-04-01 23:46:23,034 - piper_actor - DEBUG - run_dag dispatch (time 9): send s1 mb3 bkt=0
[36m(PiperActor pid=2272396)[0m 2026-04-01 23:46:23,034 - piper_actor - DEBUG - exec_send key ((1, 0), 3) to peer pp rank 0
[36m(PiperActor pid=2272396)[0m 2026-04-01 23:46:23,034 - piper_actor - DEBUG - run_dag dispatch (time 10): forward s3 mb2 bkt=0
[36m(PiperActor pid=2272396)[0m 2026-04-01 23:46:23,051 - piper_actor - DEBUG - run_dag dispatch (time 10): send s1 mb1 bkt=0
[36m(PiperActor pid=2272396)[0m 2026-04-01 23:46:23,051 - piper_actor - DEBUG - exec_send key (None, 1) to peer pp rank 0
[36m(PiperActor pid=2272396)[0m 2026-04-01 23:46:23,052 - piper_actor - DEBUG - run_dag dispatch (time 11): backward s3 mb2 bkt=0
[36m(PiperActor pid=2272392)[0m 2026-04-01 23:46:23,031 - piper_actor - DEBUG - run_dag dispatch (time 9): recv s3 mb2 bkt=0
[36m(PiperActor pid=2272392)[0m 2026-04-01 23:46:23,031 - piper_actor - DEBUG - exec_recv key ((3, 0), 2) from peer pp rank 0
[36m(PiperActor pid=2272392)[0m 2026-04-01 23:46:23,032 - piper_actor - DEBUG - run_dag dispatch (time 9): send s1 mb3 bkt=0
[36m(PiperActor pid=2272392)[0m 2026-04-01 23:46:23,032 - piper_actor - DEBUG - exec_send key ((1, 0), 3) to peer pp rank 0
[36m(PiperActor pid=2272392)[0m 2026-04-01 23:46:23,032 - piper_actor - DEBUG - run_dag dispatch (time 10): forward s3 mb2 bkt=0
[36m(PiperActor pid=2272392)[0m 2026-04-01 23:46:23,047 - piper_actor - DEBUG - run_dag dispatch (time 10): send s1 mb1 bkt=0
[36m(PiperActor pid=2272392)[0m 2026-04-01 23:46:23,048 - piper_actor - DEBUG - exec_send key (None, 1) to peer pp rank 0
[36m(PiperActor pid=2272392)[0m 2026-04-01 23:46:23,048 - piper_actor - DEBUG - run_dag dispatch (time 11): backward s3 mb2 bkt=0
[36m(PiperActor pid=2272402)[0m 2026-04-01 23:46:23,078 - piper_actor - DEBUG - run_dag dispatch (time 11): send s2 mb3 bkt=0
[36m(PiperActor pid=2272402)[0m 2026-04-01 23:46:23,078 - piper_actor - DEBUG - exec_send key ((2, 0), 3) to peer pp rank 1
[36m(PiperActor pid=2272402)[0m 2026-04-01 23:46:23,079 - piper_actor - DEBUG - run_dag dispatch (time 11): recv s2 mb2 bkt=0
[36m(PiperActor pid=2272402)[0m 2026-04-01 23:46:23,079 - piper_actor - DEBUG - exec_recv key (None, 2) from peer pp rank 1
[36m(PiperActor pid=2272402)[0m 2026-04-01 23:46:23,079 - piper_actor - DEBUG - run_dag dispatch (time 12): backward s2 mb2 bkt=0
[36m(PiperActor pid=2272388)[0m 2026-04-01 23:46:23,075 - piper_actor - DEBUG - run_dag dispatch (time 11): send s2 mb3 bkt=0
[36m(PiperActor pid=2272388)[0m 2026-04-01 23:46:23,075 - piper_actor - DEBUG - exec_send key ((2, 0), 3) to peer pp rank 1
[36m(PiperActor pid=2272388)[0m 2026-04-01 23:46:23,076 - piper_actor - DEBUG - run_dag dispatch (time 11): recv s2 mb2 bkt=0
[36m(PiperActor pid=2272388)[0m 2026-04-01 23:46:23,076 - piper_actor - DEBUG - exec_recv key (None, 2) from peer pp rank 1
[36m(PiperActor pid=2272388)[0m 2026-04-01 23:46:23,076 - piper_actor - DEBUG - run_dag dispatch (time 12): backward s2 mb2 bkt=0
[36m(PiperActor pid=2272396)[0m 2026-04-01 23:46:23,082 - piper_actor - DEBUG - run_dag dispatch (time 11): recv s3 mb3 bkt=0
[36m(PiperActor pid=2272396)[0m 2026-04-01 23:46:23,082 - piper_actor - DEBUG - exec_recv key ((3, 0), 3) from peer pp rank 0
[36m(PiperActor pid=2272396)[0m 2026-04-01 23:46:23,082 - piper_actor - DEBUG - run_dag dispatch (time 12): forward s3 mb3 bkt=0
[36m(PiperActor pid=2272392)[0m 2026-04-01 23:46:23,078 - piper_actor - DEBUG - run_dag dispatch (time 11): recv s3 mb3 bkt=0
[36m(PiperActor pid=2272392)[0m 2026-04-01 23:46:23,079 - piper_actor - DEBUG - exec_recv key ((3, 0), 3) from peer pp rank 0
[36m(PiperActor pid=2272392)[0m 2026-04-01 23:46:23,079 - piper_actor - DEBUG - run_dag dispatch (time 12): forward s3 mb3 bkt=0
[36m(PiperActor pid=2272402)[0m 2026-04-01 23:46:23,115 - piper_actor - DEBUG - run_dag dispatch (time 12): recv s2 mb3 bkt=0
[36m(PiperActor pid=2272402)[0m 2026-04-01 23:46:23,115 - piper_actor - DEBUG - exec_recv key (None, 3) from peer pp rank 1
[36m(PiperActor pid=2272402)[0m 2026-04-01 23:46:23,115 - piper_actor - DEBUG - run_dag dispatch (time 13): backward s2 mb3 bkt=0
[36m(PiperActor pid=2272388)[0m 2026-04-01 23:46:23,112 - piper_actor - DEBUG - run_dag dispatch (time 12): recv s2 mb3 bkt=0
[36m(PiperActor pid=2272388)[0m 2026-04-01 23:46:23,112 - piper_actor - DEBUG - exec_recv key (None, 3) from peer pp rank 1
[36m(PiperActor pid=2272388)[0m 2026-04-01 23:46:23,112 - piper_actor - DEBUG - run_dag dispatch (time 13): backward s2 mb3 bkt=0
[36m(PiperActor pid=2272396)[0m 2026-04-01 23:46:23,125 - piper_actor - DEBUG - run_dag dispatch (time 12): send s3 mb2 bkt=0
[36m(PiperActor pid=2272396)[0m 2026-04-01 23:46:23,125 - piper_actor - DEBUG - exec_send key (None, 2) to peer pp rank 0
[36m(PiperActor pid=2272396)[0m 2026-04-01 23:46:23,126 - piper_actor - DEBUG - run_dag dispatch (time 13): backward s3 mb3 bkt=0
[36m(PiperActor pid=2272392)[0m 2026-04-01 23:46:23,120 - piper_actor - DEBUG - run_dag dispatch (time 12): send s3 mb2 bkt=0
[36m(PiperActor pid=2272392)[0m 2026-04-01 23:46:23,121 - piper_actor - DEBUG - exec_send key (None, 2) to peer pp rank 0
[36m(PiperActor pid=2272392)[0m 2026-04-01 23:46:23,121 - piper_actor - DEBUG - run_dag dispatch (time 13): backward s3 mb3 bkt=0
[36m(PiperActor pid=2272402)[0m 2026-04-01 23:46:23,172 - piper_actor - DEBUG - run_dag dispatch (time 13): send s2 mb2 bkt=0
[36m(PiperActor pid=2272402)[0m 2026-04-01 23:46:23,172 - piper_actor - DEBUG - exec_send key (None, 2) to peer pp rank 1
[36m(PiperActor pid=2272402)[0m 2026-04-01 23:46:23,173 - piper_actor - DEBUG - run_dag dispatch (time 13): recv s0 mb2 bkt=0
[36m(PiperActor pid=2272402)[0m 2026-04-01 23:46:23,173 - piper_actor - DEBUG - exec_recv key (None, 2) from peer pp rank 1
[36m(PiperActor pid=2272402)[0m 2026-04-01 23:46:23,173 - piper_actor - DEBUG - run_dag dispatch (time 14): backward s0 mb2 bkt=0
[36m(PiperActor pid=2272388)[0m 2026-04-01 23:46:23,167 - piper_actor - DEBUG - run_dag dispatch (time 13): send s2 mb2 bkt=0
[36m(PiperActor pid=2272388)[0m 2026-04-01 23:46:23,168 - piper_actor - DEBUG - exec_send key (None, 2) to peer pp rank 1
[36m(PiperActor pid=2272388)[0m 2026-04-01 23:46:23,168 - piper_actor - DEBUG - run_dag dispatch (time 13): recv s0 mb2 bkt=0
[36m(PiperActor pid=2272388)[0m 2026-04-01 23:46:23,168 - piper_actor - DEBUG - exec_recv key (None, 2) from peer pp rank 1
[36m(PiperActor pid=2272388)[0m 2026-04-01 23:46:23,168 - piper_actor - DEBUG - run_dag dispatch (time 14): backward s0 mb2 bkt=0
[36m(PiperActor pid=2272396)[0m 2026-04-01 23:46:23,155 - piper_actor - DEBUG - run_dag dispatch (time 13): recv s1 mb2 bkt=0
[36m(PiperActor pid=2272396)[0m 2026-04-01 23:46:23,155 - piper_actor - DEBUG - exec_recv key (None, 2) from peer pp rank 0
[36m(PiperActor pid=2272396)[0m 2026-04-01 23:46:23,156 - piper_actor - DEBUG - run_dag dispatch (time 14): backward s1 mb2 bkt=0
[36m(PiperActor pid=2272392)[0m 2026-04-01 23:46:23,151 - piper_actor - DEBUG - run_dag dispatch (time 13): recv s1 mb2 bkt=0
[36m(PiperActor pid=2272392)[0m 2026-04-01 23:46:23,152 - piper_actor - DEBUG - exec_recv key (None, 2) from peer pp rank 0
[36m(PiperActor pid=2272392)[0m 2026-04-01 23:46:23,152 - piper_actor - DEBUG - run_dag dispatch (time 14): backward s1 mb2 bkt=0
[36m(PiperActor pid=2272396)[0m 2026-04-01 23:46:23,213 - piper_actor - DEBUG - run_dag dispatch (time 14): recv s1 mb3 bkt=0
[36m(PiperActor pid=2272396)[0m 2026-04-01 23:46:23,213 - piper_actor - DEBUG - exec_recv key (None, 3) from peer pp rank 0
[36m(PiperActor pid=2272396)[0m 2026-04-01 23:46:23,214 - piper_actor - DEBUG - run_dag dispatch (time 14): send s3 mb3 bkt=0
[36m(PiperActor pid=2272396)[0m 2026-04-01 23:46:23,214 - piper_actor - DEBUG - exec_send key (None, 3) to peer pp rank 0
[36m(PiperActor pid=2272396)[0m 2026-04-01 23:46:23,214 - piper_actor - DEBUG - run_dag dispatch (time 14): reduce_scatter s3 mb3 bkt=0
[36m(PiperActor pid=2272396)[0m 2026-04-01 23:46:23,215 - piper_actor - DEBUG - run_dag dispatch (time 15): backward s1 mb3 bkt=0
[36m(PiperActor pid=2272392)[0m 2026-04-01 23:46:23,211 - piper_actor - DEBUG - run_dag dispatch (time 14): recv s1 mb3 bkt=0
[36m(PiperActor pid=2272392)[0m 2026-04-01 23:46:23,211 - piper_actor - DEBUG - exec_recv key (None, 3) from peer pp rank 0
[36m(PiperActor pid=2272392)[0m 2026-04-01 23:46:23,212 - piper_actor - DEBUG - run_dag dispatch (time 14): send s3 mb3 bkt=0
[36m(PiperActor pid=2272392)[0m 2026-04-01 23:46:23,212 - piper_actor - DEBUG - exec_send key (None, 3) to peer pp rank 0
[36m(PiperActor pid=2272392)[0m 2026-04-01 23:46:23,213 - piper_actor - DEBUG - run_dag dispatch (time 14): reduce_scatter s3 mb3 bkt=0
[36m(PiperActor pid=2272392)[0m 2026-04-01 23:46:23,213 - piper_actor - DEBUG - run_dag dispatch (time 15): backward s1 mb3 bkt=0
[36m(PiperActor pid=2272402)[0m 2026-04-01 23:46:23,252 - piper_actor - DEBUG - run_dag dispatch (time 14): send s2 mb3 bkt=0
[36m(PiperActor pid=2272402)[0m 2026-04-01 23:46:23,252 - piper_actor - DEBUG - exec_send key (None, 3) to peer pp rank 1
[36m(PiperActor pid=2272402)[0m 2026-04-01 23:46:23,253 - piper_actor - DEBUG - run_dag dispatch (time 14): recv s0 mb3 bkt=0
[36m(PiperActor pid=2272402)[0m 2026-04-01 23:46:23,253 - piper_actor - DEBUG - exec_recv key (None, 3) from peer pp rank 1
[36m(PiperActor pid=2272402)[0m 2026-04-01 23:46:23,253 - piper_actor - DEBUG - run_dag dispatch (time 14): reduce_scatter s2 mb3 bkt=0
[36m(PiperActor pid=2272402)[0m 2026-04-01 23:46:23,253 - piper_actor - DEBUG - run_dag dispatch (time 15): backward s0 mb3 bkt=0
[36m(PiperActor pid=2272388)[0m 2026-04-01 23:46:23,247 - piper_actor - DEBUG - run_dag dispatch (time 14): send s2 mb3 bkt=0
[36m(PiperActor pid=2272388)[0m 2026-04-01 23:46:23,248 - piper_actor - DEBUG - exec_send key (None, 3) to peer pp rank 1
[36m(PiperActor pid=2272388)[0m 2026-04-01 23:46:23,248 - piper_actor - DEBUG - run_dag dispatch (time 14): recv s0 mb3 bkt=0
[36m(PiperActor pid=2272388)[0m 2026-04-01 23:46:23,248 - piper_actor - DEBUG - exec_recv key (None, 3) from peer pp rank 1
[36m(PiperActor pid=2272388)[0m 2026-04-01 23:46:23,249 - piper_actor - DEBUG - run_dag dispatch (time 14): reduce_scatter s2 mb3 bkt=0
[36m(PiperActor pid=2272388)[0m 2026-04-01 23:46:23,249 - piper_actor - DEBUG - run_dag dispatch (time 15): backward s0 mb3 bkt=0
[36m(PiperActor pid=2272396)[0m 2026-04-01 23:46:23,251 - piper_actor - DEBUG - run_dag dispatch (time 15): send s1 mb2 bkt=0
[36m(PiperActor pid=2272396)[0m 2026-04-01 23:46:23,251 - piper_actor - DEBUG - exec_send key (None, 2) to peer pp rank 0
[36m(PiperActor pid=2272396)[0m 2026-04-01 23:46:23,252 - piper_actor - DEBUG - run_dag dispatch (time 16): update s1 mb3 bkt=0
[36m(PiperActor pid=2272392)[0m 2026-04-01 23:46:23,247 - piper_actor - DEBUG - run_dag dispatch (time 15): send s1 mb2 bkt=0
[36m(PiperActor pid=2272392)[0m 2026-04-01 23:46:23,248 - piper_actor - DEBUG - exec_send key (None, 2) to peer pp rank 0
[36m(PiperActor pid=2272392)[0m 2026-04-01 23:46:23,248 - piper_actor - DEBUG - run_dag dispatch (time 16): update s1 mb3 bkt=0
[36m(PiperActor pid=2272402)[0m 2026-04-01 23:46:23,292 - piper_actor - DEBUG - run_dag dispatch (time 16): update s0 mb3 bkt=0
[36m(PiperActor pid=2272388)[0m 2026-04-01 23:46:23,288 - piper_actor - DEBUG - run_dag dispatch (time 16): update s0 mb3 bkt=0
[36m(PiperActor pid=2272396)[0m 2026-04-01 23:46:23,308 - piper_actor - DEBUG - run_dag dispatch (time 16): send s1 mb3 bkt=0
[36m(PiperActor pid=2272396)[0m 2026-04-01 23:46:23,309 - piper_actor - DEBUG - exec_send key (None, 3) to peer pp rank 0
[36m(PiperActor pid=2272396)[0m 2026-04-01 23:46:23,309 - piper_actor - DEBUG - run_dag dispatch (time 16): reduce_scatter s1 mb3 bkt=0
[36m(PiperActor pid=2272392)[0m 2026-04-01 23:46:23,304 - piper_actor - DEBUG - run_dag dispatch (time 16): send s1 mb3 bkt=0
[36m(PiperActor pid=2272392)[0m 2026-04-01 23:46:23,304 - piper_actor - DEBUG - exec_send key (None, 3) to peer pp rank 0
[36m(PiperActor pid=2272392)[0m 2026-04-01 23:46:23,305 - piper_actor - DEBUG - run_dag dispatch (time 16): reduce_scatter s1 mb3 bkt=0
[36m(PiperActor pid=2272402)[0m 2026-04-01 23:46:23,352 - piper_actor - DEBUG - run_dag dispatch (time 16): reduce_scatter s0 mb3 bkt=0
[36m(PiperActor pid=2272388)[0m 2026-04-01 23:46:23,347 - piper_actor - DEBUG - run_dag dispatch (time 16): reduce_scatter s0 mb3 bkt=0
[36m(run_dp_rank pid=2251954)[0m Running 5 timed iterations...
[36m(run_dp_rank pid=2251994)[0m Running 5 timed iterations...
[36m(PiperActor pid=2272402)[0m 2026-04-01 23:46:24,364 - piper_actor - DEBUG - run_dag dispatch (time -30001): all_gather s2 mb0 bkt=0
[36m(PiperActor pid=2272402)[0m 2026-04-01 23:46:24,364 - piper_actor - DEBUG - run_dag dispatch (time -30000): all_gather s0 mb0 bkt=0
[36m(PiperActor pid=2272402)[0m 2026-04-01 23:46:24,365 - piper_actor - DEBUG - run_dag dispatch (time 0): forward s0 mb0 bkt=0
[36m(PiperActor pid=2272402)[0m 2026-04-01 23:46:24,375 - piper_actor - DEBUG - run_dag dispatch (time 1): forward s0 mb1 bkt=0
[36m(PiperActor pid=2272388)[0m 2026-04-01 23:46:24,362 - piper_actor - DEBUG - run_dag dispatch (time -30001): all_gather s2 mb0 bkt=0
[36m(PiperActor pid=2272388)[0m 2026-04-01 23:46:24,363 - piper_actor - DEBUG - run_dag dispatch (time -30000): all_gather s0 mb0 bkt=0
[36m(PiperActor pid=2272388)[0m 2026-04-01 23:46:24,363 - piper_actor - DEBUG - run_dag dispatch (time 0): forward s0 mb0 bkt=0
[36m(PiperActor pid=2272388)[0m 2026-04-01 23:46:24,375 - piper_actor - DEBUG - run_dag dispatch (time 1): forward s0 mb1 bkt=0
[36m(PiperActor pid=2272396)[0m 2026-04-01 23:46:24,364 - piper_actor - DEBUG - run_dag dispatch (time -30001): all_gather s3 mb0 bkt=0
[36m(PiperActor pid=2272396)[0m 2026-04-01 23:46:24,364 - piper_actor - DEBUG - run_dag dispatch (time -30000): all_gather s1 mb0 bkt=0
[36m(PiperActor pid=2272396)[0m 2026-04-01 23:46:24,365 - piper_actor - DEBUG - run_dag dispatch (time -1): recv s1 mb0 bkt=0
[36m(PiperActor pid=2272396)[0m 2026-04-01 23:46:24,365 - piper_actor - DEBUG - exec_recv key ((1, 0), 0) from peer pp rank 0
[36m(PiperActor pid=2272396)[0m 2026-04-01 23:46:24,365 - piper_actor - DEBUG - run_dag dispatch (time 0): forward s1 mb0 bkt=0
[36m(PiperActor pid=2272396)[0m 2026-04-01 23:46:24,376 - piper_actor - DEBUG - run_dag dispatch (time 0): recv s1 mb1 bkt=0
[36m(PiperActor pid=2272396)[0m 2026-04-01 23:46:24,376 - piper_actor - DEBUG - exec_recv key ((1, 0), 1) from peer pp rank 0
[36m(PiperActor pid=2272396)[0m 2026-04-01 23:46:24,376 - piper_actor - DEBUG - run_dag dispatch (time 1): forward s1 mb1 bkt=0
[36m(PiperActor pid=2272392)[0m 2026-04-01 23:46:24,363 - piper_actor - DEBUG - run_dag dispatch (time -30001): all_gather s3 mb0 bkt=0
[36m(PiperActor pid=2272392)[0m 2026-04-01 23:46:24,363 - piper_actor - DEBUG - run_dag dispatch (time -30000): all_gather s1 mb0 bkt=0
[36m(PiperActor pid=2272392)[0m 2026-04-01 23:46:24,364 - piper_actor - DEBUG - run_dag dispatch (time -1): recv s1 mb0 bkt=0
[36m(PiperActor pid=2272392)[0m 2026-04-01 23:46:24,364 - piper_actor - DEBUG - exec_recv key ((1, 0), 0) from peer pp rank 0
[36m(PiperActor pid=2272392)[0m 2026-04-01 23:46:24,364 - piper_actor - DEBUG - run_dag dispatch (time 0): forward s1 mb0 bkt=0
[36m(PiperActor pid=2272392)[0m 2026-04-01 23:46:24,376 - piper_actor - DEBUG - run_dag dispatch (time 0): recv s1 mb1 bkt=0
[36m(PiperActor pid=2272392)[0m 2026-04-01 23:46:24,376 - piper_actor - DEBUG - exec_recv key ((1, 0), 1) from peer pp rank 0
[36m(PiperActor pid=2272392)[0m 2026-04-01 23:46:24,376 - piper_actor - DEBUG - run_dag dispatch (time 1): forward s1 mb1 bkt=0
[36m(PiperActor pid=2272402)[0m 2026-04-01 23:46:24,386 - piper_actor - DEBUG - run_dag dispatch (time 1): send s0 mb0 bkt=0
[36m(PiperActor pid=2272402)[0m 2026-04-01 23:46:24,386 - piper_actor - DEBUG - exec_send key ((0, 0), 0) to peer pp rank 1
[36m(PiperActor pid=2272402)[0m 2026-04-01 23:46:24,386 - piper_actor - DEBUG - run_dag dispatch (time 1): recv s2 mb0 bkt=0
[36m(PiperActor pid=2272402)[0m 2026-04-01 23:46:24,386 - piper_actor - DEBUG - exec_recv key ((2, 0), 0) from peer pp rank 1
[36m(PiperActor pid=2272402)[0m 2026-04-01 23:46:24,387 - piper_actor - DEBUG - run_dag dispatch (time 2): forward s2 mb0 bkt=0
[36m(PiperActor pid=2272402)[0m 2026-04-01 23:46:24,397 - piper_actor - DEBUG - run_dag dispatch (time 2): send s0 mb1 bkt=0
[36m(PiperActor pid=2272402)[0m 2026-04-01 23:46:24,397 - piper_actor - DEBUG - exec_send key ((0, 0), 1) to peer pp rank 1
[36m(PiperActor pid=2272402)[0m 2026-04-01 23:46:24,397 - piper_actor - DEBUG - run_dag dispatch (time 2): recv s2 mb1 bkt=0
[36m(PiperActor pid=2272402)[0m 2026-04-01 23:46:24,397 - piper_actor - DEBUG - exec_recv key ((2, 0), 1) from peer pp rank 1
[36m(PiperActor pid=2272402)[0m 2026-04-01 23:46:24,398 - piper_actor - DEBUG - run_dag dispatch (time 3): forward s2 mb1 bkt=0
[36m(PiperActor pid=2272402)[0m 2026-04-01 23:46:24,408 - piper_actor - DEBUG - run_dag dispatch (time 3): send s2 mb0 bkt=0
[36m(PiperActor pid=2272402)[0m 2026-04-01 23:46:24,408 - piper_actor - DEBUG - exec_send key ((2, 0), 0) to peer pp rank 1
[36m(PiperActor pid=2272402)[0m 2026-04-01 23:46:24,408 - piper_actor - DEBUG - run_dag dispatch (time 4): forward s0 mb2 bkt=0
[36m(PiperActor pid=2272402)[0m 2026-04-01 23:46:24,419 - piper_actor - DEBUG - run_dag dispatch (time 4): send s2 mb1 bkt=0
[36m(PiperActor pid=2272402)[0m 2026-04-01 23:46:24,419 - piper_actor - DEBUG - exec_send key ((2, 0), 1) to peer pp rank 1
[36m(PiperActor pid=2272402)[0m 2026-04-01 23:46:24,419 - piper_actor - DEBUG - run_dag dispatch (time 4): recv s2 mb0 bkt=0
[36m(PiperActor pid=2272402)[0m 2026-04-01 23:46:24,419 - piper_actor - DEBUG - exec_recv key (None, 0) from peer pp rank 1
[36m(PiperActor pid=2272402)[0m 2026-04-01 23:46:24,420 - piper_actor - DEBUG - run_dag dispatch (time 5): backward s2 mb0 bkt=0
[36m(PiperActor pid=2272388)[0m 2026-04-01 23:46:24,385 - piper_actor - DEBUG - run_dag dispatch (time 1): send s0 mb0 bkt=0
[36m(PiperActor pid=2272388)[0m 2026-04-01 23:46:24,385 - piper_actor - DEBUG - exec_send key ((0, 0), 0) to peer pp rank 1
[36m(PiperActor pid=2272388)[0m 2026-04-01 23:46:24,385 - piper_actor - DEBUG - run_dag dispatch (time 1): recv s2 mb0 bkt=0
[36m(PiperActor pid=2272388)[0m 2026-04-01 23:46:24,386 - piper_actor - DEBUG - exec_recv key ((2, 0), 0) from peer pp rank 1
[36m(PiperActor pid=2272388)[0m 2026-04-01 23:46:24,386 - piper_actor - DEBUG - run_dag dispatch (time 2): forward s2 mb0 bkt=0
[36m(PiperActor pid=2272388)[0m 2026-04-01 23:46:24,396 - piper_actor - DEBUG - run_dag dispatch (time 2): send s0 mb1 bkt=0
[36m(PiperActor pid=2272388)[0m 2026-04-01 23:46:24,396 - piper_actor - DEBUG - exec_send key ((0, 0), 1) to peer pp rank 1
[36m(PiperActor pid=2272388)[0m 2026-04-01 23:46:24,397 - piper_actor - DEBUG - run_dag dispatch (time 2): recv s2 mb1 bkt=0
[36m(PiperActor pid=2272388)[0m 2026-04-01 23:46:24,397 - piper_actor - DEBUG - exec_recv key ((2, 0), 1) from peer pp rank 1
[36m(PiperActor pid=2272388)[0m 2026-04-01 23:46:24,397 - piper_actor - DEBUG - run_dag dispatch (time 3): forward s2 mb1 bkt=0
[36m(PiperActor pid=2272388)[0m 2026-04-01 23:46:24,407 - piper_actor - DEBUG - run_dag dispatch (time 3): send s2 mb0 bkt=0
[36m(PiperActor pid=2272388)[0m 2026-04-01 23:46:24,408 - piper_actor - DEBUG - exec_send key ((2, 0), 0) to peer pp rank 1
[36m(PiperActor pid=2272388)[0m 2026-04-01 23:46:24,408 - piper_actor - DEBUG - run_dag dispatch (time 4): forward s0 mb2 bkt=0
[36m(PiperActor pid=2272388)[0m 2026-04-01 23:46:24,418 - piper_actor - DEBUG - run_dag dispatch (time 4): send s2 mb1 bkt=0
[36m(PiperActor pid=2272388)[0m 2026-04-01 23:46:24,419 - piper_actor - DEBUG - exec_send key ((2, 0), 1) to peer pp rank 1
[36m(PiperActor pid=2272388)[0m 2026-04-01 23:46:24,419 - piper_actor - DEBUG - run_dag dispatch (time 4): recv s2 mb0 bkt=0
[36m(PiperActor pid=2272388)[0m 2026-04-01 23:46:24,419 - piper_actor - DEBUG - exec_recv key (None, 0) from peer pp rank 1
[36m(PiperActor pid=2272388)[0m 2026-04-01 23:46:24,419 - piper_actor - DEBUG - run_dag dispatch (time 5): backward s2 mb0 bkt=0
[36m(PiperActor pid=2272396)[0m 2026-04-01 23:46:24,387 - piper_actor - DEBUG - run_dag dispatch (time 1): recv s3 mb0 bkt=0
[36m(PiperActor pid=2272396)[0m 2026-04-01 23:46:24,387 - piper_actor - DEBUG - exec_recv key ((3, 0), 0) from peer pp rank 0
[36m(PiperActor pid=2272396)[0m 2026-04-01 23:46:24,387 - piper_actor - DEBUG - run_dag dispatch (time 1): send s1 mb0 bkt=0
[36m(PiperActor pid=2272396)[0m 2026-04-01 23:46:24,387 - piper_actor - DEBUG - exec_send key ((1, 0), 0) to peer pp rank 0
[36m(PiperActor pid=2272396)[0m 2026-04-01 23:46:24,388 - piper_actor - DEBUG - run_dag dispatch (time 2): forward s3 mb0 bkt=0
[36m(PiperActor pid=2272396)[0m 2026-04-01 23:46:24,398 - piper_actor - DEBUG - run_dag dispatch (time 2): send s1 mb1 bkt=0
[36m(PiperActor pid=2272396)[0m 2026-04-01 23:46:24,398 - piper_actor - DEBUG - exec_send key ((1, 0), 1) to peer pp rank 0
[36m(PiperActor pid=2272396)[0m 2026-04-01 23:46:24,399 - piper_actor - DEBUG - run_dag dispatch (time 3): backward s3 mb0 bkt=0
[36m(PiperActor pid=2272392)[0m 2026-04-01 23:46:24,387 - piper_actor - DEBUG - run_dag dispatch (time 1): recv s3 mb0 bkt=0
[36m(PiperActor pid=2272392)[0m 2026-04-01 23:46:24,387 - piper_actor - DEBUG - exec_recv key ((3, 0), 0) from peer pp rank 0
[36m(PiperActor pid=2272392)[0m 2026-04-01 23:46:24,387 - piper_actor - DEBUG - run_dag dispatch (time 1): send s1 mb0 bkt=0
[36m(PiperActor pid=2272392)[0m 2026-04-01 23:46:24,387 - piper_actor - DEBUG - exec_send key ((1, 0), 0) to peer pp rank 0
[36m(PiperActor pid=2272392)[0m 2026-04-01 23:46:24,388 - piper_actor - DEBUG - run_dag dispatch (time 2): forward s3 mb0 bkt=0
[36m(PiperActor pid=2272392)[0m 2026-04-01 23:46:24,399 - piper_actor - DEBUG - run_dag dispatch (time 2): send s1 mb1 bkt=0
[36m(PiperActor pid=2272392)[0m 2026-04-01 23:46:24,399 - piper_actor - DEBUG - exec_send key ((1, 0), 1) to peer pp rank 0
[36m(PiperActor pid=2272392)[0m 2026-04-01 23:46:24,399 - piper_actor - DEBUG - run_dag dispatch (time 3): backward s3 mb0 bkt=0
[36m(PiperActor pid=2272402)[0m 2026-04-01 23:46:24,447 - piper_actor - DEBUG - run_dag dispatch (time 5): send s0 mb2 bkt=0
[36m(PiperActor pid=2272402)[0m 2026-04-01 23:46:24,447 - piper_actor - DEBUG - exec_send key ((0, 0), 2) to peer pp rank 1
[36m(PiperActor pid=2272402)[0m 2026-04-01 23:46:24,448 - piper_actor - DEBUG - run_dag dispatch (time 6): forward s0 mb3 bkt=0
[36m(PiperActor pid=2272388)[0m 2026-04-01 23:46:24,447 - piper_actor - DEBUG - run_dag dispatch (time 5): send s0 mb2 bkt=0
[36m(PiperActor pid=2272388)[0m 2026-04-01 23:46:24,447 - piper_actor - DEBUG - exec_send key ((0, 0), 2) to peer pp rank 1
[36m(PiperActor pid=2272388)[0m 2026-04-01 23:46:24,448 - piper_actor - DEBUG - run_dag dispatch (time 6): forward s0 mb3 bkt=0
[36m(PiperActor pid=2272396)[0m 2026-04-01 23:46:24,430 - piper_actor - DEBUG - run_dag dispatch (time 3): recv s3 mb1 bkt=0
[36m(PiperActor pid=2272396)[0m 2026-04-01 23:46:24,431 - piper_actor - DEBUG - exec_recv key ((3, 0), 1) from peer pp rank 0
[36m(PiperActor pid=2272396)[0m 2026-04-01 23:46:24,431 - piper_actor - DEBUG - run_dag dispatch (time 4): forward s3 mb1 bkt=0
[36m(PiperActor pid=2272392)[0m 2026-04-01 23:46:24,430 - piper_actor - DEBUG - run_dag dispatch (time 3): recv s3 mb1 bkt=0
[36m(PiperActor pid=2272392)[0m 2026-04-01 23:46:24,430 - piper_actor - DEBUG - exec_recv key ((3, 0), 1) from peer pp rank 0
[36m(PiperActor pid=2272392)[0m 2026-04-01 23:46:24,431 - piper_actor - DEBUG - run_dag dispatch (time 4): forward s3 mb1 bkt=0
[36m(PiperActor pid=2272402)[0m 2026-04-01 23:46:24,501 - piper_actor - DEBUG - run_dag dispatch (time 6): send s2 mb0 bkt=0
[36m(PiperActor pid=2272402)[0m 2026-04-01 23:46:24,501 - piper_actor - DEBUG - exec_send key (None, 0) to peer pp rank 1
[36m(PiperActor pid=2272402)[0m 2026-04-01 23:46:24,502 - piper_actor - DEBUG - run_dag dispatch (time 6): recv s2 mb1 bkt=0
[36m(PiperActor pid=2272402)[0m 2026-04-01 23:46:24,502 - piper_actor - DEBUG - exec_recv key (None, 1) from peer pp rank 1
[36m(PiperActor pid=2272402)[0m 2026-04-01 23:46:24,502 - piper_actor - DEBUG - run_dag dispatch (time 7): backward s2 mb1 bkt=0
[36m(PiperActor pid=2272388)[0m 2026-04-01 23:46:24,501 - piper_actor - DEBUG - run_dag dispatch (time 6): send s2 mb0 bkt=0
[36m(PiperActor pid=2272388)[0m 2026-04-01 23:46:24,501 - piper_actor - DEBUG - exec_send key (None, 0) to peer pp rank 1
[36m(PiperActor pid=2272388)[0m 2026-04-01 23:46:24,502 - piper_actor - DEBUG - run_dag dispatch (time 6): recv s2 mb1 bkt=0
[36m(PiperActor pid=2272388)[0m 2026-04-01 23:46:24,502 - piper_actor - DEBUG - exec_recv key (None, 1) from peer pp rank 1
[36m(PiperActor pid=2272388)[0m 2026-04-01 23:46:24,502 - piper_actor - DEBUG - run_dag dispatch (time 7): backward s2 mb1 bkt=0
[36m(PiperActor pid=2272396)[0m 2026-04-01 23:46:24,472 - piper_actor - DEBUG - run_dag dispatch (time 4): send s3 mb0 bkt=0
[36m(PiperActor pid=2272396)[0m 2026-04-01 23:46:24,472 - piper_actor - DEBUG - exec_send key (None, 0) to peer pp rank 0
[36m(PiperActor pid=2272396)[0m 2026-04-01 23:46:24,473 - piper_actor - DEBUG - run_dag dispatch (time 5): backward s3 mb1 bkt=0
[36m(PiperActor pid=2272392)[0m 2026-04-01 23:46:24,472 - piper_actor - DEBUG - run_dag dispatch (time 4): send s3 mb0 bkt=0
[36m(PiperActor pid=2272392)[0m 2026-04-01 23:46:24,472 - piper_actor - DEBUG - exec_send key (None, 0) to peer pp rank 0
[36m(PiperActor pid=2272392)[0m 2026-04-01 23:46:24,472 - piper_actor - DEBUG - run_dag dispatch (time 5): backward s3 mb1 bkt=0
[36m(PiperActor pid=2272392)[0m 2026-04-01 23:46:24,503 - piper_actor - DEBUG - run_dag dispatch (time 5): recv s1 mb2 bkt=0
[36m(PiperActor pid=2272392)[0m 2026-04-01 23:46:24,503 - piper_actor - DEBUG - exec_recv key ((1, 0), 2) from peer pp rank 0
[36m(PiperActor pid=2272392)[0m 2026-04-01 23:46:24,504 - piper_actor - DEBUG - run_dag dispatch (time 6): forward s1 mb2 bkt=0
[36m(PiperActor pid=2272402)[0m 2026-04-01 23:46:24,537 - piper_actor - DEBUG - run_dag dispatch (time 7): send s0 mb3 bkt=0
[36m(PiperActor pid=2272402)[0m 2026-04-01 23:46:24,537 - piper_actor - DEBUG - exec_send key ((0, 0), 3) to peer pp rank 1
[36m(PiperActor pid=2272402)[0m 2026-04-01 23:46:24,537 - piper_actor - DEBUG - run_dag dispatch (time 7): recv s2 mb2 bkt=0
[36m(PiperActor pid=2272402)[0m 2026-04-01 23:46:24,538 - piper_actor - DEBUG - exec_recv key ((2, 0), 2) from peer pp rank 1
[36m(PiperActor pid=2272402)[0m 2026-04-01 23:46:24,538 - piper_actor - DEBUG - run_dag dispatch (time 8): forward s2 mb2 bkt=0
[36m(PiperActor pid=2272388)[0m 2026-04-01 23:46:24,537 - piper_actor - DEBUG - run_dag dispatch (time 7): send s0 mb3 bkt=0
[36m(PiperActor pid=2272388)[0m 2026-04-01 23:46:24,537 - piper_actor - DEBUG - exec_send key ((0, 0), 3) to peer pp rank 1
[36m(PiperActor pid=2272388)[0m 2026-04-01 23:46:24,538 - piper_actor - DEBUG - run_dag dispatch (time 7): recv s2 mb2 bkt=0
[36m(PiperActor pid=2272388)[0m 2026-04-01 23:46:24,538 - piper_actor - DEBUG - exec_recv key ((2, 0), 2) from peer pp rank 1
[36m(PiperActor pid=2272388)[0m 2026-04-01 23:46:24,538 - piper_actor - DEBUG - run_dag dispatch (time 8): forward s2 mb2 bkt=0
[36m(PiperActor pid=2272396)[0m 2026-04-01 23:46:24,507 - piper_actor - DEBUG - run_dag dispatch (time 5): recv s1 mb2 bkt=0
[36m(PiperActor pid=2272396)[0m 2026-04-01 23:46:24,507 - piper_actor - DEBUG - exec_recv key ((1, 0), 2) from peer pp rank 0
[36m(PiperActor pid=2272396)[0m 2026-04-01 23:46:24,508 - piper_actor - DEBUG - run_dag dispatch (time 6): forward s1 mb2 bkt=0
[36m(PiperActor pid=2272396)[0m 2026-04-01 23:46:24,542 - piper_actor - DEBUG - run_dag dispatch (time 6): recv s1 mb0 bkt=0
[36m(PiperActor pid=2272396)[0m 2026-04-01 23:46:24,543 - piper_actor - DEBUG - exec_recv key (None, 0) from peer pp rank 0
[36m(PiperActor pid=2272396)[0m 2026-04-01 23:46:24,543 - piper_actor - DEBUG - run_dag dispatch (time 6): send s3 mb1 bkt=0
[36m(PiperActor pid=2272396)[0m 2026-04-01 23:46:24,543 - piper_actor - DEBUG - exec_send key (None, 1) to peer pp rank 0
[36m(PiperActor pid=2272396)[0m 2026-04-01 23:46:24,543 - piper_actor - DEBUG - run_dag dispatch (time 7): backward s1 mb0 bkt=0
[36m(PiperActor pid=2272392)[0m 2026-04-01 23:46:24,543 - piper_actor - DEBUG - run_dag dispatch (time 6): recv s1 mb0 bkt=0
[36m(PiperActor pid=2272392)[0m 2026-04-01 23:46:24,543 - piper_actor - DEBUG - exec_recv key (None, 0) from peer pp rank 0
[36m(PiperActor pid=2272392)[0m 2026-04-01 23:46:24,543 - piper_actor - DEBUG - run_dag dispatch (time 6): send s3 mb1 bkt=0
[36m(PiperActor pid=2272392)[0m 2026-04-01 23:46:24,543 - piper_actor - DEBUG - exec_send key (None, 1) to peer pp rank 0
[36m(PiperActor pid=2272392)[0m 2026-04-01 23:46:24,544 - piper_actor - DEBUG - run_dag dispatch (time 7): backward s1 mb0 bkt=0
[36m(PiperActor pid=2272402)[0m 2026-04-01 23:46:24,573 - piper_actor - DEBUG - run_dag dispatch (time 8): send s2 mb1 bkt=0
[36m(PiperActor pid=2272402)[0m 2026-04-01 23:46:24,573 - piper_actor - DEBUG - exec_send key (None, 1) to peer pp rank 1
[36m(PiperActor pid=2272402)[0m 2026-04-01 23:46:24,573 - piper_actor - DEBUG - run_dag dispatch (time 8): recv s0 mb0 bkt=0
[36m(PiperActor pid=2272402)[0m 2026-04-01 23:46:24,573 - piper_actor - DEBUG - exec_recv key (None, 0) from peer pp rank 1
[36m(PiperActor pid=2272402)[0m 2026-04-01 23:46:24,574 - piper_actor - DEBUG - run_dag dispatch (time 9): backward s0 mb0 bkt=0
[36m(PiperActor pid=2272388)[0m 2026-04-01 23:46:24,573 - piper_actor - DEBUG - run_dag dispatch (time 8): send s2 mb1 bkt=0
[36m(PiperActor pid=2272388)[0m 2026-04-01 23:46:24,573 - piper_actor - DEBUG - exec_send key (None, 1) to peer pp rank 1
[36m(PiperActor pid=2272388)[0m 2026-04-01 23:46:24,573 - piper_actor - DEBUG - run_dag dispatch (time 8): recv s0 mb0 bkt=0
[36m(PiperActor pid=2272388)[0m 2026-04-01 23:46:24,573 - piper_actor - DEBUG - exec_recv key (None, 0) from peer pp rank 1
[36m(PiperActor pid=2272388)[0m 2026-04-01 23:46:24,574 - piper_actor - DEBUG - run_dag dispatch (time 9): backward s0 mb0 bkt=0
[36m(PiperActor pid=2272396)[0m 2026-04-01 23:46:24,580 - piper_actor - DEBUG - run_dag dispatch (time 7): recv s1 mb3 bkt=0
[36m(PiperActor pid=2272396)[0m 2026-04-01 23:46:24,581 - piper_actor - DEBUG - exec_recv key ((1, 0), 3) from peer pp rank 0
[36m(PiperActor pid=2272396)[0m 2026-04-01 23:46:24,582 - piper_actor - DEBUG - run_dag dispatch (time 7): send s1 mb2 bkt=0
[36m(PiperActor pid=2272396)[0m 2026-04-01 23:46:24,582 - piper_actor - DEBUG - exec_send key ((1, 0), 2) to peer pp rank 0
[36m(PiperActor pid=2272396)[0m 2026-04-01 23:46:24,583 - piper_actor - DEBUG - run_dag dispatch (time 8): forward s1 mb3 bkt=0
[36m(PiperActor pid=2272392)[0m 2026-04-01 23:46:24,572 - piper_actor - DEBUG - run_dag dispatch (time 7): recv s1 mb3 bkt=0
[36m(PiperActor pid=2272392)[0m 2026-04-01 23:46:24,572 - piper_actor - DEBUG - exec_recv key ((1, 0), 3) from peer pp rank 0
[36m(PiperActor pid=2272392)[0m 2026-04-01 23:46:24,573 - piper_actor - DEBUG - run_dag dispatch (time 7): send s1 mb2 bkt=0
[36m(PiperActor pid=2272392)[0m 2026-04-01 23:46:24,573 - piper_actor - DEBUG - exec_send key ((1, 0), 2) to peer pp rank 0
[36m(PiperActor pid=2272392)[0m 2026-04-01 23:46:24,573 - piper_actor - DEBUG - run_dag dispatch (time 8): forward s1 mb3 bkt=0
[36m(PiperActor pid=2272402)[0m 2026-04-01 23:46:24,611 - piper_actor - DEBUG - run_dag dispatch (time 9): send s2 mb2 bkt=0
[36m(PiperActor pid=2272402)[0m 2026-04-01 23:46:24,611 - piper_actor - DEBUG - exec_send key ((2, 0), 2) to peer pp rank 1
[36m(PiperActor pid=2272402)[0m 2026-04-01 23:46:24,611 - piper_actor - DEBUG - run_dag dispatch (time 9): recv s2 mb3 bkt=0
[36m(PiperActor pid=2272402)[0m 2026-04-01 23:46:24,611 - piper_actor - DEBUG - exec_recv key ((2, 0), 3) from peer pp rank 1
[36m(PiperActor pid=2272402)[0m 2026-04-01 23:46:24,612 - piper_actor - DEBUG - run_dag dispatch (time 10): forward s2 mb3 bkt=0
[36m(PiperActor pid=2272388)[0m 2026-04-01 23:46:24,611 - piper_actor - DEBUG - run_dag dispatch (time 9): send s2 mb2 bkt=0
[36m(PiperActor pid=2272388)[0m 2026-04-01 23:46:24,612 - piper_actor - DEBUG - exec_send key ((2, 0), 2) to peer pp rank 1
[36m(PiperActor pid=2272388)[0m 2026-04-01 23:46:24,612 - piper_actor - DEBUG - run_dag dispatch (time 9): recv s2 mb3 bkt=0
[36m(PiperActor pid=2272388)[0m 2026-04-01 23:46:24,612 - piper_actor - DEBUG - exec_recv key ((2, 0), 3) from peer pp rank 1
[36m(PiperActor pid=2272388)[0m 2026-04-01 23:46:24,613 - piper_actor - DEBUG - run_dag dispatch (time 10): forward s2 mb3 bkt=0
[36m(PiperActor pid=2272396)[0m 2026-04-01 23:46:24,594 - piper_actor - DEBUG - run_dag dispatch (time 8): recv s1 mb1 bkt=0
[36m(PiperActor pid=2272396)[0m 2026-04-01 23:46:24,594 - piper_actor - DEBUG - exec_recv key (None, 1) from peer pp rank 0
[36m(PiperActor pid=2272396)[0m 2026-04-01 23:46:24,594 - piper_actor - DEBUG - run_dag dispatch (time 8): send s1 mb0 bkt=0
[36m(PiperActor pid=2272396)[0m 2026-04-01 23:46:24,594 - piper_actor - DEBUG - exec_send key (None, 0) to peer pp rank 0
[36m(PiperActor pid=2272396)[0m 2026-04-01 23:46:24,595 - piper_actor - DEBUG - run_dag dispatch (time 9): backward s1 mb1 bkt=0
[36m(PiperActor pid=2272396)[0m 2026-04-01 23:46:24,620 - piper_actor - DEBUG - run_dag dispatch (time 9): recv s3 mb2 bkt=0
[36m(PiperActor pid=2272396)[0m 2026-04-01 23:46:24,620 - piper_actor - DEBUG - exec_recv key ((3, 0), 2) from peer pp rank 0
[36m(PiperActor pid=2272396)[0m 2026-04-01 23:46:24,621 - piper_actor - DEBUG - run_dag dispatch (time 9): send s1 mb3 bkt=0
[36m(PiperActor pid=2272396)[0m 2026-04-01 23:46:24,621 - piper_actor - DEBUG - exec_send key ((1, 0), 3) to peer pp rank 0
[36m(PiperActor pid=2272396)[0m 2026-04-01 23:46:24,621 - piper_actor - DEBUG - run_dag dispatch (time 10): forward s3 mb2 bkt=0
[36m(PiperActor pid=2272392)[0m 2026-04-01 23:46:24,588 - piper_actor - DEBUG - run_dag dispatch (time 8): recv s1 mb1 bkt=0
[36m(PiperActor pid=2272392)[0m 2026-04-01 23:46:24,588 - piper_actor - DEBUG - exec_recv key (None, 1) from peer pp rank 0
[36m(PiperActor pid=2272392)[0m 2026-04-01 23:46:24,589 - piper_actor - DEBUG - run_dag dispatch (time 8): send s1 mb0 bkt=0
[36m(PiperActor pid=2272392)[0m 2026-04-01 23:46:24,589 - piper_actor - DEBUG - exec_send key (None, 0) to peer pp rank 0
[36m(PiperActor pid=2272392)[0m 2026-04-01 23:46:24,589 - piper_actor - DEBUG - run_dag dispatch (time 9): backward s1 mb1 bkt=0
[36m(PiperActor pid=2272392)[0m 2026-04-01 23:46:24,621 - piper_actor - DEBUG - run_dag dispatch (time 9): recv s3 mb2 bkt=0
[36m(PiperActor pid=2272392)[0m 2026-04-01 23:46:24,622 - piper_actor - DEBUG - exec_recv key ((3, 0), 2) from peer pp rank 0
[36m(PiperActor pid=2272392)[0m 2026-04-01 23:46:24,622 - piper_actor - DEBUG - run_dag dispatch (time 9): send s1 mb3 bkt=0
[36m(PiperActor pid=2272392)[0m 2026-04-01 23:46:24,622 - piper_actor - DEBUG - exec_send key ((1, 0), 3) to peer pp rank 0
[36m(PiperActor pid=2272392)[0m 2026-04-01 23:46:24,622 - piper_actor - DEBUG - run_dag dispatch (time 10): forward s3 mb2 bkt=0
[36m(PiperActor pid=2272402)[0m 2026-04-01 23:46:24,630 - piper_actor - DEBUG - run_dag dispatch (time 10): recv s0 mb1 bkt=0
[36m(PiperActor pid=2272402)[0m 2026-04-01 23:46:24,630 - piper_actor - DEBUG - exec_recv key (None, 1) from peer pp rank 1
[36m(PiperActor pid=2272402)[0m 2026-04-01 23:46:24,630 - piper_actor - DEBUG - run_dag dispatch (time 11): backward s0 mb1 bkt=0
[36m(PiperActor pid=2272388)[0m 2026-04-01 23:46:24,630 - piper_actor - DEBUG - run_dag dispatch (time 10): recv s0 mb1 bkt=0
[36m(PiperActor pid=2272388)[0m 2026-04-01 23:46:24,630 - piper_actor - DEBUG - exec_recv key (None, 1) from peer pp rank 1
[36m(PiperActor pid=2272388)[0m 2026-04-01 23:46:24,631 - piper_actor - DEBUG - run_dag dispatch (time 11): backward s0 mb1 bkt=0
[36m(PiperActor pid=2272396)[0m 2026-04-01 23:46:24,638 - piper_actor - DEBUG - run_dag dispatch (time 10): send s1 mb1 bkt=0
[36m(PiperActor pid=2272396)[0m 2026-04-01 23:46:24,638 - piper_actor - DEBUG - exec_send key (None, 1) to peer pp rank 0
[36m(PiperActor pid=2272396)[0m 2026-04-01 23:46:24,639 - piper_actor - DEBUG - run_dag dispatch (time 11): backward s3 mb2 bkt=0
[36m(PiperActor pid=2272392)[0m 2026-04-01 23:46:24,639 - piper_actor - DEBUG - run_dag dispatch (time 10): send s1 mb1 bkt=0
[36m(PiperActor pid=2272392)[0m 2026-04-01 23:46:24,639 - piper_actor - DEBUG - exec_send key (None, 1) to peer pp rank 0
[36m(PiperActor pid=2272392)[0m 2026-04-01 23:46:24,639 - piper_actor - DEBUG - run_dag dispatch (time 11): backward s3 mb2 bkt=0
[36m(PiperActor pid=2272402)[0m 2026-04-01 23:46:24,667 - piper_actor - DEBUG - run_dag dispatch (time 11): send s2 mb3 bkt=0
[36m(PiperActor pid=2272402)[0m 2026-04-01 23:46:24,667 - piper_actor - DEBUG - exec_send key ((2, 0), 3) to peer pp rank 1
[36m(PiperActor pid=2272402)[0m 2026-04-01 23:46:24,668 - piper_actor - DEBUG - run_dag dispatch (time 11): recv s2 mb2 bkt=0
[36m(PiperActor pid=2272402)[0m 2026-04-01 23:46:24,668 - piper_actor - DEBUG - exec_recv key (None, 2) from peer pp rank 1
[36m(PiperActor pid=2272402)[0m 2026-04-01 23:46:24,668 - piper_actor - DEBUG - run_dag dispatch (time 12): backward s2 mb2 bkt=0
[36m(PiperActor pid=2272402)[0m 2026-04-01 23:46:24,703 - piper_actor - DEBUG - run_dag dispatch (time 12): recv s2 mb3 bkt=0
[36m(PiperActor pid=2272402)[0m 2026-04-01 23:46:24,704 - piper_actor - DEBUG - exec_recv key (None, 3) from peer pp rank 1
[36m(PiperActor pid=2272402)[0m 2026-04-01 23:46:24,704 - piper_actor - DEBUG - run_dag dispatch (time 13): backward s2 mb3 bkt=0
[36m(PiperActor pid=2272388)[0m 2026-04-01 23:46:24,668 - piper_actor - DEBUG - run_dag dispatch (time 11): send s2 mb3 bkt=0
[36m(PiperActor pid=2272388)[0m 2026-04-01 23:46:24,668 - piper_actor - DEBUG - exec_send key ((2, 0), 3) to peer pp rank 1
[36m(PiperActor pid=2272388)[0m 2026-04-01 23:46:24,669 - piper_actor - DEBUG - run_dag dispatch (time 11): recv s2 mb2 bkt=0
[36m(PiperActor pid=2272388)[0m 2026-04-01 23:46:24,669 - piper_actor - DEBUG - exec_recv key (None, 2) from peer pp rank 1
[36m(PiperActor pid=2272388)[0m 2026-04-01 23:46:24,669 - piper_actor - DEBUG - run_dag dispatch (time 12): backward s2 mb2 bkt=0
[36m(PiperActor pid=2272388)[0m 2026-04-01 23:46:24,704 - piper_actor - DEBUG - run_dag dispatch (time 12): recv s2 mb3 bkt=0
[36m(PiperActor pid=2272388)[0m 2026-04-01 23:46:24,704 - piper_actor - DEBUG - exec_recv key (None, 3) from peer pp rank 1
[36m(PiperActor pid=2272388)[0m 2026-04-01 23:46:24,705 - piper_actor - DEBUG - run_dag dispatch (time 13): backward s2 mb3 bkt=0
[36m(PiperActor pid=2272396)[0m 2026-04-01 23:46:24,669 - piper_actor - DEBUG - run_dag dispatch (time 11): recv s3 mb3 bkt=0
[36m(PiperActor pid=2272396)[0m 2026-04-01 23:46:24,669 - piper_actor - DEBUG - exec_recv key ((3, 0), 3) from peer pp rank 0
[36m(PiperActor pid=2272396)[0m 2026-04-01 23:46:24,669 - piper_actor - DEBUG - run_dag dispatch (time 12): forward s3 mb3 bkt=0
[36m(PiperActor pid=2272392)[0m 2026-04-01 23:46:24,670 - piper_actor - DEBUG - run_dag dispatch (time 11): recv s3 mb3 bkt=0
[36m(PiperActor pid=2272392)[0m 2026-04-01 23:46:24,670 - piper_actor - DEBUG - exec_recv key ((3, 0), 3) from peer pp rank 0
[36m(PiperActor pid=2272392)[0m 2026-04-01 23:46:24,671 - piper_actor - DEBUG - run_dag dispatch (time 12): forward s3 mb3 bkt=0
[36m(PiperActor pid=2272396)[0m 2026-04-01 23:46:24,712 - piper_actor - DEBUG - run_dag dispatch (time 12): send s3 mb2 bkt=0
[36m(PiperActor pid=2272396)[0m 2026-04-01 23:46:24,712 - piper_actor - DEBUG - exec_send key (None, 2) to peer pp rank 0
[36m(PiperActor pid=2272396)[0m 2026-04-01 23:46:24,712 - piper_actor - DEBUG - run_dag dispatch (time 13): backward s3 mb3 bkt=0
[36m(PiperActor pid=2272396)[0m 2026-04-01 23:46:24,743 - piper_actor - DEBUG - run_dag dispatch (time 13): recv s1 mb2 bkt=0
[36m(PiperActor pid=2272396)[0m 2026-04-01 23:46:24,743 - piper_actor - DEBUG - exec_recv key (None, 2) from peer pp rank 0
[36m(PiperActor pid=2272396)[0m 2026-04-01 23:46:24,744 - piper_actor - DEBUG - run_dag dispatch (time 14): backward s1 mb2 bkt=0
[36m(PiperActor pid=2272392)[0m 2026-04-01 23:46:24,712 - piper_actor - DEBUG - run_dag dispatch (time 12): send s3 mb2 bkt=0
[36m(PiperActor pid=2272392)[0m 2026-04-01 23:46:24,712 - piper_actor - DEBUG - exec_send key (None, 2) to peer pp rank 0
[36m(PiperActor pid=2272392)[0m 2026-04-01 23:46:24,713 - piper_actor - DEBUG - run_dag dispatch (time 13): backward s3 mb3 bkt=0
[36m(PiperActor pid=2272392)[0m 2026-04-01 23:46:24,744 - piper_actor - DEBUG - run_dag dispatch (time 13): recv s1 mb2 bkt=0
[36m(PiperActor pid=2272392)[0m 2026-04-01 23:46:24,744 - piper_actor - DEBUG - exec_recv key (None, 2) from peer pp rank 0
[36m(PiperActor pid=2272392)[0m 2026-04-01 23:46:24,744 - piper_actor - DEBUG - run_dag dispatch (time 14): backward s1 mb2 bkt=0
[36m(PiperActor pid=2272402)[0m 2026-04-01 23:46:24,760 - piper_actor - DEBUG - run_dag dispatch (time 13): send s2 mb2 bkt=0
[36m(PiperActor pid=2272402)[0m 2026-04-01 23:46:24,761 - piper_actor - DEBUG - exec_send key (None, 2) to peer pp rank 1
[36m(PiperActor pid=2272402)[0m 2026-04-01 23:46:24,761 - piper_actor - DEBUG - run_dag dispatch (time 13): recv s0 mb2 bkt=0
[36m(PiperActor pid=2272402)[0m 2026-04-01 23:46:24,761 - piper_actor - DEBUG - exec_recv key (None, 2) from peer pp rank 1
[36m(PiperActor pid=2272402)[0m 2026-04-01 23:46:24,762 - piper_actor - DEBUG - run_dag dispatch (time 14): backward s0 mb2 bkt=0
[36m(PiperActor pid=2272388)[0m 2026-04-01 23:46:24,761 - piper_actor - DEBUG - run_dag dispatch (time 13): send s2 mb2 bkt=0
[36m(PiperActor pid=2272388)[0m 2026-04-01 23:46:24,761 - piper_actor - DEBUG - exec_send key (None, 2) to peer pp rank 1
[36m(PiperActor pid=2272388)[0m 2026-04-01 23:46:24,762 - piper_actor - DEBUG - run_dag dispatch (time 13): recv s0 mb2 bkt=0
[36m(PiperActor pid=2272388)[0m 2026-04-01 23:46:24,762 - piper_actor - DEBUG - exec_recv key (None, 2) from peer pp rank 1
[36m(PiperActor pid=2272388)[0m 2026-04-01 23:46:24,762 - piper_actor - DEBUG - run_dag dispatch (time 14): backward s0 mb2 bkt=0
[36m(PiperActor pid=2272396)[0m 2026-04-01 23:46:24,801 - piper_actor - DEBUG - run_dag dispatch (time 14): recv s1 mb3 bkt=0
[36m(PiperActor pid=2272396)[0m 2026-04-01 23:46:24,802 - piper_actor - DEBUG - exec_recv key (None, 3) from peer pp rank 0
[36m(PiperActor pid=2272396)[0m 2026-04-01 23:46:24,802 - piper_actor - DEBUG - run_dag dispatch (time 14): send s3 mb3 bkt=0
[36m(PiperActor pid=2272396)[0m 2026-04-01 23:46:24,802 - piper_actor - DEBUG - exec_send key (None, 3) to peer pp rank 0
[36m(PiperActor pid=2272396)[0m 2026-04-01 23:46:24,803 - piper_actor - DEBUG - run_dag dispatch (time 14): reduce_scatter s3 mb3 bkt=0
[36m(PiperActor pid=2272396)[0m 2026-04-01 23:46:24,803 - piper_actor - DEBUG - run_dag dispatch (time 15): backward s1 mb3 bkt=0
[36m(PiperActor pid=2272392)[0m 2026-04-01 23:46:24,802 - piper_actor - DEBUG - run_dag dispatch (time 14): recv s1 mb3 bkt=0
[36m(PiperActor pid=2272392)[0m 2026-04-01 23:46:24,802 - piper_actor - DEBUG - exec_recv key (None, 3) from peer pp rank 0
[36m(PiperActor pid=2272392)[0m 2026-04-01 23:46:24,803 - piper_actor - DEBUG - run_dag dispatch (time 14): send s3 mb3 bkt=0
[36m(PiperActor pid=2272392)[0m 2026-04-01 23:46:24,803 - piper_actor - DEBUG - exec_send key (None, 3) to peer pp rank 0
[36m(PiperActor pid=2272392)[0m 2026-04-01 23:46:24,803 - piper_actor - DEBUG - run_dag dispatch (time 14): reduce_scatter s3 mb3 bkt=0
[36m(PiperActor pid=2272392)[0m 2026-04-01 23:46:24,804 - piper_actor - DEBUG - run_dag dispatch (time 15): backward s1 mb3 bkt=0
[36m(PiperActor pid=2272402)[0m 2026-04-01 23:46:24,840 - piper_actor - DEBUG - run_dag dispatch (time 14): send s2 mb3 bkt=0
[36m(PiperActor pid=2272402)[0m 2026-04-01 23:46:24,841 - piper_actor - DEBUG - exec_send key (None, 3) to peer pp rank 1
[36m(PiperActor pid=2272402)[0m 2026-04-01 23:46:24,841 - piper_actor - DEBUG - run_dag dispatch (time 14): recv s0 mb3 bkt=0
[36m(PiperActor pid=2272402)[0m 2026-04-01 23:46:24,842 - piper_actor - DEBUG - exec_recv key (None, 3) from peer pp rank 1
[36m(PiperActor pid=2272402)[0m 2026-04-01 23:46:24,842 - piper_actor - DEBUG - run_dag dispatch (time 14): reduce_scatter s2 mb3 bkt=0
[36m(PiperActor pid=2272402)[0m 2026-04-01 23:46:24,842 - piper_actor - DEBUG - run_dag dispatch (time 15): backward s0 mb3 bkt=0
[36m(PiperActor pid=2272388)[0m 2026-04-01 23:46:24,841 - piper_actor - DEBUG - run_dag dispatch (time 14): send s2 mb3 bkt=0
[36m(PiperActor pid=2272388)[0m 2026-04-01 23:46:24,841 - piper_actor - DEBUG - exec_send key (None, 3) to peer pp rank 1
[36m(PiperActor pid=2272388)[0m 2026-04-01 23:46:24,842 - piper_actor - DEBUG - run_dag dispatch (time 14): recv s0 mb3 bkt=0
[36m(PiperActor pid=2272388)[0m 2026-04-01 23:46:24,842 - piper_actor - DEBUG - exec_recv key (None, 3) from peer pp rank 1
[36m(PiperActor pid=2272388)[0m 2026-04-01 23:46:24,842 - piper_actor - DEBUG - run_dag dispatch (time 14): reduce_scatter s2 mb3 bkt=0
[36m(PiperActor pid=2272388)[0m 2026-04-01 23:46:24,843 - piper_actor - DEBUG - run_dag dispatch (time 15): backward s0 mb3 bkt=0
[36m(PiperActor pid=2272396)[0m 2026-04-01 23:46:24,840 - piper_actor - DEBUG - run_dag dispatch (time 15): send s1 mb2 bkt=0
[36m(PiperActor pid=2272396)[0m 2026-04-01 23:46:24,840 - piper_actor - DEBUG - exec_send key (None, 2) to peer pp rank 0
[36m(PiperActor pid=2272396)[0m 2026-04-01 23:46:24,840 - piper_actor - DEBUG - run_dag dispatch (time 16): update s1 mb3 bkt=0
[36m(PiperActor pid=2272392)[0m 2026-04-01 23:46:24,841 - piper_actor - DEBUG - run_dag dispatch (time 15): send s1 mb2 bkt=0
[36m(PiperActor pid=2272392)[0m 2026-04-01 23:46:24,841 - piper_actor - DEBUG - exec_send key (None, 2) to peer pp rank 0
[36m(PiperActor pid=2272392)[0m 2026-04-01 23:46:24,842 - piper_actor - DEBUG - run_dag dispatch (time 16): update s1 mb3 bkt=0
[36m(PiperActor pid=2272402)[0m 2026-04-01 23:46:24,881 - piper_actor - DEBUG - run_dag dispatch (time 16): update s0 mb3 bkt=0
[36m(PiperActor pid=2272388)[0m 2026-04-01 23:46:24,882 - piper_actor - DEBUG - run_dag dispatch (time 16): update s0 mb3 bkt=0
[36m(PiperActor pid=2272396)[0m 2026-04-01 23:46:24,897 - piper_actor - DEBUG - run_dag dispatch (time 16): send s1 mb3 bkt=0
[36m(PiperActor pid=2272396)[0m 2026-04-01 23:46:24,897 - piper_actor - DEBUG - exec_send key (None, 3) to peer pp rank 0
[36m(PiperActor pid=2272396)[0m 2026-04-01 23:46:24,898 - piper_actor - DEBUG - run_dag dispatch (time 16): reduce_scatter s1 mb3 bkt=0
[36m(PiperActor pid=2272392)[0m 2026-04-01 23:46:24,898 - piper_actor - DEBUG - run_dag dispatch (time 16): send s1 mb3 bkt=0
[36m(PiperActor pid=2272392)[0m 2026-04-01 23:46:24,898 - piper_actor - DEBUG - exec_send key (None, 3) to peer pp rank 0
[36m(PiperActor pid=2272392)[0m 2026-04-01 23:46:24,898 - piper_actor - DEBUG - run_dag dispatch (time 16): reduce_scatter s1 mb3 bkt=0
[36m(PiperActor pid=2272402)[0m 2026-04-01 23:46:24,940 - piper_actor - DEBUG - run_dag dispatch (time 16): reduce_scatter s0 mb3 bkt=0
[36m(PiperActor pid=2272402)[0m 2026-04-01 23:46:24,949 - piper_actor - DEBUG - run_dag dispatch (time -30001): all_gather s2 mb0 bkt=0
[36m(PiperActor pid=2272402)[0m 2026-04-01 23:46:24,949 - piper_actor - DEBUG - run_dag dispatch (time -30000): all_gather s0 mb0 bkt=0
[36m(PiperActor pid=2272402)[0m 2026-04-01 23:46:24,950 - piper_actor - DEBUG - run_dag dispatch (time 0): forward s0 mb0 bkt=0
[36m(PiperActor pid=2272388)[0m 2026-04-01 23:46:24,940 - piper_actor - DEBUG - run_dag dispatch (time 16): reduce_scatter s0 mb3 bkt=0
[36m(PiperActor pid=2272388)[0m 2026-04-01 23:46:24,949 - piper_actor - DEBUG - run_dag dispatch (time -30001): all_gather s2 mb0 bkt=0
[36m(PiperActor pid=2272388)[0m 2026-04-01 23:46:24,950 - piper_actor - DEBUG - run_dag dispatch (time -30000): all_gather s0 mb0 bkt=0
[36m(PiperActor pid=2272388)[0m 2026-04-01 23:46:24,950 - piper_actor - DEBUG - run_dag dispatch (time 0): forward s0 mb0 bkt=0
[36m(PiperActor pid=2272396)[0m 2026-04-01 23:46:24,949 - piper_actor - DEBUG - run_dag dispatch (time -30001): all_gather s3 mb0 bkt=0
[36m(PiperActor pid=2272396)[0m 2026-04-01 23:46:24,950 - piper_actor - DEBUG - run_dag dispatch (time -30000): all_gather s1 mb0 bkt=0
[36m(PiperActor pid=2272396)[0m 2026-04-01 23:46:24,950 - piper_actor - DEBUG - run_dag dispatch (time -1): recv s1 mb0 bkt=0
[36m(PiperActor pid=2272396)[0m 2026-04-01 23:46:24,950 - piper_actor - DEBUG - exec_recv key ((1, 0), 0) from peer pp rank 0
[36m(PiperActor pid=2272396)[0m 2026-04-01 23:46:24,951 - piper_actor - DEBUG - run_dag dispatch (time 0): forward s1 mb0 bkt=0
[36m(PiperActor pid=2272392)[0m 2026-04-01 23:46:24,950 - piper_actor - DEBUG - run_dag dispatch (time -30001): all_gather s3 mb0 bkt=0
[36m(PiperActor pid=2272392)[0m 2026-04-01 23:46:24,950 - piper_actor - DEBUG - run_dag dispatch (time -30000): all_gather s1 mb0 bkt=0
[36m(PiperActor pid=2272392)[0m 2026-04-01 23:46:24,951 - piper_actor - DEBUG - run_dag dispatch (time -1): recv s1 mb0 bkt=0
[36m(PiperActor pid=2272392)[0m 2026-04-01 23:46:24,951 - piper_actor - DEBUG - exec_recv key ((1, 0), 0) from peer pp rank 0
[36m(PiperActor pid=2272392)[0m 2026-04-01 23:46:24,951 - piper_actor - DEBUG - run_dag dispatch (time 0): forward s1 mb0 bkt=0
[36m(PiperActor pid=2272402)[0m 2026-04-01 23:46:24,961 - piper_actor - DEBUG - run_dag dispatch (time 1): forward s0 mb1 bkt=0
[36m(PiperActor pid=2272402)[0m 2026-04-01 23:46:24,971 - piper_actor - DEBUG - run_dag dispatch (time 1): send s0 mb0 bkt=0
[36m(PiperActor pid=2272402)[0m 2026-04-01 23:46:24,972 - piper_actor - DEBUG - exec_send key ((0, 0), 0) to peer pp rank 1
[36m(PiperActor pid=2272402)[0m 2026-04-01 23:46:24,972 - piper_actor - DEBUG - run_dag dispatch (time 1): recv s2 mb0 bkt=0
[36m(PiperActor pid=2272402)[0m 2026-04-01 23:46:24,972 - piper_actor - DEBUG - exec_recv key ((2, 0), 0) from peer pp rank 1
[36m(PiperActor pid=2272402)[0m 2026-04-01 23:46:24,972 - piper_actor - DEBUG - run_dag dispatch (time 2): forward s2 mb0 bkt=0
[36m(PiperActor pid=2272402)[0m 2026-04-01 23:46:24,983 - piper_actor - DEBUG - run_dag dispatch (time 2): send s0 mb1 bkt=0
[36m(PiperActor pid=2272402)[0m 2026-04-01 23:46:24,983 - piper_actor - DEBUG - exec_send key ((0, 0), 1) to peer pp rank 1
[36m(PiperActor pid=2272402)[0m 2026-04-01 23:46:24,983 - piper_actor - DEBUG - run_dag dispatch (time 2): recv s2 mb1 bkt=0
[36m(PiperActor pid=2272402)[0m 2026-04-01 23:46:24,983 - piper_actor - DEBUG - exec_recv key ((2, 0), 1) from peer pp rank 1
[36m(PiperActor pid=2272402)[0m 2026-04-01 23:46:24,984 - piper_actor - DEBUG - run_dag dispatch (time 3): forward s2 mb1 bkt=0
[36m(PiperActor pid=2272388)[0m 2026-04-01 23:46:24,962 - piper_actor - DEBUG - run_dag dispatch (time 1): forward s0 mb1 bkt=0
[36m(PiperActor pid=2272388)[0m 2026-04-01 23:46:24,972 - piper_actor - DEBUG - run_dag dispatch (time 1): send s0 mb0 bkt=0
[36m(PiperActor pid=2272388)[0m 2026-04-01 23:46:24,972 - piper_actor - DEBUG - exec_send key ((0, 0), 0) to peer pp rank 1
[36m(PiperActor pid=2272388)[0m 2026-04-01 23:46:24,973 - piper_actor - DEBUG - run_dag dispatch (time 1): recv s2 mb0 bkt=0
[36m(PiperActor pid=2272388)[0m 2026-04-01 23:46:24,973 - piper_actor - DEBUG - exec_recv key ((2, 0), 0) from peer pp rank 1
[36m(PiperActor pid=2272388)[0m 2026-04-01 23:46:24,973 - piper_actor - DEBUG - run_dag dispatch (time 2): forward s2 mb0 bkt=0
[36m(PiperActor pid=2272388)[0m 2026-04-01 23:46:24,984 - piper_actor - DEBUG - run_dag dispatch (time 2): send s0 mb1 bkt=0
[36m(PiperActor pid=2272388)[0m 2026-04-01 23:46:24,984 - piper_actor - DEBUG - exec_send key ((0, 0), 1) to peer pp rank 1
[36m(PiperActor pid=2272388)[0m 2026-04-01 23:46:24,984 - piper_actor - DEBUG - run_dag dispatch (time 2): recv s2 mb1 bkt=0
[36m(PiperActor pid=2272388)[0m 2026-04-01 23:46:24,984 - piper_actor - DEBUG - exec_recv key ((2, 0), 1) from peer pp rank 1
[36m(PiperActor pid=2272388)[0m 2026-04-01 23:46:24,985 - piper_actor - DEBUG - run_dag dispatch (time 3): forward s2 mb1 bkt=0
[36m(PiperActor pid=2272396)[0m 2026-04-01 23:46:24,962 - piper_actor - DEBUG - run_dag dispatch (time 0): recv s1 mb1 bkt=0
[36m(PiperActor pid=2272396)[0m 2026-04-01 23:46:24,962 - piper_actor - DEBUG - exec_recv key ((1, 0), 1) from peer pp rank 0
[36m(PiperActor pid=2272396)[0m 2026-04-01 23:46:24,963 - piper_actor - DEBUG - run_dag dispatch (time 1): forward s1 mb1 bkt=0
[36m(PiperActor pid=2272396)[0m 2026-04-01 23:46:24,973 - piper_actor - DEBUG - run_dag dispatch (time 1): recv s3 mb0 bkt=0
[36m(PiperActor pid=2272396)[0m 2026-04-01 23:46:24,973 - piper_actor - DEBUG - exec_recv key ((3, 0), 0) from peer pp rank 0
[36m(PiperActor pid=2272396)[0m 2026-04-01 23:46:24,974 - piper_actor - DEBUG - run_dag dispatch (time 1): send s1 mb0 bkt=0
[36m(PiperActor pid=2272396)[0m 2026-04-01 23:46:24,974 - piper_actor - DEBUG - exec_send key ((1, 0), 0) to peer pp rank 0
[36m(PiperActor pid=2272396)[0m 2026-04-01 23:46:24,974 - piper_actor - DEBUG - run_dag dispatch (time 2): forward s3 mb0 bkt=0
[36m(PiperActor pid=2272396)[0m 2026-04-01 23:46:24,985 - piper_actor - DEBUG - run_dag dispatch (time 2): send s1 mb1 bkt=0
[36m(PiperActor pid=2272396)[0m 2026-04-01 23:46:24,985 - piper_actor - DEBUG - exec_send key ((1, 0), 1) to peer pp rank 0
[36m(PiperActor pid=2272396)[0m 2026-04-01 23:46:24,985 - piper_actor - DEBUG - run_dag dispatch (time 3): backward s3 mb0 bkt=0
[36m(PiperActor pid=2272392)[0m 2026-04-01 23:46:24,962 - piper_actor - DEBUG - run_dag dispatch (time 0): recv s1 mb1 bkt=0
[36m(PiperActor pid=2272392)[0m 2026-04-01 23:46:24,962 - piper_actor - DEBUG - exec_recv key ((1, 0), 1) from peer pp rank 0
[36m(PiperActor pid=2272392)[0m 2026-04-01 23:46:24,963 - piper_actor - DEBUG - run_dag dispatch (time 1): forward s1 mb1 bkt=0
[36m(PiperActor pid=2272392)[0m 2026-04-01 23:46:24,973 - piper_actor - DEBUG - run_dag dispatch (time 1): recv s3 mb0 bkt=0
[36m(PiperActor pid=2272392)[0m 2026-04-01 23:46:24,973 - piper_actor - DEBUG - exec_recv key ((3, 0), 0) from peer pp rank 0
[36m(PiperActor pid=2272392)[0m 2026-04-01 23:46:24,974 - piper_actor - DEBUG - run_dag dispatch (time 1): send s1 mb0 bkt=0
[36m(PiperActor pid=2272392)[0m 2026-04-01 23:46:24,974 - piper_actor - DEBUG - exec_send key ((1, 0), 0) to peer pp rank 0
[36m(PiperActor pid=2272392)[0m 2026-04-01 23:46:24,974 - piper_actor - DEBUG - run_dag dispatch (time 2): forward s3 mb0 bkt=0
[36m(PiperActor pid=2272392)[0m 2026-04-01 23:46:24,985 - piper_actor - DEBUG - run_dag dispatch (time 2): send s1 mb1 bkt=0
[36m(PiperActor pid=2272392)[0m 2026-04-01 23:46:24,985 - piper_actor - DEBUG - exec_send key ((1, 0), 1) to peer pp rank 0
[36m(PiperActor pid=2272392)[0m 2026-04-01 23:46:24,985 - piper_actor - DEBUG - run_dag dispatch (time 3): backward s3 mb0 bkt=0
[36m(PiperActor pid=2272402)[0m 2026-04-01 23:46:24,994 - piper_actor - DEBUG - run_dag dispatch (time 3): send s2 mb0 bkt=0
[36m(PiperActor pid=2272402)[0m 2026-04-01 23:46:24,994 - piper_actor - DEBUG - exec_send key ((2, 0), 0) to peer pp rank 1
[36m(PiperActor pid=2272402)[0m 2026-04-01 23:46:24,995 - piper_actor - DEBUG - run_dag dispatch (time 4): forward s0 mb2 bkt=0
[36m(PiperActor pid=2272402)[0m 2026-04-01 23:46:25,005 - piper_actor - DEBUG - run_dag dispatch (time 4): send s2 mb1 bkt=0
[36m(PiperActor pid=2272402)[0m 2026-04-01 23:46:25,005 - piper_actor - DEBUG - exec_send key ((2, 0), 1) to peer pp rank 1
[36m(PiperActor pid=2272402)[0m 2026-04-01 23:46:25,005 - piper_actor - DEBUG - run_dag dispatch (time 4): recv s2 mb0 bkt=0
[36m(PiperActor pid=2272402)[0m 2026-04-01 23:46:25,005 - piper_actor - DEBUG - exec_recv key (None, 0) from peer pp rank 1
[36m(PiperActor pid=2272402)[0m 2026-04-01 23:46:25,006 - piper_actor - DEBUG - run_dag dispatch (time 5): backward s2 mb0 bkt=0
[36m(PiperActor pid=2272402)[0m 2026-04-01 23:46:25,033 - piper_actor - DEBUG - run_dag dispatch (time 5): send s0 mb2 bkt=0
[36m(PiperActor pid=2272402)[0m 2026-04-01 23:46:25,033 - piper_actor - DEBUG - exec_send key ((0, 0), 2) to peer pp rank 1
[36m(PiperActor pid=2272402)[0m 2026-04-01 23:46:25,034 - piper_actor - DEBUG - run_dag dispatch (time 6): forward s0 mb3 bkt=0
[36m(PiperActor pid=2272388)[0m 2026-04-01 23:46:24,995 - piper_actor - DEBUG - run_dag dispatch (time 3): send s2 mb0 bkt=0
[36m(PiperActor pid=2272388)[0m 2026-04-01 23:46:24,995 - piper_actor - DEBUG - exec_send key ((2, 0), 0) to peer pp rank 1
[36m(PiperActor pid=2272388)[0m 2026-04-01 23:46:24,995 - piper_actor - DEBUG - run_dag dispatch (time 4): forward s0 mb2 bkt=0
[36m(PiperActor pid=2272388)[0m 2026-04-01 23:46:25,006 - piper_actor - DEBUG - run_dag dispatch (time 4): send s2 mb1 bkt=0
[36m(PiperActor pid=2272388)[0m 2026-04-01 23:46:25,006 - piper_actor - DEBUG - exec_send key ((2, 0), 1) to peer pp rank 1
[36m(PiperActor pid=2272388)[0m 2026-04-01 23:46:25,007 - piper_actor - DEBUG - run_dag dispatch (time 4): recv s2 mb0 bkt=0
[36m(PiperActor pid=2272388)[0m 2026-04-01 23:46:25,007 - piper_actor - DEBUG - exec_recv key (None, 0) from peer pp rank 1
[36m(PiperActor pid=2272388)[0m 2026-04-01 23:46:25,007 - piper_actor - DEBUG - run_dag dispatch (time 5): backward s2 mb0 bkt=0
[36m(PiperActor pid=2272396)[0m 2026-04-01 23:46:25,015 - piper_actor - DEBUG - run_dag dispatch (time 3): recv s3 mb1 bkt=0
[36m(PiperActor pid=2272396)[0m 2026-04-01 23:46:25,015 - piper_actor - DEBUG - exec_recv key ((3, 0), 1) from peer pp rank 0
[36m(PiperActor pid=2272396)[0m 2026-04-01 23:46:25,016 - piper_actor - DEBUG - run_dag dispatch (time 4): forward s3 mb1 bkt=0
[36m(PiperActor pid=2272392)[0m 2026-04-01 23:46:25,016 - piper_actor - DEBUG - run_dag dispatch (time 3): recv s3 mb1 bkt=0
[36m(PiperActor pid=2272392)[0m 2026-04-01 23:46:25,016 - piper_actor - DEBUG - exec_recv key ((3, 0), 1) from peer pp rank 0
[36m(PiperActor pid=2272392)[0m 2026-04-01 23:46:25,017 - piper_actor - DEBUG - run_dag dispatch (time 4): forward s3 mb1 bkt=0
[36m(PiperActor pid=2272388)[0m 2026-04-01 23:46:25,041 - piper_actor - DEBUG - run_dag dispatch (time 5): send s0 mb2 bkt=0
[36m(PiperActor pid=2272388)[0m 2026-04-01 23:46:25,041 - piper_actor - DEBUG - exec_send key ((0, 0), 2) to peer pp rank 1
[36m(PiperActor pid=2272388)[0m 2026-04-01 23:46:25,041 - piper_actor - DEBUG - run_dag dispatch (time 6): forward s0 mb3 bkt=0
[36m(PiperActor pid=2272396)[0m 2026-04-01 23:46:25,058 - piper_actor - DEBUG - run_dag dispatch (time 4): send s3 mb0 bkt=0
[36m(PiperActor pid=2272396)[0m 2026-04-01 23:46:25,058 - piper_actor - DEBUG - exec_send key (None, 0) to peer pp rank 0
[36m(PiperActor pid=2272396)[0m 2026-04-01 23:46:25,059 - piper_actor - DEBUG - run_dag dispatch (time 5): backward s3 mb1 bkt=0
[36m(PiperActor pid=2272392)[0m 2026-04-01 23:46:25,058 - piper_actor - DEBUG - run_dag dispatch (time 4): send s3 mb0 bkt=0
[36m(PiperActor pid=2272392)[0m 2026-04-01 23:46:25,059 - piper_actor - DEBUG - exec_send key (None, 0) to peer pp rank 0
[36m(PiperActor pid=2272392)[0m 2026-04-01 23:46:25,059 - piper_actor - DEBUG - run_dag dispatch (time 5): backward s3 mb1 bkt=0
[36m(PiperActor pid=2272402)[0m 2026-04-01 23:46:25,088 - piper_actor - DEBUG - run_dag dispatch (time 6): send s2 mb0 bkt=0
[36m(PiperActor pid=2272402)[0m 2026-04-01 23:46:25,088 - piper_actor - DEBUG - exec_send key (None, 0) to peer pp rank 1
[36m(PiperActor pid=2272402)[0m 2026-04-01 23:46:25,089 - piper_actor - DEBUG - run_dag dispatch (time 6): recv s2 mb1 bkt=0
[36m(PiperActor pid=2272402)[0m 2026-04-01 23:46:25,089 - piper_actor - DEBUG - exec_recv key (None, 1) from peer pp rank 1
[36m(PiperActor pid=2272402)[0m 2026-04-01 23:46:25,089 - piper_actor - DEBUG - run_dag dispatch (time 7): backward s2 mb1 bkt=0
[36m(PiperActor pid=2272388)[0m 2026-04-01 23:46:25,088 - piper_actor - DEBUG - run_dag dispatch (time 6): send s2 mb0 bkt=0
[36m(PiperActor pid=2272388)[0m 2026-04-01 23:46:25,088 - piper_actor - DEBUG - exec_send key (None, 0) to peer pp rank 1
[36m(PiperActor pid=2272388)[0m 2026-04-01 23:46:25,088 - piper_actor - DEBUG - run_dag dispatch (time 6): recv s2 mb1 bkt=0
[36m(PiperActor pid=2272388)[0m 2026-04-01 23:46:25,088 - piper_actor - DEBUG - exec_recv key (None, 1) from peer pp rank 1
[36m(PiperActor pid=2272388)[0m 2026-04-01 23:46:25,089 - piper_actor - DEBUG - run_dag dispatch (time 7): backward s2 mb1 bkt=0
[36m(PiperActor pid=2272396)[0m 2026-04-01 23:46:25,089 - piper_actor - DEBUG - run_dag dispatch (time 5): recv s1 mb2 bkt=0
[36m(PiperActor pid=2272396)[0m 2026-04-01 23:46:25,089 - piper_actor - DEBUG - exec_recv key ((1, 0), 2) from peer pp rank 0
[36m(PiperActor pid=2272396)[0m 2026-04-01 23:46:25,090 - piper_actor - DEBUG - run_dag dispatch (time 6): forward s1 mb2 bkt=0
[36m(PiperActor pid=2272392)[0m 2026-04-01 23:46:25,089 - piper_actor - DEBUG - run_dag dispatch (time 5): recv s1 mb2 bkt=0
[36m(PiperActor pid=2272392)[0m 2026-04-01 23:46:25,090 - piper_actor - DEBUG - exec_recv key ((1, 0), 2) from peer pp rank 0
[36m(PiperActor pid=2272392)[0m 2026-04-01 23:46:25,090 - piper_actor - DEBUG - run_dag dispatch (time 6): forward s1 mb2 bkt=0
[36m(PiperActor pid=2272402)[0m 2026-04-01 23:46:25,124 - piper_actor - DEBUG - run_dag dispatch (time 7): send s0 mb3 bkt=0
[36m(PiperActor pid=2272402)[0m 2026-04-01 23:46:25,124 - piper_actor - DEBUG - exec_send key ((0, 0), 3) to peer pp rank 1
[36m(PiperActor pid=2272402)[0m 2026-04-01 23:46:25,125 - piper_actor - DEBUG - run_dag dispatch (time 7): recv s2 mb2 bkt=0
[36m(PiperActor pid=2272402)[0m 2026-04-01 23:46:25,125 - piper_actor - DEBUG - exec_recv key ((2, 0), 2) from peer pp rank 1
[36m(PiperActor pid=2272402)[0m 2026-04-01 23:46:25,125 - piper_actor - DEBUG - run_dag dispatch (time 8): forward s2 mb2 bkt=0
[36m(PiperActor pid=2272402)[0m 2026-04-01 23:46:25,161 - piper_actor - DEBUG - run_dag dispatch (time 8): send s2 mb1 bkt=0
[36m(PiperActor pid=2272402)[0m 2026-04-01 23:46:25,161 - piper_actor - DEBUG - exec_send key (None, 1) to peer pp rank 1
[36m(PiperActor pid=2272388)[0m 2026-04-01 23:46:25,124 - piper_actor - DEBUG - run_dag dispatch (time 7): send s0 mb3 bkt=0
[36m(PiperActor pid=2272388)[0m 2026-04-01 23:46:25,125 - piper_actor - DEBUG - exec_send key ((0, 0), 3) to peer pp rank 1
[36m(PiperActor pid=2272388)[0m 2026-04-01 23:46:25,125 - piper_actor - DEBUG - run_dag dispatch (time 7): recv s2 mb2 bkt=0
[36m(PiperActor pid=2272388)[0m 2026-04-01 23:46:25,125 - piper_actor - DEBUG - exec_recv key ((2, 0), 2) from peer pp rank 1
[36m(PiperActor pid=2272388)[0m 2026-04-01 23:46:25,126 - piper_actor - DEBUG - run_dag dispatch (time 8): forward s2 mb2 bkt=0
[36m(PiperActor pid=2272388)[0m 2026-04-01 23:46:25,160 - piper_actor - DEBUG - run_dag dispatch (time 8): send s2 mb1 bkt=0
[36m(PiperActor pid=2272388)[0m 2026-04-01 23:46:25,160 - piper_actor - DEBUG - exec_send key (None, 1) to peer pp rank 1
[36m(PiperActor pid=2272388)[0m 2026-04-01 23:46:25,160 - piper_actor - DEBUG - run_dag dispatch (time 8): recv s0 mb0 bkt=0
[36m(PiperActor pid=2272388)[0m 2026-04-01 23:46:25,160 - piper_actor - DEBUG - exec_recv key (None, 0) from peer pp rank 1
[36m(PiperActor pid=2272388)[0m 2026-04-01 23:46:25,161 - piper_actor - DEBUG - run_dag dispatch (time 9): backward s0 mb0 bkt=0
[36m(PiperActor pid=2272396)[0m 2026-04-01 23:46:25,130 - piper_actor - DEBUG - run_dag dispatch (time 6): recv s1 mb0 bkt=0
[36m(PiperActor pid=2272396)[0m 2026-04-01 23:46:25,130 - piper_actor - DEBUG - exec_recv key (None, 0) from peer pp rank 0
[36m(PiperActor pid=2272396)[0m 2026-04-01 23:46:25,131 - piper_actor - DEBUG - run_dag dispatch (time 6): send s3 mb1 bkt=0
[36m(PiperActor pid=2272396)[0m 2026-04-01 23:46:25,131 - piper_actor - DEBUG - exec_send key (None, 1) to peer pp rank 0
[36m(PiperActor pid=2272396)[0m 2026-04-01 23:46:25,131 - piper_actor - DEBUG - run_dag dispatch (time 7): backward s1 mb0 bkt=0
[36m(PiperActor pid=2272396)[0m 2026-04-01 23:46:25,159 - piper_actor - DEBUG - run_dag dispatch (time 7): recv s1 mb3 bkt=0
[36m(PiperActor pid=2272396)[0m 2026-04-01 23:46:25,160 - piper_actor - DEBUG - exec_recv key ((1, 0), 3) from peer pp rank 0
[36m(PiperActor pid=2272396)[0m 2026-04-01 23:46:25,160 - piper_actor - DEBUG - run_dag dispatch (time 7): send s1 mb2 bkt=0
[36m(PiperActor pid=2272396)[0m 2026-04-01 23:46:25,160 - piper_actor - DEBUG - exec_send key ((1, 0), 2) to peer pp rank 0
[36m(PiperActor pid=2272396)[0m 2026-04-01 23:46:25,161 - piper_actor - DEBUG - run_dag dispatch (time 8): forward s1 mb3 bkt=0
[36m(PiperActor pid=2272392)[0m 2026-04-01 23:46:25,129 - piper_actor - DEBUG - run_dag dispatch (time 6): recv s1 mb0 bkt=0
[36m(PiperActor pid=2272392)[0m 2026-04-01 23:46:25,129 - piper_actor - DEBUG - exec_recv key (None, 0) from peer pp rank 0
[36m(PiperActor pid=2272392)[0m 2026-04-01 23:46:25,130 - piper_actor - DEBUG - run_dag dispatch (time 6): send s3 mb1 bkt=0
[36m(PiperActor pid=2272392)[0m 2026-04-01 23:46:25,130 - piper_actor - DEBUG - exec_send key (None, 1) to peer pp rank 0
[36m(PiperActor pid=2272392)[0m 2026-04-01 23:46:25,130 - piper_actor - DEBUG - run_dag dispatch (time 7): backward s1 mb0 bkt=0
[36m(PiperActor pid=2272392)[0m 2026-04-01 23:46:25,159 - piper_actor - DEBUG - run_dag dispatch (time 7): recv s1 mb3 bkt=0
[36m(PiperActor pid=2272392)[0m 2026-04-01 23:46:25,159 - piper_actor - DEBUG - exec_recv key ((1, 0), 3) from peer pp rank 0
[36m(PiperActor pid=2272392)[0m 2026-04-01 23:46:25,160 - piper_actor - DEBUG - run_dag dispatch (time 7): send s1 mb2 bkt=0
[36m(PiperActor pid=2272392)[0m 2026-04-01 23:46:25,160 - piper_actor - DEBUG - exec_send key ((1, 0), 2) to peer pp rank 0
[36m(PiperActor pid=2272392)[0m 2026-04-01 23:46:25,160 - piper_actor - DEBUG - run_dag dispatch (time 8): forward s1 mb3 bkt=0
[36m(PiperActor pid=2272402)[0m 2026-04-01 23:46:25,161 - piper_actor - DEBUG - run_dag dispatch (time 8): recv s0 mb0 bkt=0
[36m(PiperActor pid=2272402)[0m 2026-04-01 23:46:25,161 - piper_actor - DEBUG - exec_recv key (None, 0) from peer pp rank 1
[36m(PiperActor pid=2272402)[0m 2026-04-01 23:46:25,162 - piper_actor - DEBUG - run_dag dispatch (time 9): backward s0 mb0 bkt=0
[36m(PiperActor pid=2272402)[0m 2026-04-01 23:46:25,199 - piper_actor - DEBUG - run_dag dispatch (time 9): send s2 mb2 bkt=0
[36m(PiperActor pid=2272402)[0m 2026-04-01 23:46:25,199 - piper_actor - DEBUG - exec_send key ((2, 0), 2) to peer pp rank 1
[36m(PiperActor pid=2272402)[0m 2026-04-01 23:46:25,200 - piper_actor - DEBUG - run_dag dispatch (time 9): recv s2 mb3 bkt=0
[36m(PiperActor pid=2272402)[0m 2026-04-01 23:46:25,200 - piper_actor - DEBUG - exec_recv key ((2, 0), 3) from peer pp rank 1
[36m(PiperActor pid=2272402)[0m 2026-04-01 23:46:25,200 - piper_actor - DEBUG - run_dag dispatch (time 10): forward s2 mb3 bkt=0
[36m(PiperActor pid=2272388)[0m 2026-04-01 23:46:25,198 - piper_actor - DEBUG - run_dag dispatch (time 9): send s2 mb2 bkt=0
[36m(PiperActor pid=2272388)[0m 2026-04-01 23:46:25,198 - piper_actor - DEBUG - exec_send key ((2, 0), 2) to peer pp rank 1
[36m(PiperActor pid=2272388)[0m 2026-04-01 23:46:25,199 - piper_actor - DEBUG - run_dag dispatch (time 9): recv s2 mb3 bkt=0
[36m(PiperActor pid=2272388)[0m 2026-04-01 23:46:25,199 - piper_actor - DEBUG - exec_recv key ((2, 0), 3) from peer pp rank 1
[36m(PiperActor pid=2272388)[0m 2026-04-01 23:46:25,199 - piper_actor - DEBUG - run_dag dispatch (time 10): forward s2 mb3 bkt=0
[36m(PiperActor pid=2272396)[0m 2026-04-01 23:46:25,177 - piper_actor - DEBUG - run_dag dispatch (time 8): recv s1 mb1 bkt=0
[36m(PiperActor pid=2272396)[0m 2026-04-01 23:46:25,177 - piper_actor - DEBUG - exec_recv key (None, 1) from peer pp rank 0
[36m(PiperActor pid=2272396)[0m 2026-04-01 23:46:25,177 - piper_actor - DEBUG - run_dag dispatch (time 8): send s1 mb0 bkt=0
[36m(PiperActor pid=2272396)[0m 2026-04-01 23:46:25,177 - piper_actor - DEBUG - exec_send key (None, 0) to peer pp rank 0
[36m(PiperActor pid=2272396)[0m 2026-04-01 23:46:25,177 - piper_actor - DEBUG - run_dag dispatch (time 9): backward s1 mb1 bkt=0
[36m(PiperActor pid=2272392)[0m 2026-04-01 23:46:25,175 - piper_actor - DEBUG - run_dag dispatch (time 8): recv s1 mb1 bkt=0
[36m(PiperActor pid=2272392)[0m 2026-04-01 23:46:25,175 - piper_actor - DEBUG - exec_recv key (None, 1) from peer pp rank 0
[36m(PiperActor pid=2272392)[0m 2026-04-01 23:46:25,176 - piper_actor - DEBUG - run_dag dispatch (time 8): send s1 mb0 bkt=0
[36m(PiperActor pid=2272392)[0m 2026-04-01 23:46:25,176 - piper_actor - DEBUG - exec_send key (None, 0) to peer pp rank 0
[36m(PiperActor pid=2272392)[0m 2026-04-01 23:46:25,176 - piper_actor - DEBUG - run_dag dispatch (time 9): backward s1 mb1 bkt=0
[36m(PiperActor pid=2272402)[0m 2026-04-01 23:46:25,218 - piper_actor - DEBUG - run_dag dispatch (time 10): recv s0 mb1 bkt=0
[36m(PiperActor pid=2272402)[0m 2026-04-01 23:46:25,218 - piper_actor - DEBUG - exec_recv key (None, 1) from peer pp rank 1
[36m(PiperActor pid=2272402)[0m 2026-04-01 23:46:25,219 - piper_actor - DEBUG - run_dag dispatch (time 11): backward s0 mb1 bkt=0
[36m(PiperActor pid=2272388)[0m 2026-04-01 23:46:25,217 - piper_actor - DEBUG - run_dag dispatch (time 10): recv s0 mb1 bkt=0
[36m(PiperActor pid=2272388)[0m 2026-04-01 23:46:25,217 - piper_actor - DEBUG - exec_recv key (None, 1) from peer pp rank 1
[36m(PiperActor pid=2272388)[0m 2026-04-01 23:46:25,217 - piper_actor - DEBUG - run_dag dispatch (time 11): backward s0 mb1 bkt=0
[36m(PiperActor pid=2272396)[0m 2026-04-01 23:46:25,209 - piper_actor - DEBUG - run_dag dispatch (time 9): recv s3 mb2 bkt=0
[36m(PiperActor pid=2272396)[0m 2026-04-01 23:46:25,210 - piper_actor - DEBUG - exec_recv key ((3, 0), 2) from peer pp rank 0
[36m(PiperActor pid=2272396)[0m 2026-04-01 23:46:25,212 - piper_actor - DEBUG - run_dag dispatch (time 9): send s1 mb3 bkt=0
[36m(PiperActor pid=2272396)[0m 2026-04-01 23:46:25,212 - piper_actor - DEBUG - exec_send key ((1, 0), 3) to peer pp rank 0
[36m(PiperActor pid=2272396)[0m 2026-04-01 23:46:25,212 - piper_actor - DEBUG - run_dag dispatch (time 10): forward s3 mb2 bkt=0
[36m(PiperActor pid=2272396)[0m 2026-04-01 23:46:25,228 - piper_actor - DEBUG - run_dag dispatch (time 10): send s1 mb1 bkt=0
[36m(PiperActor pid=2272396)[0m 2026-04-01 23:46:25,228 - piper_actor - DEBUG - exec_send key (None, 1) to peer pp rank 0
[36m(PiperActor pid=2272396)[0m 2026-04-01 23:46:25,228 - piper_actor - DEBUG - run_dag dispatch (time 11): backward s3 mb2 bkt=0
[36m(PiperActor pid=2272392)[0m 2026-04-01 23:46:25,209 - piper_actor - DEBUG - run_dag dispatch (time 9): recv s3 mb2 bkt=0
[36m(PiperActor pid=2272392)[0m 2026-04-01 23:46:25,209 - piper_actor - DEBUG - exec_recv key ((3, 0), 2) from peer pp rank 0
[36m(PiperActor pid=2272392)[0m 2026-04-01 23:46:25,209 - piper_actor - DEBUG - run_dag dispatch (time 9): send s1 mb3 bkt=0
[36m(PiperActor pid=2272392)[0m 2026-04-01 23:46:25,210 - piper_actor - DEBUG - exec_send key ((1, 0), 3) to peer pp rank 0
[36m(PiperActor pid=2272392)[0m 2026-04-01 23:46:25,210 - piper_actor - DEBUG - run_dag dispatch (time 10): forward s3 mb2 bkt=0
[36m(PiperActor pid=2272392)[0m 2026-04-01 23:46:25,226 - piper_actor - DEBUG - run_dag dispatch (time 10): send s1 mb1 bkt=0
[36m(PiperActor pid=2272392)[0m 2026-04-01 23:46:25,226 - piper_actor - DEBUG - exec_send key (None, 1) to peer pp rank 0
[36m(PiperActor pid=2272392)[0m 2026-04-01 23:46:25,226 - piper_actor - DEBUG - run_dag dispatch (time 11): backward s3 mb2 bkt=0
[36m(PiperActor pid=2272402)[0m 2026-04-01 23:46:25,255 - piper_actor - DEBUG - run_dag dispatch (time 11): send s2 mb3 bkt=0
[36m(PiperActor pid=2272402)[0m 2026-04-01 23:46:25,256 - piper_actor - DEBUG - exec_send key ((2, 0), 3) to peer pp rank 1
[36m(PiperActor pid=2272402)[0m 2026-04-01 23:46:25,256 - piper_actor - DEBUG - run_dag dispatch (time 11): recv s2 mb2 bkt=0
[36m(PiperActor pid=2272402)[0m 2026-04-01 23:46:25,256 - piper_actor - DEBUG - exec_recv key (None, 2) from peer pp rank 1
[36m(PiperActor pid=2272402)[0m 2026-04-01 23:46:25,257 - piper_actor - DEBUG - run_dag dispatch (time 12): backward s2 mb2 bkt=0
[36m(PiperActor pid=2272388)[0m 2026-04-01 23:46:25,254 - piper_actor - DEBUG - run_dag dispatch (time 11): send s2 mb3 bkt=0
[36m(PiperActor pid=2272388)[0m 2026-04-01 23:46:25,255 - piper_actor - DEBUG - exec_send key ((2, 0), 3) to peer pp rank 1
[36m(PiperActor pid=2272388)[0m 2026-04-01 23:46:25,255 - piper_actor - DEBUG - run_dag dispatch (time 11): recv s2 mb2 bkt=0
[36m(PiperActor pid=2272388)[0m 2026-04-01 23:46:25,255 - piper_actor - DEBUG - exec_recv key (None, 2) from peer pp rank 1
[36m(PiperActor pid=2272388)[0m 2026-04-01 23:46:25,256 - piper_actor - DEBUG - run_dag dispatch (time 12): backward s2 mb2 bkt=0
[36m(PiperActor pid=2272396)[0m 2026-04-01 23:46:25,257 - piper_actor - DEBUG - run_dag dispatch (time 11): recv s3 mb3 bkt=0
[36m(PiperActor pid=2272396)[0m 2026-04-01 23:46:25,258 - piper_actor - DEBUG - exec_recv key ((3, 0), 3) from peer pp rank 0
[36m(PiperActor pid=2272396)[0m 2026-04-01 23:46:25,258 - piper_actor - DEBUG - run_dag dispatch (time 12): forward s3 mb3 bkt=0
[36m(PiperActor pid=2272392)[0m 2026-04-01 23:46:25,257 - piper_actor - DEBUG - run_dag dispatch (time 11): recv s3 mb3 bkt=0
[36m(PiperActor pid=2272392)[0m 2026-04-01 23:46:25,257 - piper_actor - DEBUG - exec_recv key ((3, 0), 3) from peer pp rank 0
[36m(PiperActor pid=2272392)[0m 2026-04-01 23:46:25,258 - piper_actor - DEBUG - run_dag dispatch (time 12): forward s3 mb3 bkt=0
[36m(PiperActor pid=2272402)[0m 2026-04-01 23:46:25,292 - piper_actor - DEBUG - run_dag dispatch (time 12): recv s2 mb3 bkt=0
[36m(PiperActor pid=2272402)[0m 2026-04-01 23:46:25,292 - piper_actor - DEBUG - exec_recv key (None, 3) from peer pp rank 1
[36m(PiperActor pid=2272402)[0m 2026-04-01 23:46:25,292 - piper_actor - DEBUG - run_dag dispatch (time 13): backward s2 mb3 bkt=0
[36m(PiperActor pid=2272388)[0m 2026-04-01 23:46:25,291 - piper_actor - DEBUG - run_dag dispatch (time 12): recv s2 mb3 bkt=0
[36m(PiperActor pid=2272388)[0m 2026-04-01 23:46:25,291 - piper_actor - DEBUG - exec_recv key (None, 3) from peer pp rank 1
[36m(PiperActor pid=2272388)[0m 2026-04-01 23:46:25,291 - piper_actor - DEBUG - run_dag dispatch (time 13): backward s2 mb3 bkt=0
[36m(PiperActor pid=2272396)[0m 2026-04-01 23:46:25,300 - piper_actor - DEBUG - run_dag dispatch (time 12): send s3 mb2 bkt=0
[36m(PiperActor pid=2272396)[0m 2026-04-01 23:46:25,301 - piper_actor - DEBUG - exec_send key (None, 2) to peer pp rank 0
[36m(PiperActor pid=2272396)[0m 2026-04-01 23:46:25,301 - piper_actor - DEBUG - run_dag dispatch (time 13): backward s3 mb3 bkt=0
[36m(PiperActor pid=2272396)[0m 2026-04-01 23:46:25,331 - piper_actor - DEBUG - run_dag dispatch (time 13): recv s1 mb2 bkt=0
[36m(PiperActor pid=2272396)[0m 2026-04-01 23:46:25,331 - piper_actor - DEBUG - exec_recv key (None, 2) from peer pp rank 0
[36m(PiperActor pid=2272396)[0m 2026-04-01 23:46:25,332 - piper_actor - DEBUG - run_dag dispatch (time 14): backward s1 mb2 bkt=0
[36m(PiperActor pid=2272392)[0m 2026-04-01 23:46:25,299 - piper_actor - DEBUG - run_dag dispatch (time 12): send s3 mb2 bkt=0
[36m(PiperActor pid=2272392)[0m 2026-04-01 23:46:25,299 - piper_actor - DEBUG - exec_send key (None, 2) to peer pp rank 0
[36m(PiperActor pid=2272392)[0m 2026-04-01 23:46:25,299 - piper_actor - DEBUG - run_dag dispatch (time 13): backward s3 mb3 bkt=0
[36m(PiperActor pid=2272392)[0m 2026-04-01 23:46:25,330 - piper_actor - DEBUG - run_dag dispatch (time 13): recv s1 mb2 bkt=0
[36m(PiperActor pid=2272392)[0m 2026-04-01 23:46:25,331 - piper_actor - DEBUG - exec_recv key (None, 2) from peer pp rank 0
[36m(PiperActor pid=2272392)[0m 2026-04-01 23:46:25,331 - piper_actor - DEBUG - run_dag dispatch (time 14): backward s1 mb2 bkt=0
[36m(PiperActor pid=2272402)[0m 2026-04-01 23:46:25,347 - piper_actor - DEBUG - run_dag dispatch (time 13): send s2 mb2 bkt=0
[36m(PiperActor pid=2272402)[0m 2026-04-01 23:46:25,348 - piper_actor - DEBUG - exec_send key (None, 2) to peer pp rank 1
[36m(PiperActor pid=2272402)[0m 2026-04-01 23:46:25,348 - piper_actor - DEBUG - run_dag dispatch (time 13): recv s0 mb2 bkt=0
[36m(PiperActor pid=2272402)[0m 2026-04-01 23:46:25,348 - piper_actor - DEBUG - exec_recv key (None, 2) from peer pp rank 1
[36m(PiperActor pid=2272402)[0m 2026-04-01 23:46:25,349 - piper_actor - DEBUG - run_dag dispatch (time 14): backward s0 mb2 bkt=0
[36m(PiperActor pid=2272388)[0m 2026-04-01 23:46:25,347 - piper_actor - DEBUG - run_dag dispatch (time 13): send s2 mb2 bkt=0
[36m(PiperActor pid=2272388)[0m 2026-04-01 23:46:25,348 - piper_actor - DEBUG - exec_send key (None, 2) to peer pp rank 1
[36m(PiperActor pid=2272388)[0m 2026-04-01 23:46:25,348 - piper_actor - DEBUG - run_dag dispatch (time 13): recv s0 mb2 bkt=0
[36m(PiperActor pid=2272388)[0m 2026-04-01 23:46:25,348 - piper_actor - DEBUG - exec_recv key (None, 2) from peer pp rank 1
[36m(PiperActor pid=2272388)[0m 2026-04-01 23:46:25,349 - piper_actor - DEBUG - run_dag dispatch (time 14): backward s0 mb2 bkt=0
[36m(PiperActor pid=2272396)[0m 2026-04-01 23:46:25,390 - piper_actor - DEBUG - run_dag dispatch (time 14): recv s1 mb3 bkt=0
[36m(PiperActor pid=2272396)[0m 2026-04-01 23:46:25,390 - piper_actor - DEBUG - exec_recv key (None, 3) from peer pp rank 0
[36m(PiperActor pid=2272396)[0m 2026-04-01 23:46:25,390 - piper_actor - DEBUG - run_dag dispatch (time 14): send s3 mb3 bkt=0
[36m(PiperActor pid=2272396)[0m 2026-04-01 23:46:25,391 - piper_actor - DEBUG - exec_send key (None, 3) to peer pp rank 0
[36m(PiperActor pid=2272396)[0m 2026-04-01 23:46:25,391 - piper_actor - DEBUG - run_dag dispatch (time 14): reduce_scatter s3 mb3 bkt=0
[36m(PiperActor pid=2272396)[0m 2026-04-01 23:46:25,391 - piper_actor - DEBUG - run_dag dispatch (time 15): backward s1 mb3 bkt=0
[36m(PiperActor pid=2272392)[0m 2026-04-01 23:46:25,389 - piper_actor - DEBUG - run_dag dispatch (time 14): recv s1 mb3 bkt=0
[36m(PiperActor pid=2272392)[0m 2026-04-01 23:46:25,389 - piper_actor - DEBUG - exec_recv key (None, 3) from peer pp rank 0
[36m(PiperActor pid=2272392)[0m 2026-04-01 23:46:25,390 - piper_actor - DEBUG - run_dag dispatch (time 14): send s3 mb3 bkt=0
[36m(PiperActor pid=2272392)[0m 2026-04-01 23:46:25,390 - piper_actor - DEBUG - exec_send key (None, 3) to peer pp rank 0
[36m(PiperActor pid=2272392)[0m 2026-04-01 23:46:25,390 - piper_actor - DEBUG - run_dag dispatch (time 14): reduce_scatter s3 mb3 bkt=0
[36m(PiperActor pid=2272392)[0m 2026-04-01 23:46:25,390 - piper_actor - DEBUG - run_dag dispatch (time 15): backward s1 mb3 bkt=0
[36m(PiperActor pid=2272402)[0m 2026-04-01 23:46:25,427 - piper_actor - DEBUG - run_dag dispatch (time 14): send s2 mb3 bkt=0
[36m(PiperActor pid=2272402)[0m 2026-04-01 23:46:25,428 - piper_actor - DEBUG - exec_send key (None, 3) to peer pp rank 1
[36m(PiperActor pid=2272402)[0m 2026-04-01 23:46:25,428 - piper_actor - DEBUG - run_dag dispatch (time 14): recv s0 mb3 bkt=0
[36m(PiperActor pid=2272402)[0m 2026-04-01 23:46:25,428 - piper_actor - DEBUG - exec_recv key (None, 3) from peer pp rank 1
[36m(PiperActor pid=2272402)[0m 2026-04-01 23:46:25,429 - piper_actor - DEBUG - run_dag dispatch (time 14): reduce_scatter s2 mb3 bkt=0
[36m(PiperActor pid=2272402)[0m 2026-04-01 23:46:25,429 - piper_actor - DEBUG - run_dag dispatch (time 15): backward s0 mb3 bkt=0
[36m(PiperActor pid=2272388)[0m 2026-04-01 23:46:25,427 - piper_actor - DEBUG - run_dag dispatch (time 14): send s2 mb3 bkt=0
[36m(PiperActor pid=2272388)[0m 2026-04-01 23:46:25,428 - piper_actor - DEBUG - exec_send key (None, 3) to peer pp rank 1
[36m(PiperActor pid=2272388)[0m 2026-04-01 23:46:25,428 - piper_actor - DEBUG - run_dag dispatch (time 14): recv s0 mb3 bkt=0
[36m(PiperActor pid=2272388)[0m 2026-04-01 23:46:25,428 - piper_actor - DEBUG - exec_recv key (None, 3) from peer pp rank 1
[36m(PiperActor pid=2272388)[0m 2026-04-01 23:46:25,429 - piper_actor - DEBUG - run_dag dispatch (time 14): reduce_scatter s2 mb3 bkt=0
[36m(PiperActor pid=2272388)[0m 2026-04-01 23:46:25,429 - piper_actor - DEBUG - run_dag dispatch (time 15): backward s0 mb3 bkt=0
[36m(PiperActor pid=2272396)[0m 2026-04-01 23:46:25,427 - piper_actor - DEBUG - run_dag dispatch (time 15): send s1 mb2 bkt=0
[36m(PiperActor pid=2272396)[0m 2026-04-01 23:46:25,428 - piper_actor - DEBUG - exec_send key (None, 2) to peer pp rank 0
[36m(PiperActor pid=2272396)[0m 2026-04-01 23:46:25,428 - piper_actor - DEBUG - run_dag dispatch (time 16): update s1 mb3 bkt=0
[36m(PiperActor pid=2272392)[0m 2026-04-01 23:46:25,427 - piper_actor - DEBUG - run_dag dispatch (time 15): send s1 mb2 bkt=0
[36m(PiperActor pid=2272392)[0m 2026-04-01 23:46:25,427 - piper_actor - DEBUG - exec_send key (None, 2) to peer pp rank 0
[36m(PiperActor pid=2272392)[0m 2026-04-01 23:46:25,428 - piper_actor - DEBUG - run_dag dispatch (time 16): update s1 mb3 bkt=0
[36m(PiperActor pid=2272402)[0m 2026-04-01 23:46:25,468 - piper_actor - DEBUG - run_dag dispatch (time 16): update s0 mb3 bkt=0
[36m(PiperActor pid=2272388)[0m 2026-04-01 23:46:25,468 - piper_actor - DEBUG - run_dag dispatch (time 16): update s0 mb3 bkt=0
[36m(PiperActor pid=2272396)[0m 2026-04-01 23:46:25,485 - piper_actor - DEBUG - run_dag dispatch (time 16): send s1 mb3 bkt=0
[36m(PiperActor pid=2272396)[0m 2026-04-01 23:46:25,485 - piper_actor - DEBUG - exec_send key (None, 3) to peer pp rank 0
[36m(PiperActor pid=2272396)[0m 2026-04-01 23:46:25,486 - piper_actor - DEBUG - run_dag dispatch (time 16): reduce_scatter s1 mb3 bkt=0
[36m(PiperActor pid=2272392)[0m 2026-04-01 23:46:25,484 - piper_actor - DEBUG - run_dag dispatch (time 16): send s1 mb3 bkt=0
[36m(PiperActor pid=2272392)[0m 2026-04-01 23:46:25,484 - piper_actor - DEBUG - exec_send key (None, 3) to peer pp rank 0
[36m(PiperActor pid=2272392)[0m 2026-04-01 23:46:25,485 - piper_actor - DEBUG - run_dag dispatch (time 16): reduce_scatter s1 mb3 bkt=0
[36m(PiperActor pid=2272402)[0m 2026-04-01 23:46:25,528 - piper_actor - DEBUG - run_dag dispatch (time 16): reduce_scatter s0 mb3 bkt=0
[36m(PiperActor pid=2272402)[0m 2026-04-01 23:46:25,533 - piper_actor - DEBUG - run_dag dispatch (time -30001): all_gather s2 mb0 bkt=0
[36m(PiperActor pid=2272402)[0m 2026-04-01 23:46:25,534 - piper_actor - DEBUG - run_dag dispatch (time -30000): all_gather s0 mb0 bkt=0
[36m(PiperActor pid=2272402)[0m 2026-04-01 23:46:25,534 - piper_actor - DEBUG - run_dag dispatch (time 0): forward s0 mb0 bkt=0
[36m(PiperActor pid=2272388)[0m 2026-04-01 23:46:25,526 - piper_actor - DEBUG - run_dag dispatch (time 16): reduce_scatter s0 mb3 bkt=0
[36m(PiperActor pid=2272388)[0m 2026-04-01 23:46:25,532 - piper_actor - DEBUG - run_dag dispatch (time -30001): all_gather s2 mb0 bkt=0
[36m(PiperActor pid=2272388)[0m 2026-04-01 23:46:25,532 - piper_actor - DEBUG - run_dag dispatch (time -30000): all_gather s0 mb0 bkt=0
[36m(PiperActor pid=2272388)[0m 2026-04-01 23:46:25,533 - piper_actor - DEBUG - run_dag dispatch (time 0): forward s0 mb0 bkt=0
[36m(PiperActor pid=2272396)[0m 2026-04-01 23:46:25,534 - piper_actor - DEBUG - run_dag dispatch (time -30001): all_gather s3 mb0 bkt=0
[36m(PiperActor pid=2272396)[0m 2026-04-01 23:46:25,535 - piper_actor - DEBUG - run_dag dispatch (time -30000): all_gather s1 mb0 bkt=0
[36m(PiperActor pid=2272396)[0m 2026-04-01 23:46:25,535 - piper_actor - DEBUG - run_dag dispatch (time -1): recv s1 mb0 bkt=0
[36m(PiperActor pid=2272396)[0m 2026-04-01 23:46:25,535 - piper_actor - DEBUG - exec_recv key ((1, 0), 0) from peer pp rank 0
[36m(PiperActor pid=2272396)[0m 2026-04-01 23:46:25,536 - piper_actor - DEBUG - run_dag dispatch (time 0): forward s1 mb0 bkt=0
[36m(PiperActor pid=2272392)[0m 2026-04-01 23:46:25,532 - piper_actor - DEBUG - run_dag dispatch (time -30001): all_gather s3 mb0 bkt=0
[36m(PiperActor pid=2272392)[0m 2026-04-01 23:46:25,533 - piper_actor - DEBUG - run_dag dispatch (time -30000): all_gather s1 mb0 bkt=0
[36m(PiperActor pid=2272392)[0m 2026-04-01 23:46:25,533 - piper_actor - DEBUG - run_dag dispatch (time -1): recv s1 mb0 bkt=0
[36m(PiperActor pid=2272392)[0m 2026-04-01 23:46:25,533 - piper_actor - DEBUG - exec_recv key ((1, 0), 0) from peer pp rank 0
[36m(PiperActor pid=2272392)[0m 2026-04-01 23:46:25,534 - piper_actor - DEBUG - run_dag dispatch (time 0): forward s1 mb0 bkt=0
[36m(PiperActor pid=2272402)[0m 2026-04-01 23:46:25,546 - piper_actor - DEBUG - run_dag dispatch (time 1): forward s0 mb1 bkt=0
[36m(PiperActor pid=2272402)[0m 2026-04-01 23:46:25,556 - piper_actor - DEBUG - run_dag dispatch (time 1): send s0 mb0 bkt=0
[36m(PiperActor pid=2272402)[0m 2026-04-01 23:46:25,557 - piper_actor - DEBUG - exec_send key ((0, 0), 0) to peer pp rank 1
[36m(PiperActor pid=2272402)[0m 2026-04-01 23:46:25,557 - piper_actor - DEBUG - run_dag dispatch (time 1): recv s2 mb0 bkt=0
[36m(PiperActor pid=2272402)[0m 2026-04-01 23:46:25,557 - piper_actor - DEBUG - exec_recv key ((2, 0), 0) from peer pp rank 1
[36m(PiperActor pid=2272402)[0m 2026-04-01 23:46:25,558 - piper_actor - DEBUG - run_dag dispatch (time 2): forward s2 mb0 bkt=0
[36m(PiperActor pid=2272402)[0m 2026-04-01 23:46:25,568 - piper_actor - DEBUG - run_dag dispatch (time 2): send s0 mb1 bkt=0
[36m(PiperActor pid=2272402)[0m 2026-04-01 23:46:25,568 - piper_actor - DEBUG - exec_send key ((0, 0), 1) to peer pp rank 1
[36m(PiperActor pid=2272402)[0m 2026-04-01 23:46:25,569 - piper_actor - DEBUG - run_dag dispatch (time 2): recv s2 mb1 bkt=0
[36m(PiperActor pid=2272402)[0m 2026-04-01 23:46:25,569 - piper_actor - DEBUG - exec_recv key ((2, 0), 1) from peer pp rank 1
[36m(PiperActor pid=2272402)[0m 2026-04-01 23:46:25,569 - piper_actor - DEBUG - run_dag dispatch (time 3): forward s2 mb1 bkt=0
[36m(PiperActor pid=2272388)[0m 2026-04-01 23:46:25,544 - piper_actor - DEBUG - run_dag dispatch (time 1): forward s0 mb1 bkt=0
[36m(PiperActor pid=2272388)[0m 2026-04-01 23:46:25,555 - piper_actor - DEBUG - run_dag dispatch (time 1): send s0 mb0 bkt=0
[36m(PiperActor pid=2272388)[0m 2026-04-01 23:46:25,555 - piper_actor - DEBUG - exec_send key ((0, 0), 0) to peer pp rank 1
[36m(PiperActor pid=2272388)[0m 2026-04-01 23:46:25,555 - piper_actor - DEBUG - run_dag dispatch (time 1): recv s2 mb0 bkt=0
[36m(PiperActor pid=2272388)[0m 2026-04-01 23:46:25,555 - piper_actor - DEBUG - exec_recv key ((2, 0), 0) from peer pp rank 1
[36m(PiperActor pid=2272388)[0m 2026-04-01 23:46:25,556 - piper_actor - DEBUG - run_dag dispatch (time 2): forward s2 mb0 bkt=0
[36m(PiperActor pid=2272388)[0m 2026-04-01 23:46:25,566 - piper_actor - DEBUG - run_dag dispatch (time 2): send s0 mb1 bkt=0
[36m(PiperActor pid=2272388)[0m 2026-04-01 23:46:25,567 - piper_actor - DEBUG - exec_send key ((0, 0), 1) to peer pp rank 1
[36m(PiperActor pid=2272388)[0m 2026-04-01 23:46:25,567 - piper_actor - DEBUG - run_dag dispatch (time 2): recv s2 mb1 bkt=0
[36m(PiperActor pid=2272388)[0m 2026-04-01 23:46:25,567 - piper_actor - DEBUG - exec_recv key ((2, 0), 1) from peer pp rank 1
[36m(PiperActor pid=2272388)[0m 2026-04-01 23:46:25,567 - piper_actor - DEBUG - run_dag dispatch (time 3): forward s2 mb1 bkt=0
[36m(PiperActor pid=2272388)[0m 2026-04-01 23:46:25,578 - piper_actor - DEBUG - run_dag dispatch (time 3): send s2 mb0 bkt=0
[36m(PiperActor pid=2272388)[0m 2026-04-01 23:46:25,578 - piper_actor - DEBUG - exec_send key ((2, 0), 0) to peer pp rank 1
[36m(PiperActor pid=2272388)[0m 2026-04-01 23:46:25,578 - piper_actor - DEBUG - run_dag dispatch (time 4): forward s0 mb2 bkt=0
[36m(PiperActor pid=2272396)[0m 2026-04-01 23:46:25,549 - piper_actor - DEBUG - run_dag dispatch (time 0): recv s1 mb1 bkt=0
[36m(PiperActor pid=2272396)[0m 2026-04-01 23:46:25,549 - piper_actor - DEBUG - exec_recv key ((1, 0), 1) from peer pp rank 0
[36m(PiperActor pid=2272396)[0m 2026-04-01 23:46:25,549 - piper_actor - DEBUG - run_dag dispatch (time 1): forward s1 mb1 bkt=0
[36m(PiperActor pid=2272396)[0m 2026-04-01 23:46:25,560 - piper_actor - DEBUG - run_dag dispatch (time 1): recv s3 mb0 bkt=0
[36m(PiperActor pid=2272396)[0m 2026-04-01 23:46:25,560 - piper_actor - DEBUG - exec_recv key ((3, 0), 0) from peer pp rank 0
[36m(PiperActor pid=2272396)[0m 2026-04-01 23:46:25,560 - piper_actor - DEBUG - run_dag dispatch (time 1): send s1 mb0 bkt=0
[36m(PiperActor pid=2272396)[0m 2026-04-01 23:46:25,560 - piper_actor - DEBUG - exec_send key ((1, 0), 0) to peer pp rank 0
[36m(PiperActor pid=2272396)[0m 2026-04-01 23:46:25,561 - piper_actor - DEBUG - run_dag dispatch (time 2): forward s3 mb0 bkt=0
[36m(PiperActor pid=2272396)[0m 2026-04-01 23:46:25,572 - piper_actor - DEBUG - run_dag dispatch (time 2): send s1 mb1 bkt=0
[36m(PiperActor pid=2272396)[0m 2026-04-01 23:46:25,572 - piper_actor - DEBUG - exec_send key ((1, 0), 1) to peer pp rank 0
[36m(PiperActor pid=2272396)[0m 2026-04-01 23:46:25,572 - piper_actor - DEBUG - run_dag dispatch (time 3): backward s3 mb0 bkt=0
[36m(PiperActor pid=2272392)[0m 2026-04-01 23:46:25,546 - piper_actor - DEBUG - run_dag dispatch (time 0): recv s1 mb1 bkt=0
[36m(PiperActor pid=2272392)[0m 2026-04-01 23:46:25,547 - piper_actor - DEBUG - exec_recv key ((1, 0), 1) from peer pp rank 0
[36m(PiperActor pid=2272392)[0m 2026-04-01 23:46:25,547 - piper_actor - DEBUG - run_dag dispatch (time 1): forward s1 mb1 bkt=0
[36m(PiperActor pid=2272392)[0m 2026-04-01 23:46:25,558 - piper_actor - DEBUG - run_dag dispatch (time 1): recv s3 mb0 bkt=0
[36m(PiperActor pid=2272392)[0m 2026-04-01 23:46:25,558 - piper_actor - DEBUG - exec_recv key ((3, 0), 0) from peer pp rank 0
[36m(PiperActor pid=2272392)[0m 2026-04-01 23:46:25,558 - piper_actor - DEBUG - run_dag dispatch (time 1): send s1 mb0 bkt=0
[36m(PiperActor pid=2272392)[0m 2026-04-01 23:46:25,558 - piper_actor - DEBUG - exec_send key ((1, 0), 0) to peer pp rank 0
[36m(PiperActor pid=2272392)[0m 2026-04-01 23:46:25,559 - piper_actor - DEBUG - run_dag dispatch (time 2): forward s3 mb0 bkt=0
[36m(PiperActor pid=2272392)[0m 2026-04-01 23:46:25,570 - piper_actor - DEBUG - run_dag dispatch (time 2): send s1 mb1 bkt=0
[36m(PiperActor pid=2272392)[0m 2026-04-01 23:46:25,570 - piper_actor - DEBUG - exec_send key ((1, 0), 1) to peer pp rank 0
[36m(PiperActor pid=2272392)[0m 2026-04-01 23:46:25,570 - piper_actor - DEBUG - run_dag dispatch (time 3): backward s3 mb0 bkt=0
[36m(PiperActor pid=2272402)[0m 2026-04-01 23:46:25,579 - piper_actor - DEBUG - run_dag dispatch (time 3): send s2 mb0 bkt=0
[36m(PiperActor pid=2272402)[0m 2026-04-01 23:46:25,580 - piper_actor - DEBUG - exec_send key ((2, 0), 0) to peer pp rank 1
[36m(PiperActor pid=2272402)[0m 2026-04-01 23:46:25,580 - piper_actor - DEBUG - run_dag dispatch (time 4): forward s0 mb2 bkt=0
[36m(PiperActor pid=2272402)[0m 2026-04-01 23:46:25,590 - piper_actor - DEBUG - run_dag dispatch (time 4): send s2 mb1 bkt=0
[36m(PiperActor pid=2272402)[0m 2026-04-01 23:46:25,591 - piper_actor - DEBUG - exec_send key ((2, 0), 1) to peer pp rank 1
[36m(PiperActor pid=2272402)[0m 2026-04-01 23:46:25,591 - piper_actor - DEBUG - run_dag dispatch (time 4): recv s2 mb0 bkt=0
[36m(PiperActor pid=2272402)[0m 2026-04-01 23:46:25,591 - piper_actor - DEBUG - exec_recv key (None, 0) from peer pp rank 1
[36m(PiperActor pid=2272402)[0m 2026-04-01 23:46:25,591 - piper_actor - DEBUG - run_dag dispatch (time 5): backward s2 mb0 bkt=0
[36m(PiperActor pid=2272402)[0m 2026-04-01 23:46:25,617 - piper_actor - DEBUG - run_dag dispatch (time 5): send s0 mb2 bkt=0
[36m(PiperActor pid=2272402)[0m 2026-04-01 23:46:25,617 - piper_actor - DEBUG - exec_send key ((0, 0), 2) to peer pp rank 1
[36m(PiperActor pid=2272402)[0m 2026-04-01 23:46:25,618 - piper_actor - DEBUG - run_dag dispatch (time 6): forward s0 mb3 bkt=0
[36m(PiperActor pid=2272388)[0m 2026-04-01 23:46:25,589 - piper_actor - DEBUG - run_dag dispatch (time 4): send s2 mb1 bkt=0
[36m(PiperActor pid=2272388)[0m 2026-04-01 23:46:25,589 - piper_actor - DEBUG - exec_send key ((2, 0), 1) to peer pp rank 1
[36m(PiperActor pid=2272388)[0m 2026-04-01 23:46:25,589 - piper_actor - DEBUG - run_dag dispatch (time 4): recv s2 mb0 bkt=0
[36m(PiperActor pid=2272388)[0m 2026-04-01 23:46:25,589 - piper_actor - DEBUG - exec_recv key (None, 0) from peer pp rank 1
[36m(PiperActor pid=2272388)[0m 2026-04-01 23:46:25,590 - piper_actor - DEBUG - run_dag dispatch (time 5): backward s2 mb0 bkt=0
[36m(PiperActor pid=2272388)[0m 2026-04-01 23:46:25,617 - piper_actor - DEBUG - run_dag dispatch (time 5): send s0 mb2 bkt=0
[36m(PiperActor pid=2272388)[0m 2026-04-01 23:46:25,617 - piper_actor - DEBUG - exec_send key ((0, 0), 2) to peer pp rank 1
[36m(PiperActor pid=2272388)[0m 2026-04-01 23:46:25,618 - piper_actor - DEBUG - run_dag dispatch (time 6): forward s0 mb3 bkt=0
[36m(PiperActor pid=2272396)[0m 2026-04-01 23:46:25,600 - piper_actor - DEBUG - run_dag dispatch (time 3): recv s3 mb1 bkt=0
[36m(PiperActor pid=2272396)[0m 2026-04-01 23:46:25,600 - piper_actor - DEBUG - exec_recv key ((3, 0), 1) from peer pp rank 0
[36m(PiperActor pid=2272396)[0m 2026-04-01 23:46:25,601 - piper_actor - DEBUG - run_dag dispatch (time 4): forward s3 mb1 bkt=0
[36m(PiperActor pid=2272392)[0m 2026-04-01 23:46:25,599 - piper_actor - DEBUG - run_dag dispatch (time 3): recv s3 mb1 bkt=0
[36m(PiperActor pid=2272392)[0m 2026-04-01 23:46:25,599 - piper_actor - DEBUG - exec_recv key ((3, 0), 1) from peer pp rank 0
[36m(PiperActor pid=2272392)[0m 2026-04-01 23:46:25,600 - piper_actor - DEBUG - run_dag dispatch (time 4): forward s3 mb1 bkt=0
[36m(PiperActor pid=2272396)[0m 2026-04-01 23:46:25,643 - piper_actor - DEBUG - run_dag dispatch (time 4): send s3 mb0 bkt=0
[36m(PiperActor pid=2272396)[0m 2026-04-01 23:46:25,643 - piper_actor - DEBUG - exec_send key (None, 0) to peer pp rank 0
[36m(PiperActor pid=2272396)[0m 2026-04-01 23:46:25,644 - piper_actor - DEBUG - run_dag dispatch (time 5): backward s3 mb1 bkt=0
[36m(PiperActor pid=2272392)[0m 2026-04-01 23:46:25,641 - piper_actor - DEBUG - run_dag dispatch (time 4): send s3 mb0 bkt=0
[36m(PiperActor pid=2272392)[0m 2026-04-01 23:46:25,641 - piper_actor - DEBUG - exec_send key (None, 0) to peer pp rank 0
[36m(PiperActor pid=2272392)[0m 2026-04-01 23:46:25,642 - piper_actor - DEBUG - run_dag dispatch (time 5): backward s3 mb1 bkt=0
[36m(PiperActor pid=2272402)[0m 2026-04-01 23:46:25,672 - piper_actor - DEBUG - run_dag dispatch (time 6): send s2 mb0 bkt=0
[36m(PiperActor pid=2272402)[0m 2026-04-01 23:46:25,673 - piper_actor - DEBUG - exec_send key (None, 0) to peer pp rank 1
[36m(PiperActor pid=2272402)[0m 2026-04-01 23:46:25,673 - piper_actor - DEBUG - run_dag dispatch (time 6): recv s2 mb1 bkt=0
[36m(PiperActor pid=2272402)[0m 2026-04-01 23:46:25,673 - piper_actor - DEBUG - exec_recv key (None, 1) from peer pp rank 1
[36m(PiperActor pid=2272402)[0m 2026-04-01 23:46:25,673 - piper_actor - DEBUG - run_dag dispatch (time 7): backward s2 mb1 bkt=0
[36m(PiperActor pid=2272388)[0m 2026-04-01 23:46:25,671 - piper_actor - DEBUG - run_dag dispatch (time 6): send s2 mb0 bkt=0
[36m(PiperActor pid=2272388)[0m 2026-04-01 23:46:25,671 - piper_actor - DEBUG - exec_send key (None, 0) to peer pp rank 1
[36m(PiperActor pid=2272388)[0m 2026-04-01 23:46:25,671 - piper_actor - DEBUG - run_dag dispatch (time 6): recv s2 mb1 bkt=0
[36m(PiperActor pid=2272388)[0m 2026-04-01 23:46:25,671 - piper_actor - DEBUG - exec_recv key (None, 1) from peer pp rank 1
[36m(PiperActor pid=2272388)[0m 2026-04-01 23:46:25,672 - piper_actor - DEBUG - run_dag dispatch (time 7): backward s2 mb1 bkt=0
[36m(PiperActor pid=2272396)[0m 2026-04-01 23:46:25,673 - piper_actor - DEBUG - run_dag dispatch (time 5): recv s1 mb2 bkt=0
[36m(PiperActor pid=2272396)[0m 2026-04-01 23:46:25,674 - piper_actor - DEBUG - exec_recv key ((1, 0), 2) from peer pp rank 0
[36m(PiperActor pid=2272396)[0m 2026-04-01 23:46:25,674 - piper_actor - DEBUG - run_dag dispatch (time 6): forward s1 mb2 bkt=0
[36m(PiperActor pid=2272392)[0m 2026-04-01 23:46:25,672 - piper_actor - DEBUG - run_dag dispatch (time 5): recv s1 mb2 bkt=0
[36m(PiperActor pid=2272392)[0m 2026-04-01 23:46:25,672 - piper_actor - DEBUG - exec_recv key ((1, 0), 2) from peer pp rank 0
[36m(PiperActor pid=2272392)[0m 2026-04-01 23:46:25,673 - piper_actor - DEBUG - run_dag dispatch (time 6): forward s1 mb2 bkt=0
[36m(PiperActor pid=2272402)[0m 2026-04-01 23:46:25,707 - piper_actor - DEBUG - run_dag dispatch (time 7): send s0 mb3 bkt=0
[36m(PiperActor pid=2272402)[0m 2026-04-01 23:46:25,708 - piper_actor - DEBUG - exec_send key ((0, 0), 3) to peer pp rank 1
[36m(PiperActor pid=2272402)[0m 2026-04-01 23:46:25,708 - piper_actor - DEBUG - run_dag dispatch (time 7): recv s2 mb2 bkt=0
[36m(PiperActor pid=2272402)[0m 2026-04-01 23:46:25,708 - piper_actor - DEBUG - exec_recv key ((2, 0), 2) from peer pp rank 1
[36m(PiperActor pid=2272402)[0m 2026-04-01 23:46:25,709 - piper_actor - DEBUG - run_dag dispatch (time 8): forward s2 mb2 bkt=0
[36m(PiperActor pid=2272388)[0m 2026-04-01 23:46:25,707 - piper_actor - DEBUG - run_dag dispatch (time 7): send s0 mb3 bkt=0
[36m(PiperActor pid=2272388)[0m 2026-04-01 23:46:25,707 - piper_actor - DEBUG - exec_send key ((0, 0), 3) to peer pp rank 1
[36m(PiperActor pid=2272388)[0m 2026-04-01 23:46:25,707 - piper_actor - DEBUG - run_dag dispatch (time 7): recv s2 mb2 bkt=0
[36m(PiperActor pid=2272388)[0m 2026-04-01 23:46:25,708 - piper_actor - DEBUG - exec_recv key ((2, 0), 2) from peer pp rank 1
[36m(PiperActor pid=2272388)[0m 2026-04-01 23:46:25,708 - piper_actor - DEBUG - run_dag dispatch (time 8): forward s2 mb2 bkt=0
[36m(PiperActor pid=2272388)[0m 2026-04-01 23:46:25,742 - piper_actor - DEBUG - run_dag dispatch (time 8): send s2 mb1 bkt=0
[36m(PiperActor pid=2272388)[0m 2026-04-01 23:46:25,742 - piper_actor - DEBUG - exec_send key (None, 1) to peer pp rank 1
[36m(PiperActor pid=2272396)[0m 2026-04-01 23:46:25,714 - piper_actor - DEBUG - run_dag dispatch (time 6): recv s1 mb0 bkt=0
[36m(PiperActor pid=2272396)[0m 2026-04-01 23:46:25,714 - piper_actor - DEBUG - exec_recv key (None, 0) from peer pp rank 0
[36m(PiperActor pid=2272396)[0m 2026-04-01 23:46:25,714 - piper_actor - DEBUG - run_dag dispatch (time 6): send s3 mb1 bkt=0
[36m(PiperActor pid=2272396)[0m 2026-04-01 23:46:25,715 - piper_actor - DEBUG - exec_send key (None, 1) to peer pp rank 0
[36m(PiperActor pid=2272396)[0m 2026-04-01 23:46:25,715 - piper_actor - DEBUG - run_dag dispatch (time 7): backward s1 mb0 bkt=0
[36m(PiperActor pid=2272392)[0m 2026-04-01 23:46:25,712 - piper_actor - DEBUG - run_dag dispatch (time 6): recv s1 mb0 bkt=0
[36m(PiperActor pid=2272392)[0m 2026-04-01 23:46:25,712 - piper_actor - DEBUG - exec_recv key (None, 0) from peer pp rank 0
[36m(PiperActor pid=2272392)[0m 2026-04-01 23:46:25,712 - piper_actor - DEBUG - run_dag dispatch (time 6): send s3 mb1 bkt=0
[36m(PiperActor pid=2272392)[0m 2026-04-01 23:46:25,712 - piper_actor - DEBUG - exec_send key (None, 1) to peer pp rank 0
[36m(PiperActor pid=2272392)[0m 2026-04-01 23:46:25,713 - piper_actor - DEBUG - run_dag dispatch (time 7): backward s1 mb0 bkt=0
[36m(PiperActor pid=2272392)[0m 2026-04-01 23:46:25,742 - piper_actor - DEBUG - run_dag dispatch (time 7): recv s1 mb3 bkt=0
[36m(PiperActor pid=2272392)[0m 2026-04-01 23:46:25,742 - piper_actor - DEBUG - exec_recv key ((1, 0), 3) from peer pp rank 0
[36m(PiperActor pid=2272392)[0m 2026-04-01 23:46:25,742 - piper_actor - DEBUG - run_dag dispatch (time 7): send s1 mb2 bkt=0
[36m(PiperActor pid=2272392)[0m 2026-04-01 23:46:25,742 - piper_actor - DEBUG - exec_send key ((1, 0), 2) to peer pp rank 0
[36m(PiperActor pid=2272392)[0m 2026-04-01 23:46:25,743 - piper_actor - DEBUG - run_dag dispatch (time 8): forward s1 mb3 bkt=0
[36m(PiperActor pid=2272402)[0m 2026-04-01 23:46:25,745 - piper_actor - DEBUG - run_dag dispatch (time 8): send s2 mb1 bkt=0
[36m(PiperActor pid=2272402)[0m 2026-04-01 23:46:25,745 - piper_actor - DEBUG - exec_send key (None, 1) to peer pp rank 1
[36m(PiperActor pid=2272402)[0m 2026-04-01 23:46:25,745 - piper_actor - DEBUG - run_dag dispatch (time 8): recv s0 mb0 bkt=0
[36m(PiperActor pid=2272402)[0m 2026-04-01 23:46:25,745 - piper_actor - DEBUG - exec_recv key (None, 0) from peer pp rank 1
[36m(PiperActor pid=2272402)[0m 2026-04-01 23:46:25,746 - piper_actor - DEBUG - run_dag dispatch (time 9): backward s0 mb0 bkt=0
[36m(PiperActor pid=2272402)[0m 2026-04-01 23:46:25,782 - piper_actor - DEBUG - run_dag dispatch (time 9): send s2 mb2 bkt=0
[36m(PiperActor pid=2272402)[0m 2026-04-01 23:46:25,782 - piper_actor - DEBUG - exec_send key ((2, 0), 2) to peer pp rank 1
[36m(PiperActor pid=2272402)[0m 2026-04-01 23:46:25,783 - piper_actor - DEBUG - run_dag dispatch (time 9): recv s2 mb3 bkt=0
[36m(PiperActor pid=2272402)[0m 2026-04-01 23:46:25,783 - piper_actor - DEBUG - exec_recv key ((2, 0), 3) from peer pp rank 1
[36m(PiperActor pid=2272402)[0m 2026-04-01 23:46:25,783 - piper_actor - DEBUG - run_dag dispatch (time 10): forward s2 mb3 bkt=0
[36m(PiperActor pid=2272388)[0m 2026-04-01 23:46:25,743 - piper_actor - DEBUG - run_dag dispatch (time 8): recv s0 mb0 bkt=0
[36m(PiperActor pid=2272388)[0m 2026-04-01 23:46:25,743 - piper_actor - DEBUG - exec_recv key (None, 0) from peer pp rank 1
[36m(PiperActor pid=2272388)[0m 2026-04-01 23:46:25,743 - piper_actor - DEBUG - run_dag dispatch (time 9): backward s0 mb0 bkt=0
[36m(PiperActor pid=2272388)[0m 2026-04-01 23:46:25,781 - piper_actor - DEBUG - run_dag dispatch (time 9): send s2 mb2 bkt=0
[36m(PiperActor pid=2272388)[0m 2026-04-01 23:46:25,781 - piper_actor - DEBUG - exec_send key ((2, 0), 2) to peer pp rank 1
[36m(PiperActor pid=2272388)[0m 2026-04-01 23:46:25,782 - piper_actor - DEBUG - run_dag dispatch (time 9): recv s2 mb3 bkt=0
[36m(PiperActor pid=2272388)[0m 2026-04-01 23:46:25,782 - piper_actor - DEBUG - exec_recv key ((2, 0), 3) from peer pp rank 1
[36m(PiperActor pid=2272388)[0m 2026-04-01 23:46:25,782 - piper_actor - DEBUG - run_dag dispatch (time 10): forward s2 mb3 bkt=0
[36m(PiperActor pid=2272396)[0m 2026-04-01 23:46:25,743 - piper_actor - DEBUG - run_dag dispatch (time 7): recv s1 mb3 bkt=0
[36m(PiperActor pid=2272396)[0m 2026-04-01 23:46:25,744 - piper_actor - DEBUG - exec_recv key ((1, 0), 3) from peer pp rank 0
[36m(PiperActor pid=2272396)[0m 2026-04-01 23:46:25,744 - piper_actor - DEBUG - run_dag dispatch (time 7): send s1 mb2 bkt=0
[36m(PiperActor pid=2272396)[0m 2026-04-01 23:46:25,744 - piper_actor - DEBUG - exec_send key ((1, 0), 2) to peer pp rank 0
[36m(PiperActor pid=2272396)[0m 2026-04-01 23:46:25,744 - piper_actor - DEBUG - run_dag dispatch (time 8): forward s1 mb3 bkt=0
[36m(PiperActor pid=2272396)[0m 2026-04-01 23:46:25,760 - piper_actor - DEBUG - run_dag dispatch (time 8): recv s1 mb1 bkt=0
[36m(PiperActor pid=2272396)[0m 2026-04-01 23:46:25,760 - piper_actor - DEBUG - exec_recv key (None, 1) from peer pp rank 0
[36m(PiperActor pid=2272396)[0m 2026-04-01 23:46:25,761 - piper_actor - DEBUG - run_dag dispatch (time 8): send s1 mb0 bkt=0
[36m(PiperActor pid=2272396)[0m 2026-04-01 23:46:25,761 - piper_actor - DEBUG - exec_send key (None, 0) to peer pp rank 0
[36m(PiperActor pid=2272396)[0m 2026-04-01 23:46:25,761 - piper_actor - DEBUG - run_dag dispatch (time 9): backward s1 mb1 bkt=0
[36m(PiperActor pid=2272392)[0m 2026-04-01 23:46:25,758 - piper_actor - DEBUG - run_dag dispatch (time 8): recv s1 mb1 bkt=0
[36m(PiperActor pid=2272392)[0m 2026-04-01 23:46:25,758 - piper_actor - DEBUG - exec_recv key (None, 1) from peer pp rank 0
[36m(PiperActor pid=2272392)[0m 2026-04-01 23:46:25,758 - piper_actor - DEBUG - run_dag dispatch (time 8): send s1 mb0 bkt=0
[36m(PiperActor pid=2272392)[0m 2026-04-01 23:46:25,759 - piper_actor - DEBUG - exec_send key (None, 0) to peer pp rank 0
[36m(PiperActor pid=2272392)[0m 2026-04-01 23:46:25,759 - piper_actor - DEBUG - run_dag dispatch (time 9): backward s1 mb1 bkt=0
[36m(PiperActor pid=2272402)[0m 2026-04-01 23:46:25,802 - piper_actor - DEBUG - run_dag dispatch (time 10): recv s0 mb1 bkt=0
[36m(PiperActor pid=2272402)[0m 2026-04-01 23:46:25,802 - piper_actor - DEBUG - exec_recv key (None, 1) from peer pp rank 1
[36m(PiperActor pid=2272402)[0m 2026-04-01 23:46:25,802 - piper_actor - DEBUG - run_dag dispatch (time 11): backward s0 mb1 bkt=0
[36m(PiperActor pid=2272388)[0m 2026-04-01 23:46:25,799 - piper_actor - DEBUG - run_dag dispatch (time 10): recv s0 mb1 bkt=0
[36m(PiperActor pid=2272388)[0m 2026-04-01 23:46:25,799 - piper_actor - DEBUG - exec_recv key (None, 1) from peer pp rank 1
[36m(PiperActor pid=2272388)[0m 2026-04-01 23:46:25,800 - piper_actor - DEBUG - run_dag dispatch (time 11): backward s0 mb1 bkt=0
[36m(PiperActor pid=2272396)[0m 2026-04-01 23:46:25,793 - piper_actor - DEBUG - run_dag dispatch (time 9): recv s3 mb2 bkt=0
[36m(PiperActor pid=2272396)[0m 2026-04-01 23:46:25,793 - piper_actor - DEBUG - exec_recv key ((3, 0), 2) from peer pp rank 0
[36m(PiperActor pid=2272396)[0m 2026-04-01 23:46:25,794 - piper_actor - DEBUG - run_dag dispatch (time 9): send s1 mb3 bkt=0
[36m(PiperActor pid=2272396)[0m 2026-04-01 23:46:25,794 - piper_actor - DEBUG - exec_send key ((1, 0), 3) to peer pp rank 0
[36m(PiperActor pid=2272396)[0m 2026-04-01 23:46:25,794 - piper_actor - DEBUG - run_dag dispatch (time 10): forward s3 mb2 bkt=0
[36m(PiperActor pid=2272396)[0m 2026-04-01 23:46:25,810 - piper_actor - DEBUG - run_dag dispatch (time 10): send s1 mb1 bkt=0
[36m(PiperActor pid=2272396)[0m 2026-04-01 23:46:25,811 - piper_actor - DEBUG - exec_send key (None, 1) to peer pp rank 0
[36m(PiperActor pid=2272396)[0m 2026-04-01 23:46:25,811 - piper_actor - DEBUG - run_dag dispatch (time 11): backward s3 mb2 bkt=0
[36m(PiperActor pid=2272392)[0m 2026-04-01 23:46:25,791 - piper_actor - DEBUG - run_dag dispatch (time 9): recv s3 mb2 bkt=0
[36m(PiperActor pid=2272392)[0m 2026-04-01 23:46:25,791 - piper_actor - DEBUG - exec_recv key ((3, 0), 2) from peer pp rank 0
[36m(PiperActor pid=2272392)[0m 2026-04-01 23:46:25,792 - piper_actor - DEBUG - run_dag dispatch (time 9): send s1 mb3 bkt=0
[36m(PiperActor pid=2272392)[0m 2026-04-01 23:46:25,792 - piper_actor - DEBUG - exec_send key ((1, 0), 3) to peer pp rank 0
[36m(PiperActor pid=2272392)[0m 2026-04-01 23:46:25,792 - piper_actor - DEBUG - run_dag dispatch (time 10): forward s3 mb2 bkt=0
[36m(PiperActor pid=2272392)[0m 2026-04-01 23:46:25,808 - piper_actor - DEBUG - run_dag dispatch (time 10): send s1 mb1 bkt=0
[36m(PiperActor pid=2272392)[0m 2026-04-01 23:46:25,808 - piper_actor - DEBUG - exec_send key (None, 1) to peer pp rank 0
[36m(PiperActor pid=2272392)[0m 2026-04-01 23:46:25,808 - piper_actor - DEBUG - run_dag dispatch (time 11): backward s3 mb2 bkt=0
[36m(PiperActor pid=2272402)[0m 2026-04-01 23:46:25,838 - piper_actor - DEBUG - run_dag dispatch (time 11): send s2 mb3 bkt=0
[36m(PiperActor pid=2272402)[0m 2026-04-01 23:46:25,838 - piper_actor - DEBUG - exec_send key ((2, 0), 3) to peer pp rank 1
[36m(PiperActor pid=2272402)[0m 2026-04-01 23:46:25,839 - piper_actor - DEBUG - run_dag dispatch (time 11): recv s2 mb2 bkt=0
[36m(PiperActor pid=2272402)[0m 2026-04-01 23:46:25,839 - piper_actor - DEBUG - exec_recv key (None, 2) from peer pp rank 1
[36m(PiperActor pid=2272402)[0m 2026-04-01 23:46:25,839 - piper_actor - DEBUG - run_dag dispatch (time 12): backward s2 mb2 bkt=0
[36m(PiperActor pid=2272388)[0m 2026-04-01 23:46:25,837 - piper_actor - DEBUG - run_dag dispatch (time 11): send s2 mb3 bkt=0
[36m(PiperActor pid=2272388)[0m 2026-04-01 23:46:25,837 - piper_actor - DEBUG - exec_send key ((2, 0), 3) to peer pp rank 1
[36m(PiperActor pid=2272388)[0m 2026-04-01 23:46:25,838 - piper_actor - DEBUG - run_dag dispatch (time 11): recv s2 mb2 bkt=0
[36m(PiperActor pid=2272388)[0m 2026-04-01 23:46:25,838 - piper_actor - DEBUG - exec_recv key (None, 2) from peer pp rank 1
[36m(PiperActor pid=2272388)[0m 2026-04-01 23:46:25,838 - piper_actor - DEBUG - run_dag dispatch (time 12): backward s2 mb2 bkt=0
[36m(PiperActor pid=2272396)[0m 2026-04-01 23:46:25,841 - piper_actor - DEBUG - run_dag dispatch (time 11): recv s3 mb3 bkt=0
[36m(PiperActor pid=2272396)[0m 2026-04-01 23:46:25,841 - piper_actor - DEBUG - exec_recv key ((3, 0), 3) from peer pp rank 0
[36m(PiperActor pid=2272396)[0m 2026-04-01 23:46:25,842 - piper_actor - DEBUG - run_dag dispatch (time 12): forward s3 mb3 bkt=0
[36m(PiperActor pid=2272392)[0m 2026-04-01 23:46:25,839 - piper_actor - DEBUG - run_dag dispatch (time 11): recv s3 mb3 bkt=0
[36m(PiperActor pid=2272392)[0m 2026-04-01 23:46:25,839 - piper_actor - DEBUG - exec_recv key ((3, 0), 3) from peer pp rank 0
[36m(PiperActor pid=2272392)[0m 2026-04-01 23:46:25,840 - piper_actor - DEBUG - run_dag dispatch (time 12): forward s3 mb3 bkt=0
[36m(PiperActor pid=2272402)[0m 2026-04-01 23:46:25,875 - piper_actor - DEBUG - run_dag dispatch (time 12): recv s2 mb3 bkt=0
[36m(PiperActor pid=2272402)[0m 2026-04-01 23:46:25,875 - piper_actor - DEBUG - exec_recv key (None, 3) from peer pp rank 1
[36m(PiperActor pid=2272402)[0m 2026-04-01 23:46:25,875 - piper_actor - DEBUG - run_dag dispatch (time 13): backward s2 mb3 bkt=0
[36m(PiperActor pid=2272388)[0m 2026-04-01 23:46:25,873 - piper_actor - DEBUG - run_dag dispatch (time 12): recv s2 mb3 bkt=0
[36m(PiperActor pid=2272388)[0m 2026-04-01 23:46:25,874 - piper_actor - DEBUG - exec_recv key (None, 3) from peer pp rank 1
[36m(PiperActor pid=2272388)[0m 2026-04-01 23:46:25,874 - piper_actor - DEBUG - run_dag dispatch (time 13): backward s2 mb3 bkt=0
[36m(PiperActor pid=2272396)[0m 2026-04-01 23:46:25,884 - piper_actor - DEBUG - run_dag dispatch (time 12): send s3 mb2 bkt=0
[36m(PiperActor pid=2272396)[0m 2026-04-01 23:46:25,884 - piper_actor - DEBUG - exec_send key (None, 2) to peer pp rank 0
[36m(PiperActor pid=2272396)[0m 2026-04-01 23:46:25,885 - piper_actor - DEBUG - run_dag dispatch (time 13): backward s3 mb3 bkt=0
[36m(PiperActor pid=2272392)[0m 2026-04-01 23:46:25,881 - piper_actor - DEBUG - run_dag dispatch (time 12): send s3 mb2 bkt=0
[36m(PiperActor pid=2272392)[0m 2026-04-01 23:46:25,881 - piper_actor - DEBUG - exec_send key (None, 2) to peer pp rank 0
[36m(PiperActor pid=2272392)[0m 2026-04-01 23:46:25,882 - piper_actor - DEBUG - run_dag dispatch (time 13): backward s3 mb3 bkt=0
[36m(PiperActor pid=2272402)[0m 2026-04-01 23:46:25,931 - piper_actor - DEBUG - run_dag dispatch (time 13): send s2 mb2 bkt=0
[36m(PiperActor pid=2272402)[0m 2026-04-01 23:46:25,931 - piper_actor - DEBUG - exec_send key (None, 2) to peer pp rank 1
[36m(PiperActor pid=2272402)[0m 2026-04-01 23:46:25,932 - piper_actor - DEBUG - run_dag dispatch (time 13): recv s0 mb2 bkt=0
[36m(PiperActor pid=2272402)[0m 2026-04-01 23:46:25,932 - piper_actor - DEBUG - exec_recv key (None, 2) from peer pp rank 1
[36m(PiperActor pid=2272402)[0m 2026-04-01 23:46:25,932 - piper_actor - DEBUG - run_dag dispatch (time 14): backward s0 mb2 bkt=0
[36m(PiperActor pid=2272388)[0m 2026-04-01 23:46:25,930 - piper_actor - DEBUG - run_dag dispatch (time 13): send s2 mb2 bkt=0
[36m(PiperActor pid=2272388)[0m 2026-04-01 23:46:25,931 - piper_actor - DEBUG - exec_send key (None, 2) to peer pp rank 1
[36m(PiperActor pid=2272388)[0m 2026-04-01 23:46:25,931 - piper_actor - DEBUG - run_dag dispatch (time 13): recv s0 mb2 bkt=0
[36m(PiperActor pid=2272388)[0m 2026-04-01 23:46:25,931 - piper_actor - DEBUG - exec_recv key (None, 2) from peer pp rank 1
[36m(PiperActor pid=2272388)[0m 2026-04-01 23:46:25,932 - piper_actor - DEBUG - run_dag dispatch (time 14): backward s0 mb2 bkt=0
[36m(PiperActor pid=2272396)[0m 2026-04-01 23:46:25,915 - piper_actor - DEBUG - run_dag dispatch (time 13): recv s1 mb2 bkt=0
[36m(PiperActor pid=2272396)[0m 2026-04-01 23:46:25,915 - piper_actor - DEBUG - exec_recv key (None, 2) from peer pp rank 0
[36m(PiperActor pid=2272396)[0m 2026-04-01 23:46:25,915 - piper_actor - DEBUG - run_dag dispatch (time 14): backward s1 mb2 bkt=0
[36m(PiperActor pid=2272392)[0m 2026-04-01 23:46:25,912 - piper_actor - DEBUG - run_dag dispatch (time 13): recv s1 mb2 bkt=0
[36m(PiperActor pid=2272392)[0m 2026-04-01 23:46:25,912 - piper_actor - DEBUG - exec_recv key (None, 2) from peer pp rank 0
[36m(PiperActor pid=2272392)[0m 2026-04-01 23:46:25,913 - piper_actor - DEBUG - run_dag dispatch (time 14): backward s1 mb2 bkt=0
[36m(PiperActor pid=2272396)[0m 2026-04-01 23:46:25,973 - piper_actor - DEBUG - run_dag dispatch (time 14): recv s1 mb3 bkt=0
[36m(PiperActor pid=2272396)[0m 2026-04-01 23:46:25,974 - piper_actor - DEBUG - exec_recv key (None, 3) from peer pp rank 0
[36m(PiperActor pid=2272396)[0m 2026-04-01 23:46:25,974 - piper_actor - DEBUG - run_dag dispatch (time 14): send s3 mb3 bkt=0
[36m(PiperActor pid=2272396)[0m 2026-04-01 23:46:25,974 - piper_actor - DEBUG - exec_send key (None, 3) to peer pp rank 0
[36m(PiperActor pid=2272396)[0m 2026-04-01 23:46:25,975 - piper_actor - DEBUG - run_dag dispatch (time 14): reduce_scatter s3 mb3 bkt=0
[36m(PiperActor pid=2272396)[0m 2026-04-01 23:46:25,975 - piper_actor - DEBUG - run_dag dispatch (time 15): backward s1 mb3 bkt=0
[36m(PiperActor pid=2272392)[0m 2026-04-01 23:46:25,970 - piper_actor - DEBUG - run_dag dispatch (time 14): recv s1 mb3 bkt=0
[36m(PiperActor pid=2272392)[0m 2026-04-01 23:46:25,971 - piper_actor - DEBUG - exec_recv key (None, 3) from peer pp rank 0
[36m(PiperActor pid=2272392)[0m 2026-04-01 23:46:25,971 - piper_actor - DEBUG - run_dag dispatch (time 14): send s3 mb3 bkt=0
[36m(PiperActor pid=2272392)[0m 2026-04-01 23:46:25,971 - piper_actor - DEBUG - exec_send key (None, 3) to peer pp rank 0
[36m(PiperActor pid=2272392)[0m 2026-04-01 23:46:25,971 - piper_actor - DEBUG - run_dag dispatch (time 14): reduce_scatter s3 mb3 bkt=0
[36m(PiperActor pid=2272392)[0m 2026-04-01 23:46:25,972 - piper_actor - DEBUG - run_dag dispatch (time 15): backward s1 mb3 bkt=0
[36m(PiperActor pid=2272402)[0m 2026-04-01 23:46:26,011 - piper_actor - DEBUG - run_dag dispatch (time 14): send s2 mb3 bkt=0
[36m(PiperActor pid=2272402)[0m 2026-04-01 23:46:26,012 - piper_actor - DEBUG - exec_send key (None, 3) to peer pp rank 1
[36m(PiperActor pid=2272402)[0m 2026-04-01 23:46:26,012 - piper_actor - DEBUG - run_dag dispatch (time 14): recv s0 mb3 bkt=0
[36m(PiperActor pid=2272402)[0m 2026-04-01 23:46:26,012 - piper_actor - DEBUG - exec_recv key (None, 3) from peer pp rank 1
[36m(PiperActor pid=2272402)[0m 2026-04-01 23:46:26,013 - piper_actor - DEBUG - run_dag dispatch (time 14): reduce_scatter s2 mb3 bkt=0
[36m(PiperActor pid=2272402)[0m 2026-04-01 23:46:26,013 - piper_actor - DEBUG - run_dag dispatch (time 15): backward s0 mb3 bkt=0
[36m(PiperActor pid=2272388)[0m 2026-04-01 23:46:26,009 - piper_actor - DEBUG - run_dag dispatch (time 14): send s2 mb3 bkt=0
[36m(PiperActor pid=2272388)[0m 2026-04-01 23:46:26,009 - piper_actor - DEBUG - exec_send key (None, 3) to peer pp rank 1
[36m(PiperActor pid=2272388)[0m 2026-04-01 23:46:26,010 - piper_actor - DEBUG - run_dag dispatch (time 14): recv s0 mb3 bkt=0
[36m(PiperActor pid=2272388)[0m 2026-04-01 23:46:26,010 - piper_actor - DEBUG - exec_recv key (None, 3) from peer pp rank 1
[36m(PiperActor pid=2272388)[0m 2026-04-01 23:46:26,010 - piper_actor - DEBUG - run_dag dispatch (time 14): reduce_scatter s2 mb3 bkt=0
[36m(PiperActor pid=2272388)[0m 2026-04-01 23:46:26,010 - piper_actor - DEBUG - run_dag dispatch (time 15): backward s0 mb3 bkt=0
[36m(PiperActor pid=2272396)[0m 2026-04-01 23:46:26,011 - piper_actor - DEBUG - run_dag dispatch (time 15): send s1 mb2 bkt=0
[36m(PiperActor pid=2272396)[0m 2026-04-01 23:46:26,012 - piper_actor - DEBUG - exec_send key (None, 2) to peer pp rank 0
[36m(PiperActor pid=2272396)[0m 2026-04-01 23:46:26,012 - piper_actor - DEBUG - run_dag dispatch (time 16): update s1 mb3 bkt=0
[36m(PiperActor pid=2272392)[0m 2026-04-01 23:46:26,008 - piper_actor - DEBUG - run_dag dispatch (time 15): send s1 mb2 bkt=0
[36m(PiperActor pid=2272392)[0m 2026-04-01 23:46:26,008 - piper_actor - DEBUG - exec_send key (None, 2) to peer pp rank 0
[36m(PiperActor pid=2272392)[0m 2026-04-01 23:46:26,009 - piper_actor - DEBUG - run_dag dispatch (time 16): update s1 mb3 bkt=0
[36m(PiperActor pid=2272402)[0m 2026-04-01 23:46:26,051 - piper_actor - DEBUG - run_dag dispatch (time 16): update s0 mb3 bkt=0
[36m(PiperActor pid=2272388)[0m 2026-04-01 23:46:26,049 - piper_actor - DEBUG - run_dag dispatch (time 16): update s0 mb3 bkt=0
[36m(PiperActor pid=2272396)[0m 2026-04-01 23:46:26,069 - piper_actor - DEBUG - run_dag dispatch (time 16): send s1 mb3 bkt=0
[36m(PiperActor pid=2272396)[0m 2026-04-01 23:46:26,069 - piper_actor - DEBUG - exec_send key (None, 3) to peer pp rank 0
[36m(PiperActor pid=2272396)[0m 2026-04-01 23:46:26,069 - piper_actor - DEBUG - run_dag dispatch (time 16): reduce_scatter s1 mb3 bkt=0
[36m(PiperActor pid=2272392)[0m 2026-04-01 23:46:26,064 - piper_actor - DEBUG - run_dag dispatch (time 16): send s1 mb3 bkt=0
[36m(PiperActor pid=2272392)[0m 2026-04-01 23:46:26,065 - piper_actor - DEBUG - exec_send key (None, 3) to peer pp rank 0
[36m(PiperActor pid=2272392)[0m 2026-04-01 23:46:26,065 - piper_actor - DEBUG - run_dag dispatch (time 16): reduce_scatter s1 mb3 bkt=0
[36m(PiperActor pid=2272402)[0m 2026-04-01 23:46:26,112 - piper_actor - DEBUG - run_dag dispatch (time 16): reduce_scatter s0 mb3 bkt=0
[36m(PiperActor pid=2272388)[0m 2026-04-01 23:46:26,107 - piper_actor - DEBUG - run_dag dispatch (time 16): reduce_scatter s0 mb3 bkt=0
[36m(PiperActor pid=2272388)[0m 2026-04-01 23:46:26,112 - piper_actor - DEBUG - run_dag dispatch (time -30001): all_gather s2 mb0 bkt=0
[36m(PiperActor pid=2272388)[0m 2026-04-01 23:46:26,113 - piper_actor - DEBUG - run_dag dispatch (time -30000): all_gather s0 mb0 bkt=0
[36m(PiperActor pid=2272388)[0m 2026-04-01 23:46:26,113 - piper_actor - DEBUG - run_dag dispatch (time 0): forward s0 mb0 bkt=0
[36m(PiperActor pid=2272392)[0m 2026-04-01 23:46:26,112 - piper_actor - DEBUG - run_dag dispatch (time -30001): all_gather s3 mb0 bkt=0
[36m(PiperActor pid=2272392)[0m 2026-04-01 23:46:26,113 - piper_actor - DEBUG - run_dag dispatch (time -30000): all_gather s1 mb0 bkt=0
[36m(PiperActor pid=2272392)[0m 2026-04-01 23:46:26,113 - piper_actor - DEBUG - run_dag dispatch (time -1): recv s1 mb0 bkt=0
[36m(PiperActor pid=2272392)[0m 2026-04-01 23:46:26,113 - piper_actor - DEBUG - exec_recv key ((1, 0), 0) from peer pp rank 0
[36m(PiperActor pid=2272392)[0m 2026-04-01 23:46:26,114 - piper_actor - DEBUG - run_dag dispatch (time 0): forward s1 mb0 bkt=0
[36m(PiperActor pid=2272402)[0m 2026-04-01 23:46:26,117 - piper_actor - DEBUG - run_dag dispatch (time -30001): all_gather s2 mb0 bkt=0
[36m(PiperActor pid=2272402)[0m 2026-04-01 23:46:26,117 - piper_actor - DEBUG - run_dag dispatch (time -30000): all_gather s0 mb0 bkt=0
[36m(PiperActor pid=2272402)[0m 2026-04-01 23:46:26,118 - piper_actor - DEBUG - run_dag dispatch (time 0): forward s0 mb0 bkt=0
[36m(PiperActor pid=2272402)[0m 2026-04-01 23:46:26,129 - piper_actor - DEBUG - run_dag dispatch (time 1): forward s0 mb1 bkt=0
[36m(PiperActor pid=2272402)[0m 2026-04-01 23:46:26,140 - piper_actor - DEBUG - run_dag dispatch (time 1): send s0 mb0 bkt=0
[36m(PiperActor pid=2272402)[0m 2026-04-01 23:46:26,140 - piper_actor - DEBUG - exec_send key ((0, 0), 0) to peer pp rank 1
[36m(PiperActor pid=2272402)[0m 2026-04-01 23:46:26,140 - piper_actor - DEBUG - run_dag dispatch (time 1): recv s2 mb0 bkt=0
[36m(PiperActor pid=2272402)[0m 2026-04-01 23:46:26,140 - piper_actor - DEBUG - exec_recv key ((2, 0), 0) from peer pp rank 1
[36m(PiperActor pid=2272402)[0m 2026-04-01 23:46:26,141 - piper_actor - DEBUG - run_dag dispatch (time 2): forward s2 mb0 bkt=0
[36m(PiperActor pid=2272402)[0m 2026-04-01 23:46:26,151 - piper_actor - DEBUG - run_dag dispatch (time 2): send s0 mb1 bkt=0
[36m(PiperActor pid=2272402)[0m 2026-04-01 23:46:26,151 - piper_actor - DEBUG - exec_send key ((0, 0), 1) to peer pp rank 1
[36m(PiperActor pid=2272402)[0m 2026-04-01 23:46:26,152 - piper_actor - DEBUG - run_dag dispatch (time 2): recv s2 mb1 bkt=0
[36m(PiperActor pid=2272402)[0m 2026-04-01 23:46:26,152 - piper_actor - DEBUG - exec_recv key ((2, 0), 1) from peer pp rank 1
[36m(PiperActor pid=2272402)[0m 2026-04-01 23:46:26,152 - piper_actor - DEBUG - run_dag dispatch (time 3): forward s2 mb1 bkt=0
[36m(PiperActor pid=2272388)[0m 2026-04-01 23:46:26,124 - piper_actor - DEBUG - run_dag dispatch (time 1): forward s0 mb1 bkt=0
[36m(PiperActor pid=2272388)[0m 2026-04-01 23:46:26,134 - piper_actor - DEBUG - run_dag dispatch (time 1): send s0 mb0 bkt=0
[36m(PiperActor pid=2272388)[0m 2026-04-01 23:46:26,134 - piper_actor - DEBUG - exec_send key ((0, 0), 0) to peer pp rank 1
[36m(PiperActor pid=2272388)[0m 2026-04-01 23:46:26,134 - piper_actor - DEBUG - run_dag dispatch (time 1): recv s2 mb0 bkt=0
[36m(PiperActor pid=2272388)[0m 2026-04-01 23:46:26,134 - piper_actor - DEBUG - exec_recv key ((2, 0), 0) from peer pp rank 1
[36m(PiperActor pid=2272388)[0m 2026-04-01 23:46:26,135 - piper_actor - DEBUG - run_dag dispatch (time 2): forward s2 mb0 bkt=0
[36m(PiperActor pid=2272388)[0m 2026-04-01 23:46:26,145 - piper_actor - DEBUG - run_dag dispatch (time 2): send s0 mb1 bkt=0
[36m(PiperActor pid=2272388)[0m 2026-04-01 23:46:26,145 - piper_actor - DEBUG - exec_send key ((0, 0), 1) to peer pp rank 1
[36m(PiperActor pid=2272388)[0m 2026-04-01 23:46:26,145 - piper_actor - DEBUG - run_dag dispatch (time 2): recv s2 mb1 bkt=0
[36m(PiperActor pid=2272388)[0m 2026-04-01 23:46:26,145 - piper_actor - DEBUG - exec_recv key ((2, 0), 1) from peer pp rank 1
[36m(PiperActor pid=2272388)[0m 2026-04-01 23:46:26,146 - piper_actor - DEBUG - run_dag dispatch (time 3): forward s2 mb1 bkt=0
[36m(PiperActor pid=2272396)[0m 2026-04-01 23:46:26,117 - piper_actor - DEBUG - run_dag dispatch (time -30001): all_gather s3 mb0 bkt=0
[36m(PiperActor pid=2272396)[0m 2026-04-01 23:46:26,118 - piper_actor - DEBUG - run_dag dispatch (time -30000): all_gather s1 mb0 bkt=0
[36m(PiperActor pid=2272396)[0m 2026-04-01 23:46:26,118 - piper_actor - DEBUG - run_dag dispatch (time -1): recv s1 mb0 bkt=0
[36m(PiperActor pid=2272396)[0m 2026-04-01 23:46:26,118 - piper_actor - DEBUG - exec_recv key ((1, 0), 0) from peer pp rank 0
[36m(PiperActor pid=2272396)[0m 2026-04-01 23:46:26,119 - piper_actor - DEBUG - run_dag dispatch (time 0): forward s1 mb0 bkt=0
[36m(PiperActor pid=2272396)[0m 2026-04-01 23:46:26,130 - piper_actor - DEBUG - run_dag dispatch (time 0): recv s1 mb1 bkt=0
[36m(PiperActor pid=2272396)[0m 2026-04-01 23:46:26,130 - piper_actor - DEBUG - exec_recv key ((1, 0), 1) from peer pp rank 0
[36m(PiperActor pid=2272396)[0m 2026-04-01 23:46:26,131 - piper_actor - DEBUG - run_dag dispatch (time 1): forward s1 mb1 bkt=0
[36m(PiperActor pid=2272396)[0m 2026-04-01 23:46:26,141 - piper_actor - DEBUG - run_dag dispatch (time 1): recv s3 mb0 bkt=0
[36m(PiperActor pid=2272396)[0m 2026-04-01 23:46:26,141 - piper_actor - DEBUG - exec_recv key ((3, 0), 0) from peer pp rank 0
[36m(PiperActor pid=2272396)[0m 2026-04-01 23:46:26,142 - piper_actor - DEBUG - run_dag dispatch (time 1): send s1 mb0 bkt=0
[36m(PiperActor pid=2272396)[0m 2026-04-01 23:46:26,142 - piper_actor - DEBUG - exec_send key ((1, 0), 0) to peer pp rank 0
[36m(PiperActor pid=2272396)[0m 2026-04-01 23:46:26,142 - piper_actor - DEBUG - run_dag dispatch (time 2): forward s3 mb0 bkt=0
[36m(PiperActor pid=2272396)[0m 2026-04-01 23:46:26,153 - piper_actor - DEBUG - run_dag dispatch (time 2): send s1 mb1 bkt=0
[36m(PiperActor pid=2272396)[0m 2026-04-01 23:46:26,153 - piper_actor - DEBUG - exec_send key ((1, 0), 1) to peer pp rank 0
[36m(PiperActor pid=2272396)[0m 2026-04-01 23:46:26,154 - piper_actor - DEBUG - run_dag dispatch (time 3): backward s3 mb0 bkt=0
[36m(PiperActor pid=2272392)[0m 2026-04-01 23:46:26,124 - piper_actor - DEBUG - run_dag dispatch (time 0): recv s1 mb1 bkt=0
[36m(PiperActor pid=2272392)[0m 2026-04-01 23:46:26,125 - piper_actor - DEBUG - exec_recv key ((1, 0), 1) from peer pp rank 0
[36m(PiperActor pid=2272392)[0m 2026-04-01 23:46:26,125 - piper_actor - DEBUG - run_dag dispatch (time 1): forward s1 mb1 bkt=0
[36m(PiperActor pid=2272392)[0m 2026-04-01 23:46:26,135 - piper_actor - DEBUG - run_dag dispatch (time 1): recv s3 mb0 bkt=0
[36m(PiperActor pid=2272392)[0m 2026-04-01 23:46:26,135 - piper_actor - DEBUG - exec_recv key ((3, 0), 0) from peer pp rank 0
[36m(PiperActor pid=2272392)[0m 2026-04-01 23:46:26,135 - piper_actor - DEBUG - run_dag dispatch (time 1): send s1 mb0 bkt=0
[36m(PiperActor pid=2272392)[0m 2026-04-01 23:46:26,135 - piper_actor - DEBUG - exec_send key ((1, 0), 0) to peer pp rank 0
[36m(PiperActor pid=2272392)[0m 2026-04-01 23:46:26,136 - piper_actor - DEBUG - run_dag dispatch (time 2): forward s3 mb0 bkt=0
[36m(PiperActor pid=2272392)[0m 2026-04-01 23:46:26,146 - piper_actor - DEBUG - run_dag dispatch (time 2): send s1 mb1 bkt=0
[36m(PiperActor pid=2272392)[0m 2026-04-01 23:46:26,146 - piper_actor - DEBUG - exec_send key ((1, 0), 1) to peer pp rank 0
[36m(PiperActor pid=2272392)[0m 2026-04-01 23:46:26,146 - piper_actor - DEBUG - run_dag dispatch (time 3): backward s3 mb0 bkt=0
[36m(PiperActor pid=2272402)[0m 2026-04-01 23:46:26,163 - piper_actor - DEBUG - run_dag dispatch (time 3): send s2 mb0 bkt=0
[36m(PiperActor pid=2272402)[0m 2026-04-01 23:46:26,163 - piper_actor - DEBUG - exec_send key ((2, 0), 0) to peer pp rank 1
[36m(PiperActor pid=2272402)[0m 2026-04-01 23:46:26,163 - piper_actor - DEBUG - run_dag dispatch (time 4): forward s0 mb2 bkt=0
[36m(PiperActor pid=2272402)[0m 2026-04-01 23:46:26,174 - piper_actor - DEBUG - run_dag dispatch (time 4): send s2 mb1 bkt=0
[36m(PiperActor pid=2272402)[0m 2026-04-01 23:46:26,174 - piper_actor - DEBUG - exec_send key ((2, 0), 1) to peer pp rank 1
[36m(PiperActor pid=2272402)[0m 2026-04-01 23:46:26,174 - piper_actor - DEBUG - run_dag dispatch (time 4): recv s2 mb0 bkt=0
[36m(PiperActor pid=2272402)[0m 2026-04-01 23:46:26,174 - piper_actor - DEBUG - exec_recv key (None, 0) from peer pp rank 1
[36m(PiperActor pid=2272402)[0m 2026-04-01 23:46:26,175 - piper_actor - DEBUG - run_dag dispatch (time 5): backward s2 mb0 bkt=0
[36m(PiperActor pid=2272388)[0m 2026-04-01 23:46:26,155 - piper_actor - DEBUG - run_dag dispatch (time 3): send s2 mb0 bkt=0
[36m(PiperActor pid=2272388)[0m 2026-04-01 23:46:26,156 - piper_actor - DEBUG - exec_send key ((2, 0), 0) to peer pp rank 1
[36m(PiperActor pid=2272388)[0m 2026-04-01 23:46:26,156 - piper_actor - DEBUG - run_dag dispatch (time 4): forward s0 mb2 bkt=0
[36m(PiperActor pid=2272388)[0m 2026-04-01 23:46:26,166 - piper_actor - DEBUG - run_dag dispatch (time 4): send s2 mb1 bkt=0
[36m(PiperActor pid=2272388)[0m 2026-04-01 23:46:26,166 - piper_actor - DEBUG - exec_send key ((2, 0), 1) to peer pp rank 1
[36m(PiperActor pid=2272388)[0m 2026-04-01 23:46:26,166 - piper_actor - DEBUG - run_dag dispatch (time 4): recv s2 mb0 bkt=0
[36m(PiperActor pid=2272388)[0m 2026-04-01 23:46:26,166 - piper_actor - DEBUG - exec_recv key (None, 0) from peer pp rank 1
[36m(PiperActor pid=2272388)[0m 2026-04-01 23:46:26,167 - piper_actor - DEBUG - run_dag dispatch (time 5): backward s2 mb0 bkt=0
[36m(PiperActor pid=2272396)[0m 2026-04-01 23:46:26,183 - piper_actor - DEBUG - run_dag dispatch (time 3): recv s3 mb1 bkt=0
[36m(PiperActor pid=2272396)[0m 2026-04-01 23:46:26,183 - piper_actor - DEBUG - exec_recv key ((3, 0), 1) from peer pp rank 0
[36m(PiperActor pid=2272396)[0m 2026-04-01 23:46:26,184 - piper_actor - DEBUG - run_dag dispatch (time 4): forward s3 mb1 bkt=0
[36m(PiperActor pid=2272392)[0m 2026-04-01 23:46:26,184 - piper_actor - DEBUG - run_dag dispatch (time 3): recv s3 mb1 bkt=0
[36m(PiperActor pid=2272392)[0m 2026-04-01 23:46:26,184 - piper_actor - DEBUG - exec_recv key ((3, 0), 1) from peer pp rank 0
[36m(PiperActor pid=2272392)[0m 2026-04-01 23:46:26,184 - piper_actor - DEBUG - run_dag dispatch (time 4): forward s3 mb1 bkt=0
[36m(PiperActor pid=2272402)[0m 2026-04-01 23:46:26,206 - piper_actor - DEBUG - run_dag dispatch (time 5): send s0 mb2 bkt=0
[36m(PiperActor pid=2272402)[0m 2026-04-01 23:46:26,207 - piper_actor - DEBUG - exec_send key ((0, 0), 2) to peer pp rank 1
[36m(PiperActor pid=2272402)[0m 2026-04-01 23:46:26,207 - piper_actor - DEBUG - run_dag dispatch (time 6): forward s0 mb3 bkt=0
[36m(PiperActor pid=2272388)[0m 2026-04-01 23:46:26,202 - piper_actor - DEBUG - run_dag dispatch (time 5): send s0 mb2 bkt=0
[36m(PiperActor pid=2272388)[0m 2026-04-01 23:46:26,202 - piper_actor - DEBUG - exec_send key ((0, 0), 2) to peer pp rank 1
[36m(PiperActor pid=2272388)[0m 2026-04-01 23:46:26,203 - piper_actor - DEBUG - run_dag dispatch (time 6): forward s0 mb3 bkt=0
[36m(PiperActor pid=2272396)[0m 2026-04-01 23:46:26,226 - piper_actor - DEBUG - run_dag dispatch (time 4): send s3 mb0 bkt=0
[36m(PiperActor pid=2272396)[0m 2026-04-01 23:46:26,227 - piper_actor - DEBUG - exec_send key (None, 0) to peer pp rank 0
[36m(PiperActor pid=2272396)[0m 2026-04-01 23:46:26,227 - piper_actor - DEBUG - run_dag dispatch (time 5): backward s3 mb1 bkt=0
[36m(PiperActor pid=2272392)[0m 2026-04-01 23:46:26,226 - piper_actor - DEBUG - run_dag dispatch (time 4): send s3 mb0 bkt=0
[36m(PiperActor pid=2272392)[0m 2026-04-01 23:46:26,226 - piper_actor - DEBUG - exec_send key (None, 0) to peer pp rank 0
[36m(PiperActor pid=2272392)[0m 2026-04-01 23:46:26,227 - piper_actor - DEBUG - run_dag dispatch (time 5): backward s3 mb1 bkt=0
[36m(PiperActor pid=2272402)[0m 2026-04-01 23:46:26,256 - piper_actor - DEBUG - run_dag dispatch (time 6): send s2 mb0 bkt=0
[36m(PiperActor pid=2272402)[0m 2026-04-01 23:46:26,256 - piper_actor - DEBUG - exec_send key (None, 0) to peer pp rank 1
[36m(PiperActor pid=2272402)[0m 2026-04-01 23:46:26,257 - piper_actor - DEBUG - run_dag dispatch (time 6): recv s2 mb1 bkt=0
[36m(PiperActor pid=2272402)[0m 2026-04-01 23:46:26,257 - piper_actor - DEBUG - exec_recv key (None, 1) from peer pp rank 1
[36m(PiperActor pid=2272402)[0m 2026-04-01 23:46:26,257 - piper_actor - DEBUG - run_dag dispatch (time 7): backward s2 mb1 bkt=0
[36m(PiperActor pid=2272388)[0m 2026-04-01 23:46:26,255 - piper_actor - DEBUG - run_dag dispatch (time 6): send s2 mb0 bkt=0
[36m(PiperActor pid=2272388)[0m 2026-04-01 23:46:26,255 - piper_actor - DEBUG - exec_send key (None, 0) to peer pp rank 1
[36m(PiperActor pid=2272388)[0m 2026-04-01 23:46:26,256 - piper_actor - DEBUG - run_dag dispatch (time 6): recv s2 mb1 bkt=0
[36m(PiperActor pid=2272388)[0m 2026-04-01 23:46:26,256 - piper_actor - DEBUG - exec_recv key (None, 1) from peer pp rank 1
[36m(PiperActor pid=2272388)[0m 2026-04-01 23:46:26,256 - piper_actor - DEBUG - run_dag dispatch (time 7): backward s2 mb1 bkt=0
[36m(PiperActor pid=2272396)[0m 2026-04-01 23:46:26,257 - piper_actor - DEBUG - run_dag dispatch (time 5): recv s1 mb2 bkt=0
[36m(PiperActor pid=2272396)[0m 2026-04-01 23:46:26,257 - piper_actor - DEBUG - exec_recv key ((1, 0), 2) from peer pp rank 0
[36m(PiperActor pid=2272396)[0m 2026-04-01 23:46:26,258 - piper_actor - DEBUG - run_dag dispatch (time 6): forward s1 mb2 bkt=0
[36m(PiperActor pid=2272392)[0m 2026-04-01 23:46:26,257 - piper_actor - DEBUG - run_dag dispatch (time 5): recv s1 mb2 bkt=0
[36m(PiperActor pid=2272392)[0m 2026-04-01 23:46:26,257 - piper_actor - DEBUG - exec_recv key ((1, 0), 2) from peer pp rank 0
[36m(PiperActor pid=2272392)[0m 2026-04-01 23:46:26,258 - piper_actor - DEBUG - run_dag dispatch (time 6): forward s1 mb2 bkt=0
[36m(PiperActor pid=2272402)[0m 2026-04-01 23:46:26,297 - piper_actor - DEBUG - run_dag dispatch (time 7): send s0 mb3 bkt=0
[36m(PiperActor pid=2272402)[0m 2026-04-01 23:46:26,297 - piper_actor - DEBUG - exec_send key ((0, 0), 3) to peer pp rank 1
[36m(PiperActor pid=2272402)[0m 2026-04-01 23:46:26,298 - piper_actor - DEBUG - run_dag dispatch (time 7): recv s2 mb2 bkt=0
[36m(PiperActor pid=2272402)[0m 2026-04-01 23:46:26,298 - piper_actor - DEBUG - exec_recv key ((2, 0), 2) from peer pp rank 1
[36m(PiperActor pid=2272402)[0m 2026-04-01 23:46:26,298 - piper_actor - DEBUG - run_dag dispatch (time 8): forward s2 mb2 bkt=0
[36m(PiperActor pid=2272388)[0m 2026-04-01 23:46:26,291 - piper_actor - DEBUG - run_dag dispatch (time 7): send s0 mb3 bkt=0
[36m(PiperActor pid=2272388)[0m 2026-04-01 23:46:26,292 - piper_actor - DEBUG - exec_send key ((0, 0), 3) to peer pp rank 1
[36m(PiperActor pid=2272388)[0m 2026-04-01 23:46:26,292 - piper_actor - DEBUG - run_dag dispatch (time 7): recv s2 mb2 bkt=0
[36m(PiperActor pid=2272388)[0m 2026-04-01 23:46:26,292 - piper_actor - DEBUG - exec_recv key ((2, 0), 2) from peer pp rank 1
[36m(PiperActor pid=2272388)[0m 2026-04-01 23:46:26,293 - piper_actor - DEBUG - run_dag dispatch (time 8): forward s2 mb2 bkt=0
[36m(PiperActor pid=2272396)[0m 2026-04-01 23:46:26,298 - piper_actor - DEBUG - run_dag dispatch (time 6): recv s1 mb0 bkt=0
[36m(PiperActor pid=2272396)[0m 2026-04-01 23:46:26,298 - piper_actor - DEBUG - exec_recv key (None, 0) from peer pp rank 0
[36m(PiperActor pid=2272396)[0m 2026-04-01 23:46:26,298 - piper_actor - DEBUG - run_dag dispatch (time 6): send s3 mb1 bkt=0
[36m(PiperActor pid=2272396)[0m 2026-04-01 23:46:26,298 - piper_actor - DEBUG - exec_send key (None, 1) to peer pp rank 0
[36m(PiperActor pid=2272396)[0m 2026-04-01 23:46:26,299 - piper_actor - DEBUG - run_dag dispatch (time 7): backward s1 mb0 bkt=0
[36m(PiperActor pid=2272392)[0m 2026-04-01 23:46:26,297 - piper_actor - DEBUG - run_dag dispatch (time 6): recv s1 mb0 bkt=0
[36m(PiperActor pid=2272392)[0m 2026-04-01 23:46:26,297 - piper_actor - DEBUG - exec_recv key (None, 0) from peer pp rank 0
[36m(PiperActor pid=2272392)[0m 2026-04-01 23:46:26,298 - piper_actor - DEBUG - run_dag dispatch (time 6): send s3 mb1 bkt=0
[36m(PiperActor pid=2272392)[0m 2026-04-01 23:46:26,298 - piper_actor - DEBUG - exec_send key (None, 1) to peer pp rank 0
[36m(PiperActor pid=2272392)[0m 2026-04-01 23:46:26,298 - piper_actor - DEBUG - run_dag dispatch (time 7): backward s1 mb0 bkt=0
[36m(PiperActor pid=2272402)[0m 2026-04-01 23:46:26,328 - piper_actor - DEBUG - run_dag dispatch (time 8): send s2 mb1 bkt=0
[36m(PiperActor pid=2272402)[0m 2026-04-01 23:46:26,328 - piper_actor - DEBUG - exec_send key (None, 1) to peer pp rank 1
[36m(PiperActor pid=2272402)[0m 2026-04-01 23:46:26,329 - piper_actor - DEBUG - run_dag dispatch (time 8): recv s0 mb0 bkt=0
[36m(PiperActor pid=2272402)[0m 2026-04-01 23:46:26,329 - piper_actor - DEBUG - exec_recv key (None, 0) from peer pp rank 1
[36m(PiperActor pid=2272402)[0m 2026-04-01 23:46:26,329 - piper_actor - DEBUG - run_dag dispatch (time 9): backward s0 mb0 bkt=0
[36m(PiperActor pid=2272388)[0m 2026-04-01 23:46:26,327 - piper_actor - DEBUG - run_dag dispatch (time 8): send s2 mb1 bkt=0
[36m(PiperActor pid=2272388)[0m 2026-04-01 23:46:26,327 - piper_actor - DEBUG - exec_send key (None, 1) to peer pp rank 1
[36m(PiperActor pid=2272388)[0m 2026-04-01 23:46:26,328 - piper_actor - DEBUG - run_dag dispatch (time 8): recv s0 mb0 bkt=0
[36m(PiperActor pid=2272388)[0m 2026-04-01 23:46:26,328 - piper_actor - DEBUG - exec_recv key (None, 0) from peer pp rank 1
[36m(PiperActor pid=2272388)[0m 2026-04-01 23:46:26,328 - piper_actor - DEBUG - run_dag dispatch (time 9): backward s0 mb0 bkt=0
[36m(PiperActor pid=2272396)[0m 2026-04-01 23:46:26,327 - piper_actor - DEBUG - run_dag dispatch (time 7): recv s1 mb3 bkt=0
[36m(PiperActor pid=2272396)[0m 2026-04-01 23:46:26,328 - piper_actor - DEBUG - exec_recv key ((1, 0), 3) from peer pp rank 0
[36m(PiperActor pid=2272396)[0m 2026-04-01 23:46:26,328 - piper_actor - DEBUG - run_dag dispatch (time 7): send s1 mb2 bkt=0
[36m(PiperActor pid=2272396)[0m 2026-04-01 23:46:26,329 - piper_actor - DEBUG - exec_send key ((1, 0), 2) to peer pp rank 0
[36m(PiperActor pid=2272396)[0m 2026-04-01 23:46:26,329 - piper_actor - DEBUG - run_dag dispatch (time 8): forward s1 mb3 bkt=0
[36m(PiperActor pid=2272396)[0m 2026-04-01 23:46:26,343 - piper_actor - DEBUG - run_dag dispatch (time 8): recv s1 mb1 bkt=0
[36m(PiperActor pid=2272396)[0m 2026-04-01 23:46:26,344 - piper_actor - DEBUG - exec_recv key (None, 1) from peer pp rank 0
[36m(PiperActor pid=2272396)[0m 2026-04-01 23:46:26,344 - piper_actor - DEBUG - run_dag dispatch (time 8): send s1 mb0 bkt=0
[36m(PiperActor pid=2272396)[0m 2026-04-01 23:46:26,344 - piper_actor - DEBUG - exec_send key (None, 0) to peer pp rank 0
[36m(PiperActor pid=2272396)[0m 2026-04-01 23:46:26,344 - piper_actor - DEBUG - run_dag dispatch (time 9): backward s1 mb1 bkt=0
[36m(PiperActor pid=2272392)[0m 2026-04-01 23:46:26,328 - piper_actor - DEBUG - run_dag dispatch (time 7): recv s1 mb3 bkt=0
[36m(PiperActor pid=2272392)[0m 2026-04-01 23:46:26,328 - piper_actor - DEBUG - exec_recv key ((1, 0), 3) from peer pp rank 0
[36m(PiperActor pid=2272392)[0m 2026-04-01 23:46:26,329 - piper_actor - DEBUG - run_dag dispatch (time 7): send s1 mb2 bkt=0
[36m(PiperActor pid=2272392)[0m 2026-04-01 23:46:26,329 - piper_actor - DEBUG - exec_send key ((1, 0), 2) to peer pp rank 0
[36m(PiperActor pid=2272392)[0m 2026-04-01 23:46:26,329 - piper_actor - DEBUG - run_dag dispatch (time 8): forward s1 mb3 bkt=0
[36m(PiperActor pid=2272392)[0m 2026-04-01 23:46:26,343 - piper_actor - DEBUG - run_dag dispatch (time 8): recv s1 mb1 bkt=0
[36m(PiperActor pid=2272392)[0m 2026-04-01 23:46:26,343 - piper_actor - DEBUG - exec_recv key (None, 1) from peer pp rank 0
[36m(PiperActor pid=2272392)[0m 2026-04-01 23:46:26,343 - piper_actor - DEBUG - run_dag dispatch (time 8): send s1 mb0 bkt=0
[36m(PiperActor pid=2272392)[0m 2026-04-01 23:46:26,344 - piper_actor - DEBUG - exec_send key (None, 0) to peer pp rank 0
[36m(PiperActor pid=2272392)[0m 2026-04-01 23:46:26,344 - piper_actor - DEBUG - run_dag dispatch (time 9): backward s1 mb1 bkt=0
[36m(PiperActor pid=2272402)[0m 2026-04-01 23:46:26,366 - piper_actor - DEBUG - run_dag dispatch (time 9): send s2 mb2 bkt=0
[36m(PiperActor pid=2272402)[0m 2026-04-01 23:46:26,366 - piper_actor - DEBUG - exec_send key ((2, 0), 2) to peer pp rank 1
[36m(PiperActor pid=2272402)[0m 2026-04-01 23:46:26,367 - piper_actor - DEBUG - run_dag dispatch (time 9): recv s2 mb3 bkt=0
[36m(PiperActor pid=2272402)[0m 2026-04-01 23:46:26,367 - piper_actor - DEBUG - exec_recv key ((2, 0), 3) from peer pp rank 1
[36m(PiperActor pid=2272402)[0m 2026-04-01 23:46:26,367 - piper_actor - DEBUG - run_dag dispatch (time 10): forward s2 mb3 bkt=0
[36m(PiperActor pid=2272402)[0m 2026-04-01 23:46:26,385 - piper_actor - DEBUG - run_dag dispatch (time 10): recv s0 mb1 bkt=0
[36m(PiperActor pid=2272402)[0m 2026-04-01 23:46:26,385 - piper_actor - DEBUG - exec_recv key (None, 1) from peer pp rank 1
[36m(PiperActor pid=2272402)[0m 2026-04-01 23:46:26,385 - piper_actor - DEBUG - run_dag dispatch (time 11): backward s0 mb1 bkt=0
[36m(PiperActor pid=2272388)[0m 2026-04-01 23:46:26,366 - piper_actor - DEBUG - run_dag dispatch (time 9): send s2 mb2 bkt=0
[36m(PiperActor pid=2272388)[0m 2026-04-01 23:46:26,366 - piper_actor - DEBUG - exec_send key ((2, 0), 2) to peer pp rank 1
[36m(PiperActor pid=2272388)[0m 2026-04-01 23:46:26,367 - piper_actor - DEBUG - run_dag dispatch (time 9): recv s2 mb3 bkt=0
[36m(PiperActor pid=2272388)[0m 2026-04-01 23:46:26,367 - piper_actor - DEBUG - exec_recv key ((2, 0), 3) from peer pp rank 1
[36m(PiperActor pid=2272388)[0m 2026-04-01 23:46:26,367 - piper_actor - DEBUG - run_dag dispatch (time 10): forward s2 mb3 bkt=0
[36m(PiperActor pid=2272388)[0m 2026-04-01 23:46:26,384 - piper_actor - DEBUG - run_dag dispatch (time 10): recv s0 mb1 bkt=0
[36m(PiperActor pid=2272388)[0m 2026-04-01 23:46:26,384 - piper_actor - DEBUG - exec_recv key (None, 1) from peer pp rank 1
[36m(PiperActor pid=2272388)[0m 2026-04-01 23:46:26,385 - piper_actor - DEBUG - run_dag dispatch (time 11): backward s0 mb1 bkt=0
[36m(PiperActor pid=2272396)[0m 2026-04-01 23:46:26,376 - piper_actor - DEBUG - run_dag dispatch (time 9): recv s3 mb2 bkt=0
[36m(PiperActor pid=2272396)[0m 2026-04-01 23:46:26,376 - piper_actor - DEBUG - exec_recv key ((3, 0), 2) from peer pp rank 0
[36m(PiperActor pid=2272396)[0m 2026-04-01 23:46:26,377 - piper_actor - DEBUG - run_dag dispatch (time 9): send s1 mb3 bkt=0
[36m(PiperActor pid=2272396)[0m 2026-04-01 23:46:26,377 - piper_actor - DEBUG - exec_send key ((1, 0), 3) to peer pp rank 0
[36m(PiperActor pid=2272396)[0m 2026-04-01 23:46:26,377 - piper_actor - DEBUG - run_dag dispatch (time 10): forward s3 mb2 bkt=0
[36m(PiperActor pid=2272396)[0m 2026-04-01 23:46:26,393 - piper_actor - DEBUG - run_dag dispatch (time 10): send s1 mb1 bkt=0
[36m(PiperActor pid=2272396)[0m 2026-04-01 23:46:26,393 - piper_actor - DEBUG - exec_send key (None, 1) to peer pp rank 0
[36m(PiperActor pid=2272396)[0m 2026-04-01 23:46:26,394 - piper_actor - DEBUG - run_dag dispatch (time 11): backward s3 mb2 bkt=0
[36m(PiperActor pid=2272392)[0m 2026-04-01 23:46:26,376 - piper_actor - DEBUG - run_dag dispatch (time 9): recv s3 mb2 bkt=0
[36m(PiperActor pid=2272392)[0m 2026-04-01 23:46:26,377 - piper_actor - DEBUG - exec_recv key ((3, 0), 2) from peer pp rank 0
[36m(PiperActor pid=2272392)[0m 2026-04-01 23:46:26,377 - piper_actor - DEBUG - run_dag dispatch (time 9): send s1 mb3 bkt=0
[36m(PiperActor pid=2272392)[0m 2026-04-01 23:46:26,377 - piper_actor - DEBUG - exec_send key ((1, 0), 3) to peer pp rank 0
[36m(PiperActor pid=2272392)[0m 2026-04-01 23:46:26,377 - piper_actor - DEBUG - run_dag dispatch (time 10): forward s3 mb2 bkt=0
[36m(PiperActor pid=2272392)[0m 2026-04-01 23:46:26,393 - piper_actor - DEBUG - run_dag dispatch (time 10): send s1 mb1 bkt=0
[36m(PiperActor pid=2272392)[0m 2026-04-01 23:46:26,393 - piper_actor - DEBUG - exec_send key (None, 1) to peer pp rank 0
[36m(PiperActor pid=2272392)[0m 2026-04-01 23:46:26,393 - piper_actor - DEBUG - run_dag dispatch (time 11): backward s3 mb2 bkt=0
[36m(PiperActor pid=2272402)[0m 2026-04-01 23:46:26,423 - piper_actor - DEBUG - run_dag dispatch (time 11): send s2 mb3 bkt=0
[36m(PiperActor pid=2272402)[0m 2026-04-01 23:46:26,423 - piper_actor - DEBUG - exec_send key ((2, 0), 3) to peer pp rank 1
[36m(PiperActor pid=2272402)[0m 2026-04-01 23:46:26,423 - piper_actor - DEBUG - run_dag dispatch (time 11): recv s2 mb2 bkt=0
[36m(PiperActor pid=2272402)[0m 2026-04-01 23:46:26,424 - piper_actor - DEBUG - exec_recv key (None, 2) from peer pp rank 1
[36m(PiperActor pid=2272402)[0m 2026-04-01 23:46:26,424 - piper_actor - DEBUG - run_dag dispatch (time 12): backward s2 mb2 bkt=0
[36m(PiperActor pid=2272388)[0m 2026-04-01 23:46:26,422 - piper_actor - DEBUG - run_dag dispatch (time 11): send s2 mb3 bkt=0
[36m(PiperActor pid=2272388)[0m 2026-04-01 23:46:26,422 - piper_actor - DEBUG - exec_send key ((2, 0), 3) to peer pp rank 1
[36m(PiperActor pid=2272388)[0m 2026-04-01 23:46:26,423 - piper_actor - DEBUG - run_dag dispatch (time 11): recv s2 mb2 bkt=0
[36m(PiperActor pid=2272388)[0m 2026-04-01 23:46:26,423 - piper_actor - DEBUG - exec_recv key (None, 2) from peer pp rank 1
[36m(PiperActor pid=2272388)[0m 2026-04-01 23:46:26,423 - piper_actor - DEBUG - run_dag dispatch (time 12): backward s2 mb2 bkt=0
[36m(PiperActor pid=2272396)[0m 2026-04-01 23:46:26,424 - piper_actor - DEBUG - run_dag dispatch (time 11): recv s3 mb3 bkt=0
[36m(PiperActor pid=2272396)[0m 2026-04-01 23:46:26,424 - piper_actor - DEBUG - exec_recv key ((3, 0), 3) from peer pp rank 0
[36m(PiperActor pid=2272396)[0m 2026-04-01 23:46:26,425 - piper_actor - DEBUG - run_dag dispatch (time 12): forward s3 mb3 bkt=0
[36m(PiperActor pid=2272392)[0m 2026-04-01 23:46:26,424 - piper_actor - DEBUG - run_dag dispatch (time 11): recv s3 mb3 bkt=0
[36m(PiperActor pid=2272392)[0m 2026-04-01 23:46:26,424 - piper_actor - DEBUG - exec_recv key ((3, 0), 3) from peer pp rank 0
[36m(PiperActor pid=2272392)[0m 2026-04-01 23:46:26,425 - piper_actor - DEBUG - run_dag dispatch (time 12): forward s3 mb3 bkt=0
[36m(PiperActor pid=2272402)[0m 2026-04-01 23:46:26,460 - piper_actor - DEBUG - run_dag dispatch (time 12): recv s2 mb3 bkt=0
[36m(PiperActor pid=2272402)[0m 2026-04-01 23:46:26,460 - piper_actor - DEBUG - exec_recv key (None, 3) from peer pp rank 1
[36m(PiperActor pid=2272402)[0m 2026-04-01 23:46:26,461 - piper_actor - DEBUG - run_dag dispatch (time 13): backward s2 mb3 bkt=0
[36m(PiperActor pid=2272388)[0m 2026-04-01 23:46:26,465 - piper_actor - DEBUG - run_dag dispatch (time 12): recv s2 mb3 bkt=0
[36m(PiperActor pid=2272388)[0m 2026-04-01 23:46:26,466 - piper_actor - DEBUG - exec_recv key (None, 3) from peer pp rank 1
[36m(PiperActor pid=2272388)[0m 2026-04-01 23:46:26,467 - piper_actor - DEBUG - run_dag dispatch (time 13): backward s2 mb3 bkt=0
[36m(PiperActor pid=2272396)[0m 2026-04-01 23:46:26,467 - piper_actor - DEBUG - run_dag dispatch (time 12): send s3 mb2 bkt=0
[36m(PiperActor pid=2272396)[0m 2026-04-01 23:46:26,467 - piper_actor - DEBUG - exec_send key (None, 2) to peer pp rank 0
[36m(PiperActor pid=2272396)[0m 2026-04-01 23:46:26,467 - piper_actor - DEBUG - run_dag dispatch (time 13): backward s3 mb3 bkt=0
[36m(PiperActor pid=2272392)[0m 2026-04-01 23:46:26,466 - piper_actor - DEBUG - run_dag dispatch (time 12): send s3 mb2 bkt=0
[36m(PiperActor pid=2272392)[0m 2026-04-01 23:46:26,466 - piper_actor - DEBUG - exec_send key (None, 2) to peer pp rank 0
[36m(PiperActor pid=2272392)[0m 2026-04-01 23:46:26,466 - piper_actor - DEBUG - run_dag dispatch (time 13): backward s3 mb3 bkt=0
[36m(PiperActor pid=2272402)[0m 2026-04-01 23:46:26,516 - piper_actor - DEBUG - run_dag dispatch (time 13): send s2 mb2 bkt=0
[36m(PiperActor pid=2272402)[0m 2026-04-01 23:46:26,516 - piper_actor - DEBUG - exec_send key (None, 2) to peer pp rank 1
[36m(PiperActor pid=2272402)[0m 2026-04-01 23:46:26,517 - piper_actor - DEBUG - run_dag dispatch (time 13): recv s0 mb2 bkt=0
[36m(PiperActor pid=2272402)[0m 2026-04-01 23:46:26,517 - piper_actor - DEBUG - exec_recv key (None, 2) from peer pp rank 1
[36m(PiperActor pid=2272402)[0m 2026-04-01 23:46:26,517 - piper_actor - DEBUG - run_dag dispatch (time 14): backward s0 mb2 bkt=0
[36m(PiperActor pid=2272388)[0m 2026-04-01 23:46:26,514 - piper_actor - DEBUG - run_dag dispatch (time 13): send s2 mb2 bkt=0
[36m(PiperActor pid=2272388)[0m 2026-04-01 23:46:26,515 - piper_actor - DEBUG - exec_send key (None, 2) to peer pp rank 1
[36m(PiperActor pid=2272388)[0m 2026-04-01 23:46:26,515 - piper_actor - DEBUG - run_dag dispatch (time 13): recv s0 mb2 bkt=0
[36m(PiperActor pid=2272388)[0m 2026-04-01 23:46:26,516 - piper_actor - DEBUG - exec_recv key (None, 2) from peer pp rank 1
[36m(PiperActor pid=2272388)[0m 2026-04-01 23:46:26,516 - piper_actor - DEBUG - run_dag dispatch (time 14): backward s0 mb2 bkt=0
[36m(PiperActor pid=2272396)[0m 2026-04-01 23:46:26,498 - piper_actor - DEBUG - run_dag dispatch (time 13): recv s1 mb2 bkt=0
[36m(PiperActor pid=2272396)[0m 2026-04-01 23:46:26,498 - piper_actor - DEBUG - exec_recv key (None, 2) from peer pp rank 0
[36m(PiperActor pid=2272396)[0m 2026-04-01 23:46:26,498 - piper_actor - DEBUG - run_dag dispatch (time 14): backward s1 mb2 bkt=0
[36m(PiperActor pid=2272392)[0m 2026-04-01 23:46:26,497 - piper_actor - DEBUG - run_dag dispatch (time 13): recv s1 mb2 bkt=0
[36m(PiperActor pid=2272392)[0m 2026-04-01 23:46:26,497 - piper_actor - DEBUG - exec_recv key (None, 2) from peer pp rank 0
[36m(PiperActor pid=2272392)[0m 2026-04-01 23:46:26,498 - piper_actor - DEBUG - run_dag dispatch (time 14): backward s1 mb2 bkt=0
[36m(PiperActor pid=2272396)[0m 2026-04-01 23:46:26,557 - piper_actor - DEBUG - run_dag dispatch (time 14): recv s1 mb3 bkt=0
[36m(PiperActor pid=2272396)[0m 2026-04-01 23:46:26,557 - piper_actor - DEBUG - exec_recv key (None, 3) from peer pp rank 0
[36m(PiperActor pid=2272396)[0m 2026-04-01 23:46:26,558 - piper_actor - DEBUG - run_dag dispatch (time 14): send s3 mb3 bkt=0
[36m(PiperActor pid=2272396)[0m 2026-04-01 23:46:26,558 - piper_actor - DEBUG - exec_send key (None, 3) to peer pp rank 0
[36m(PiperActor pid=2272396)[0m 2026-04-01 23:46:26,558 - piper_actor - DEBUG - run_dag dispatch (time 14): reduce_scatter s3 mb3 bkt=0
[36m(PiperActor pid=2272396)[0m 2026-04-01 23:46:26,558 - piper_actor - DEBUG - run_dag dispatch (time 15): backward s1 mb3 bkt=0
[36m(PiperActor pid=2272392)[0m 2026-04-01 23:46:26,555 - piper_actor - DEBUG - run_dag dispatch (time 14): recv s1 mb3 bkt=0
[36m(PiperActor pid=2272392)[0m 2026-04-01 23:46:26,555 - piper_actor - DEBUG - exec_recv key (None, 3) from peer pp rank 0
[36m(PiperActor pid=2272392)[0m 2026-04-01 23:46:26,556 - piper_actor - DEBUG - run_dag dispatch (time 14): send s3 mb3 bkt=0
[36m(PiperActor pid=2272392)[0m 2026-04-01 23:46:26,556 - piper_actor - DEBUG - exec_send key (None, 3) to peer pp rank 0
[36m(PiperActor pid=2272392)[0m 2026-04-01 23:46:26,556 - piper_actor - DEBUG - run_dag dispatch (time 14): reduce_scatter s3 mb3 bkt=0
[36m(PiperActor pid=2272392)[0m 2026-04-01 23:46:26,557 - piper_actor - DEBUG - run_dag dispatch (time 15): backward s1 mb3 bkt=0
[36m(PiperActor pid=2272402)[0m 2026-04-01 23:46:26,596 - piper_actor - DEBUG - run_dag dispatch (time 14): send s2 mb3 bkt=0
[36m(PiperActor pid=2272402)[0m 2026-04-01 23:46:26,596 - piper_actor - DEBUG - exec_send key (None, 3) to peer pp rank 1
[36m(PiperActor pid=2272402)[0m 2026-04-01 23:46:26,597 - piper_actor - DEBUG - run_dag dispatch (time 14): recv s0 mb3 bkt=0
[36m(PiperActor pid=2272402)[0m 2026-04-01 23:46:26,597 - piper_actor - DEBUG - exec_recv key (None, 3) from peer pp rank 1
[36m(PiperActor pid=2272402)[0m 2026-04-01 23:46:26,597 - piper_actor - DEBUG - run_dag dispatch (time 14): reduce_scatter s2 mb3 bkt=0
[36m(PiperActor pid=2272402)[0m 2026-04-01 23:46:26,598 - piper_actor - DEBUG - run_dag dispatch (time 15): backward s0 mb3 bkt=0
[36m(PiperActor pid=2272388)[0m 2026-04-01 23:46:26,593 - piper_actor - DEBUG - run_dag dispatch (time 14): send s2 mb3 bkt=0
[36m(PiperActor pid=2272388)[0m 2026-04-01 23:46:26,594 - piper_actor - DEBUG - exec_send key (None, 3) to peer pp rank 1
[36m(PiperActor pid=2272388)[0m 2026-04-01 23:46:26,595 - piper_actor - DEBUG - run_dag dispatch (time 14): recv s0 mb3 bkt=0
[36m(PiperActor pid=2272388)[0m 2026-04-01 23:46:26,595 - piper_actor - DEBUG - exec_recv key (None, 3) from peer pp rank 1
[36m(PiperActor pid=2272388)[0m 2026-04-01 23:46:26,595 - piper_actor - DEBUG - run_dag dispatch (time 14): reduce_scatter s2 mb3 bkt=0
[36m(PiperActor pid=2272388)[0m 2026-04-01 23:46:26,596 - piper_actor - DEBUG - run_dag dispatch (time 15): backward s0 mb3 bkt=0
[36m(PiperActor pid=2272396)[0m 2026-04-01 23:46:26,594 - piper_actor - DEBUG - run_dag dispatch (time 15): send s1 mb2 bkt=0
[36m(PiperActor pid=2272396)[0m 2026-04-01 23:46:26,595 - piper_actor - DEBUG - exec_send key (None, 2) to peer pp rank 0
[36m(PiperActor pid=2272396)[0m 2026-04-01 23:46:26,595 - piper_actor - DEBUG - run_dag dispatch (time 16): update s1 mb3 bkt=0
[36m(PiperActor pid=2272392)[0m 2026-04-01 23:46:26,592 - piper_actor - DEBUG - run_dag dispatch (time 15): send s1 mb2 bkt=0
[36m(PiperActor pid=2272392)[0m 2026-04-01 23:46:26,593 - piper_actor - DEBUG - exec_send key (None, 2) to peer pp rank 0
[36m(PiperActor pid=2272392)[0m 2026-04-01 23:46:26,593 - piper_actor - DEBUG - run_dag dispatch (time 16): update s1 mb3 bkt=0
[36m(PiperActor pid=2272402)[0m 2026-04-01 23:46:26,636 - piper_actor - DEBUG - run_dag dispatch (time 16): update s0 mb3 bkt=0
[36m(PiperActor pid=2272388)[0m 2026-04-01 23:46:26,633 - piper_actor - DEBUG - run_dag dispatch (time 16): update s0 mb3 bkt=0
[36m(PiperActor pid=2272392)[0m 2026-04-01 23:46:26,649 - piper_actor - DEBUG - run_dag dispatch (time 16): send s1 mb3 bkt=0
[36m(PiperActor pid=2272392)[0m 2026-04-01 23:46:26,649 - piper_actor - DEBUG - exec_send key (None, 3) to peer pp rank 0
[36m(PiperActor pid=2272392)[0m 2026-04-01 23:46:26,650 - piper_actor - DEBUG - run_dag dispatch (time 16): reduce_scatter s1 mb3 bkt=0
[36m(PiperActor pid=2272396)[0m 2026-04-01 23:46:26,652 - piper_actor - DEBUG - run_dag dispatch (time 16): send s1 mb3 bkt=0
[36m(PiperActor pid=2272396)[0m 2026-04-01 23:46:26,652 - piper_actor - DEBUG - exec_send key (None, 3) to peer pp rank 0
[36m(PiperActor pid=2272396)[0m 2026-04-01 23:46:26,653 - piper_actor - DEBUG - run_dag dispatch (time 16): reduce_scatter s1 mb3 bkt=0
[36m(PiperActor pid=2272402)[0m 2026-04-01 23:46:26,695 - piper_actor - DEBUG - run_dag dispatch (time 16): reduce_scatter s0 mb3 bkt=0
[36m(PiperActor pid=2272402)[0m 2026-04-01 23:46:26,700 - piper_actor - DEBUG - run_dag dispatch (time -30001): all_gather s2 mb0 bkt=0
[36m(PiperActor pid=2272402)[0m 2026-04-01 23:46:26,701 - piper_actor - DEBUG - run_dag dispatch (time -30000): all_gather s0 mb0 bkt=0
[36m(PiperActor pid=2272402)[0m 2026-04-01 23:46:26,701 - piper_actor - DEBUG - run_dag dispatch (time 0): forward s0 mb0 bkt=0
[36m(PiperActor pid=2272402)[0m 2026-04-01 23:46:26,712 - piper_actor - DEBUG - run_dag dispatch (time 1): forward s0 mb1 bkt=0
[36m(PiperActor pid=2272402)[0m 2026-04-01 23:46:26,723 - piper_actor - DEBUG - run_dag dispatch (time 1): send s0 mb0 bkt=0
[36m(PiperActor pid=2272402)[0m 2026-04-01 23:46:26,723 - piper_actor - DEBUG - exec_send key ((0, 0), 0) to peer pp rank 1
[36m(PiperActor pid=2272402)[0m 2026-04-01 23:46:26,723 - piper_actor - DEBUG - run_dag dispatch (time 1): recv s2 mb0 bkt=0
[36m(PiperActor pid=2272402)[0m 2026-04-01 23:46:26,723 - piper_actor - DEBUG - exec_recv key ((2, 0), 0) from peer pp rank 1
[36m(PiperActor pid=2272402)[0m 2026-04-01 23:46:26,724 - piper_actor - DEBUG - run_dag dispatch (time 2): forward s2 mb0 bkt=0
[36m(PiperActor pid=2272388)[0m 2026-04-01 23:46:26,692 - piper_actor - DEBUG - run_dag dispatch (time 16): reduce_scatter s0 mb3 bkt=0
[36m(PiperActor pid=2272388)[0m 2026-04-01 23:46:26,698 - piper_actor - DEBUG - run_dag dispatch (time -30001): all_gather s2 mb0 bkt=0
[36m(PiperActor pid=2272388)[0m 2026-04-01 23:46:26,698 - piper_actor - DEBUG - run_dag dispatch (time -30000): all_gather s0 mb0 bkt=0
[36m(PiperActor pid=2272388)[0m 2026-04-01 23:46:26,698 - piper_actor - DEBUG - run_dag dispatch (time 0): forward s0 mb0 bkt=0
[36m(PiperActor pid=2272388)[0m 2026-04-01 23:46:26,711 - piper_actor - DEBUG - run_dag dispatch (time 1): forward s0 mb1 bkt=0
[36m(PiperActor pid=2272388)[0m 2026-04-01 23:46:26,722 - piper_actor - DEBUG - run_dag dispatch (time 1): send s0 mb0 bkt=0
[36m(PiperActor pid=2272388)[0m 2026-04-01 23:46:26,722 - piper_actor - DEBUG - exec_send key ((0, 0), 0) to peer pp rank 1
[36m(PiperActor pid=2272388)[0m 2026-04-01 23:46:26,722 - piper_actor - DEBUG - run_dag dispatch (time 1): recv s2 mb0 bkt=0
[36m(PiperActor pid=2272388)[0m 2026-04-01 23:46:26,722 - piper_actor - DEBUG - exec_recv key ((2, 0), 0) from peer pp rank 1
[36m(PiperActor pid=2272388)[0m 2026-04-01 23:46:26,723 - piper_actor - DEBUG - run_dag dispatch (time 2): forward s2 mb0 bkt=0
[36m(PiperActor pid=2272396)[0m 2026-04-01 23:46:26,701 - piper_actor - DEBUG - run_dag dispatch (time -30001): all_gather s3 mb0 bkt=0
[36m(PiperActor pid=2272396)[0m 2026-04-01 23:46:26,701 - piper_actor - DEBUG - run_dag dispatch (time -30000): all_gather s1 mb0 bkt=0
[36m(PiperActor pid=2272396)[0m 2026-04-01 23:46:26,702 - piper_actor - DEBUG - run_dag dispatch (time -1): recv s1 mb0 bkt=0
[36m(PiperActor pid=2272396)[0m 2026-04-01 23:46:26,702 - piper_actor - DEBUG - exec_recv key ((1, 0), 0) from peer pp rank 0
[36m(PiperActor pid=2272396)[0m 2026-04-01 23:46:26,702 - piper_actor - DEBUG - run_dag dispatch (time 0): forward s1 mb0 bkt=0
[36m(PiperActor pid=2272396)[0m 2026-04-01 23:46:26,713 - piper_actor - DEBUG - run_dag dispatch (time 0): recv s1 mb1 bkt=0
[36m(PiperActor pid=2272396)[0m 2026-04-01 23:46:26,713 - piper_actor - DEBUG - exec_recv key ((1, 0), 1) from peer pp rank 0
[36m(PiperActor pid=2272396)[0m 2026-04-01 23:46:26,714 - piper_actor - DEBUG - run_dag dispatch (time 1): forward s1 mb1 bkt=0
[36m(PiperActor pid=2272396)[0m 2026-04-01 23:46:26,725 - piper_actor - DEBUG - run_dag dispatch (time 1): recv s3 mb0 bkt=0
[36m(PiperActor pid=2272396)[0m 2026-04-01 23:46:26,725 - piper_actor - DEBUG - exec_recv key ((3, 0), 0) from peer pp rank 0
[36m(PiperActor pid=2272396)[0m 2026-04-01 23:46:26,725 - piper_actor - DEBUG - run_dag dispatch (time 1): send s1 mb0 bkt=0
[36m(PiperActor pid=2272396)[0m 2026-04-01 23:46:26,725 - piper_actor - DEBUG - exec_send key ((1, 0), 0) to peer pp rank 0
[36m(PiperActor pid=2272396)[0m 2026-04-01 23:46:26,725 - piper_actor - DEBUG - run_dag dispatch (time 2): forward s3 mb0 bkt=0
[36m(PiperActor pid=2272392)[0m 2026-04-01 23:46:26,698 - piper_actor - DEBUG - run_dag dispatch (time -30001): all_gather s3 mb0 bkt=0
[36m(PiperActor pid=2272392)[0m 2026-04-01 23:46:26,699 - piper_actor - DEBUG - run_dag dispatch (time -30000): all_gather s1 mb0 bkt=0
[36m(PiperActor pid=2272392)[0m 2026-04-01 23:46:26,699 - piper_actor - DEBUG - run_dag dispatch (time -1): recv s1 mb0 bkt=0
[36m(PiperActor pid=2272392)[0m 2026-04-01 23:46:26,699 - piper_actor - DEBUG - exec_recv key ((1, 0), 0) from peer pp rank 0
[36m(PiperActor pid=2272392)[0m 2026-04-01 23:46:26,700 - piper_actor - DEBUG - run_dag dispatch (time 0): forward s1 mb0 bkt=0
[36m(PiperActor pid=2272392)[0m 2026-04-01 23:46:26,710 - piper_actor - DEBUG - run_dag dispatch (time 0): recv s1 mb1 bkt=0
[36m(PiperActor pid=2272392)[0m 2026-04-01 23:46:26,711 - piper_actor - DEBUG - exec_recv key ((1, 0), 1) from peer pp rank 0
[36m(PiperActor pid=2272392)[0m 2026-04-01 23:46:26,711 - piper_actor - DEBUG - run_dag dispatch (time 1): forward s1 mb1 bkt=0
[36m(PiperActor pid=2272392)[0m 2026-04-01 23:46:26,721 - piper_actor - DEBUG - run_dag dispatch (time 1): recv s3 mb0 bkt=0
[36m(PiperActor pid=2272392)[0m 2026-04-01 23:46:26,721 - piper_actor - DEBUG - exec_recv key ((3, 0), 0) from peer pp rank 0
[36m(PiperActor pid=2272392)[0m 2026-04-01 23:46:26,721 - piper_actor - DEBUG - run_dag dispatch (time 1): send s1 mb0 bkt=0
[36m(PiperActor pid=2272392)[0m 2026-04-01 23:46:26,722 - piper_actor - DEBUG - exec_send key ((1, 0), 0) to peer pp rank 0
[36m(PiperActor pid=2272392)[0m 2026-04-01 23:46:26,722 - piper_actor - DEBUG - run_dag dispatch (time 2): forward s3 mb0 bkt=0
[36m(PiperActor pid=2272402)[0m 2026-04-01 23:46:26,734 - piper_actor - DEBUG - run_dag dispatch (time 2): send s0 mb1 bkt=0
[36m(PiperActor pid=2272402)[0m 2026-04-01 23:46:26,734 - piper_actor - DEBUG - exec_send key ((0, 0), 1) to peer pp rank 1
[36m(PiperActor pid=2272402)[0m 2026-04-01 23:46:26,735 - piper_actor - DEBUG - run_dag dispatch (time 2): recv s2 mb1 bkt=0
[36m(PiperActor pid=2272402)[0m 2026-04-01 23:46:26,735 - piper_actor - DEBUG - exec_recv key ((2, 0), 1) from peer pp rank 1
[36m(PiperActor pid=2272402)[0m 2026-04-01 23:46:26,735 - piper_actor - DEBUG - run_dag dispatch (time 3): forward s2 mb1 bkt=0
[36m(PiperActor pid=2272402)[0m 2026-04-01 23:46:26,746 - piper_actor - DEBUG - run_dag dispatch (time 3): send s2 mb0 bkt=0
[36m(PiperActor pid=2272402)[0m 2026-04-01 23:46:26,746 - piper_actor - DEBUG - exec_send key ((2, 0), 0) to peer pp rank 1
[36m(PiperActor pid=2272402)[0m 2026-04-01 23:46:26,746 - piper_actor - DEBUG - run_dag dispatch (time 4): forward s0 mb2 bkt=0
[36m(PiperActor pid=2272402)[0m 2026-04-01 23:46:26,757 - piper_actor - DEBUG - run_dag dispatch (time 4): send s2 mb1 bkt=0
[36m(PiperActor pid=2272402)[0m 2026-04-01 23:46:26,758 - piper_actor - DEBUG - exec_send key ((2, 0), 1) to peer pp rank 1
[36m(PiperActor pid=2272402)[0m 2026-04-01 23:46:26,758 - piper_actor - DEBUG - run_dag dispatch (time 4): recv s2 mb0 bkt=0
[36m(PiperActor pid=2272402)[0m 2026-04-01 23:46:26,758 - piper_actor - DEBUG - exec_recv key (None, 0) from peer pp rank 1
[36m(PiperActor pid=2272402)[0m 2026-04-01 23:46:26,758 - piper_actor - DEBUG - run_dag dispatch (time 5): backward s2 mb0 bkt=0
[36m(PiperActor pid=2272388)[0m 2026-04-01 23:46:26,734 - piper_actor - DEBUG - run_dag dispatch (time 2): send s0 mb1 bkt=0
[36m(PiperActor pid=2272388)[0m 2026-04-01 23:46:26,734 - piper_actor - DEBUG - exec_send key ((0, 0), 1) to peer pp rank 1
[36m(PiperActor pid=2272388)[0m 2026-04-01 23:46:26,734 - piper_actor - DEBUG - run_dag dispatch (time 2): recv s2 mb1 bkt=0
[36m(PiperActor pid=2272388)[0m 2026-04-01 23:46:26,734 - piper_actor - DEBUG - exec_recv key ((2, 0), 1) from peer pp rank 1
[36m(PiperActor pid=2272388)[0m 2026-04-01 23:46:26,735 - piper_actor - DEBUG - run_dag dispatch (time 3): forward s2 mb1 bkt=0
[36m(PiperActor pid=2272388)[0m 2026-04-01 23:46:26,745 - piper_actor - DEBUG - run_dag dispatch (time 3): send s2 mb0 bkt=0
[36m(PiperActor pid=2272388)[0m 2026-04-01 23:46:26,745 - piper_actor - DEBUG - exec_send key ((2, 0), 0) to peer pp rank 1
[36m(PiperActor pid=2272388)[0m 2026-04-01 23:46:26,746 - piper_actor - DEBUG - run_dag dispatch (time 4): forward s0 mb2 bkt=0
[36m(PiperActor pid=2272388)[0m 2026-04-01 23:46:26,756 - piper_actor - DEBUG - run_dag dispatch (time 4): send s2 mb1 bkt=0
[36m(PiperActor pid=2272388)[0m 2026-04-01 23:46:26,756 - piper_actor - DEBUG - exec_send key ((2, 0), 1) to peer pp rank 1
[36m(PiperActor pid=2272388)[0m 2026-04-01 23:46:26,757 - piper_actor - DEBUG - run_dag dispatch (time 4): recv s2 mb0 bkt=0
[36m(PiperActor pid=2272388)[0m 2026-04-01 23:46:26,757 - piper_actor - DEBUG - exec_recv key (None, 0) from peer pp rank 1
[36m(PiperActor pid=2272388)[0m 2026-04-01 23:46:26,757 - piper_actor - DEBUG - run_dag dispatch (time 5): backward s2 mb0 bkt=0
[36m(PiperActor pid=2272396)[0m 2026-04-01 23:46:26,736 - piper_actor - DEBUG - run_dag dispatch (time 2): send s1 mb1 bkt=0
[36m(PiperActor pid=2272396)[0m 2026-04-01 23:46:26,736 - piper_actor - DEBUG - exec_send key ((1, 0), 1) to peer pp rank 0
[36m(PiperActor pid=2272396)[0m 2026-04-01 23:46:26,737 - piper_actor - DEBUG - run_dag dispatch (time 3): backward s3 mb0 bkt=0
[36m(PiperActor pid=2272396)[0m 2026-04-01 23:46:26,766 - piper_actor - DEBUG - run_dag dispatch (time 3): recv s3 mb1 bkt=0
[36m(PiperActor pid=2272396)[0m 2026-04-01 23:46:26,766 - piper_actor - DEBUG - exec_recv key ((3, 0), 1) from peer pp rank 0
[36m(PiperActor pid=2272396)[0m 2026-04-01 23:46:26,767 - piper_actor - DEBUG - run_dag dispatch (time 4): forward s3 mb1 bkt=0
[36m(PiperActor pid=2272392)[0m 2026-04-01 23:46:26,732 - piper_actor - DEBUG - run_dag dispatch (time 2): send s1 mb1 bkt=0
[36m(PiperActor pid=2272392)[0m 2026-04-01 23:46:26,732 - piper_actor - DEBUG - exec_send key ((1, 0), 1) to peer pp rank 0
[36m(PiperActor pid=2272392)[0m 2026-04-01 23:46:26,733 - piper_actor - DEBUG - run_dag dispatch (time 3): backward s3 mb0 bkt=0
[36m(PiperActor pid=2272392)[0m 2026-04-01 23:46:26,766 - piper_actor - DEBUG - run_dag dispatch (time 3): recv s3 mb1 bkt=0
[36m(PiperActor pid=2272392)[0m 2026-04-01 23:46:26,766 - piper_actor - DEBUG - exec_recv key ((3, 0), 1) from peer pp rank 0
[36m(PiperActor pid=2272392)[0m 2026-04-01 23:46:26,767 - piper_actor - DEBUG - run_dag dispatch (time 4): forward s3 mb1 bkt=0
[36m(PiperActor pid=2272402)[0m 2026-04-01 23:46:26,785 - piper_actor - DEBUG - run_dag dispatch (time 5): send s0 mb2 bkt=0
[36m(PiperActor pid=2272402)[0m 2026-04-01 23:46:26,786 - piper_actor - DEBUG - exec_send key ((0, 0), 2) to peer pp rank 1
[36m(PiperActor pid=2272402)[0m 2026-04-01 23:46:26,786 - piper_actor - DEBUG - run_dag dispatch (time 6): forward s0 mb3 bkt=0
[36m(PiperActor pid=2272388)[0m 2026-04-01 23:46:26,784 - piper_actor - DEBUG - run_dag dispatch (time 5): send s0 mb2 bkt=0
[36m(PiperActor pid=2272388)[0m 2026-04-01 23:46:26,785 - piper_actor - DEBUG - exec_send key ((0, 0), 2) to peer pp rank 1
[36m(PiperActor pid=2272388)[0m 2026-04-01 23:46:26,785 - piper_actor - DEBUG - run_dag dispatch (time 6): forward s0 mb3 bkt=0
[36m(PiperActor pid=2272396)[0m 2026-04-01 23:46:26,809 - piper_actor - DEBUG - run_dag dispatch (time 4): send s3 mb0 bkt=0
[36m(PiperActor pid=2272396)[0m 2026-04-01 23:46:26,810 - piper_actor - DEBUG - exec_send key (None, 0) to peer pp rank 0
[36m(PiperActor pid=2272396)[0m 2026-04-01 23:46:26,810 - piper_actor - DEBUG - run_dag dispatch (time 5): backward s3 mb1 bkt=0
[36m(PiperActor pid=2272392)[0m 2026-04-01 23:46:26,808 - piper_actor - DEBUG - run_dag dispatch (time 4): send s3 mb0 bkt=0
[36m(PiperActor pid=2272392)[0m 2026-04-01 23:46:26,808 - piper_actor - DEBUG - exec_send key (None, 0) to peer pp rank 0
[36m(PiperActor pid=2272392)[0m 2026-04-01 23:46:26,809 - piper_actor - DEBUG - run_dag dispatch (time 5): backward s3 mb1 bkt=0
[36m(PiperActor pid=2272402)[0m 2026-04-01 23:46:26,839 - piper_actor - DEBUG - run_dag dispatch (time 6): send s2 mb0 bkt=0
[36m(PiperActor pid=2272402)[0m 2026-04-01 23:46:26,839 - piper_actor - DEBUG - exec_send key (None, 0) to peer pp rank 1
[36m(PiperActor pid=2272402)[0m 2026-04-01 23:46:26,840 - piper_actor - DEBUG - run_dag dispatch (time 6): recv s2 mb1 bkt=0
[36m(PiperActor pid=2272402)[0m 2026-04-01 23:46:26,840 - piper_actor - DEBUG - exec_recv key (None, 1) from peer pp rank 1
[36m(PiperActor pid=2272402)[0m 2026-04-01 23:46:26,840 - piper_actor - DEBUG - run_dag dispatch (time 7): backward s2 mb1 bkt=0
[36m(PiperActor pid=2272388)[0m 2026-04-01 23:46:26,838 - piper_actor - DEBUG - run_dag dispatch (time 6): send s2 mb0 bkt=0
[36m(PiperActor pid=2272388)[0m 2026-04-01 23:46:26,838 - piper_actor - DEBUG - exec_send key (None, 0) to peer pp rank 1
[36m(PiperActor pid=2272388)[0m 2026-04-01 23:46:26,839 - piper_actor - DEBUG - run_dag dispatch (time 6): recv s2 mb1 bkt=0
[36m(PiperActor pid=2272388)[0m 2026-04-01 23:46:26,839 - piper_actor - DEBUG - exec_recv key (None, 1) from peer pp rank 1
[36m(PiperActor pid=2272388)[0m 2026-04-01 23:46:26,839 - piper_actor - DEBUG - run_dag dispatch (time 7): backward s2 mb1 bkt=0
[36m(PiperActor pid=2272396)[0m 2026-04-01 23:46:26,840 - piper_actor - DEBUG - run_dag dispatch (time 5): recv s1 mb2 bkt=0
[36m(PiperActor pid=2272396)[0m 2026-04-01 23:46:26,841 - piper_actor - DEBUG - exec_recv key ((1, 0), 2) from peer pp rank 0
[36m(PiperActor pid=2272396)[0m 2026-04-01 23:46:26,841 - piper_actor - DEBUG - run_dag dispatch (time 6): forward s1 mb2 bkt=0
[36m(PiperActor pid=2272392)[0m 2026-04-01 23:46:26,840 - piper_actor - DEBUG - run_dag dispatch (time 5): recv s1 mb2 bkt=0
[36m(PiperActor pid=2272392)[0m 2026-04-01 23:46:26,840 - piper_actor - DEBUG - exec_recv key ((1, 0), 2) from peer pp rank 0
[36m(PiperActor pid=2272392)[0m 2026-04-01 23:46:26,841 - piper_actor - DEBUG - run_dag dispatch (time 6): forward s1 mb2 bkt=0
[36m(PiperActor pid=2272402)[0m 2026-04-01 23:46:26,876 - piper_actor - DEBUG - run_dag dispatch (time 7): send s0 mb3 bkt=0
[36m(PiperActor pid=2272402)[0m 2026-04-01 23:46:26,876 - piper_actor - DEBUG - exec_send key ((0, 0), 3) to peer pp rank 1
[36m(PiperActor pid=2272402)[0m 2026-04-01 23:46:26,876 - piper_actor - DEBUG - run_dag dispatch (time 7): recv s2 mb2 bkt=0
[36m(PiperActor pid=2272402)[0m 2026-04-01 23:46:26,877 - piper_actor - DEBUG - exec_recv key ((2, 0), 2) from peer pp rank 1
[36m(PiperActor pid=2272402)[0m 2026-04-01 23:46:26,877 - piper_actor - DEBUG - run_dag dispatch (time 8): forward s2 mb2 bkt=0
[36m(PiperActor pid=2272388)[0m 2026-04-01 23:46:26,875 - piper_actor - DEBUG - run_dag dispatch (time 7): send s0 mb3 bkt=0
[36m(PiperActor pid=2272388)[0m 2026-04-01 23:46:26,875 - piper_actor - DEBUG - exec_send key ((0, 0), 3) to peer pp rank 1
[36m(PiperActor pid=2272388)[0m 2026-04-01 23:46:26,875 - piper_actor - DEBUG - run_dag dispatch (time 7): recv s2 mb2 bkt=0
[36m(PiperActor pid=2272388)[0m 2026-04-01 23:46:26,875 - piper_actor - DEBUG - exec_recv key ((2, 0), 2) from peer pp rank 1
[36m(PiperActor pid=2272388)[0m 2026-04-01 23:46:26,876 - piper_actor - DEBUG - run_dag dispatch (time 8): forward s2 mb2 bkt=0
[36m(PiperActor pid=2272396)[0m 2026-04-01 23:46:26,881 - piper_actor - DEBUG - run_dag dispatch (time 6): recv s1 mb0 bkt=0
[36m(PiperActor pid=2272396)[0m 2026-04-01 23:46:26,881 - piper_actor - DEBUG - exec_recv key (None, 0) from peer pp rank 0
[36m(PiperActor pid=2272396)[0m 2026-04-01 23:46:26,882 - piper_actor - DEBUG - run_dag dispatch (time 6): send s3 mb1 bkt=0
[36m(PiperActor pid=2272396)[0m 2026-04-01 23:46:26,882 - piper_actor - DEBUG - exec_send key (None, 1) to peer pp rank 0
[36m(PiperActor pid=2272396)[0m 2026-04-01 23:46:26,882 - piper_actor - DEBUG - run_dag dispatch (time 7): backward s1 mb0 bkt=0
[36m(PiperActor pid=2272392)[0m 2026-04-01 23:46:26,880 - piper_actor - DEBUG - run_dag dispatch (time 6): recv s1 mb0 bkt=0
[36m(PiperActor pid=2272392)[0m 2026-04-01 23:46:26,880 - piper_actor - DEBUG - exec_recv key (None, 0) from peer pp rank 0
[36m(PiperActor pid=2272392)[0m 2026-04-01 23:46:26,881 - piper_actor - DEBUG - run_dag dispatch (time 6): send s3 mb1 bkt=0
[36m(PiperActor pid=2272392)[0m 2026-04-01 23:46:26,881 - piper_actor - DEBUG - exec_send key (None, 1) to peer pp rank 0
[36m(PiperActor pid=2272392)[0m 2026-04-01 23:46:26,881 - piper_actor - DEBUG - run_dag dispatch (time 7): backward s1 mb0 bkt=0
[36m(PiperActor pid=2272402)[0m 2026-04-01 23:46:26,912 - piper_actor - DEBUG - run_dag dispatch (time 8): send s2 mb1 bkt=0
[36m(PiperActor pid=2272402)[0m 2026-04-01 23:46:26,912 - piper_actor - DEBUG - exec_send key (None, 1) to peer pp rank 1
[36m(PiperActor pid=2272402)[0m 2026-04-01 23:46:26,912 - piper_actor - DEBUG - run_dag dispatch (time 8): recv s0 mb0 bkt=0
[36m(PiperActor pid=2272402)[0m 2026-04-01 23:46:26,912 - piper_actor - DEBUG - exec_recv key (None, 0) from peer pp rank 1
[36m(PiperActor pid=2272402)[0m 2026-04-01 23:46:26,913 - piper_actor - DEBUG - run_dag dispatch (time 9): backward s0 mb0 bkt=0
[36m(PiperActor pid=2272388)[0m 2026-04-01 23:46:26,910 - piper_actor - DEBUG - run_dag dispatch (time 8): send s2 mb1 bkt=0
[36m(PiperActor pid=2272388)[0m 2026-04-01 23:46:26,910 - piper_actor - DEBUG - exec_send key (None, 1) to peer pp rank 1
[36m(PiperActor pid=2272388)[0m 2026-04-01 23:46:26,911 - piper_actor - DEBUG - run_dag dispatch (time 8): recv s0 mb0 bkt=0
[36m(PiperActor pid=2272388)[0m 2026-04-01 23:46:26,911 - piper_actor - DEBUG - exec_recv key (None, 0) from peer pp rank 1
[36m(PiperActor pid=2272388)[0m 2026-04-01 23:46:26,911 - piper_actor - DEBUG - run_dag dispatch (time 9): backward s0 mb0 bkt=0
[36m(PiperActor pid=2272396)[0m 2026-04-01 23:46:26,910 - piper_actor - DEBUG - run_dag dispatch (time 7): recv s1 mb3 bkt=0
[36m(PiperActor pid=2272396)[0m 2026-04-01 23:46:26,910 - piper_actor - DEBUG - exec_recv key ((1, 0), 3) from peer pp rank 0
[36m(PiperActor pid=2272396)[0m 2026-04-01 23:46:26,911 - piper_actor - DEBUG - run_dag dispatch (time 7): send s1 mb2 bkt=0
[36m(PiperActor pid=2272396)[0m 2026-04-01 23:46:26,911 - piper_actor - DEBUG - exec_send key ((1, 0), 2) to peer pp rank 0
[36m(PiperActor pid=2272396)[0m 2026-04-01 23:46:26,911 - piper_actor - DEBUG - run_dag dispatch (time 8): forward s1 mb3 bkt=0
[36m(PiperActor pid=2272396)[0m 2026-04-01 23:46:26,927 - piper_actor - DEBUG - run_dag dispatch (time 8): recv s1 mb1 bkt=0
[36m(PiperActor pid=2272396)[0m 2026-04-01 23:46:26,927 - piper_actor - DEBUG - exec_recv key (None, 1) from peer pp rank 0
[36m(PiperActor pid=2272396)[0m 2026-04-01 23:46:26,927 - piper_actor - DEBUG - run_dag dispatch (time 8): send s1 mb0 bkt=0
[36m(PiperActor pid=2272396)[0m 2026-04-01 23:46:26,928 - piper_actor - DEBUG - exec_send key (None, 0) to peer pp rank 0
[36m(PiperActor pid=2272396)[0m 2026-04-01 23:46:26,928 - piper_actor - DEBUG - run_dag dispatch (time 9): backward s1 mb1 bkt=0
[36m(PiperActor pid=2272392)[0m 2026-04-01 23:46:26,910 - piper_actor - DEBUG - run_dag dispatch (time 7): recv s1 mb3 bkt=0
[36m(PiperActor pid=2272392)[0m 2026-04-01 23:46:26,910 - piper_actor - DEBUG - exec_recv key ((1, 0), 3) from peer pp rank 0
[36m(PiperActor pid=2272392)[0m 2026-04-01 23:46:26,910 - piper_actor - DEBUG - run_dag dispatch (time 7): send s1 mb2 bkt=0
[36m(PiperActor pid=2272392)[0m 2026-04-01 23:46:26,911 - piper_actor - DEBUG - exec_send key ((1, 0), 2) to peer pp rank 0
[36m(PiperActor pid=2272392)[0m 2026-04-01 23:46:26,911 - piper_actor - DEBUG - run_dag dispatch (time 8): forward s1 mb3 bkt=0
[36m(PiperActor pid=2272392)[0m 2026-04-01 23:46:26,926 - piper_actor - DEBUG - run_dag dispatch (time 8): recv s1 mb1 bkt=0
[36m(PiperActor pid=2272392)[0m 2026-04-01 23:46:26,926 - piper_actor - DEBUG - exec_recv key (None, 1) from peer pp rank 0
[36m(PiperActor pid=2272392)[0m 2026-04-01 23:46:26,926 - piper_actor - DEBUG - run_dag dispatch (time 8): send s1 mb0 bkt=0
[36m(PiperActor pid=2272392)[0m 2026-04-01 23:46:26,927 - piper_actor - DEBUG - exec_send key (None, 0) to peer pp rank 0
[36m(PiperActor pid=2272392)[0m 2026-04-01 23:46:26,927 - piper_actor - DEBUG - run_dag dispatch (time 9): backward s1 mb1 bkt=0
[36m(PiperActor pid=2272402)[0m 2026-04-01 23:46:26,951 - piper_actor - DEBUG - run_dag dispatch (time 9): send s2 mb2 bkt=0
[36m(PiperActor pid=2272402)[0m 2026-04-01 23:46:26,951 - piper_actor - DEBUG - exec_send key ((2, 0), 2) to peer pp rank 1
[36m(PiperActor pid=2272402)[0m 2026-04-01 23:46:26,952 - piper_actor - DEBUG - run_dag dispatch (time 9): recv s2 mb3 bkt=0
[36m(PiperActor pid=2272402)[0m 2026-04-01 23:46:26,952 - piper_actor - DEBUG - exec_recv key ((2, 0), 3) from peer pp rank 1
[36m(PiperActor pid=2272402)[0m 2026-04-01 23:46:26,953 - piper_actor - DEBUG - run_dag dispatch (time 10): forward s2 mb3 bkt=0
[36m(PiperActor pid=2272402)[0m 2026-04-01 23:46:26,969 - piper_actor - DEBUG - run_dag dispatch (time 10): recv s0 mb1 bkt=0
[36m(PiperActor pid=2272402)[0m 2026-04-01 23:46:26,969 - piper_actor - DEBUG - exec_recv key (None, 1) from peer pp rank 1
[36m(PiperActor pid=2272402)[0m 2026-04-01 23:46:26,970 - piper_actor - DEBUG - run_dag dispatch (time 11): backward s0 mb1 bkt=0
[36m(PiperActor pid=2272388)[0m 2026-04-01 23:46:26,949 - piper_actor - DEBUG - run_dag dispatch (time 9): send s2 mb2 bkt=0
[36m(PiperActor pid=2272388)[0m 2026-04-01 23:46:26,949 - piper_actor - DEBUG - exec_send key ((2, 0), 2) to peer pp rank 1
[36m(PiperActor pid=2272388)[0m 2026-04-01 23:46:26,950 - piper_actor - DEBUG - run_dag dispatch (time 9): recv s2 mb3 bkt=0
[36m(PiperActor pid=2272388)[0m 2026-04-01 23:46:26,950 - piper_actor - DEBUG - exec_recv key ((2, 0), 3) from peer pp rank 1
[36m(PiperActor pid=2272388)[0m 2026-04-01 23:46:26,950 - piper_actor - DEBUG - run_dag dispatch (time 10): forward s2 mb3 bkt=0
[36m(PiperActor pid=2272388)[0m 2026-04-01 23:46:26,967 - piper_actor - DEBUG - run_dag dispatch (time 10): recv s0 mb1 bkt=0
[36m(PiperActor pid=2272388)[0m 2026-04-01 23:46:26,967 - piper_actor - DEBUG - exec_recv key (None, 1) from peer pp rank 1
[36m(PiperActor pid=2272388)[0m 2026-04-01 23:46:26,968 - piper_actor - DEBUG - run_dag dispatch (time 11): backward s0 mb1 bkt=0
[36m(PiperActor pid=2272396)[0m 2026-04-01 23:46:26,960 - piper_actor - DEBUG - run_dag dispatch (time 9): recv s3 mb2 bkt=0
[36m(PiperActor pid=2272396)[0m 2026-04-01 23:46:26,960 - piper_actor - DEBUG - exec_recv key ((3, 0), 2) from peer pp rank 0
[36m(PiperActor pid=2272396)[0m 2026-04-01 23:46:26,960 - piper_actor - DEBUG - run_dag dispatch (time 9): send s1 mb3 bkt=0
[36m(PiperActor pid=2272396)[0m 2026-04-01 23:46:26,960 - piper_actor - DEBUG - exec_send key ((1, 0), 3) to peer pp rank 0
[36m(PiperActor pid=2272396)[0m 2026-04-01 23:46:26,961 - piper_actor - DEBUG - run_dag dispatch (time 10): forward s3 mb2 bkt=0
[36m(PiperActor pid=2272396)[0m 2026-04-01 23:46:26,977 - piper_actor - DEBUG - run_dag dispatch (time 10): send s1 mb1 bkt=0
[36m(PiperActor pid=2272396)[0m 2026-04-01 23:46:26,977 - piper_actor - DEBUG - exec_send key (None, 1) to peer pp rank 0
[36m(PiperActor pid=2272396)[0m 2026-04-01 23:46:26,978 - piper_actor - DEBUG - run_dag dispatch (time 11): backward s3 mb2 bkt=0
[36m(PiperActor pid=2272392)[0m 2026-04-01 23:46:26,959 - piper_actor - DEBUG - run_dag dispatch (time 9): recv s3 mb2 bkt=0
[36m(PiperActor pid=2272392)[0m 2026-04-01 23:46:26,960 - piper_actor - DEBUG - exec_recv key ((3, 0), 2) from peer pp rank 0
[36m(PiperActor pid=2272392)[0m 2026-04-01 23:46:26,960 - piper_actor - DEBUG - run_dag dispatch (time 9): send s1 mb3 bkt=0
[36m(PiperActor pid=2272392)[0m 2026-04-01 23:46:26,961 - piper_actor - DEBUG - exec_send key ((1, 0), 3) to peer pp rank 0
[36m(PiperActor pid=2272392)[0m 2026-04-01 23:46:26,961 - piper_actor - DEBUG - run_dag dispatch (time 10): forward s3 mb2 bkt=0
[36m(PiperActor pid=2272392)[0m 2026-04-01 23:46:26,976 - piper_actor - DEBUG - run_dag dispatch (time 10): send s1 mb1 bkt=0
[36m(PiperActor pid=2272392)[0m 2026-04-01 23:46:26,976 - piper_actor - DEBUG - exec_send key (None, 1) to peer pp rank 0
[36m(PiperActor pid=2272392)[0m 2026-04-01 23:46:26,977 - piper_actor - DEBUG - run_dag dispatch (time 11): backward s3 mb2 bkt=0
[36m(PiperActor pid=2272402)[0m 2026-04-01 23:46:27,007 - piper_actor - DEBUG - run_dag dispatch (time 11): send s2 mb3 bkt=0
[36m(PiperActor pid=2272402)[0m 2026-04-01 23:46:27,008 - piper_actor - DEBUG - exec_send key ((2, 0), 3) to peer pp rank 1
[36m(PiperActor pid=2272402)[0m 2026-04-01 23:46:27,008 - piper_actor - DEBUG - run_dag dispatch (time 11): recv s2 mb2 bkt=0
[36m(PiperActor pid=2272402)[0m 2026-04-01 23:46:27,008 - piper_actor - DEBUG - exec_recv key (None, 2) from peer pp rank 1
[36m(PiperActor pid=2272402)[0m 2026-04-01 23:46:27,009 - piper_actor - DEBUG - run_dag dispatch (time 12): backward s2 mb2 bkt=0
[36m(PiperActor pid=2272388)[0m 2026-04-01 23:46:27,005 - piper_actor - DEBUG - run_dag dispatch (time 11): send s2 mb3 bkt=0
[36m(PiperActor pid=2272388)[0m 2026-04-01 23:46:27,006 - piper_actor - DEBUG - exec_send key ((2, 0), 3) to peer pp rank 1
[36m(PiperActor pid=2272388)[0m 2026-04-01 23:46:27,006 - piper_actor - DEBUG - run_dag dispatch (time 11): recv s2 mb2 bkt=0
[36m(PiperActor pid=2272388)[0m 2026-04-01 23:46:27,006 - piper_actor - DEBUG - exec_recv key (None, 2) from peer pp rank 1
[36m(PiperActor pid=2272388)[0m 2026-04-01 23:46:27,007 - piper_actor - DEBUG - run_dag dispatch (time 12): backward s2 mb2 bkt=0
[36m(PiperActor pid=2272396)[0m 2026-04-01 23:46:27,008 - piper_actor - DEBUG - run_dag dispatch (time 11): recv s3 mb3 bkt=0
[36m(PiperActor pid=2272396)[0m 2026-04-01 23:46:27,008 - piper_actor - DEBUG - exec_recv key ((3, 0), 3) from peer pp rank 0
[36m(PiperActor pid=2272396)[0m 2026-04-01 23:46:27,008 - piper_actor - DEBUG - run_dag dispatch (time 12): forward s3 mb3 bkt=0
[36m(PiperActor pid=2272392)[0m 2026-04-01 23:46:27,007 - piper_actor - DEBUG - run_dag dispatch (time 11): recv s3 mb3 bkt=0
[36m(PiperActor pid=2272392)[0m 2026-04-01 23:46:27,008 - piper_actor - DEBUG - exec_recv key ((3, 0), 3) from peer pp rank 0
[36m(PiperActor pid=2272392)[0m 2026-04-01 23:46:27,008 - piper_actor - DEBUG - run_dag dispatch (time 12): forward s3 mb3 bkt=0
[36m(PiperActor pid=2272402)[0m 2026-04-01 23:46:27,043 - piper_actor - DEBUG - run_dag dispatch (time 12): recv s2 mb3 bkt=0
[36m(PiperActor pid=2272402)[0m 2026-04-01 23:46:27,043 - piper_actor - DEBUG - exec_recv key (None, 3) from peer pp rank 1
[36m(PiperActor pid=2272402)[0m 2026-04-01 23:46:27,044 - piper_actor - DEBUG - run_dag dispatch (time 13): backward s2 mb3 bkt=0
[36m(PiperActor pid=2272388)[0m 2026-04-01 23:46:27,041 - piper_actor - DEBUG - run_dag dispatch (time 12): recv s2 mb3 bkt=0
[36m(PiperActor pid=2272388)[0m 2026-04-01 23:46:27,042 - piper_actor - DEBUG - exec_recv key (None, 3) from peer pp rank 1
[36m(PiperActor pid=2272388)[0m 2026-04-01 23:46:27,042 - piper_actor - DEBUG - run_dag dispatch (time 13): backward s2 mb3 bkt=0
[36m(PiperActor pid=2272396)[0m 2026-04-01 23:46:27,051 - piper_actor - DEBUG - run_dag dispatch (time 12): send s3 mb2 bkt=0
[36m(PiperActor pid=2272396)[0m 2026-04-01 23:46:27,051 - piper_actor - DEBUG - exec_send key (None, 2) to peer pp rank 0
[36m(PiperActor pid=2272396)[0m 2026-04-01 23:46:27,051 - piper_actor - DEBUG - run_dag dispatch (time 13): backward s3 mb3 bkt=0
[36m(PiperActor pid=2272392)[0m 2026-04-01 23:46:27,049 - piper_actor - DEBUG - run_dag dispatch (time 12): send s3 mb2 bkt=0
[36m(PiperActor pid=2272392)[0m 2026-04-01 23:46:27,049 - piper_actor - DEBUG - exec_send key (None, 2) to peer pp rank 0
[36m(PiperActor pid=2272392)[0m 2026-04-01 23:46:27,050 - piper_actor - DEBUG - run_dag dispatch (time 13): backward s3 mb3 bkt=0
[36m(PiperActor pid=2272402)[0m 2026-04-01 23:46:27,099 - piper_actor - DEBUG - run_dag dispatch (time 13): send s2 mb2 bkt=0
[36m(PiperActor pid=2272402)[0m 2026-04-01 23:46:27,100 - piper_actor - DEBUG - exec_send key (None, 2) to peer pp rank 1
[36m(PiperActor pid=2272402)[0m 2026-04-01 23:46:27,100 - piper_actor - DEBUG - run_dag dispatch (time 13): recv s0 mb2 bkt=0
[36m(PiperActor pid=2272402)[0m 2026-04-01 23:46:27,100 - piper_actor - DEBUG - exec_recv key (None, 2) from peer pp rank 1
[36m(PiperActor pid=2272402)[0m 2026-04-01 23:46:27,101 - piper_actor - DEBUG - run_dag dispatch (time 14): backward s0 mb2 bkt=0
[36m(PiperActor pid=2272388)[0m 2026-04-01 23:46:27,097 - piper_actor - DEBUG - run_dag dispatch (time 13): send s2 mb2 bkt=0
[36m(PiperActor pid=2272388)[0m 2026-04-01 23:46:27,098 - piper_actor - DEBUG - exec_send key (None, 2) to peer pp rank 1
[36m(PiperActor pid=2272388)[0m 2026-04-01 23:46:27,099 - piper_actor - DEBUG - run_dag dispatch (time 13): recv s0 mb2 bkt=0
[36m(PiperActor pid=2272388)[0m 2026-04-01 23:46:27,099 - piper_actor - DEBUG - exec_recv key (None, 2) from peer pp rank 1
[36m(PiperActor pid=2272388)[0m 2026-04-01 23:46:27,099 - piper_actor - DEBUG - run_dag dispatch (time 14): backward s0 mb2 bkt=0
[36m(PiperActor pid=2272396)[0m 2026-04-01 23:46:27,081 - piper_actor - DEBUG - run_dag dispatch (time 13): recv s1 mb2 bkt=0
[36m(PiperActor pid=2272396)[0m 2026-04-01 23:46:27,082 - piper_actor - DEBUG - exec_recv key (None, 2) from peer pp rank 0
[36m(PiperActor pid=2272396)[0m 2026-04-01 23:46:27,082 - piper_actor - DEBUG - run_dag dispatch (time 14): backward s1 mb2 bkt=0
[36m(PiperActor pid=2272392)[0m 2026-04-01 23:46:27,081 - piper_actor - DEBUG - run_dag dispatch (time 13): recv s1 mb2 bkt=0
[36m(PiperActor pid=2272392)[0m 2026-04-01 23:46:27,082 - piper_actor - DEBUG - exec_recv key (None, 2) from peer pp rank 0
[36m(PiperActor pid=2272392)[0m 2026-04-01 23:46:27,083 - piper_actor - DEBUG - run_dag dispatch (time 14): backward s1 mb2 bkt=0
[36m(PiperActor pid=2272396)[0m 2026-04-01 23:46:27,140 - piper_actor - DEBUG - run_dag dispatch (time 14): recv s1 mb3 bkt=0
[36m(PiperActor pid=2272396)[0m 2026-04-01 23:46:27,140 - piper_actor - DEBUG - exec_recv key (None, 3) from peer pp rank 0
[36m(PiperActor pid=2272396)[0m 2026-04-01 23:46:27,141 - piper_actor - DEBUG - run_dag dispatch (time 14): send s3 mb3 bkt=0
[36m(PiperActor pid=2272396)[0m 2026-04-01 23:46:27,141 - piper_actor - DEBUG - exec_send key (None, 3) to peer pp rank 0
[36m(PiperActor pid=2272396)[0m 2026-04-01 23:46:27,141 - piper_actor - DEBUG - run_dag dispatch (time 14): reduce_scatter s3 mb3 bkt=0
[36m(PiperActor pid=2272396)[0m 2026-04-01 23:46:27,142 - piper_actor - DEBUG - run_dag dispatch (time 15): backward s1 mb3 bkt=0
[36m(PiperActor pid=2272392)[0m 2026-04-01 23:46:27,138 - piper_actor - DEBUG - run_dag dispatch (time 14): recv s1 mb3 bkt=0
[36m(PiperActor pid=2272392)[0m 2026-04-01 23:46:27,139 - piper_actor - DEBUG - exec_recv key (None, 3) from peer pp rank 0
[36m(PiperActor pid=2272392)[0m 2026-04-01 23:46:27,139 - piper_actor - DEBUG - run_dag dispatch (time 14): send s3 mb3 bkt=0
[36m(PiperActor pid=2272392)[0m 2026-04-01 23:46:27,139 - piper_actor - DEBUG - exec_send key (None, 3) to peer pp rank 0
[36m(PiperActor pid=2272392)[0m 2026-04-01 23:46:27,140 - piper_actor - DEBUG - run_dag dispatch (time 14): reduce_scatter s3 mb3 bkt=0
[36m(PiperActor pid=2272392)[0m 2026-04-01 23:46:27,140 - piper_actor - DEBUG - run_dag dispatch (time 15): backward s1 mb3 bkt=0
[36m(PiperActor pid=2272402)[0m 2026-04-01 23:46:27,179 - piper_actor - DEBUG - run_dag dispatch (time 14): send s2 mb3 bkt=0
[36m(PiperActor pid=2272402)[0m 2026-04-01 23:46:27,179 - piper_actor - DEBUG - exec_send key (None, 3) to peer pp rank 1
[36m(PiperActor pid=2272402)[0m 2026-04-01 23:46:27,180 - piper_actor - DEBUG - run_dag dispatch (time 14): recv s0 mb3 bkt=0
[36m(PiperActor pid=2272402)[0m 2026-04-01 23:46:27,180 - piper_actor - DEBUG - exec_recv key (None, 3) from peer pp rank 1
[36m(PiperActor pid=2272402)[0m 2026-04-01 23:46:27,180 - piper_actor - DEBUG - run_dag dispatch (time 14): reduce_scatter s2 mb3 bkt=0
[36m(PiperActor pid=2272402)[0m 2026-04-01 23:46:27,181 - piper_actor - DEBUG - run_dag dispatch (time 15): backward s0 mb3 bkt=0
[36m(PiperActor pid=2272388)[0m 2026-04-01 23:46:27,176 - piper_actor - DEBUG - run_dag dispatch (time 14): send s2 mb3 bkt=0
[36m(PiperActor pid=2272388)[0m 2026-04-01 23:46:27,177 - piper_actor - DEBUG - exec_send key (None, 3) to peer pp rank 1
[36m(PiperActor pid=2272388)[0m 2026-04-01 23:46:27,177 - piper_actor - DEBUG - run_dag dispatch (time 14): recv s0 mb3 bkt=0
[36m(PiperActor pid=2272388)[0m 2026-04-01 23:46:27,177 - piper_actor - DEBUG - exec_recv key (None, 3) from peer pp rank 1
[36m(PiperActor pid=2272388)[0m 2026-04-01 23:46:27,178 - piper_actor - DEBUG - run_dag dispatch (time 14): reduce_scatter s2 mb3 bkt=0
[36m(PiperActor pid=2272388)[0m 2026-04-01 23:46:27,178 - piper_actor - DEBUG - run_dag dispatch (time 15): backward s0 mb3 bkt=0
[36m(PiperActor pid=2272396)[0m 2026-04-01 23:46:27,177 - piper_actor - DEBUG - run_dag dispatch (time 15): send s1 mb2 bkt=0
[36m(PiperActor pid=2272396)[0m 2026-04-01 23:46:27,177 - piper_actor - DEBUG - exec_send key (None, 2) to peer pp rank 0
[36m(PiperActor pid=2272396)[0m 2026-04-01 23:46:27,178 - piper_actor - DEBUG - run_dag dispatch (time 16): update s1 mb3 bkt=0
[36m(PiperActor pid=2272392)[0m 2026-04-01 23:46:27,176 - piper_actor - DEBUG - run_dag dispatch (time 15): send s1 mb2 bkt=0
[36m(PiperActor pid=2272392)[0m 2026-04-01 23:46:27,176 - piper_actor - DEBUG - exec_send key (None, 2) to peer pp rank 0
[36m(PiperActor pid=2272392)[0m 2026-04-01 23:46:27,177 - piper_actor - DEBUG - run_dag dispatch (time 16): update s1 mb3 bkt=0
[36m(PiperActor pid=2272402)[0m 2026-04-01 23:46:27,219 - piper_actor - DEBUG - run_dag dispatch (time 16): update s0 mb3 bkt=0
[36m(PiperActor pid=2272388)[0m 2026-04-01 23:46:27,217 - piper_actor - DEBUG - run_dag dispatch (time 16): update s0 mb3 bkt=0
[36m(PiperActor pid=2272396)[0m 2026-04-01 23:46:27,235 - piper_actor - DEBUG - run_dag dispatch (time 16): send s1 mb3 bkt=0
[36m(PiperActor pid=2272396)[0m 2026-04-01 23:46:27,235 - piper_actor - DEBUG - exec_send key (None, 3) to peer pp rank 0
[36m(PiperActor pid=2272396)[0m 2026-04-01 23:46:27,235 - piper_actor - DEBUG - run_dag dispatch (time 16): reduce_scatter s1 mb3 bkt=0
[36m(PiperActor pid=2272392)[0m 2026-04-01 23:46:27,232 - piper_actor - DEBUG - run_dag dispatch (time 16): send s1 mb3 bkt=0
[36m(PiperActor pid=2272392)[0m 2026-04-01 23:46:27,232 - piper_actor - DEBUG - exec_send key (None, 3) to peer pp rank 0
[36m(PiperActor pid=2272392)[0m 2026-04-01 23:46:27,233 - piper_actor - DEBUG - run_dag dispatch (time 16): reduce_scatter s1 mb3 bkt=0
[36m(run_dp_rank pid=2251954)[0m rank 0 iter time= 0.58314 ± 0.00068 s (5 samples)
[36m(run_dp_rank pid=2251954)[0m rank 0 throughput= 28096.326 tokens/s
[36m(run_dp_rank pid=2251954)[0m rank 0 peak_memory= 35.650 GiB
[36m(run_dp_rank pid=2251954)[0m rank 1 peak_memory= 35.927 GiB
[36m(run_dp_rank pid=2251954)[0m Memory breakdown (after 1st timed iter):
[36m(run_dp_rank pid=2251954)[0m   rank 0  allocated=11.821 GiB  reserved=40.371 GiB  params=3.359 GiB  grads=3.359 GiB  shard=1.680 GiB  other(acts+optim)=5.103 GiB
[36m(run_dp_rank pid=2251954)[0m   rank 1  allocated=13.778 GiB  reserved=39.703 GiB  params=3.359 GiB  grads=3.359 GiB  shard=1.680 GiB  other(acts+optim)=7.060 GiB
[36m(run_dp_rank pid=2251954)[0m Running 3 tracing iterations...
[36m(run_dp_rank pid=2251994)[0m rank 1 iter time= 0.58280 ± 0.00167 s (5 samples)
[36m(run_dp_rank pid=2251994)[0m rank 1 throughput= 28112.783 tokens/s
[36m(run_dp_rank pid=2251994)[0m rank 2 peak_memory= 35.650 GiB
[36m(run_dp_rank pid=2251994)[0m rank 3 peak_memory= 35.927 GiB
[36m(run_dp_rank pid=2251994)[0m Memory breakdown (after 1st timed iter):
[36m(run_dp_rank pid=2251994)[0m   rank 2  allocated=11.821 GiB  reserved=40.371 GiB  params=3.359 GiB  grads=3.359 GiB  shard=1.680 GiB  other(acts+optim)=5.103 GiB
[36m(run_dp_rank pid=2251994)[0m   rank 3  allocated=13.778 GiB  reserved=39.703 GiB  params=3.359 GiB  grads=3.359 GiB  shard=1.680 GiB  other(acts+optim)=7.060 GiB
[36m(run_dp_rank pid=2251994)[0m Running 3 tracing iterations...
[36m(PiperActor pid=2272402)[0m 2026-04-01 23:46:27,278 - piper_actor - DEBUG - run_dag dispatch (time 16): reduce_scatter s0 mb3 bkt=0
[36m(PiperActor pid=2272402)[0m 2026-04-01 23:46:27,285 - piper_actor - INFO - Actor 0: Tracing enabled
[36m(PiperActor pid=2272402)[0m 2026-04-01 23:46:27,288 - piper_actor - DEBUG - run_dag dispatch (time -30001): all_gather s2 mb0 bkt=0
[36m(PiperActor pid=2272402)[0m 2026-04-01 23:46:27,289 - piper_actor - DEBUG - run_dag dispatch (time -30000): all_gather s0 mb0 bkt=0
[36m(PiperActor pid=2272402)[0m 2026-04-01 23:46:27,289 - piper_actor - DEBUG - run_dag dispatch (time 0): forward s0 mb0 bkt=0
[36m(PiperActor pid=2272402)[0m 2026-04-01 23:46:27,301 - piper_actor - DEBUG - run_dag dispatch (time 1): forward s0 mb1 bkt=0
[36m(PiperActor pid=2272388)[0m 2026-04-01 23:46:27,274 - piper_actor - DEBUG - run_dag dispatch (time 16): reduce_scatter s0 mb3 bkt=0
[36m(PiperActor pid=2272388)[0m 2026-04-01 23:46:27,281 - piper_actor - INFO - Actor 2: Tracing enabled
[36m(PiperActor pid=2272388)[0m 2026-04-01 23:46:27,285 - piper_actor - DEBUG - run_dag dispatch (time -30001): all_gather s2 mb0 bkt=0
[36m(PiperActor pid=2272388)[0m 2026-04-01 23:46:27,285 - piper_actor - DEBUG - run_dag dispatch (time -30000): all_gather s0 mb0 bkt=0
[36m(PiperActor pid=2272388)[0m 2026-04-01 23:46:27,286 - piper_actor - DEBUG - run_dag dispatch (time 0): forward s0 mb0 bkt=0
[36m(PiperActor pid=2272388)[0m 2026-04-01 23:46:27,297 - piper_actor - DEBUG - run_dag dispatch (time 1): forward s0 mb1 bkt=0
[36m(PiperActor pid=2272388)[0m 2026-04-01 23:46:27,309 - piper_actor - DEBUG - run_dag dispatch (time 1): send s0 mb0 bkt=0
[36m(PiperActor pid=2272388)[0m 2026-04-01 23:46:27,309 - piper_actor - DEBUG - exec_send key ((0, 0), 0) to peer pp rank 1
[36m(PiperActor pid=2272396)[0m 2026-04-01 23:46:27,285 - piper_actor - INFO - Actor 1: Tracing enabled
[36m(PiperActor pid=2272396)[0m 2026-04-01 23:46:27,288 - piper_actor - DEBUG - run_dag dispatch (time -30001): all_gather s3 mb0 bkt=0
[36m(PiperActor pid=2272396)[0m 2026-04-01 23:46:27,289 - piper_actor - DEBUG - run_dag dispatch (time -30000): all_gather s1 mb0 bkt=0
[36m(PiperActor pid=2272396)[0m 2026-04-01 23:46:27,289 - piper_actor - DEBUG - run_dag dispatch (time -1): recv s1 mb0 bkt=0
[36m(PiperActor pid=2272396)[0m 2026-04-01 23:46:27,289 - piper_actor - DEBUG - exec_recv key ((1, 0), 0) from peer pp rank 0
[36m(PiperActor pid=2272396)[0m 2026-04-01 23:46:27,290 - piper_actor - DEBUG - run_dag dispatch (time 0): forward s1 mb0 bkt=0
[36m(PiperActor pid=2272396)[0m 2026-04-01 23:46:27,301 - piper_actor - DEBUG - run_dag dispatch (time 0): recv s1 mb1 bkt=0
[36m(PiperActor pid=2272396)[0m 2026-04-01 23:46:27,301 - piper_actor - DEBUG - exec_recv key ((1, 0), 1) from peer pp rank 0
[36m(PiperActor pid=2272396)[0m 2026-04-01 23:46:27,302 - piper_actor - DEBUG - run_dag dispatch (time 1): forward s1 mb1 bkt=0
[36m(PiperActor pid=2272392)[0m 2026-04-01 23:46:27,282 - piper_actor - INFO - Actor 3: Tracing enabled
[36m(PiperActor pid=2272392)[0m 2026-04-01 23:46:27,285 - piper_actor - DEBUG - run_dag dispatch (time -30001): all_gather s3 mb0 bkt=0
[36m(PiperActor pid=2272392)[0m 2026-04-01 23:46:27,286 - piper_actor - DEBUG - run_dag dispatch (time -30000): all_gather s1 mb0 bkt=0
[36m(PiperActor pid=2272392)[0m 2026-04-01 23:46:27,286 - piper_actor - DEBUG - run_dag dispatch (time -1): recv s1 mb0 bkt=0
[36m(PiperActor pid=2272392)[0m 2026-04-01 23:46:27,286 - piper_actor - DEBUG - exec_recv key ((1, 0), 0) from peer pp rank 0
[36m(PiperActor pid=2272392)[0m 2026-04-01 23:46:27,287 - piper_actor - DEBUG - run_dag dispatch (time 0): forward s1 mb0 bkt=0
[36m(PiperActor pid=2272392)[0m 2026-04-01 23:46:27,297 - piper_actor - DEBUG - run_dag dispatch (time 0): recv s1 mb1 bkt=0
[36m(PiperActor pid=2272392)[0m 2026-04-01 23:46:27,298 - piper_actor - DEBUG - exec_recv key ((1, 0), 1) from peer pp rank 0
[36m(PiperActor pid=2272392)[0m 2026-04-01 23:46:27,298 - piper_actor - DEBUG - run_dag dispatch (time 1): forward s1 mb1 bkt=0
[36m(PiperActor pid=2272392)[0m 2026-04-01 23:46:27,308 - piper_actor - DEBUG - run_dag dispatch (time 1): recv s3 mb0 bkt=0
[36m(PiperActor pid=2272392)[0m 2026-04-01 23:46:27,308 - piper_actor - DEBUG - exec_recv key ((3, 0), 0) from peer pp rank 0
[36m(PiperActor pid=2272392)[0m 2026-04-01 23:46:27,308 - piper_actor - DEBUG - run_dag dispatch (time 1): send s1 mb0 bkt=0
[36m(PiperActor pid=2272392)[0m 2026-04-01 23:46:27,309 - piper_actor - DEBUG - exec_send key ((1, 0), 0) to peer pp rank 0
[36m(PiperActor pid=2272392)[0m 2026-04-01 23:46:27,309 - piper_actor - DEBUG - run_dag dispatch (time 2): forward s3 mb0 bkt=0
[36m(PiperActor pid=2272402)[0m 2026-04-01 23:46:27,311 - piper_actor - DEBUG - run_dag dispatch (time 1): send s0 mb0 bkt=0
[36m(PiperActor pid=2272402)[0m 2026-04-01 23:46:27,312 - piper_actor - DEBUG - exec_send key ((0, 0), 0) to peer pp rank 1
[36m(PiperActor pid=2272402)[0m 2026-04-01 23:46:27,312 - piper_actor - DEBUG - run_dag dispatch (time 1): recv s2 mb0 bkt=0
[36m(PiperActor pid=2272402)[0m 2026-04-01 23:46:27,312 - piper_actor - DEBUG - exec_recv key ((2, 0), 0) from peer pp rank 1
[36m(PiperActor pid=2272402)[0m 2026-04-01 23:46:27,312 - piper_actor - DEBUG - run_dag dispatch (time 2): forward s2 mb0 bkt=0
[36m(PiperActor pid=2272402)[0m 2026-04-01 23:46:27,323 - piper_actor - DEBUG - run_dag dispatch (time 2): send s0 mb1 bkt=0
[36m(PiperActor pid=2272402)[0m 2026-04-01 23:46:27,323 - piper_actor - DEBUG - exec_send key ((0, 0), 1) to peer pp rank 1
[36m(PiperActor pid=2272402)[0m 2026-04-01 23:46:27,324 - piper_actor - DEBUG - run_dag dispatch (time 2): recv s2 mb1 bkt=0
[36m(PiperActor pid=2272402)[0m 2026-04-01 23:46:27,324 - piper_actor - DEBUG - exec_recv key ((2, 0), 1) from peer pp rank 1
[36m(PiperActor pid=2272402)[0m 2026-04-01 23:46:27,324 - piper_actor - DEBUG - run_dag dispatch (time 3): forward s2 mb1 bkt=0
[36m(PiperActor pid=2272402)[0m 2026-04-01 23:46:27,335 - piper_actor - DEBUG - run_dag dispatch (time 3): send s2 mb0 bkt=0
[36m(PiperActor pid=2272402)[0m 2026-04-01 23:46:27,335 - piper_actor - DEBUG - exec_send key ((2, 0), 0) to peer pp rank 1
[36m(PiperActor pid=2272402)[0m 2026-04-01 23:46:27,335 - piper_actor - DEBUG - run_dag dispatch (time 4): forward s0 mb2 bkt=0
[36m(PiperActor pid=2272402)[0m 2026-04-01 23:46:27,346 - piper_actor - DEBUG - run_dag dispatch (time 4): send s2 mb1 bkt=0
[36m(PiperActor pid=2272402)[0m 2026-04-01 23:46:27,346 - piper_actor - DEBUG - exec_send key ((2, 0), 1) to peer pp rank 1
[36m(PiperActor pid=2272402)[0m 2026-04-01 23:46:27,346 - piper_actor - DEBUG - run_dag dispatch (time 4): recv s2 mb0 bkt=0
[36m(PiperActor pid=2272402)[0m 2026-04-01 23:46:27,346 - piper_actor - DEBUG - exec_recv key (None, 0) from peer pp rank 1
[36m(PiperActor pid=2272402)[0m 2026-04-01 23:46:27,347 - piper_actor - DEBUG - run_dag dispatch (time 5): backward s2 mb0 bkt=0
[36m(PiperActor pid=2272388)[0m 2026-04-01 23:46:27,309 - piper_actor - DEBUG - run_dag dispatch (time 1): recv s2 mb0 bkt=0
[36m(PiperActor pid=2272388)[0m 2026-04-01 23:46:27,309 - piper_actor - DEBUG - exec_recv key ((2, 0), 0) from peer pp rank 1
[36m(PiperActor pid=2272388)[0m 2026-04-01 23:46:27,310 - piper_actor - DEBUG - run_dag dispatch (time 2): forward s2 mb0 bkt=0
[36m(PiperActor pid=2272388)[0m 2026-04-01 23:46:27,320 - piper_actor - DEBUG - run_dag dispatch (time 2): send s0 mb1 bkt=0
[36m(PiperActor pid=2272388)[0m 2026-04-01 23:46:27,321 - piper_actor - DEBUG - exec_send key ((0, 0), 1) to peer pp rank 1
[36m(PiperActor pid=2272388)[0m 2026-04-01 23:46:27,321 - piper_actor - DEBUG - run_dag dispatch (time 2): recv s2 mb1 bkt=0
[36m(PiperActor pid=2272388)[0m 2026-04-01 23:46:27,321 - piper_actor - DEBUG - exec_recv key ((2, 0), 1) from peer pp rank 1
[36m(PiperActor pid=2272388)[0m 2026-04-01 23:46:27,321 - piper_actor - DEBUG - run_dag dispatch (time 3): forward s2 mb1 bkt=0
[36m(PiperActor pid=2272388)[0m 2026-04-01 23:46:27,332 - piper_actor - DEBUG - run_dag dispatch (time 3): send s2 mb0 bkt=0
[36m(PiperActor pid=2272388)[0m 2026-04-01 23:46:27,332 - piper_actor - DEBUG - exec_send key ((2, 0), 0) to peer pp rank 1
[36m(PiperActor pid=2272388)[0m 2026-04-01 23:46:27,333 - piper_actor - DEBUG - run_dag dispatch (time 4): forward s0 mb2 bkt=0
[36m(PiperActor pid=2272388)[0m 2026-04-01 23:46:27,344 - piper_actor - DEBUG - run_dag dispatch (time 4): send s2 mb1 bkt=0
[36m(PiperActor pid=2272388)[0m 2026-04-01 23:46:27,344 - piper_actor - DEBUG - exec_send key ((2, 0), 1) to peer pp rank 1
[36m(PiperActor pid=2272388)[0m 2026-04-01 23:46:27,344 - piper_actor - DEBUG - run_dag dispatch (time 4): recv s2 mb0 bkt=0
[36m(PiperActor pid=2272388)[0m 2026-04-01 23:46:27,344 - piper_actor - DEBUG - exec_recv key (None, 0) from peer pp rank 1
[36m(PiperActor pid=2272388)[0m 2026-04-01 23:46:27,344 - piper_actor - DEBUG - run_dag dispatch (time 5): backward s2 mb0 bkt=0
[36m(PiperActor pid=2272396)[0m 2026-04-01 23:46:27,312 - piper_actor - DEBUG - run_dag dispatch (time 1): recv s3 mb0 bkt=0
[36m(PiperActor pid=2272396)[0m 2026-04-01 23:46:27,312 - piper_actor - DEBUG - exec_recv key ((3, 0), 0) from peer pp rank 0
[36m(PiperActor pid=2272396)[0m 2026-04-01 23:46:27,313 - piper_actor - DEBUG - run_dag dispatch (time 1): send s1 mb0 bkt=0
[36m(PiperActor pid=2272396)[0m 2026-04-01 23:46:27,313 - piper_actor - DEBUG - exec_send key ((1, 0), 0) to peer pp rank 0
[36m(PiperActor pid=2272396)[0m 2026-04-01 23:46:27,313 - piper_actor - DEBUG - run_dag dispatch (time 2): forward s3 mb0 bkt=0
[36m(PiperActor pid=2272396)[0m 2026-04-01 23:46:27,324 - piper_actor - DEBUG - run_dag dispatch (time 2): send s1 mb1 bkt=0
[36m(PiperActor pid=2272396)[0m 2026-04-01 23:46:27,324 - piper_actor - DEBUG - exec_send key ((1, 0), 1) to peer pp rank 0
[36m(PiperActor pid=2272396)[0m 2026-04-01 23:46:27,325 - piper_actor - DEBUG - run_dag dispatch (time 3): backward s3 mb0 bkt=0
[36m(PiperActor pid=2272392)[0m 2026-04-01 23:46:27,319 - piper_actor - DEBUG - run_dag dispatch (time 2): send s1 mb1 bkt=0
[36m(PiperActor pid=2272392)[0m 2026-04-01 23:46:27,320 - piper_actor - DEBUG - exec_send key ((1, 0), 1) to peer pp rank 0
[36m(PiperActor pid=2272392)[0m 2026-04-01 23:46:27,320 - piper_actor - DEBUG - run_dag dispatch (time 3): backward s3 mb0 bkt=0
[36m(PiperActor pid=2272402)[0m 2026-04-01 23:46:27,374 - piper_actor - DEBUG - run_dag dispatch (time 5): send s0 mb2 bkt=0
[36m(PiperActor pid=2272402)[0m 2026-04-01 23:46:27,374 - piper_actor - DEBUG - exec_send key ((0, 0), 2) to peer pp rank 1
[36m(PiperActor pid=2272402)[0m 2026-04-01 23:46:27,375 - piper_actor - DEBUG - run_dag dispatch (time 6): forward s0 mb3 bkt=0
[36m(PiperActor pid=2272388)[0m 2026-04-01 23:46:27,373 - piper_actor - DEBUG - run_dag dispatch (time 5): send s0 mb2 bkt=0
[36m(PiperActor pid=2272388)[0m 2026-04-01 23:46:27,373 - piper_actor - DEBUG - exec_send key ((0, 0), 2) to peer pp rank 1
[36m(PiperActor pid=2272388)[0m 2026-04-01 23:46:27,373 - piper_actor - DEBUG - run_dag dispatch (time 6): forward s0 mb3 bkt=0
[36m(PiperActor pid=2272396)[0m 2026-04-01 23:46:27,355 - piper_actor - DEBUG - run_dag dispatch (time 3): recv s3 mb1 bkt=0
[36m(PiperActor pid=2272396)[0m 2026-04-01 23:46:27,355 - piper_actor - DEBUG - exec_recv key ((3, 0), 1) from peer pp rank 0
[36m(PiperActor pid=2272396)[0m 2026-04-01 23:46:27,356 - piper_actor - DEBUG - run_dag dispatch (time 4): forward s3 mb1 bkt=0
[36m(PiperActor pid=2272392)[0m 2026-04-01 23:46:27,354 - piper_actor - DEBUG - run_dag dispatch (time 3): recv s3 mb1 bkt=0
[36m(PiperActor pid=2272392)[0m 2026-04-01 23:46:27,355 - piper_actor - DEBUG - exec_recv key ((3, 0), 1) from peer pp rank 0
[36m(PiperActor pid=2272392)[0m 2026-04-01 23:46:27,355 - piper_actor - DEBUG - run_dag dispatch (time 4): forward s3 mb1 bkt=0
[36m(PiperActor pid=2272402)[0m 2026-04-01 23:46:27,428 - piper_actor - DEBUG - run_dag dispatch (time 6): send s2 mb0 bkt=0
[36m(PiperActor pid=2272402)[0m 2026-04-01 23:46:27,428 - piper_actor - DEBUG - exec_send key (None, 0) to peer pp rank 1
[36m(PiperActor pid=2272402)[0m 2026-04-01 23:46:27,428 - piper_actor - DEBUG - run_dag dispatch (time 6): recv s2 mb1 bkt=0
[36m(PiperActor pid=2272402)[0m 2026-04-01 23:46:27,429 - piper_actor - DEBUG - exec_recv key (None, 1) from peer pp rank 1
[36m(PiperActor pid=2272402)[0m 2026-04-01 23:46:27,429 - piper_actor - DEBUG - run_dag dispatch (time 7): backward s2 mb1 bkt=0
[36m(PiperActor pid=2272388)[0m 2026-04-01 23:46:27,426 - piper_actor - DEBUG - run_dag dispatch (time 6): send s2 mb0 bkt=0
[36m(PiperActor pid=2272388)[0m 2026-04-01 23:46:27,426 - piper_actor - DEBUG - exec_send key (None, 0) to peer pp rank 1
[36m(PiperActor pid=2272388)[0m 2026-04-01 23:46:27,427 - piper_actor - DEBUG - run_dag dispatch (time 6): recv s2 mb1 bkt=0
[36m(PiperActor pid=2272388)[0m 2026-04-01 23:46:27,427 - piper_actor - DEBUG - exec_recv key (None, 1) from peer pp rank 1
[36m(PiperActor pid=2272388)[0m 2026-04-01 23:46:27,427 - piper_actor - DEBUG - run_dag dispatch (time 7): backward s2 mb1 bkt=0
[36m(PiperActor pid=2272396)[0m 2026-04-01 23:46:27,398 - piper_actor - DEBUG - run_dag dispatch (time 4): send s3 mb0 bkt=0
[36m(PiperActor pid=2272396)[0m 2026-04-01 23:46:27,398 - piper_actor - DEBUG - exec_send key (None, 0) to peer pp rank 0
[36m(PiperActor pid=2272396)[0m 2026-04-01 23:46:27,399 - piper_actor - DEBUG - run_dag dispatch (time 5): backward s3 mb1 bkt=0
[36m(PiperActor pid=2272396)[0m 2026-04-01 23:46:27,429 - piper_actor - DEBUG - run_dag dispatch (time 5): recv s1 mb2 bkt=0
[36m(PiperActor pid=2272396)[0m 2026-04-01 23:46:27,429 - piper_actor - DEBUG - exec_recv key ((1, 0), 2) from peer pp rank 0
[36m(PiperActor pid=2272396)[0m 2026-04-01 23:46:27,430 - piper_actor - DEBUG - run_dag dispatch (time 6): forward s1 mb2 bkt=0
[36m(PiperActor pid=2272392)[0m 2026-04-01 23:46:27,397 - piper_actor - DEBUG - run_dag dispatch (time 4): send s3 mb0 bkt=0
[36m(PiperActor pid=2272392)[0m 2026-04-01 23:46:27,397 - piper_actor - DEBUG - exec_send key (None, 0) to peer pp rank 0
[36m(PiperActor pid=2272392)[0m 2026-04-01 23:46:27,397 - piper_actor - DEBUG - run_dag dispatch (time 5): backward s3 mb1 bkt=0
[36m(PiperActor pid=2272392)[0m 2026-04-01 23:46:27,428 - piper_actor - DEBUG - run_dag dispatch (time 5): recv s1 mb2 bkt=0
[36m(PiperActor pid=2272392)[0m 2026-04-01 23:46:27,428 - piper_actor - DEBUG - exec_recv key ((1, 0), 2) from peer pp rank 0
[36m(PiperActor pid=2272392)[0m 2026-04-01 23:46:27,429 - piper_actor - DEBUG - run_dag dispatch (time 6): forward s1 mb2 bkt=0
[36m(PiperActor pid=2272402)[0m 2026-04-01 23:46:27,465 - piper_actor - DEBUG - run_dag dispatch (time 7): send s0 mb3 bkt=0
[36m(PiperActor pid=2272402)[0m 2026-04-01 23:46:27,465 - piper_actor - DEBUG - exec_send key ((0, 0), 3) to peer pp rank 1
[36m(PiperActor pid=2272402)[0m 2026-04-01 23:46:27,465 - piper_actor - DEBUG - run_dag dispatch (time 7): recv s2 mb2 bkt=0
[36m(PiperActor pid=2272402)[0m 2026-04-01 23:46:27,466 - piper_actor - DEBUG - exec_recv key ((2, 0), 2) from peer pp rank 1
[36m(PiperActor pid=2272402)[0m 2026-04-01 23:46:27,466 - piper_actor - DEBUG - run_dag dispatch (time 8): forward s2 mb2 bkt=0
[36m(PiperActor pid=2272388)[0m 2026-04-01 23:46:27,463 - piper_actor - DEBUG - run_dag dispatch (time 7): send s0 mb3 bkt=0
[36m(PiperActor pid=2272388)[0m 2026-04-01 23:46:27,464 - piper_actor - DEBUG - exec_send key ((0, 0), 3) to peer pp rank 1
[36m(PiperActor pid=2272388)[0m 2026-04-01 23:46:27,464 - piper_actor - DEBUG - run_dag dispatch (time 7): recv s2 mb2 bkt=0
[36m(PiperActor pid=2272388)[0m 2026-04-01 23:46:27,464 - piper_actor - DEBUG - exec_recv key ((2, 0), 2) from peer pp rank 1
[36m(PiperActor pid=2272388)[0m 2026-04-01 23:46:27,465 - piper_actor - DEBUG - run_dag dispatch (time 8): forward s2 mb2 bkt=0
[36m(PiperActor pid=2272396)[0m 2026-04-01 23:46:27,470 - piper_actor - DEBUG - run_dag dispatch (time 6): recv s1 mb0 bkt=0
[36m(PiperActor pid=2272396)[0m 2026-04-01 23:46:27,470 - piper_actor - DEBUG - exec_recv key (None, 0) from peer pp rank 0
[36m(PiperActor pid=2272396)[0m 2026-04-01 23:46:27,470 - piper_actor - DEBUG - run_dag dispatch (time 6): send s3 mb1 bkt=0
[36m(PiperActor pid=2272396)[0m 2026-04-01 23:46:27,470 - piper_actor - DEBUG - exec_send key (None, 1) to peer pp rank 0
[36m(PiperActor pid=2272396)[0m 2026-04-01 23:46:27,471 - piper_actor - DEBUG - run_dag dispatch (time 7): backward s1 mb0 bkt=0
[36m(PiperActor pid=2272392)[0m 2026-04-01 23:46:27,468 - piper_actor - DEBUG - run_dag dispatch (time 6): recv s1 mb0 bkt=0
[36m(PiperActor pid=2272392)[0m 2026-04-01 23:46:27,468 - piper_actor - DEBUG - exec_recv key (None, 0) from peer pp rank 0
[36m(PiperActor pid=2272392)[0m 2026-04-01 23:46:27,468 - piper_actor - DEBUG - run_dag dispatch (time 6): send s3 mb1 bkt=0
[36m(PiperActor pid=2272392)[0m 2026-04-01 23:46:27,469 - piper_actor - DEBUG - exec_send key (None, 1) to peer pp rank 0
[36m(PiperActor pid=2272392)[0m 2026-04-01 23:46:27,469 - piper_actor - DEBUG - run_dag dispatch (time 7): backward s1 mb0 bkt=0
[36m(PiperActor pid=2272402)[0m 2026-04-01 23:46:27,500 - piper_actor - DEBUG - run_dag dispatch (time 8): send s2 mb1 bkt=0
[36m(PiperActor pid=2272402)[0m 2026-04-01 23:46:27,500 - piper_actor - DEBUG - exec_send key (None, 1) to peer pp rank 1
[36m(PiperActor pid=2272402)[0m 2026-04-01 23:46:27,501 - piper_actor - DEBUG - run_dag dispatch (time 8): recv s0 mb0 bkt=0
[36m(PiperActor pid=2272402)[0m 2026-04-01 23:46:27,501 - piper_actor - DEBUG - exec_recv key (None, 0) from peer pp rank 1
[36m(PiperActor pid=2272402)[0m 2026-04-01 23:46:27,502 - piper_actor - DEBUG - run_dag dispatch (time 9): backward s0 mb0 bkt=0
[36m(PiperActor pid=2272388)[0m 2026-04-01 23:46:27,499 - piper_actor - DEBUG - run_dag dispatch (time 8): send s2 mb1 bkt=0
[36m(PiperActor pid=2272388)[0m 2026-04-01 23:46:27,499 - piper_actor - DEBUG - exec_send key (None, 1) to peer pp rank 1
[36m(PiperActor pid=2272388)[0m 2026-04-01 23:46:27,499 - piper_actor - DEBUG - run_dag dispatch (time 8): recv s0 mb0 bkt=0
[36m(PiperActor pid=2272388)[0m 2026-04-01 23:46:27,499 - piper_actor - DEBUG - exec_recv key (None, 0) from peer pp rank 1
[36m(PiperActor pid=2272388)[0m 2026-04-01 23:46:27,500 - piper_actor - DEBUG - run_dag dispatch (time 9): backward s0 mb0 bkt=0
[36m(PiperActor pid=2272396)[0m 2026-04-01 23:46:27,500 - piper_actor - DEBUG - run_dag dispatch (time 7): recv s1 mb3 bkt=0
[36m(PiperActor pid=2272396)[0m 2026-04-01 23:46:27,500 - piper_actor - DEBUG - exec_recv key ((1, 0), 3) from peer pp rank 0
[36m(PiperActor pid=2272396)[0m 2026-04-01 23:46:27,501 - piper_actor - DEBUG - run_dag dispatch (time 7): send s1 mb2 bkt=0
[36m(PiperActor pid=2272396)[0m 2026-04-01 23:46:27,501 - piper_actor - DEBUG - exec_send key ((1, 0), 2) to peer pp rank 0
[36m(PiperActor pid=2272396)[0m 2026-04-01 23:46:27,501 - piper_actor - DEBUG - run_dag dispatch (time 8): forward s1 mb3 bkt=0
[36m(PiperActor pid=2272396)[0m 2026-04-01 23:46:27,516 - piper_actor - DEBUG - run_dag dispatch (time 8): recv s1 mb1 bkt=0
[36m(PiperActor pid=2272396)[0m 2026-04-01 23:46:27,516 - piper_actor - DEBUG - exec_recv key (None, 1) from peer pp rank 0
[36m(PiperActor pid=2272396)[0m 2026-04-01 23:46:27,516 - piper_actor - DEBUG - run_dag dispatch (time 8): send s1 mb0 bkt=0
[36m(PiperActor pid=2272396)[0m 2026-04-01 23:46:27,517 - piper_actor - DEBUG - exec_send key (None, 0) to peer pp rank 0
[36m(PiperActor pid=2272396)[0m 2026-04-01 23:46:27,517 - piper_actor - DEBUG - run_dag dispatch (time 9): backward s1 mb1 bkt=0
[36m(PiperActor pid=2272392)[0m 2026-04-01 23:46:27,498 - piper_actor - DEBUG - run_dag dispatch (time 7): recv s1 mb3 bkt=0
[36m(PiperActor pid=2272392)[0m 2026-04-01 23:46:27,499 - piper_actor - DEBUG - exec_recv key ((1, 0), 3) from peer pp rank 0
[36m(PiperActor pid=2272392)[0m 2026-04-01 23:46:27,499 - piper_actor - DEBUG - run_dag dispatch (time 7): send s1 mb2 bkt=0
[36m(PiperActor pid=2272392)[0m 2026-04-01 23:46:27,499 - piper_actor - DEBUG - exec_send key ((1, 0), 2) to peer pp rank 0
[36m(PiperActor pid=2272392)[0m 2026-04-01 23:46:27,500 - piper_actor - DEBUG - run_dag dispatch (time 8): forward s1 mb3 bkt=0
[36m(PiperActor pid=2272392)[0m 2026-04-01 23:46:27,515 - piper_actor - DEBUG - run_dag dispatch (time 8): recv s1 mb1 bkt=0
[36m(PiperActor pid=2272392)[0m 2026-04-01 23:46:27,515 - piper_actor - DEBUG - exec_recv key (None, 1) from peer pp rank 0
[36m(PiperActor pid=2272392)[0m 2026-04-01 23:46:27,515 - piper_actor - DEBUG - run_dag dispatch (time 8): send s1 mb0 bkt=0
[36m(PiperActor pid=2272392)[0m 2026-04-01 23:46:27,515 - piper_actor - DEBUG - exec_send key (None, 0) to peer pp rank 0
[36m(PiperActor pid=2272392)[0m 2026-04-01 23:46:27,516 - piper_actor - DEBUG - run_dag dispatch (time 9): backward s1 mb1 bkt=0
[36m(PiperActor pid=2272402)[0m 2026-04-01 23:46:27,539 - piper_actor - DEBUG - run_dag dispatch (time 9): send s2 mb2 bkt=0
[36m(PiperActor pid=2272402)[0m 2026-04-01 23:46:27,539 - piper_actor - DEBUG - exec_send key ((2, 0), 2) to peer pp rank 1
[36m(PiperActor pid=2272402)[0m 2026-04-01 23:46:27,539 - piper_actor - DEBUG - run_dag dispatch (time 9): recv s2 mb3 bkt=0
[36m(PiperActor pid=2272402)[0m 2026-04-01 23:46:27,539 - piper_actor - DEBUG - exec_recv key ((2, 0), 3) from peer pp rank 1
[36m(PiperActor pid=2272402)[0m 2026-04-01 23:46:27,540 - piper_actor - DEBUG - run_dag dispatch (time 10): forward s2 mb3 bkt=0
[36m(PiperActor pid=2272402)[0m 2026-04-01 23:46:27,557 - piper_actor - DEBUG - run_dag dispatch (time 10): recv s0 mb1 bkt=0
[36m(PiperActor pid=2272402)[0m 2026-04-01 23:46:27,557 - piper_actor - DEBUG - exec_recv key (None, 1) from peer pp rank 1
[36m(PiperActor pid=2272402)[0m 2026-04-01 23:46:27,558 - piper_actor - DEBUG - run_dag dispatch (time 11): backward s0 mb1 bkt=0
[36m(PiperActor pid=2272388)[0m 2026-04-01 23:46:27,537 - piper_actor - DEBUG - run_dag dispatch (time 9): send s2 mb2 bkt=0
[36m(PiperActor pid=2272388)[0m 2026-04-01 23:46:27,538 - piper_actor - DEBUG - exec_send key ((2, 0), 2) to peer pp rank 1
[36m(PiperActor pid=2272388)[0m 2026-04-01 23:46:27,538 - piper_actor - DEBUG - run_dag dispatch (time 9): recv s2 mb3 bkt=0
[36m(PiperActor pid=2272388)[0m 2026-04-01 23:46:27,538 - piper_actor - DEBUG - exec_recv key ((2, 0), 3) from peer pp rank 1
[36m(PiperActor pid=2272388)[0m 2026-04-01 23:46:27,539 - piper_actor - DEBUG - run_dag dispatch (time 10): forward s2 mb3 bkt=0
[36m(PiperActor pid=2272388)[0m 2026-04-01 23:46:27,556 - piper_actor - DEBUG - run_dag dispatch (time 10): recv s0 mb1 bkt=0
[36m(PiperActor pid=2272388)[0m 2026-04-01 23:46:27,556 - piper_actor - DEBUG - exec_recv key (None, 1) from peer pp rank 1
[36m(PiperActor pid=2272388)[0m 2026-04-01 23:46:27,556 - piper_actor - DEBUG - run_dag dispatch (time 11): backward s0 mb1 bkt=0
[36m(PiperActor pid=2272396)[0m 2026-04-01 23:46:27,549 - piper_actor - DEBUG - run_dag dispatch (time 9): recv s3 mb2 bkt=0
[36m(PiperActor pid=2272396)[0m 2026-04-01 23:46:27,550 - piper_actor - DEBUG - exec_recv key ((3, 0), 2) from peer pp rank 0
[36m(PiperActor pid=2272396)[0m 2026-04-01 23:46:27,550 - piper_actor - DEBUG - run_dag dispatch (time 9): send s1 mb3 bkt=0
[36m(PiperActor pid=2272396)[0m 2026-04-01 23:46:27,550 - piper_actor - DEBUG - exec_send key ((1, 0), 3) to peer pp rank 0
[36m(PiperActor pid=2272396)[0m 2026-04-01 23:46:27,551 - piper_actor - DEBUG - run_dag dispatch (time 10): forward s3 mb2 bkt=0
[36m(PiperActor pid=2272392)[0m 2026-04-01 23:46:27,548 - piper_actor - DEBUG - run_dag dispatch (time 9): recv s3 mb2 bkt=0
[36m(PiperActor pid=2272392)[0m 2026-04-01 23:46:27,549 - piper_actor - DEBUG - exec_recv key ((3, 0), 2) from peer pp rank 0
[36m(PiperActor pid=2272392)[0m 2026-04-01 23:46:27,549 - piper_actor - DEBUG - run_dag dispatch (time 9): send s1 mb3 bkt=0
[36m(PiperActor pid=2272392)[0m 2026-04-01 23:46:27,549 - piper_actor - DEBUG - exec_send key ((1, 0), 3) to peer pp rank 0
[36m(PiperActor pid=2272392)[0m 2026-04-01 23:46:27,550 - piper_actor - DEBUG - run_dag dispatch (time 10): forward s3 mb2 bkt=0
[36m(PiperActor pid=2272402)[0m 2026-04-01 23:46:27,595 - piper_actor - DEBUG - run_dag dispatch (time 11): send s2 mb3 bkt=0
[36m(PiperActor pid=2272402)[0m 2026-04-01 23:46:27,596 - piper_actor - DEBUG - exec_send key ((2, 0), 3) to peer pp rank 1
[36m(PiperActor pid=2272402)[0m 2026-04-01 23:46:27,596 - piper_actor - DEBUG - run_dag dispatch (time 11): recv s2 mb2 bkt=0
[36m(PiperActor pid=2272402)[0m 2026-04-01 23:46:27,596 - piper_actor - DEBUG - exec_recv key (None, 2) from peer pp rank 1
[36m(PiperActor pid=2272402)[0m 2026-04-01 23:46:27,597 - piper_actor - DEBUG - run_dag dispatch (time 12): backward s2 mb2 bkt=0
[36m(PiperActor pid=2272388)[0m 2026-04-01 23:46:27,594 - piper_actor - DEBUG - run_dag dispatch (time 11): send s2 mb3 bkt=0
[36m(PiperActor pid=2272388)[0m 2026-04-01 23:46:27,594 - piper_actor - DEBUG - exec_send key ((2, 0), 3) to peer pp rank 1
[36m(PiperActor pid=2272388)[0m 2026-04-01 23:46:27,595 - piper_actor - DEBUG - run_dag dispatch (time 11): recv s2 mb2 bkt=0
[36m(PiperActor pid=2272388)[0m 2026-04-01 23:46:27,595 - piper_actor - DEBUG - exec_recv key (None, 2) from peer pp rank 1
[36m(PiperActor pid=2272388)[0m 2026-04-01 23:46:27,595 - piper_actor - DEBUG - run_dag dispatch (time 12): backward s2 mb2 bkt=0
[36m(PiperActor pid=2272396)[0m 2026-04-01 23:46:27,566 - piper_actor - DEBUG - run_dag dispatch (time 10): send s1 mb1 bkt=0
[36m(PiperActor pid=2272396)[0m 2026-04-01 23:46:27,566 - piper_actor - DEBUG - exec_send key (None, 1) to peer pp rank 0
[36m(PiperActor pid=2272396)[0m 2026-04-01 23:46:27,567 - piper_actor - DEBUG - run_dag dispatch (time 11): backward s3 mb2 bkt=0
[36m(PiperActor pid=2272396)[0m 2026-04-01 23:46:27,597 - piper_actor - DEBUG - run_dag dispatch (time 11): recv s3 mb3 bkt=0
[36m(PiperActor pid=2272396)[0m 2026-04-01 23:46:27,598 - piper_actor - DEBUG - exec_recv key ((3, 0), 3) from peer pp rank 0
[36m(PiperActor pid=2272396)[0m 2026-04-01 23:46:27,598 - piper_actor - DEBUG - run_dag dispatch (time 12): forward s3 mb3 bkt=0
[36m(PiperActor pid=2272392)[0m 2026-04-01 23:46:27,565 - piper_actor - DEBUG - run_dag dispatch (time 10): send s1 mb1 bkt=0
[36m(PiperActor pid=2272392)[0m 2026-04-01 23:46:27,565 - piper_actor - DEBUG - exec_send key (None, 1) to peer pp rank 0
[36m(PiperActor pid=2272392)[0m 2026-04-01 23:46:27,566 - piper_actor - DEBUG - run_dag dispatch (time 11): backward s3 mb2 bkt=0
[36m(PiperActor pid=2272392)[0m 2026-04-01 23:46:27,596 - piper_actor - DEBUG - run_dag dispatch (time 11): recv s3 mb3 bkt=0
[36m(PiperActor pid=2272392)[0m 2026-04-01 23:46:27,597 - piper_actor - DEBUG - exec_recv key ((3, 0), 3) from peer pp rank 0
[36m(PiperActor pid=2272392)[0m 2026-04-01 23:46:27,597 - piper_actor - DEBUG - run_dag dispatch (time 12): forward s3 mb3 bkt=0
[36m(PiperActor pid=2272402)[0m 2026-04-01 23:46:27,631 - piper_actor - DEBUG - run_dag dispatch (time 12): recv s2 mb3 bkt=0
[36m(PiperActor pid=2272402)[0m 2026-04-01 23:46:27,632 - piper_actor - DEBUG - exec_recv key (None, 3) from peer pp rank 1
[36m(PiperActor pid=2272402)[0m 2026-04-01 23:46:27,632 - piper_actor - DEBUG - run_dag dispatch (time 13): backward s2 mb3 bkt=0
[36m(PiperActor pid=2272388)[0m 2026-04-01 23:46:27,630 - piper_actor - DEBUG - run_dag dispatch (time 12): recv s2 mb3 bkt=0
[36m(PiperActor pid=2272388)[0m 2026-04-01 23:46:27,631 - piper_actor - DEBUG - exec_recv key (None, 3) from peer pp rank 1
[36m(PiperActor pid=2272388)[0m 2026-04-01 23:46:27,631 - piper_actor - DEBUG - run_dag dispatch (time 13): backward s2 mb3 bkt=0
[36m(PiperActor pid=2272396)[0m 2026-04-01 23:46:27,639 - piper_actor - DEBUG - run_dag dispatch (time 12): send s3 mb2 bkt=0
[36m(PiperActor pid=2272396)[0m 2026-04-01 23:46:27,640 - piper_actor - DEBUG - exec_send key (None, 2) to peer pp rank 0
[36m(PiperActor pid=2272396)[0m 2026-04-01 23:46:27,640 - piper_actor - DEBUG - run_dag dispatch (time 13): backward s3 mb3 bkt=0
[36m(PiperActor pid=2272392)[0m 2026-04-01 23:46:27,639 - piper_actor - DEBUG - run_dag dispatch (time 12): send s3 mb2 bkt=0
[36m(PiperActor pid=2272392)[0m 2026-04-01 23:46:27,639 - piper_actor - DEBUG - exec_send key (None, 2) to peer pp rank 0
[36m(PiperActor pid=2272392)[0m 2026-04-01 23:46:27,639 - piper_actor - DEBUG - run_dag dispatch (time 13): backward s3 mb3 bkt=0
[36m(PiperActor pid=2272396)[0m 2026-04-01 23:46:27,671 - piper_actor - DEBUG - run_dag dispatch (time 13): recv s1 mb2 bkt=0
[36m(PiperActor pid=2272396)[0m 2026-04-01 23:46:27,671 - piper_actor - DEBUG - exec_recv key (None, 2) from peer pp rank 0
[36m(PiperActor pid=2272396)[0m 2026-04-01 23:46:27,672 - piper_actor - DEBUG - run_dag dispatch (time 14): backward s1 mb2 bkt=0
[36m(PiperActor pid=2272392)[0m 2026-04-01 23:46:27,670 - piper_actor - DEBUG - run_dag dispatch (time 13): recv s1 mb2 bkt=0
[36m(PiperActor pid=2272392)[0m 2026-04-01 23:46:27,670 - piper_actor - DEBUG - exec_recv key (None, 2) from peer pp rank 0
[36m(PiperActor pid=2272392)[0m 2026-04-01 23:46:27,671 - piper_actor - DEBUG - run_dag dispatch (time 14): backward s1 mb2 bkt=0
[36m(PiperActor pid=2272402)[0m 2026-04-01 23:46:27,688 - piper_actor - DEBUG - run_dag dispatch (time 13): send s2 mb2 bkt=0
[36m(PiperActor pid=2272402)[0m 2026-04-01 23:46:27,689 - piper_actor - DEBUG - exec_send key (None, 2) to peer pp rank 1
[36m(PiperActor pid=2272402)[0m 2026-04-01 23:46:27,689 - piper_actor - DEBUG - run_dag dispatch (time 13): recv s0 mb2 bkt=0
[36m(PiperActor pid=2272402)[0m 2026-04-01 23:46:27,690 - piper_actor - DEBUG - exec_recv key (None, 2) from peer pp rank 1
[36m(PiperActor pid=2272402)[0m 2026-04-01 23:46:27,690 - piper_actor - DEBUG - run_dag dispatch (time 14): backward s0 mb2 bkt=0
[36m(PiperActor pid=2272388)[0m 2026-04-01 23:46:27,687 - piper_actor - DEBUG - run_dag dispatch (time 13): send s2 mb2 bkt=0
[36m(PiperActor pid=2272388)[0m 2026-04-01 23:46:27,688 - piper_actor - DEBUG - exec_send key (None, 2) to peer pp rank 1
[36m(PiperActor pid=2272388)[0m 2026-04-01 23:46:27,688 - piper_actor - DEBUG - run_dag dispatch (time 13): recv s0 mb2 bkt=0
[36m(PiperActor pid=2272388)[0m 2026-04-01 23:46:27,688 - piper_actor - DEBUG - exec_recv key (None, 2) from peer pp rank 1
[36m(PiperActor pid=2272388)[0m 2026-04-01 23:46:27,689 - piper_actor - DEBUG - run_dag dispatch (time 14): backward s0 mb2 bkt=0
[36m(PiperActor pid=2272396)[0m 2026-04-01 23:46:27,729 - piper_actor - DEBUG - run_dag dispatch (time 14): recv s1 mb3 bkt=0
[36m(PiperActor pid=2272396)[0m 2026-04-01 23:46:27,730 - piper_actor - DEBUG - exec_recv key (None, 3) from peer pp rank 0
[36m(PiperActor pid=2272396)[0m 2026-04-01 23:46:27,730 - piper_actor - DEBUG - run_dag dispatch (time 14): send s3 mb3 bkt=0
[36m(PiperActor pid=2272396)[0m 2026-04-01 23:46:27,731 - piper_actor - DEBUG - exec_send key (None, 3) to peer pp rank 0
[36m(PiperActor pid=2272396)[0m 2026-04-01 23:46:27,731 - piper_actor - DEBUG - run_dag dispatch (time 14): reduce_scatter s3 mb3 bkt=0
[36m(PiperActor pid=2272396)[0m 2026-04-01 23:46:27,731 - piper_actor - DEBUG - run_dag dispatch (time 15): backward s1 mb3 bkt=0
[36m(PiperActor pid=2272392)[0m 2026-04-01 23:46:27,728 - piper_actor - DEBUG - run_dag dispatch (time 14): recv s1 mb3 bkt=0
[36m(PiperActor pid=2272392)[0m 2026-04-01 23:46:27,728 - piper_actor - DEBUG - exec_recv key (None, 3) from peer pp rank 0
[36m(PiperActor pid=2272392)[0m 2026-04-01 23:46:27,729 - piper_actor - DEBUG - run_dag dispatch (time 14): send s3 mb3 bkt=0
[36m(PiperActor pid=2272392)[0m 2026-04-01 23:46:27,729 - piper_actor - DEBUG - exec_send key (None, 3) to peer pp rank 0
[36m(PiperActor pid=2272392)[0m 2026-04-01 23:46:27,729 - piper_actor - DEBUG - run_dag dispatch (time 14): reduce_scatter s3 mb3 bkt=0
[36m(PiperActor pid=2272392)[0m 2026-04-01 23:46:27,729 - piper_actor - DEBUG - run_dag dispatch (time 15): backward s1 mb3 bkt=0
[36m(PiperActor pid=2272392)[0m 2026-04-01 23:46:27,766 - piper_actor - DEBUG - run_dag dispatch (time 15): send s1 mb2 bkt=0
[36m(PiperActor pid=2272392)[0m 2026-04-01 23:46:27,766 - piper_actor - DEBUG - exec_send key (None, 2) to peer pp rank 0
[36m(PiperActor pid=2272402)[0m 2026-04-01 23:46:27,768 - piper_actor - DEBUG - run_dag dispatch (time 14): send s2 mb3 bkt=0
[36m(PiperActor pid=2272402)[0m 2026-04-01 23:46:27,769 - piper_actor - DEBUG - exec_send key (None, 3) to peer pp rank 1
[36m(PiperActor pid=2272402)[0m 2026-04-01 23:46:27,769 - piper_actor - DEBUG - run_dag dispatch (time 14): recv s0 mb3 bkt=0
[36m(PiperActor pid=2272402)[0m 2026-04-01 23:46:27,769 - piper_actor - DEBUG - exec_recv key (None, 3) from peer pp rank 1
[36m(PiperActor pid=2272402)[0m 2026-04-01 23:46:27,770 - piper_actor - DEBUG - run_dag dispatch (time 14): reduce_scatter s2 mb3 bkt=0
[36m(PiperActor pid=2272402)[0m 2026-04-01 23:46:27,770 - piper_actor - DEBUG - run_dag dispatch (time 15): backward s0 mb3 bkt=0
[36m(PiperActor pid=2272388)[0m 2026-04-01 23:46:27,766 - piper_actor - DEBUG - run_dag dispatch (time 14): send s2 mb3 bkt=0
[36m(PiperActor pid=2272388)[0m 2026-04-01 23:46:27,767 - piper_actor - DEBUG - exec_send key (None, 3) to peer pp rank 1
[36m(PiperActor pid=2272388)[0m 2026-04-01 23:46:27,767 - piper_actor - DEBUG - run_dag dispatch (time 14): recv s0 mb3 bkt=0
[36m(PiperActor pid=2272388)[0m 2026-04-01 23:46:27,767 - piper_actor - DEBUG - exec_recv key (None, 3) from peer pp rank 1
[36m(PiperActor pid=2272388)[0m 2026-04-01 23:46:27,768 - piper_actor - DEBUG - run_dag dispatch (time 14): reduce_scatter s2 mb3 bkt=0
[36m(PiperActor pid=2272388)[0m 2026-04-01 23:46:27,768 - piper_actor - DEBUG - run_dag dispatch (time 15): backward s0 mb3 bkt=0
[36m(PiperActor pid=2272396)[0m 2026-04-01 23:46:27,767 - piper_actor - DEBUG - run_dag dispatch (time 15): send s1 mb2 bkt=0
[36m(PiperActor pid=2272396)[0m 2026-04-01 23:46:27,768 - piper_actor - DEBUG - exec_send key (None, 2) to peer pp rank 0
[36m(PiperActor pid=2272396)[0m 2026-04-01 23:46:27,768 - piper_actor - DEBUG - run_dag dispatch (time 16): update s1 mb3 bkt=0
[36m(PiperActor pid=2272392)[0m 2026-04-01 23:46:27,767 - piper_actor - DEBUG - run_dag dispatch (time 16): update s1 mb3 bkt=0
[36m(PiperActor pid=2272402)[0m 2026-04-01 23:46:27,809 - piper_actor - DEBUG - run_dag dispatch (time 16): update s0 mb3 bkt=0
[36m(PiperActor pid=2272388)[0m 2026-04-01 23:46:27,807 - piper_actor - DEBUG - run_dag dispatch (time 16): update s0 mb3 bkt=0
[36m(PiperActor pid=2272396)[0m 2026-04-01 23:46:27,824 - piper_actor - DEBUG - run_dag dispatch (time 16): send s1 mb3 bkt=0
[36m(PiperActor pid=2272396)[0m 2026-04-01 23:46:27,825 - piper_actor - DEBUG - exec_send key (None, 3) to peer pp rank 0
[36m(PiperActor pid=2272396)[0m 2026-04-01 23:46:27,825 - piper_actor - DEBUG - run_dag dispatch (time 16): reduce_scatter s1 mb3 bkt=0
[36m(PiperActor pid=2272392)[0m 2026-04-01 23:46:27,822 - piper_actor - DEBUG - run_dag dispatch (time 16): send s1 mb3 bkt=0
[36m(PiperActor pid=2272392)[0m 2026-04-01 23:46:27,822 - piper_actor - DEBUG - exec_send key (None, 3) to peer pp rank 0
[36m(PiperActor pid=2272392)[0m 2026-04-01 23:46:27,823 - piper_actor - DEBUG - run_dag dispatch (time 16): reduce_scatter s1 mb3 bkt=0
[36m(PiperActor pid=2272402)[0m 2026-04-01 23:46:27,867 - piper_actor - DEBUG - run_dag dispatch (time 16): reduce_scatter s0 mb3 bkt=0
[36m(PiperActor pid=2272388)[0m 2026-04-01 23:46:27,864 - piper_actor - DEBUG - run_dag dispatch (time 16): reduce_scatter s0 mb3 bkt=0
[36m(PiperActor pid=2272402)[0m 2026-04-01 23:46:28,880 - piper_actor - DEBUG - run_dag dispatch (time -30001): all_gather s2 mb0 bkt=0
[36m(PiperActor pid=2272402)[0m 2026-04-01 23:46:28,881 - piper_actor - DEBUG - run_dag dispatch (time -30000): all_gather s0 mb0 bkt=0
[36m(PiperActor pid=2272402)[0m 2026-04-01 23:46:28,881 - piper_actor - DEBUG - run_dag dispatch (time 0): forward s0 mb0 bkt=0
[36m(PiperActor pid=2272402)[0m 2026-04-01 23:46:28,893 - piper_actor - DEBUG - run_dag dispatch (time 1): forward s0 mb1 bkt=0
[36m(PiperActor pid=2272402)[0m 2026-04-01 23:46:28,904 - piper_actor - DEBUG - run_dag dispatch (time 1): send s0 mb0 bkt=0
[36m(PiperActor pid=2272402)[0m 2026-04-01 23:46:28,904 - piper_actor - DEBUG - exec_send key ((0, 0), 0) to peer pp rank 1
[36m(PiperActor pid=2272402)[0m 2026-04-01 23:46:28,904 - piper_actor - DEBUG - run_dag dispatch (time 1): recv s2 mb0 bkt=0
[36m(PiperActor pid=2272402)[0m 2026-04-01 23:46:28,904 - piper_actor - DEBUG - exec_recv key ((2, 0), 0) from peer pp rank 1
[36m(PiperActor pid=2272402)[0m 2026-04-01 23:46:28,905 - piper_actor - DEBUG - run_dag dispatch (time 2): forward s2 mb0 bkt=0
[36m(PiperActor pid=2272402)[0m 2026-04-01 23:46:28,915 - piper_actor - DEBUG - run_dag dispatch (time 2): send s0 mb1 bkt=0
[36m(PiperActor pid=2272402)[0m 2026-04-01 23:46:28,915 - piper_actor - DEBUG - exec_send key ((0, 0), 1) to peer pp rank 1
[36m(PiperActor pid=2272402)[0m 2026-04-01 23:46:28,916 - piper_actor - DEBUG - run_dag dispatch (time 2): recv s2 mb1 bkt=0
[36m(PiperActor pid=2272402)[0m 2026-04-01 23:46:28,916 - piper_actor - DEBUG - exec_recv key ((2, 0), 1) from peer pp rank 1
[36m(PiperActor pid=2272402)[0m 2026-04-01 23:46:28,916 - piper_actor - DEBUG - run_dag dispatch (time 3): forward s2 mb1 bkt=0
[36m(PiperActor pid=2272402)[0m 2026-04-01 23:46:28,927 - piper_actor - DEBUG - run_dag dispatch (time 3): send s2 mb0 bkt=0
[36m(PiperActor pid=2272402)[0m 2026-04-01 23:46:28,927 - piper_actor - DEBUG - exec_send key ((2, 0), 0) to peer pp rank 1
[36m(PiperActor pid=2272402)[0m 2026-04-01 23:46:28,927 - piper_actor - DEBUG - run_dag dispatch (time 4): forward s0 mb2 bkt=0
[36m(PiperActor pid=2272402)[0m 2026-04-01 23:46:28,939 - piper_actor - DEBUG - run_dag dispatch (time 4): send s2 mb1 bkt=0
[36m(PiperActor pid=2272402)[0m 2026-04-01 23:46:28,940 - piper_actor - DEBUG - exec_send key ((2, 0), 1) to peer pp rank 1
[36m(PiperActor pid=2272402)[0m 2026-04-01 23:46:28,940 - piper_actor - DEBUG - run_dag dispatch (time 4): recv s2 mb0 bkt=0
[36m(PiperActor pid=2272402)[0m 2026-04-01 23:46:28,940 - piper_actor - DEBUG - exec_recv key (None, 0) from peer pp rank 1
[36m(PiperActor pid=2272402)[0m 2026-04-01 23:46:28,941 - piper_actor - DEBUG - run_dag dispatch (time 5): backward s2 mb0 bkt=0
[36m(PiperActor pid=2272388)[0m 2026-04-01 23:46:28,882 - piper_actor - DEBUG - run_dag dispatch (time -30001): all_gather s2 mb0 bkt=0
[36m(PiperActor pid=2272388)[0m 2026-04-01 23:46:28,883 - piper_actor - DEBUG - run_dag dispatch (time -30000): all_gather s0 mb0 bkt=0
[36m(PiperActor pid=2272388)[0m 2026-04-01 23:46:28,883 - piper_actor - DEBUG - run_dag dispatch (time 0): forward s0 mb0 bkt=0
[36m(PiperActor pid=2272388)[0m 2026-04-01 23:46:28,894 - piper_actor - DEBUG - run_dag dispatch (time 1): forward s0 mb1 bkt=0
[36m(PiperActor pid=2272388)[0m 2026-04-01 23:46:28,907 - piper_actor - DEBUG - run_dag dispatch (time 1): send s0 mb0 bkt=0
[36m(PiperActor pid=2272388)[0m 2026-04-01 23:46:28,907 - piper_actor - DEBUG - exec_send key ((0, 0), 0) to peer pp rank 1
[36m(PiperActor pid=2272388)[0m 2026-04-01 23:46:28,908 - piper_actor - DEBUG - run_dag dispatch (time 1): recv s2 mb0 bkt=0
[36m(PiperActor pid=2272388)[0m 2026-04-01 23:46:28,908 - piper_actor - DEBUG - exec_recv key ((2, 0), 0) from peer pp rank 1
[36m(PiperActor pid=2272388)[0m 2026-04-01 23:46:28,908 - piper_actor - DEBUG - run_dag dispatch (time 2): forward s2 mb0 bkt=0
[36m(PiperActor pid=2272388)[0m 2026-04-01 23:46:28,919 - piper_actor - DEBUG - run_dag dispatch (time 2): send s0 mb1 bkt=0
[36m(PiperActor pid=2272388)[0m 2026-04-01 23:46:28,919 - piper_actor - DEBUG - exec_send key ((0, 0), 1) to peer pp rank 1
[36m(PiperActor pid=2272388)[0m 2026-04-01 23:46:28,920 - piper_actor - DEBUG - run_dag dispatch (time 2): recv s2 mb1 bkt=0
[36m(PiperActor pid=2272388)[0m 2026-04-01 23:46:28,920 - piper_actor - DEBUG - exec_recv key ((2, 0), 1) from peer pp rank 1
[36m(PiperActor pid=2272388)[0m 2026-04-01 23:46:28,920 - piper_actor - DEBUG - run_dag dispatch (time 3): forward s2 mb1 bkt=0
[36m(PiperActor pid=2272388)[0m 2026-04-01 23:46:28,931 - piper_actor - DEBUG - run_dag dispatch (time 3): send s2 mb0 bkt=0
[36m(PiperActor pid=2272388)[0m 2026-04-01 23:46:28,931 - piper_actor - DEBUG - exec_send key ((2, 0), 0) to peer pp rank 1
[36m(PiperActor pid=2272388)[0m 2026-04-01 23:46:28,931 - piper_actor - DEBUG - run_dag dispatch (time 4): forward s0 mb2 bkt=0
[36m(PiperActor pid=2272388)[0m 2026-04-01 23:46:28,942 - piper_actor - DEBUG - run_dag dispatch (time 4): send s2 mb1 bkt=0
[36m(PiperActor pid=2272388)[0m 2026-04-01 23:46:28,942 - piper_actor - DEBUG - exec_send key ((2, 0), 1) to peer pp rank 1
[36m(PiperActor pid=2272388)[0m 2026-04-01 23:46:28,943 - piper_actor - DEBUG - run_dag dispatch (time 4): recv s2 mb0 bkt=0
[36m(PiperActor pid=2272388)[0m 2026-04-01 23:46:28,943 - piper_actor - DEBUG - exec_recv key (None, 0) from peer pp rank 1
[36m(PiperActor pid=2272388)[0m 2026-04-01 23:46:28,943 - piper_actor - DEBUG - run_dag dispatch (time 5): backward s2 mb0 bkt=0
[36m(PiperActor pid=2272396)[0m 2026-04-01 23:46:28,880 - piper_actor - DEBUG - run_dag dispatch (time -30001): all_gather s3 mb0 bkt=0
[36m(PiperActor pid=2272396)[0m 2026-04-01 23:46:28,881 - piper_actor - DEBUG - run_dag dispatch (time -30000): all_gather s1 mb0 bkt=0
[36m(PiperActor pid=2272396)[0m 2026-04-01 23:46:28,881 - piper_actor - DEBUG - run_dag dispatch (time -1): recv s1 mb0 bkt=0
[36m(PiperActor pid=2272396)[0m 2026-04-01 23:46:28,881 - piper_actor - DEBUG - exec_recv key ((1, 0), 0) from peer pp rank 0
[36m(PiperActor pid=2272396)[0m 2026-04-01 23:46:28,881 - piper_actor - DEBUG - run_dag dispatch (time 0): forward s1 mb0 bkt=0
[36m(PiperActor pid=2272396)[0m 2026-04-01 23:46:28,893 - piper_actor - DEBUG - run_dag dispatch (time 0): recv s1 mb1 bkt=0
[36m(PiperActor pid=2272396)[0m 2026-04-01 23:46:28,893 - piper_actor - DEBUG - exec_recv key ((1, 0), 1) from peer pp rank 0
[36m(PiperActor pid=2272396)[0m 2026-04-01 23:46:28,893 - piper_actor - DEBUG - run_dag dispatch (time 1): forward s1 mb1 bkt=0
[36m(PiperActor pid=2272396)[0m 2026-04-01 23:46:28,904 - piper_actor - DEBUG - run_dag dispatch (time 1): recv s3 mb0 bkt=0
[36m(PiperActor pid=2272396)[0m 2026-04-01 23:46:28,904 - piper_actor - DEBUG - exec_recv key ((3, 0), 0) from peer pp rank 0
[36m(PiperActor pid=2272396)[0m 2026-04-01 23:46:28,905 - piper_actor - DEBUG - run_dag dispatch (time 1): send s1 mb0 bkt=0
[36m(PiperActor pid=2272396)[0m 2026-04-01 23:46:28,905 - piper_actor - DEBUG - exec_send key ((1, 0), 0) to peer pp rank 0
[36m(PiperActor pid=2272396)[0m 2026-04-01 23:46:28,905 - piper_actor - DEBUG - run_dag dispatch (time 2): forward s3 mb0 bkt=0
[36m(PiperActor pid=2272396)[0m 2026-04-01 23:46:28,916 - piper_actor - DEBUG - run_dag dispatch (time 2): send s1 mb1 bkt=0
[36m(PiperActor pid=2272396)[0m 2026-04-01 23:46:28,916 - piper_actor - DEBUG - exec_send key ((1, 0), 1) to peer pp rank 0
[36m(PiperActor pid=2272396)[0m 2026-04-01 23:46:28,916 - piper_actor - DEBUG - run_dag dispatch (time 3): backward s3 mb0 bkt=0
[36m(PiperActor pid=2272396)[0m 2026-04-01 23:46:28,948 - piper_actor - DEBUG - run_dag dispatch (time 3): recv s3 mb1 bkt=0
[36m(PiperActor pid=2272396)[0m 2026-04-01 23:46:28,949 - piper_actor - DEBUG - exec_recv key ((3, 0), 1) from peer pp rank 0
[36m(PiperActor pid=2272396)[0m 2026-04-01 23:46:28,949 - piper_actor - DEBUG - run_dag dispatch (time 4): forward s3 mb1 bkt=0
[36m(PiperActor pid=2272392)[0m 2026-04-01 23:46:28,883 - piper_actor - DEBUG - run_dag dispatch (time -30001): all_gather s3 mb0 bkt=0
[36m(PiperActor pid=2272392)[0m 2026-04-01 23:46:28,883 - piper_actor - DEBUG - run_dag dispatch (time -30000): all_gather s1 mb0 bkt=0
[36m(PiperActor pid=2272392)[0m 2026-04-01 23:46:28,884 - piper_actor - DEBUG - run_dag dispatch (time -1): recv s1 mb0 bkt=0
[36m(PiperActor pid=2272392)[0m 2026-04-01 23:46:28,884 - piper_actor - DEBUG - exec_recv key ((1, 0), 0) from peer pp rank 0
[36m(PiperActor pid=2272392)[0m 2026-04-01 23:46:28,884 - piper_actor - DEBUG - run_dag dispatch (time 0): forward s1 mb0 bkt=0
[36m(PiperActor pid=2272392)[0m 2026-04-01 23:46:28,896 - piper_actor - DEBUG - run_dag dispatch (time 0): recv s1 mb1 bkt=0
[36m(PiperActor pid=2272392)[0m 2026-04-01 23:46:28,896 - piper_actor - DEBUG - exec_recv key ((1, 0), 1) from peer pp rank 0
[36m(PiperActor pid=2272392)[0m 2026-04-01 23:46:28,897 - piper_actor - DEBUG - run_dag dispatch (time 1): forward s1 mb1 bkt=0
[36m(PiperActor pid=2272392)[0m 2026-04-01 23:46:28,908 - piper_actor - DEBUG - run_dag dispatch (time 1): recv s3 mb0 bkt=0
[36m(PiperActor pid=2272392)[0m 2026-04-01 23:46:28,908 - piper_actor - DEBUG - exec_recv key ((3, 0), 0) from peer pp rank 0
[36m(PiperActor pid=2272392)[0m 2026-04-01 23:46:28,908 - piper_actor - DEBUG - run_dag dispatch (time 1): send s1 mb0 bkt=0
[36m(PiperActor pid=2272392)[0m 2026-04-01 23:46:28,908 - piper_actor - DEBUG - exec_send key ((1, 0), 0) to peer pp rank 0
[36m(PiperActor pid=2272392)[0m 2026-04-01 23:46:28,909 - piper_actor - DEBUG - run_dag dispatch (time 2): forward s3 mb0 bkt=0
[36m(PiperActor pid=2272392)[0m 2026-04-01 23:46:28,919 - piper_actor - DEBUG - run_dag dispatch (time 2): send s1 mb1 bkt=0
[36m(PiperActor pid=2272392)[0m 2026-04-01 23:46:28,920 - piper_actor - DEBUG - exec_send key ((1, 0), 1) to peer pp rank 0
[36m(PiperActor pid=2272392)[0m 2026-04-01 23:46:28,920 - piper_actor - DEBUG - run_dag dispatch (time 3): backward s3 mb0 bkt=0
[36m(PiperActor pid=2272392)[0m 2026-04-01 23:46:28,951 - piper_actor - DEBUG - run_dag dispatch (time 3): recv s3 mb1 bkt=0
[36m(PiperActor pid=2272392)[0m 2026-04-01 23:46:28,951 - piper_actor - DEBUG - exec_recv key ((3, 0), 1) from peer pp rank 0
[36m(PiperActor pid=2272392)[0m 2026-04-01 23:46:28,952 - piper_actor - DEBUG - run_dag dispatch (time 4): forward s3 mb1 bkt=0
[36m(PiperActor pid=2272402)[0m 2026-04-01 23:46:28,967 - piper_actor - DEBUG - run_dag dispatch (time 5): send s0 mb2 bkt=0
[36m(PiperActor pid=2272402)[0m 2026-04-01 23:46:28,968 - piper_actor - DEBUG - exec_send key ((0, 0), 2) to peer pp rank 1
[36m(PiperActor pid=2272402)[0m 2026-04-01 23:46:28,968 - piper_actor - DEBUG - run_dag dispatch (time 6): forward s0 mb3 bkt=0
[36m(PiperActor pid=2272388)[0m 2026-04-01 23:46:28,982 - piper_actor - DEBUG - run_dag dispatch (time 5): send s0 mb2 bkt=0
[36m(PiperActor pid=2272388)[0m 2026-04-01 23:46:28,982 - piper_actor - DEBUG - exec_send key ((0, 0), 2) to peer pp rank 1
[36m(PiperActor pid=2272388)[0m 2026-04-01 23:46:28,983 - piper_actor - DEBUG - run_dag dispatch (time 6): forward s0 mb3 bkt=0
[36m(PiperActor pid=2272396)[0m 2026-04-01 23:46:28,990 - piper_actor - DEBUG - run_dag dispatch (time 4): send s3 mb0 bkt=0
[36m(PiperActor pid=2272396)[0m 2026-04-01 23:46:28,991 - piper_actor - DEBUG - exec_send key (None, 0) to peer pp rank 0
[36m(PiperActor pid=2272396)[0m 2026-04-01 23:46:28,991 - piper_actor - DEBUG - run_dag dispatch (time 5): backward s3 mb1 bkt=0
[36m(PiperActor pid=2272392)[0m 2026-04-01 23:46:28,993 - piper_actor - DEBUG - run_dag dispatch (time 4): send s3 mb0 bkt=0
[36m(PiperActor pid=2272392)[0m 2026-04-01 23:46:28,993 - piper_actor - DEBUG - exec_send key (None, 0) to peer pp rank 0
[36m(PiperActor pid=2272392)[0m 2026-04-01 23:46:28,994 - piper_actor - DEBUG - run_dag dispatch (time 5): backward s3 mb1 bkt=0
[36m(PiperActor pid=2272402)[0m 2026-04-01 23:46:29,020 - piper_actor - DEBUG - run_dag dispatch (time 6): send s2 mb0 bkt=0
[36m(PiperActor pid=2272402)[0m 2026-04-01 23:46:29,020 - piper_actor - DEBUG - exec_send key (None, 0) to peer pp rank 1
[36m(PiperActor pid=2272402)[0m 2026-04-01 23:46:29,021 - piper_actor - DEBUG - run_dag dispatch (time 6): recv s2 mb1 bkt=0
[36m(PiperActor pid=2272402)[0m 2026-04-01 23:46:29,021 - piper_actor - DEBUG - exec_recv key (None, 1) from peer pp rank 1
[36m(PiperActor pid=2272402)[0m 2026-04-01 23:46:29,021 - piper_actor - DEBUG - run_dag dispatch (time 7): backward s2 mb1 bkt=0
[36m(PiperActor pid=2272388)[0m 2026-04-01 23:46:29,023 - piper_actor - DEBUG - run_dag dispatch (time 6): send s2 mb0 bkt=0
[36m(PiperActor pid=2272388)[0m 2026-04-01 23:46:29,023 - piper_actor - DEBUG - exec_send key (None, 0) to peer pp rank 1
[36m(PiperActor pid=2272388)[0m 2026-04-01 23:46:29,023 - piper_actor - DEBUG - run_dag dispatch (time 6): recv s2 mb1 bkt=0
[36m(PiperActor pid=2272388)[0m 2026-04-01 23:46:29,023 - piper_actor - DEBUG - exec_recv key (None, 1) from peer pp rank 1
[36m(PiperActor pid=2272388)[0m 2026-04-01 23:46:29,024 - piper_actor - DEBUG - run_dag dispatch (time 7): backward s2 mb1 bkt=0
[36m(PiperActor pid=2272396)[0m 2026-04-01 23:46:29,022 - piper_actor - DEBUG - run_dag dispatch (time 5): recv s1 mb2 bkt=0
[36m(PiperActor pid=2272396)[0m 2026-04-01 23:46:29,022 - piper_actor - DEBUG - exec_recv key ((1, 0), 2) from peer pp rank 0
[36m(PiperActor pid=2272396)[0m 2026-04-01 23:46:29,023 - piper_actor - DEBUG - run_dag dispatch (time 6): forward s1 mb2 bkt=0
[36m(PiperActor pid=2272392)[0m 2026-04-01 23:46:29,025 - piper_actor - DEBUG - run_dag dispatch (time 5): recv s1 mb2 bkt=0
[36m(PiperActor pid=2272392)[0m 2026-04-01 23:46:29,025 - piper_actor - DEBUG - exec_recv key ((1, 0), 2) from peer pp rank 0
[36m(PiperActor pid=2272392)[0m 2026-04-01 23:46:29,026 - piper_actor - DEBUG - run_dag dispatch (time 6): forward s1 mb2 bkt=0
[36m(PiperActor pid=2272402)[0m 2026-04-01 23:46:29,057 - piper_actor - DEBUG - run_dag dispatch (time 7): send s0 mb3 bkt=0
[36m(PiperActor pid=2272402)[0m 2026-04-01 23:46:29,057 - piper_actor - DEBUG - exec_send key ((0, 0), 3) to peer pp rank 1
[36m(PiperActor pid=2272402)[0m 2026-04-01 23:46:29,058 - piper_actor - DEBUG - run_dag dispatch (time 7): recv s2 mb2 bkt=0
[36m(PiperActor pid=2272402)[0m 2026-04-01 23:46:29,058 - piper_actor - DEBUG - exec_recv key ((2, 0), 2) from peer pp rank 1
[36m(PiperActor pid=2272402)[0m 2026-04-01 23:46:29,058 - piper_actor - DEBUG - run_dag dispatch (time 8): forward s2 mb2 bkt=0
[36m(PiperActor pid=2272388)[0m 2026-04-01 23:46:29,060 - piper_actor - DEBUG - run_dag dispatch (time 7): send s0 mb3 bkt=0
[36m(PiperActor pid=2272388)[0m 2026-04-01 23:46:29,060 - piper_actor - DEBUG - exec_send key ((0, 0), 3) to peer pp rank 1
[36m(PiperActor pid=2272388)[0m 2026-04-01 23:46:29,060 - piper_actor - DEBUG - run_dag dispatch (time 7): recv s2 mb2 bkt=0
[36m(PiperActor pid=2272388)[0m 2026-04-01 23:46:29,061 - piper_actor - DEBUG - exec_recv key ((2, 0), 2) from peer pp rank 1
[36m(PiperActor pid=2272388)[0m 2026-04-01 23:46:29,061 - piper_actor - DEBUG - run_dag dispatch (time 8): forward s2 mb2 bkt=0
[36m(PiperActor pid=2272396)[0m 2026-04-01 23:46:29,062 - piper_actor - DEBUG - run_dag dispatch (time 6): recv s1 mb0 bkt=0
[36m(PiperActor pid=2272396)[0m 2026-04-01 23:46:29,062 - piper_actor - DEBUG - exec_recv key (None, 0) from peer pp rank 0
[36m(PiperActor pid=2272396)[0m 2026-04-01 23:46:29,063 - piper_actor - DEBUG - run_dag dispatch (time 6): send s3 mb1 bkt=0
[36m(PiperActor pid=2272396)[0m 2026-04-01 23:46:29,063 - piper_actor - DEBUG - exec_send key (None, 1) to peer pp rank 0
[36m(PiperActor pid=2272396)[0m 2026-04-01 23:46:29,063 - piper_actor - DEBUG - run_dag dispatch (time 7): backward s1 mb0 bkt=0
[36m(PiperActor pid=2272392)[0m 2026-04-01 23:46:29,064 - piper_actor - DEBUG - run_dag dispatch (time 6): recv s1 mb0 bkt=0
[36m(PiperActor pid=2272392)[0m 2026-04-01 23:46:29,065 - piper_actor - DEBUG - exec_recv key (None, 0) from peer pp rank 0
[36m(PiperActor pid=2272392)[0m 2026-04-01 23:46:29,065 - piper_actor - DEBUG - run_dag dispatch (time 6): send s3 mb1 bkt=0
[36m(PiperActor pid=2272392)[0m 2026-04-01 23:46:29,065 - piper_actor - DEBUG - exec_send key (None, 1) to peer pp rank 0
[36m(PiperActor pid=2272392)[0m 2026-04-01 23:46:29,066 - piper_actor - DEBUG - run_dag dispatch (time 7): backward s1 mb0 bkt=0
[36m(PiperActor pid=2272402)[0m 2026-04-01 23:46:29,093 - piper_actor - DEBUG - run_dag dispatch (time 8): send s2 mb1 bkt=0
[36m(PiperActor pid=2272402)[0m 2026-04-01 23:46:29,093 - piper_actor - DEBUG - exec_send key (None, 1) to peer pp rank 1
[36m(PiperActor pid=2272402)[0m 2026-04-01 23:46:29,093 - piper_actor - DEBUG - run_dag dispatch (time 8): recv s0 mb0 bkt=0
[36m(PiperActor pid=2272402)[0m 2026-04-01 23:46:29,093 - piper_actor - DEBUG - exec_recv key (None, 0) from peer pp rank 1
[36m(PiperActor pid=2272402)[0m 2026-04-01 23:46:29,094 - piper_actor - DEBUG - run_dag dispatch (time 9): backward s0 mb0 bkt=0
[36m(PiperActor pid=2272388)[0m 2026-04-01 23:46:29,095 - piper_actor - DEBUG - run_dag dispatch (time 8): send s2 mb1 bkt=0
[36m(PiperActor pid=2272388)[0m 2026-04-01 23:46:29,095 - piper_actor - DEBUG - exec_send key (None, 1) to peer pp rank 1
[36m(PiperActor pid=2272388)[0m 2026-04-01 23:46:29,095 - piper_actor - DEBUG - run_dag dispatch (time 8): recv s0 mb0 bkt=0
[36m(PiperActor pid=2272388)[0m 2026-04-01 23:46:29,095 - piper_actor - DEBUG - exec_recv key (None, 0) from peer pp rank 1
[36m(PiperActor pid=2272388)[0m 2026-04-01 23:46:29,096 - piper_actor - DEBUG - run_dag dispatch (time 9): backward s0 mb0 bkt=0
[36m(PiperActor pid=2272396)[0m 2026-04-01 23:46:29,092 - piper_actor - DEBUG - run_dag dispatch (time 7): recv s1 mb3 bkt=0
[36m(PiperActor pid=2272396)[0m 2026-04-01 23:46:29,093 - piper_actor - DEBUG - exec_recv key ((1, 0), 3) from peer pp rank 0
[36m(PiperActor pid=2272396)[0m 2026-04-01 23:46:29,093 - piper_actor - DEBUG - run_dag dispatch (time 7): send s1 mb2 bkt=0
[36m(PiperActor pid=2272396)[0m 2026-04-01 23:46:29,093 - piper_actor - DEBUG - exec_send key ((1, 0), 2) to peer pp rank 0
[36m(PiperActor pid=2272396)[0m 2026-04-01 23:46:29,094 - piper_actor - DEBUG - run_dag dispatch (time 8): forward s1 mb3 bkt=0
[36m(PiperActor pid=2272396)[0m 2026-04-01 23:46:29,108 - piper_actor - DEBUG - run_dag dispatch (time 8): recv s1 mb1 bkt=0
[36m(PiperActor pid=2272396)[0m 2026-04-01 23:46:29,109 - piper_actor - DEBUG - exec_recv key (None, 1) from peer pp rank 0
[36m(PiperActor pid=2272396)[0m 2026-04-01 23:46:29,109 - piper_actor - DEBUG - run_dag dispatch (time 8): send s1 mb0 bkt=0
[36m(PiperActor pid=2272396)[0m 2026-04-01 23:46:29,109 - piper_actor - DEBUG - exec_send key (None, 0) to peer pp rank 0
[36m(PiperActor pid=2272396)[0m 2026-04-01 23:46:29,109 - piper_actor - DEBUG - run_dag dispatch (time 9): backward s1 mb1 bkt=0
[36m(PiperActor pid=2272392)[0m 2026-04-01 23:46:29,094 - piper_actor - DEBUG - run_dag dispatch (time 7): recv s1 mb3 bkt=0
[36m(PiperActor pid=2272392)[0m 2026-04-01 23:46:29,094 - piper_actor - DEBUG - exec_recv key ((1, 0), 3) from peer pp rank 0
[36m(PiperActor pid=2272392)[0m 2026-04-01 23:46:29,095 - piper_actor - DEBUG - run_dag dispatch (time 7): send s1 mb2 bkt=0
[36m(PiperActor pid=2272392)[0m 2026-04-01 23:46:29,095 - piper_actor - DEBUG - exec_send key ((1, 0), 2) to peer pp rank 0
[36m(PiperActor pid=2272392)[0m 2026-04-01 23:46:29,095 - piper_actor - DEBUG - run_dag dispatch (time 8): forward s1 mb3 bkt=0
[36m(PiperActor pid=2272392)[0m 2026-04-01 23:46:29,110 - piper_actor - DEBUG - run_dag dispatch (time 8): recv s1 mb1 bkt=0
[36m(PiperActor pid=2272392)[0m 2026-04-01 23:46:29,110 - piper_actor - DEBUG - exec_recv key (None, 1) from peer pp rank 0
[36m(PiperActor pid=2272392)[0m 2026-04-01 23:46:29,110 - piper_actor - DEBUG - run_dag dispatch (time 8): send s1 mb0 bkt=0
[36m(PiperActor pid=2272392)[0m 2026-04-01 23:46:29,111 - piper_actor - DEBUG - exec_send key (None, 0) to peer pp rank 0
[36m(PiperActor pid=2272392)[0m 2026-04-01 23:46:29,111 - piper_actor - DEBUG - run_dag dispatch (time 9): backward s1 mb1 bkt=0
[36m(PiperActor pid=2272402)[0m 2026-04-01 23:46:29,132 - piper_actor - DEBUG - run_dag dispatch (time 9): send s2 mb2 bkt=0
[36m(PiperActor pid=2272402)[0m 2026-04-01 23:46:29,132 - piper_actor - DEBUG - exec_send key ((2, 0), 2) to peer pp rank 1
[36m(PiperActor pid=2272402)[0m 2026-04-01 23:46:29,133 - piper_actor - DEBUG - run_dag dispatch (time 9): recv s2 mb3 bkt=0
[36m(PiperActor pid=2272402)[0m 2026-04-01 23:46:29,133 - piper_actor - DEBUG - exec_recv key ((2, 0), 3) from peer pp rank 1
[36m(PiperActor pid=2272402)[0m 2026-04-01 23:46:29,133 - piper_actor - DEBUG - run_dag dispatch (time 10): forward s2 mb3 bkt=0
[36m(PiperActor pid=2272402)[0m 2026-04-01 23:46:29,151 - piper_actor - DEBUG - run_dag dispatch (time 10): recv s0 mb1 bkt=0
[36m(PiperActor pid=2272402)[0m 2026-04-01 23:46:29,151 - piper_actor - DEBUG - exec_recv key (None, 1) from peer pp rank 1
[36m(PiperActor pid=2272402)[0m 2026-04-01 23:46:29,151 - piper_actor - DEBUG - run_dag dispatch (time 11): backward s0 mb1 bkt=0
[36m(PiperActor pid=2272388)[0m 2026-04-01 23:46:29,133 - piper_actor - DEBUG - run_dag dispatch (time 9): send s2 mb2 bkt=0
[36m(PiperActor pid=2272388)[0m 2026-04-01 23:46:29,134 - piper_actor - DEBUG - exec_send key ((2, 0), 2) to peer pp rank 1
[36m(PiperActor pid=2272388)[0m 2026-04-01 23:46:29,134 - piper_actor - DEBUG - run_dag dispatch (time 9): recv s2 mb3 bkt=0
[36m(PiperActor pid=2272388)[0m 2026-04-01 23:46:29,135 - piper_actor - DEBUG - exec_recv key ((2, 0), 3) from peer pp rank 1
[36m(PiperActor pid=2272388)[0m 2026-04-01 23:46:29,135 - piper_actor - DEBUG - run_dag dispatch (time 10): forward s2 mb3 bkt=0
[36m(PiperActor pid=2272388)[0m 2026-04-01 23:46:29,152 - piper_actor - DEBUG - run_dag dispatch (time 10): recv s0 mb1 bkt=0
[36m(PiperActor pid=2272388)[0m 2026-04-01 23:46:29,152 - piper_actor - DEBUG - exec_recv key (None, 1) from peer pp rank 1
[36m(PiperActor pid=2272388)[0m 2026-04-01 23:46:29,153 - piper_actor - DEBUG - run_dag dispatch (time 11): backward s0 mb1 bkt=0
[36m(PiperActor pid=2272396)[0m 2026-04-01 23:46:29,142 - piper_actor - DEBUG - run_dag dispatch (time 9): recv s3 mb2 bkt=0
[36m(PiperActor pid=2272396)[0m 2026-04-01 23:46:29,143 - piper_actor - DEBUG - exec_recv key ((3, 0), 2) from peer pp rank 0
[36m(PiperActor pid=2272396)[0m 2026-04-01 23:46:29,143 - piper_actor - DEBUG - run_dag dispatch (time 9): send s1 mb3 bkt=0
[36m(PiperActor pid=2272396)[0m 2026-04-01 23:46:29,143 - piper_actor - DEBUG - exec_send key ((1, 0), 3) to peer pp rank 0
[36m(PiperActor pid=2272396)[0m 2026-04-01 23:46:29,144 - piper_actor - DEBUG - run_dag dispatch (time 10): forward s3 mb2 bkt=0
[36m(PiperActor pid=2272396)[0m 2026-04-01 23:46:29,159 - piper_actor - DEBUG - run_dag dispatch (time 10): send s1 mb1 bkt=0
[36m(PiperActor pid=2272396)[0m 2026-04-01 23:46:29,159 - piper_actor - DEBUG - exec_send key (None, 1) to peer pp rank 0
[36m(PiperActor pid=2272396)[0m 2026-04-01 23:46:29,161 - piper_actor - DEBUG - run_dag dispatch (time 11): backward s3 mb2 bkt=0
[36m(PiperActor pid=2272392)[0m 2026-04-01 23:46:29,143 - piper_actor - DEBUG - run_dag dispatch (time 9): recv s3 mb2 bkt=0
[36m(PiperActor pid=2272392)[0m 2026-04-01 23:46:29,144 - piper_actor - DEBUG - exec_recv key ((3, 0), 2) from peer pp rank 0
[36m(PiperActor pid=2272392)[0m 2026-04-01 23:46:29,144 - piper_actor - DEBUG - run_dag dispatch (time 9): send s1 mb3 bkt=0
[36m(PiperActor pid=2272392)[0m 2026-04-01 23:46:29,144 - piper_actor - DEBUG - exec_send key ((1, 0), 3) to peer pp rank 0
[36m(PiperActor pid=2272392)[0m 2026-04-01 23:46:29,145 - piper_actor - DEBUG - run_dag dispatch (time 10): forward s3 mb2 bkt=0
[36m(PiperActor pid=2272392)[0m 2026-04-01 23:46:29,160 - piper_actor - DEBUG - run_dag dispatch (time 10): send s1 mb1 bkt=0
[36m(PiperActor pid=2272392)[0m 2026-04-01 23:46:29,160 - piper_actor - DEBUG - exec_send key (None, 1) to peer pp rank 0
[36m(PiperActor pid=2272392)[0m 2026-04-01 23:46:29,161 - piper_actor - DEBUG - run_dag dispatch (time 11): backward s3 mb2 bkt=0
[36m(PiperActor pid=2272402)[0m 2026-04-01 23:46:29,189 - piper_actor - DEBUG - run_dag dispatch (time 11): send s2 mb3 bkt=0
[36m(PiperActor pid=2272402)[0m 2026-04-01 23:46:29,189 - piper_actor - DEBUG - exec_send key ((2, 0), 3) to peer pp rank 1
[36m(PiperActor pid=2272402)[0m 2026-04-01 23:46:29,190 - piper_actor - DEBUG - run_dag dispatch (time 11): recv s2 mb2 bkt=0
[36m(PiperActor pid=2272402)[0m 2026-04-01 23:46:29,190 - piper_actor - DEBUG - exec_recv key (None, 2) from peer pp rank 1
[36m(PiperActor pid=2272402)[0m 2026-04-01 23:46:29,190 - piper_actor - DEBUG - run_dag dispatch (time 12): backward s2 mb2 bkt=0
[36m(PiperActor pid=2272388)[0m 2026-04-01 23:46:29,190 - piper_actor - DEBUG - run_dag dispatch (time 11): send s2 mb3 bkt=0
[36m(PiperActor pid=2272388)[0m 2026-04-01 23:46:29,190 - piper_actor - DEBUG - exec_send key ((2, 0), 3) to peer pp rank 1
[36m(PiperActor pid=2272388)[0m 2026-04-01 23:46:29,191 - piper_actor - DEBUG - run_dag dispatch (time 11): recv s2 mb2 bkt=0
[36m(PiperActor pid=2272388)[0m 2026-04-01 23:46:29,191 - piper_actor - DEBUG - exec_recv key (None, 2) from peer pp rank 1
[36m(PiperActor pid=2272388)[0m 2026-04-01 23:46:29,191 - piper_actor - DEBUG - run_dag dispatch (time 12): backward s2 mb2 bkt=0
[36m(PiperActor pid=2272396)[0m 2026-04-01 23:46:29,190 - piper_actor - DEBUG - run_dag dispatch (time 11): recv s3 mb3 bkt=0
[36m(PiperActor pid=2272396)[0m 2026-04-01 23:46:29,191 - piper_actor - DEBUG - exec_recv key ((3, 0), 3) from peer pp rank 0
[36m(PiperActor pid=2272396)[0m 2026-04-01 23:46:29,191 - piper_actor - DEBUG - run_dag dispatch (time 12): forward s3 mb3 bkt=0
[36m(PiperActor pid=2272392)[0m 2026-04-01 23:46:29,191 - piper_actor - DEBUG - run_dag dispatch (time 11): recv s3 mb3 bkt=0
[36m(PiperActor pid=2272392)[0m 2026-04-01 23:46:29,191 - piper_actor - DEBUG - exec_recv key ((3, 0), 3) from peer pp rank 0
[36m(PiperActor pid=2272392)[0m 2026-04-01 23:46:29,191 - piper_actor - DEBUG - run_dag dispatch (time 12): forward s3 mb3 bkt=0
[36m(PiperActor pid=2272402)[0m 2026-04-01 23:46:29,225 - piper_actor - DEBUG - run_dag dispatch (time 12): recv s2 mb3 bkt=0
[36m(PiperActor pid=2272402)[0m 2026-04-01 23:46:29,225 - piper_actor - DEBUG - exec_recv key (None, 3) from peer pp rank 1
[36m(PiperActor pid=2272402)[0m 2026-04-01 23:46:29,226 - piper_actor - DEBUG - run_dag dispatch (time 13): backward s2 mb3 bkt=0
[36m(PiperActor pid=2272388)[0m 2026-04-01 23:46:29,226 - piper_actor - DEBUG - run_dag dispatch (time 12): recv s2 mb3 bkt=0
[36m(PiperActor pid=2272388)[0m 2026-04-01 23:46:29,226 - piper_actor - DEBUG - exec_recv key (None, 3) from peer pp rank 1
[36m(PiperActor pid=2272388)[0m 2026-04-01 23:46:29,227 - piper_actor - DEBUG - run_dag dispatch (time 13): backward s2 mb3 bkt=0
[36m(PiperActor pid=2272396)[0m 2026-04-01 23:46:29,232 - piper_actor - DEBUG - run_dag dispatch (time 12): send s3 mb2 bkt=0
[36m(PiperActor pid=2272396)[0m 2026-04-01 23:46:29,233 - piper_actor - DEBUG - exec_send key (None, 2) to peer pp rank 0
[36m(PiperActor pid=2272396)[0m 2026-04-01 23:46:29,233 - piper_actor - DEBUG - run_dag dispatch (time 13): backward s3 mb3 bkt=0
[36m(PiperActor pid=2272392)[0m 2026-04-01 23:46:29,233 - piper_actor - DEBUG - run_dag dispatch (time 12): send s3 mb2 bkt=0
[36m(PiperActor pid=2272392)[0m 2026-04-01 23:46:29,234 - piper_actor - DEBUG - exec_send key (None, 2) to peer pp rank 0
[36m(PiperActor pid=2272392)[0m 2026-04-01 23:46:29,234 - piper_actor - DEBUG - run_dag dispatch (time 13): backward s3 mb3 bkt=0
[36m(PiperActor pid=2272402)[0m 2026-04-01 23:46:29,282 - piper_actor - DEBUG - run_dag dispatch (time 13): send s2 mb2 bkt=0
[36m(PiperActor pid=2272402)[0m 2026-04-01 23:46:29,282 - piper_actor - DEBUG - exec_send key (None, 2) to peer pp rank 1
[36m(PiperActor pid=2272402)[0m 2026-04-01 23:46:29,283 - piper_actor - DEBUG - run_dag dispatch (time 13): recv s0 mb2 bkt=0
[36m(PiperActor pid=2272402)[0m 2026-04-01 23:46:29,283 - piper_actor - DEBUG - exec_recv key (None, 2) from peer pp rank 1
[36m(PiperActor pid=2272402)[0m 2026-04-01 23:46:29,283 - piper_actor - DEBUG - run_dag dispatch (time 14): backward s0 mb2 bkt=0
[36m(PiperActor pid=2272388)[0m 2026-04-01 23:46:29,282 - piper_actor - DEBUG - run_dag dispatch (time 13): send s2 mb2 bkt=0
[36m(PiperActor pid=2272388)[0m 2026-04-01 23:46:29,283 - piper_actor - DEBUG - exec_send key (None, 2) to peer pp rank 1
[36m(PiperActor pid=2272388)[0m 2026-04-01 23:46:29,284 - piper_actor - DEBUG - run_dag dispatch (time 13): recv s0 mb2 bkt=0
[36m(PiperActor pid=2272388)[0m 2026-04-01 23:46:29,284 - piper_actor - DEBUG - exec_recv key (None, 2) from peer pp rank 1
[36m(PiperActor pid=2272388)[0m 2026-04-01 23:46:29,284 - piper_actor - DEBUG - run_dag dispatch (time 14): backward s0 mb2 bkt=0
[36m(PiperActor pid=2272396)[0m 2026-04-01 23:46:29,264 - piper_actor - DEBUG - run_dag dispatch (time 13): recv s1 mb2 bkt=0
[36m(PiperActor pid=2272396)[0m 2026-04-01 23:46:29,265 - piper_actor - DEBUG - exec_recv key (None, 2) from peer pp rank 0
[36m(PiperActor pid=2272396)[0m 2026-04-01 23:46:29,265 - piper_actor - DEBUG - run_dag dispatch (time 14): backward s1 mb2 bkt=0
[36m(PiperActor pid=2272392)[0m 2026-04-01 23:46:29,264 - piper_actor - DEBUG - run_dag dispatch (time 13): recv s1 mb2 bkt=0
[36m(PiperActor pid=2272392)[0m 2026-04-01 23:46:29,265 - piper_actor - DEBUG - exec_recv key (None, 2) from peer pp rank 0
[36m(PiperActor pid=2272392)[0m 2026-04-01 23:46:29,265 - piper_actor - DEBUG - run_dag dispatch (time 14): backward s1 mb2 bkt=0
[36m(PiperActor pid=2272396)[0m 2026-04-01 23:46:29,323 - piper_actor - DEBUG - run_dag dispatch (time 14): recv s1 mb3 bkt=0
[36m(PiperActor pid=2272396)[0m 2026-04-01 23:46:29,323 - piper_actor - DEBUG - exec_recv key (None, 3) from peer pp rank 0
[36m(PiperActor pid=2272396)[0m 2026-04-01 23:46:29,324 - piper_actor - DEBUG - run_dag dispatch (time 14): send s3 mb3 bkt=0
[36m(PiperActor pid=2272396)[0m 2026-04-01 23:46:29,324 - piper_actor - DEBUG - exec_send key (None, 3) to peer pp rank 0
[36m(PiperActor pid=2272396)[0m 2026-04-01 23:46:29,324 - piper_actor - DEBUG - run_dag dispatch (time 14): reduce_scatter s3 mb3 bkt=0
[36m(PiperActor pid=2272396)[0m 2026-04-01 23:46:29,325 - piper_actor - DEBUG - run_dag dispatch (time 15): backward s1 mb3 bkt=0
[36m(PiperActor pid=2272392)[0m 2026-04-01 23:46:29,323 - piper_actor - DEBUG - run_dag dispatch (time 14): recv s1 mb3 bkt=0
[36m(PiperActor pid=2272392)[0m 2026-04-01 23:46:29,323 - piper_actor - DEBUG - exec_recv key (None, 3) from peer pp rank 0
[36m(PiperActor pid=2272392)[0m 2026-04-01 23:46:29,324 - piper_actor - DEBUG - run_dag dispatch (time 14): send s3 mb3 bkt=0
[36m(PiperActor pid=2272392)[0m 2026-04-01 23:46:29,324 - piper_actor - DEBUG - exec_send key (None, 3) to peer pp rank 0
[36m(PiperActor pid=2272392)[0m 2026-04-01 23:46:29,324 - piper_actor - DEBUG - run_dag dispatch (time 14): reduce_scatter s3 mb3 bkt=0
[36m(PiperActor pid=2272392)[0m 2026-04-01 23:46:29,325 - piper_actor - DEBUG - run_dag dispatch (time 15): backward s1 mb3 bkt=0
[36m(PiperActor pid=2272402)[0m 2026-04-01 23:46:29,362 - piper_actor - DEBUG - run_dag dispatch (time 14): send s2 mb3 bkt=0
[36m(PiperActor pid=2272402)[0m 2026-04-01 23:46:29,362 - piper_actor - DEBUG - exec_send key (None, 3) to peer pp rank 1
[36m(PiperActor pid=2272402)[0m 2026-04-01 23:46:29,363 - piper_actor - DEBUG - run_dag dispatch (time 14): recv s0 mb3 bkt=0
[36m(PiperActor pid=2272402)[0m 2026-04-01 23:46:29,363 - piper_actor - DEBUG - exec_recv key (None, 3) from peer pp rank 1
[36m(PiperActor pid=2272402)[0m 2026-04-01 23:46:29,363 - piper_actor - DEBUG - run_dag dispatch (time 14): reduce_scatter s2 mb3 bkt=0
[36m(PiperActor pid=2272402)[0m 2026-04-01 23:46:29,364 - piper_actor - DEBUG - run_dag dispatch (time 15): backward s0 mb3 bkt=0
[36m(PiperActor pid=2272388)[0m 2026-04-01 23:46:29,362 - piper_actor - DEBUG - run_dag dispatch (time 14): send s2 mb3 bkt=0
[36m(PiperActor pid=2272388)[0m 2026-04-01 23:46:29,363 - piper_actor - DEBUG - exec_send key (None, 3) to peer pp rank 1
[36m(PiperActor pid=2272388)[0m 2026-04-01 23:46:29,363 - piper_actor - DEBUG - run_dag dispatch (time 14): recv s0 mb3 bkt=0
[36m(PiperActor pid=2272388)[0m 2026-04-01 23:46:29,364 - piper_actor - DEBUG - exec_recv key (None, 3) from peer pp rank 1
[36m(PiperActor pid=2272388)[0m 2026-04-01 23:46:29,364 - piper_actor - DEBUG - run_dag dispatch (time 14): reduce_scatter s2 mb3 bkt=0
[36m(PiperActor pid=2272388)[0m 2026-04-01 23:46:29,364 - piper_actor - DEBUG - run_dag dispatch (time 15): backward s0 mb3 bkt=0
[36m(PiperActor pid=2272396)[0m 2026-04-01 23:46:29,361 - piper_actor - DEBUG - run_dag dispatch (time 15): send s1 mb2 bkt=0
[36m(PiperActor pid=2272396)[0m 2026-04-01 23:46:29,362 - piper_actor - DEBUG - exec_send key (None, 2) to peer pp rank 0
[36m(PiperActor pid=2272396)[0m 2026-04-01 23:46:29,362 - piper_actor - DEBUG - run_dag dispatch (time 16): update s1 mb3 bkt=0
[36m(PiperActor pid=2272392)[0m 2026-04-01 23:46:29,361 - piper_actor - DEBUG - run_dag dispatch (time 15): send s1 mb2 bkt=0
[36m(PiperActor pid=2272392)[0m 2026-04-01 23:46:29,361 - piper_actor - DEBUG - exec_send key (None, 2) to peer pp rank 0
[36m(PiperActor pid=2272392)[0m 2026-04-01 23:46:29,362 - piper_actor - DEBUG - run_dag dispatch (time 16): update s1 mb3 bkt=0
[36m(PiperActor pid=2272402)[0m 2026-04-01 23:46:29,403 - piper_actor - DEBUG - run_dag dispatch (time 16): update s0 mb3 bkt=0
[36m(PiperActor pid=2272388)[0m 2026-04-01 23:46:29,403 - piper_actor - DEBUG - run_dag dispatch (time 16): update s0 mb3 bkt=0
[36m(PiperActor pid=2272396)[0m 2026-04-01 23:46:29,418 - piper_actor - DEBUG - run_dag dispatch (time 16): send s1 mb3 bkt=0
[36m(PiperActor pid=2272396)[0m 2026-04-01 23:46:29,418 - piper_actor - DEBUG - exec_send key (None, 3) to peer pp rank 0
[36m(PiperActor pid=2272396)[0m 2026-04-01 23:46:29,419 - piper_actor - DEBUG - run_dag dispatch (time 16): reduce_scatter s1 mb3 bkt=0
[36m(PiperActor pid=2272392)[0m 2026-04-01 23:46:29,418 - piper_actor - DEBUG - run_dag dispatch (time 16): send s1 mb3 bkt=0
[36m(PiperActor pid=2272392)[0m 2026-04-01 23:46:29,418 - piper_actor - DEBUG - exec_send key (None, 3) to peer pp rank 0
[36m(PiperActor pid=2272392)[0m 2026-04-01 23:46:29,419 - piper_actor - DEBUG - run_dag dispatch (time 16): reduce_scatter s1 mb3 bkt=0
[36m(PiperActor pid=2272402)[0m 2026-04-01 23:46:29,461 - piper_actor - DEBUG - run_dag dispatch (time 16): reduce_scatter s0 mb3 bkt=0
[36m(PiperActor pid=2272388)[0m 2026-04-01 23:46:29,461 - piper_actor - DEBUG - run_dag dispatch (time 16): reduce_scatter s0 mb3 bkt=0
[36m(PiperActor pid=2272402)[0m 2026-04-01 23:46:30,475 - piper_actor - DEBUG - run_dag dispatch (time -30001): all_gather s2 mb0 bkt=0
[36m(PiperActor pid=2272402)[0m 2026-04-01 23:46:30,476 - piper_actor - DEBUG - run_dag dispatch (time -30000): all_gather s0 mb0 bkt=0
[36m(PiperActor pid=2272402)[0m 2026-04-01 23:46:30,476 - piper_actor - DEBUG - run_dag dispatch (time 0): forward s0 mb0 bkt=0
[36m(PiperActor pid=2272402)[0m 2026-04-01 23:46:30,488 - piper_actor - DEBUG - run_dag dispatch (time 1): forward s0 mb1 bkt=0
[36m(PiperActor pid=2272402)[0m 2026-04-01 23:46:30,499 - piper_actor - DEBUG - run_dag dispatch (time 1): send s0 mb0 bkt=0
[36m(PiperActor pid=2272402)[0m 2026-04-01 23:46:30,499 - piper_actor - DEBUG - exec_send key ((0, 0), 0) to peer pp rank 1
[36m(PiperActor pid=2272402)[0m 2026-04-01 23:46:30,499 - piper_actor - DEBUG - run_dag dispatch (time 1): recv s2 mb0 bkt=0
[36m(PiperActor pid=2272402)[0m 2026-04-01 23:46:30,499 - piper_actor - DEBUG - exec_recv key ((2, 0), 0) from peer pp rank 1
[36m(PiperActor pid=2272402)[0m 2026-04-01 23:46:30,500 - piper_actor - DEBUG - run_dag dispatch (time 2): forward s2 mb0 bkt=0
[36m(PiperActor pid=2272402)[0m 2026-04-01 23:46:30,510 - piper_actor - DEBUG - run_dag dispatch (time 2): send s0 mb1 bkt=0
[36m(PiperActor pid=2272402)[0m 2026-04-01 23:46:30,510 - piper_actor - DEBUG - exec_send key ((0, 0), 1) to peer pp rank 1
[36m(PiperActor pid=2272402)[0m 2026-04-01 23:46:30,511 - piper_actor - DEBUG - run_dag dispatch (time 2): recv s2 mb1 bkt=0
[36m(PiperActor pid=2272402)[0m 2026-04-01 23:46:30,511 - piper_actor - DEBUG - exec_recv key ((2, 0), 1) from peer pp rank 1
[36m(PiperActor pid=2272402)[0m 2026-04-01 23:46:30,511 - piper_actor - DEBUG - run_dag dispatch (time 3): forward s2 mb1 bkt=0
[36m(PiperActor pid=2272402)[0m 2026-04-01 23:46:30,522 - piper_actor - DEBUG - run_dag dispatch (time 3): send s2 mb0 bkt=0
[36m(PiperActor pid=2272402)[0m 2026-04-01 23:46:30,522 - piper_actor - DEBUG - exec_send key ((2, 0), 0) to peer pp rank 1
[36m(PiperActor pid=2272402)[0m 2026-04-01 23:46:30,522 - piper_actor - DEBUG - run_dag dispatch (time 4): forward s0 mb2 bkt=0
[36m(PiperActor pid=2272388)[0m 2026-04-01 23:46:30,476 - piper_actor - DEBUG - run_dag dispatch (time -30001): all_gather s2 mb0 bkt=0
[36m(PiperActor pid=2272388)[0m 2026-04-01 23:46:30,476 - piper_actor - DEBUG - run_dag dispatch (time -30000): all_gather s0 mb0 bkt=0
[36m(PiperActor pid=2272388)[0m 2026-04-01 23:46:30,477 - piper_actor - DEBUG - run_dag dispatch (time 0): forward s0 mb0 bkt=0
[36m(PiperActor pid=2272388)[0m 2026-04-01 23:46:30,489 - piper_actor - DEBUG - run_dag dispatch (time 1): forward s0 mb1 bkt=0
[36m(PiperActor pid=2272388)[0m 2026-04-01 23:46:30,500 - piper_actor - DEBUG - run_dag dispatch (time 1): send s0 mb0 bkt=0
[36m(PiperActor pid=2272388)[0m 2026-04-01 23:46:30,500 - piper_actor - DEBUG - exec_send key ((0, 0), 0) to peer pp rank 1
[36m(PiperActor pid=2272388)[0m 2026-04-01 23:46:30,500 - piper_actor - DEBUG - run_dag dispatch (time 1): recv s2 mb0 bkt=0
[36m(PiperActor pid=2272388)[0m 2026-04-01 23:46:30,501 - piper_actor - DEBUG - exec_recv key ((2, 0), 0) from peer pp rank 1
[36m(PiperActor pid=2272388)[0m 2026-04-01 23:46:30,501 - piper_actor - DEBUG - run_dag dispatch (time 2): forward s2 mb0 bkt=0
[36m(PiperActor pid=2272388)[0m 2026-04-01 23:46:30,512 - piper_actor - DEBUG - run_dag dispatch (time 2): send s0 mb1 bkt=0
[36m(PiperActor pid=2272388)[0m 2026-04-01 23:46:30,512 - piper_actor - DEBUG - exec_send key ((0, 0), 1) to peer pp rank 1
[36m(PiperActor pid=2272388)[0m 2026-04-01 23:46:30,512 - piper_actor - DEBUG - run_dag dispatch (time 2): recv s2 mb1 bkt=0
[36m(PiperActor pid=2272388)[0m 2026-04-01 23:46:30,512 - piper_actor - DEBUG - exec_recv key ((2, 0), 1) from peer pp rank 1
[36m(PiperActor pid=2272388)[0m 2026-04-01 23:46:30,513 - piper_actor - DEBUG - run_dag dispatch (time 3): forward s2 mb1 bkt=0
[36m(PiperActor pid=2272388)[0m 2026-04-01 23:46:30,523 - piper_actor - DEBUG - run_dag dispatch (time 3): send s2 mb0 bkt=0
[36m(PiperActor pid=2272388)[0m 2026-04-01 23:46:30,523 - piper_actor - DEBUG - exec_send key ((2, 0), 0) to peer pp rank 1
[36m(PiperActor pid=2272388)[0m 2026-04-01 23:46:30,524 - piper_actor - DEBUG - run_dag dispatch (time 4): forward s0 mb2 bkt=0
[36m(PiperActor pid=2272396)[0m 2026-04-01 23:46:30,475 - piper_actor - DEBUG - run_dag dispatch (time -30001): all_gather s3 mb0 bkt=0
[36m(PiperActor pid=2272396)[0m 2026-04-01 23:46:30,476 - piper_actor - DEBUG - run_dag dispatch (time -30000): all_gather s1 mb0 bkt=0
[36m(PiperActor pid=2272396)[0m 2026-04-01 23:46:30,476 - piper_actor - DEBUG - run_dag dispatch (time -1): recv s1 mb0 bkt=0
[36m(PiperActor pid=2272396)[0m 2026-04-01 23:46:30,476 - piper_actor - DEBUG - exec_recv key ((1, 0), 0) from peer pp rank 0
[36m(PiperActor pid=2272396)[0m 2026-04-01 23:46:30,477 - piper_actor - DEBUG - run_dag dispatch (time 0): forward s1 mb0 bkt=0
[36m(PiperActor pid=2272396)[0m 2026-04-01 23:46:30,488 - piper_actor - DEBUG - run_dag dispatch (time 0): recv s1 mb1 bkt=0
[36m(PiperActor pid=2272396)[0m 2026-04-01 23:46:30,488 - piper_actor - DEBUG - exec_recv key ((1, 0), 1) from peer pp rank 0
[36m(PiperActor pid=2272396)[0m 2026-04-01 23:46:30,489 - piper_actor - DEBUG - run_dag dispatch (time 1): forward s1 mb1 bkt=0
[36m(PiperActor pid=2272396)[0m 2026-04-01 23:46:30,499 - piper_actor - DEBUG - run_dag dispatch (time 1): recv s3 mb0 bkt=0
[36m(PiperActor pid=2272396)[0m 2026-04-01 23:46:30,499 - piper_actor - DEBUG - exec_recv key ((3, 0), 0) from peer pp rank 0
[36m(PiperActor pid=2272396)[0m 2026-04-01 23:46:30,500 - piper_actor - DEBUG - run_dag dispatch (time 1): send s1 mb0 bkt=0
[36m(PiperActor pid=2272396)[0m 2026-04-01 23:46:30,500 - piper_actor - DEBUG - exec_send key ((1, 0), 0) to peer pp rank 0
[36m(PiperActor pid=2272396)[0m 2026-04-01 23:46:30,500 - piper_actor - DEBUG - run_dag dispatch (time 2): forward s3 mb0 bkt=0
[36m(PiperActor pid=2272396)[0m 2026-04-01 23:46:30,511 - piper_actor - DEBUG - run_dag dispatch (time 2): send s1 mb1 bkt=0
[36m(PiperActor pid=2272396)[0m 2026-04-01 23:46:30,511 - piper_actor - DEBUG - exec_send key ((1, 0), 1) to peer pp rank 0
[36m(PiperActor pid=2272396)[0m 2026-04-01 23:46:30,511 - piper_actor - DEBUG - run_dag dispatch (time 3): backward s3 mb0 bkt=0
[36m(PiperActor pid=2272392)[0m 2026-04-01 23:46:30,476 - piper_actor - DEBUG - run_dag dispatch (time -30001): all_gather s3 mb0 bkt=0
[36m(PiperActor pid=2272392)[0m 2026-04-01 23:46:30,477 - piper_actor - DEBUG - run_dag dispatch (time -30000): all_gather s1 mb0 bkt=0
[36m(PiperActor pid=2272392)[0m 2026-04-01 23:46:30,477 - piper_actor - DEBUG - run_dag dispatch (time -1): recv s1 mb0 bkt=0
[36m(PiperActor pid=2272392)[0m 2026-04-01 23:46:30,477 - piper_actor - DEBUG - exec_recv key ((1, 0), 0) from peer pp rank 0
[36m(PiperActor pid=2272392)[0m 2026-04-01 23:46:30,478 - piper_actor - DEBUG - run_dag dispatch (time 0): forward s1 mb0 bkt=0
[36m(PiperActor pid=2272392)[0m 2026-04-01 23:46:30,489 - piper_actor - DEBUG - run_dag dispatch (time 0): recv s1 mb1 bkt=0
[36m(PiperActor pid=2272392)[0m 2026-04-01 23:46:30,490 - piper_actor - DEBUG - exec_recv key ((1, 0), 1) from peer pp rank 0
[36m(PiperActor pid=2272392)[0m 2026-04-01 23:46:30,490 - piper_actor - DEBUG - run_dag dispatch (time 1): forward s1 mb1 bkt=0
[36m(PiperActor pid=2272392)[0m 2026-04-01 23:46:30,500 - piper_actor - DEBUG - run_dag dispatch (time 1): recv s3 mb0 bkt=0
[36m(PiperActor pid=2272392)[0m 2026-04-01 23:46:30,501 - piper_actor - DEBUG - exec_recv key ((3, 0), 0) from peer pp rank 0
[36m(PiperActor pid=2272392)[0m 2026-04-01 23:46:30,501 - piper_actor - DEBUG - run_dag dispatch (time 1): send s1 mb0 bkt=0
[36m(PiperActor pid=2272392)[0m 2026-04-01 23:46:30,501 - piper_actor - DEBUG - exec_send key ((1, 0), 0) to peer pp rank 0
[36m(PiperActor pid=2272392)[0m 2026-04-01 23:46:30,501 - piper_actor - DEBUG - run_dag dispatch (time 2): forward s3 mb0 bkt=0
[36m(PiperActor pid=2272392)[0m 2026-04-01 23:46:30,512 - piper_actor - DEBUG - run_dag dispatch (time 2): send s1 mb1 bkt=0
[36m(PiperActor pid=2272392)[0m 2026-04-01 23:46:30,512 - piper_actor - DEBUG - exec_send key ((1, 0), 1) to peer pp rank 0
[36m(PiperActor pid=2272392)[0m 2026-04-01 23:46:30,513 - piper_actor - DEBUG - run_dag dispatch (time 3): backward s3 mb0 bkt=0
[36m(PiperActor pid=2272402)[0m 2026-04-01 23:46:30,533 - piper_actor - DEBUG - run_dag dispatch (time 4): send s2 mb1 bkt=0
[36m(PiperActor pid=2272402)[0m 2026-04-01 23:46:30,533 - piper_actor - DEBUG - exec_send key ((2, 0), 1) to peer pp rank 1
[36m(PiperActor pid=2272402)[0m 2026-04-01 23:46:30,533 - piper_actor - DEBUG - run_dag dispatch (time 4): recv s2 mb0 bkt=0
[36m(PiperActor pid=2272402)[0m 2026-04-01 23:46:30,533 - piper_actor - DEBUG - exec_recv key (None, 0) from peer pp rank 1
[36m(PiperActor pid=2272402)[0m 2026-04-01 23:46:30,534 - piper_actor - DEBUG - run_dag dispatch (time 5): backward s2 mb0 bkt=0
[36m(PiperActor pid=2272402)[0m 2026-04-01 23:46:30,561 - piper_actor - DEBUG - run_dag dispatch (time 5): send s0 mb2 bkt=0
[36m(PiperActor pid=2272402)[0m 2026-04-01 23:46:30,562 - piper_actor - DEBUG - exec_send key ((0, 0), 2) to peer pp rank 1
[36m(PiperActor pid=2272402)[0m 2026-04-01 23:46:30,562 - piper_actor - DEBUG - run_dag dispatch (time 6): forward s0 mb3 bkt=0
[36m(PiperActor pid=2272388)[0m 2026-04-01 23:46:30,534 - piper_actor - DEBUG - run_dag dispatch (time 4): send s2 mb1 bkt=0
[36m(PiperActor pid=2272388)[0m 2026-04-01 23:46:30,534 - piper_actor - DEBUG - exec_send key ((2, 0), 1) to peer pp rank 1
[36m(PiperActor pid=2272388)[0m 2026-04-01 23:46:30,535 - piper_actor - DEBUG - run_dag dispatch (time 4): recv s2 mb0 bkt=0
[36m(PiperActor pid=2272388)[0m 2026-04-01 23:46:30,535 - piper_actor - DEBUG - exec_recv key (None, 0) from peer pp rank 1
[36m(PiperActor pid=2272388)[0m 2026-04-01 23:46:30,535 - piper_actor - DEBUG - run_dag dispatch (time 5): backward s2 mb0 bkt=0
[36m(PiperActor pid=2272388)[0m 2026-04-01 23:46:30,562 - piper_actor - DEBUG - run_dag dispatch (time 5): send s0 mb2 bkt=0
[36m(PiperActor pid=2272388)[0m 2026-04-01 23:46:30,563 - piper_actor - DEBUG - exec_send key ((0, 0), 2) to peer pp rank 1
[36m(PiperActor pid=2272388)[0m 2026-04-01 23:46:30,563 - piper_actor - DEBUG - run_dag dispatch (time 6): forward s0 mb3 bkt=0
[36m(PiperActor pid=2272396)[0m 2026-04-01 23:46:30,543 - piper_actor - DEBUG - run_dag dispatch (time 3): recv s3 mb1 bkt=0
[36m(PiperActor pid=2272396)[0m 2026-04-01 23:46:30,543 - piper_actor - DEBUG - exec_recv key ((3, 0), 1) from peer pp rank 0
[36m(PiperActor pid=2272396)[0m 2026-04-01 23:46:30,544 - piper_actor - DEBUG - run_dag dispatch (time 4): forward s3 mb1 bkt=0
[36m(PiperActor pid=2272392)[0m 2026-04-01 23:46:30,543 - piper_actor - DEBUG - run_dag dispatch (time 3): recv s3 mb1 bkt=0
[36m(PiperActor pid=2272392)[0m 2026-04-01 23:46:30,544 - piper_actor - DEBUG - exec_recv key ((3, 0), 1) from peer pp rank 0
[36m(PiperActor pid=2272392)[0m 2026-04-01 23:46:30,544 - piper_actor - DEBUG - run_dag dispatch (time 4): forward s3 mb1 bkt=0
[36m(PiperActor pid=2272396)[0m 2026-04-01 23:46:30,585 - piper_actor - DEBUG - run_dag dispatch (time 4): send s3 mb0 bkt=0
[36m(PiperActor pid=2272396)[0m 2026-04-01 23:46:30,585 - piper_actor - DEBUG - exec_send key (None, 0) to peer pp rank 0
[36m(PiperActor pid=2272396)[0m 2026-04-01 23:46:30,586 - piper_actor - DEBUG - run_dag dispatch (time 5): backward s3 mb1 bkt=0
[36m(PiperActor pid=2272392)[0m 2026-04-01 23:46:30,586 - piper_actor - DEBUG - run_dag dispatch (time 4): send s3 mb0 bkt=0
[36m(PiperActor pid=2272392)[0m 2026-04-01 23:46:30,587 - piper_actor - DEBUG - exec_send key (None, 0) to peer pp rank 0
[36m(PiperActor pid=2272392)[0m 2026-04-01 23:46:30,587 - piper_actor - DEBUG - run_dag dispatch (time 5): backward s3 mb1 bkt=0
[36m(PiperActor pid=2272402)[0m 2026-04-01 23:46:30,615 - piper_actor - DEBUG - run_dag dispatch (time 6): send s2 mb0 bkt=0
[36m(PiperActor pid=2272402)[0m 2026-04-01 23:46:30,615 - piper_actor - DEBUG - exec_send key (None, 0) to peer pp rank 1
[36m(PiperActor pid=2272402)[0m 2026-04-01 23:46:30,615 - piper_actor - DEBUG - run_dag dispatch (time 6): recv s2 mb1 bkt=0
[36m(PiperActor pid=2272402)[0m 2026-04-01 23:46:30,615 - piper_actor - DEBUG - exec_recv key (None, 1) from peer pp rank 1
[36m(PiperActor pid=2272402)[0m 2026-04-01 23:46:30,616 - piper_actor - DEBUG - run_dag dispatch (time 7): backward s2 mb1 bkt=0
[36m(PiperActor pid=2272388)[0m 2026-04-01 23:46:30,616 - piper_actor - DEBUG - run_dag dispatch (time 6): send s2 mb0 bkt=0
[36m(PiperActor pid=2272388)[0m 2026-04-01 23:46:30,616 - piper_actor - DEBUG - exec_send key (None, 0) to peer pp rank 1
[36m(PiperActor pid=2272388)[0m 2026-04-01 23:46:30,617 - piper_actor - DEBUG - run_dag dispatch (time 6): recv s2 mb1 bkt=0
[36m(PiperActor pid=2272388)[0m 2026-04-01 23:46:30,617 - piper_actor - DEBUG - exec_recv key (None, 1) from peer pp rank 1
[36m(PiperActor pid=2272388)[0m 2026-04-01 23:46:30,617 - piper_actor - DEBUG - run_dag dispatch (time 7): backward s2 mb1 bkt=0
[36m(PiperActor pid=2272396)[0m 2026-04-01 23:46:30,616 - piper_actor - DEBUG - run_dag dispatch (time 5): recv s1 mb2 bkt=0
[36m(PiperActor pid=2272396)[0m 2026-04-01 23:46:30,617 - piper_actor - DEBUG - exec_recv key ((1, 0), 2) from peer pp rank 0
[36m(PiperActor pid=2272396)[0m 2026-04-01 23:46:30,617 - piper_actor - DEBUG - run_dag dispatch (time 6): forward s1 mb2 bkt=0
[36m(PiperActor pid=2272392)[0m 2026-04-01 23:46:30,617 - piper_actor - DEBUG - run_dag dispatch (time 5): recv s1 mb2 bkt=0
[36m(PiperActor pid=2272392)[0m 2026-04-01 23:46:30,618 - piper_actor - DEBUG - exec_recv key ((1, 0), 2) from peer pp rank 0
[36m(PiperActor pid=2272392)[0m 2026-04-01 23:46:30,618 - piper_actor - DEBUG - run_dag dispatch (time 6): forward s1 mb2 bkt=0
[36m(PiperActor pid=2272402)[0m 2026-04-01 23:46:30,651 - piper_actor - DEBUG - run_dag dispatch (time 7): send s0 mb3 bkt=0
[36m(PiperActor pid=2272402)[0m 2026-04-01 23:46:30,652 - piper_actor - DEBUG - exec_send key ((0, 0), 3) to peer pp rank 1
[36m(PiperActor pid=2272402)[0m 2026-04-01 23:46:30,652 - piper_actor - DEBUG - run_dag dispatch (time 7): recv s2 mb2 bkt=0
[36m(PiperActor pid=2272402)[0m 2026-04-01 23:46:30,652 - piper_actor - DEBUG - exec_recv key ((2, 0), 2) from peer pp rank 1
[36m(PiperActor pid=2272402)[0m 2026-04-01 23:46:30,653 - piper_actor - DEBUG - run_dag dispatch (time 8): forward s2 mb2 bkt=0
[36m(PiperActor pid=2272388)[0m 2026-04-01 23:46:30,653 - piper_actor - DEBUG - run_dag dispatch (time 7): send s0 mb3 bkt=0
[36m(PiperActor pid=2272388)[0m 2026-04-01 23:46:30,653 - piper_actor - DEBUG - exec_send key ((0, 0), 3) to peer pp rank 1
[36m(PiperActor pid=2272388)[0m 2026-04-01 23:46:30,654 - piper_actor - DEBUG - run_dag dispatch (time 7): recv s2 mb2 bkt=0
[36m(PiperActor pid=2272388)[0m 2026-04-01 23:46:30,654 - piper_actor - DEBUG - exec_recv key ((2, 0), 2) from peer pp rank 1
[36m(PiperActor pid=2272388)[0m 2026-04-01 23:46:30,654 - piper_actor - DEBUG - run_dag dispatch (time 8): forward s2 mb2 bkt=0
[36m(PiperActor pid=2272396)[0m 2026-04-01 23:46:30,656 - piper_actor - DEBUG - run_dag dispatch (time 6): recv s1 mb0 bkt=0
[36m(PiperActor pid=2272396)[0m 2026-04-01 23:46:30,657 - piper_actor - DEBUG - exec_recv key (None, 0) from peer pp rank 0
[36m(PiperActor pid=2272396)[0m 2026-04-01 23:46:30,657 - piper_actor - DEBUG - run_dag dispatch (time 6): send s3 mb1 bkt=0
[36m(PiperActor pid=2272396)[0m 2026-04-01 23:46:30,657 - piper_actor - DEBUG - exec_send key (None, 1) to peer pp rank 0
[36m(PiperActor pid=2272396)[0m 2026-04-01 23:46:30,657 - piper_actor - DEBUG - run_dag dispatch (time 7): backward s1 mb0 bkt=0
[36m(PiperActor pid=2272396)[0m 2026-04-01 23:46:30,687 - piper_actor - DEBUG - run_dag dispatch (time 7): recv s1 mb3 bkt=0
[36m(PiperActor pid=2272396)[0m 2026-04-01 23:46:30,687 - piper_actor - DEBUG - exec_recv key ((1, 0), 3) from peer pp rank 0
[36m(PiperActor pid=2272396)[0m 2026-04-01 23:46:30,688 - piper_actor - DEBUG - run_dag dispatch (time 7): send s1 mb2 bkt=0
[36m(PiperActor pid=2272396)[0m 2026-04-01 23:46:30,688 - piper_actor - DEBUG - exec_send key ((1, 0), 2) to peer pp rank 0
[36m(PiperActor pid=2272392)[0m 2026-04-01 23:46:30,658 - piper_actor - DEBUG - run_dag dispatch (time 6): recv s1 mb0 bkt=0
[36m(PiperActor pid=2272392)[0m 2026-04-01 23:46:30,659 - piper_actor - DEBUG - exec_recv key (None, 0) from peer pp rank 0
[36m(PiperActor pid=2272392)[0m 2026-04-01 23:46:30,659 - piper_actor - DEBUG - run_dag dispatch (time 6): send s3 mb1 bkt=0
[36m(PiperActor pid=2272392)[0m 2026-04-01 23:46:30,659 - piper_actor - DEBUG - exec_send key (None, 1) to peer pp rank 0
[36m(PiperActor pid=2272392)[0m 2026-04-01 23:46:30,660 - piper_actor - DEBUG - run_dag dispatch (time 7): backward s1 mb0 bkt=0
[36m(PiperActor pid=2272392)[0m 2026-04-01 23:46:30,688 - piper_actor - DEBUG - run_dag dispatch (time 7): recv s1 mb3 bkt=0
[36m(PiperActor pid=2272392)[0m 2026-04-01 23:46:30,688 - piper_actor - DEBUG - exec_recv key ((1, 0), 3) from peer pp rank 0
[36m(PiperActor pid=2272402)[0m 2026-04-01 23:46:30,687 - piper_actor - DEBUG - run_dag dispatch (time 8): send s2 mb1 bkt=0
[36m(PiperActor pid=2272402)[0m 2026-04-01 23:46:30,687 - piper_actor - DEBUG - exec_send key (None, 1) to peer pp rank 1
[36m(PiperActor pid=2272402)[0m 2026-04-01 23:46:30,688 - piper_actor - DEBUG - run_dag dispatch (time 8): recv s0 mb0 bkt=0
[36m(PiperActor pid=2272402)[0m 2026-04-01 23:46:30,688 - piper_actor - DEBUG - exec_recv key (None, 0) from peer pp rank 1
[36m(PiperActor pid=2272402)[0m 2026-04-01 23:46:30,688 - piper_actor - DEBUG - run_dag dispatch (time 9): backward s0 mb0 bkt=0
[36m(PiperActor pid=2272402)[0m 2026-04-01 23:46:30,727 - piper_actor - DEBUG - run_dag dispatch (time 9): send s2 mb2 bkt=0
[36m(PiperActor pid=2272402)[0m 2026-04-01 23:46:30,727 - piper_actor - DEBUG - exec_send key ((2, 0), 2) to peer pp rank 1
[36m(PiperActor pid=2272402)[0m 2026-04-01 23:46:30,728 - piper_actor - DEBUG - run_dag dispatch (time 9): recv s2 mb3 bkt=0
[36m(PiperActor pid=2272402)[0m 2026-04-01 23:46:30,728 - piper_actor - DEBUG - exec_recv key ((2, 0), 3) from peer pp rank 1
[36m(PiperActor pid=2272388)[0m 2026-04-01 23:46:30,689 - piper_actor - DEBUG - run_dag dispatch (time 8): send s2 mb1 bkt=0
[36m(PiperActor pid=2272388)[0m 2026-04-01 23:46:30,689 - piper_actor - DEBUG - exec_send key (None, 1) to peer pp rank 1
[36m(PiperActor pid=2272388)[0m 2026-04-01 23:46:30,690 - piper_actor - DEBUG - run_dag dispatch (time 8): recv s0 mb0 bkt=0
[36m(PiperActor pid=2272388)[0m 2026-04-01 23:46:30,690 - piper_actor - DEBUG - exec_recv key (None, 0) from peer pp rank 1
[36m(PiperActor pid=2272388)[0m 2026-04-01 23:46:30,690 - piper_actor - DEBUG - run_dag dispatch (time 9): backward s0 mb0 bkt=0
[36m(PiperActor pid=2272388)[0m 2026-04-01 23:46:30,728 - piper_actor - DEBUG - run_dag dispatch (time 9): send s2 mb2 bkt=0
[36m(PiperActor pid=2272388)[0m 2026-04-01 23:46:30,728 - piper_actor - DEBUG - exec_send key ((2, 0), 2) to peer pp rank 1
[36m(PiperActor pid=2272388)[0m 2026-04-01 23:46:30,729 - piper_actor - DEBUG - run_dag dispatch (time 9): recv s2 mb3 bkt=0
[36m(PiperActor pid=2272396)[0m 2026-04-01 23:46:30,688 - piper_actor - DEBUG - run_dag dispatch (time 8): forward s1 mb3 bkt=0
[36m(PiperActor pid=2272396)[0m 2026-04-01 23:46:30,703 - piper_actor - DEBUG - run_dag dispatch (time 8): recv s1 mb1 bkt=0
[36m(PiperActor pid=2272396)[0m 2026-04-01 23:46:30,703 - piper_actor - DEBUG - exec_recv key (None, 1) from peer pp rank 0
[36m(PiperActor pid=2272396)[0m 2026-04-01 23:46:30,704 - piper_actor - DEBUG - run_dag dispatch (time 8): send s1 mb0 bkt=0
[36m(PiperActor pid=2272396)[0m 2026-04-01 23:46:30,704 - piper_actor - DEBUG - exec_send key (None, 0) to peer pp rank 0
[36m(PiperActor pid=2272396)[0m 2026-04-01 23:46:30,704 - piper_actor - DEBUG - run_dag dispatch (time 9): backward s1 mb1 bkt=0
[36m(PiperActor pid=2272392)[0m 2026-04-01 23:46:30,689 - piper_actor - DEBUG - run_dag dispatch (time 7): send s1 mb2 bkt=0
[36m(PiperActor pid=2272392)[0m 2026-04-01 23:46:30,689 - piper_actor - DEBUG - exec_send key ((1, 0), 2) to peer pp rank 0
[36m(PiperActor pid=2272392)[0m 2026-04-01 23:46:30,689 - piper_actor - DEBUG - run_dag dispatch (time 8): forward s1 mb3 bkt=0
[36m(PiperActor pid=2272392)[0m 2026-04-01 23:46:30,705 - piper_actor - DEBUG - run_dag dispatch (time 8): recv s1 mb1 bkt=0
[36m(PiperActor pid=2272392)[0m 2026-04-01 23:46:30,705 - piper_actor - DEBUG - exec_recv key (None, 1) from peer pp rank 0
[36m(PiperActor pid=2272392)[0m 2026-04-01 23:46:30,705 - piper_actor - DEBUG - run_dag dispatch (time 8): send s1 mb0 bkt=0
[36m(PiperActor pid=2272392)[0m 2026-04-01 23:46:30,705 - piper_actor - DEBUG - exec_send key (None, 0) to peer pp rank 0
[36m(PiperActor pid=2272392)[0m 2026-04-01 23:46:30,706 - piper_actor - DEBUG - run_dag dispatch (time 9): backward s1 mb1 bkt=0
[36m(PiperActor pid=2272402)[0m 2026-04-01 23:46:30,728 - piper_actor - DEBUG - run_dag dispatch (time 10): forward s2 mb3 bkt=0
[36m(PiperActor pid=2272402)[0m 2026-04-01 23:46:30,745 - piper_actor - DEBUG - run_dag dispatch (time 10): recv s0 mb1 bkt=0
[36m(PiperActor pid=2272402)[0m 2026-04-01 23:46:30,745 - piper_actor - DEBUG - exec_recv key (None, 1) from peer pp rank 1
[36m(PiperActor pid=2272402)[0m 2026-04-01 23:46:30,746 - piper_actor - DEBUG - run_dag dispatch (time 11): backward s0 mb1 bkt=0
[36m(PiperActor pid=2272388)[0m 2026-04-01 23:46:30,729 - piper_actor - DEBUG - exec_recv key ((2, 0), 3) from peer pp rank 1
[36m(PiperActor pid=2272388)[0m 2026-04-01 23:46:30,730 - piper_actor - DEBUG - run_dag dispatch (time 10): forward s2 mb3 bkt=0
[36m(PiperActor pid=2272388)[0m 2026-04-01 23:46:30,746 - piper_actor - DEBUG - run_dag dispatch (time 10): recv s0 mb1 bkt=0
[36m(PiperActor pid=2272388)[0m 2026-04-01 23:46:30,747 - piper_actor - DEBUG - exec_recv key (None, 1) from peer pp rank 1
[36m(PiperActor pid=2272388)[0m 2026-04-01 23:46:30,747 - piper_actor - DEBUG - run_dag dispatch (time 11): backward s0 mb1 bkt=0
[36m(PiperActor pid=2272396)[0m 2026-04-01 23:46:30,737 - piper_actor - DEBUG - run_dag dispatch (time 9): recv s3 mb2 bkt=0
[36m(PiperActor pid=2272396)[0m 2026-04-01 23:46:30,737 - piper_actor - DEBUG - exec_recv key ((3, 0), 2) from peer pp rank 0
[36m(PiperActor pid=2272396)[0m 2026-04-01 23:46:30,738 - piper_actor - DEBUG - run_dag dispatch (time 9): send s1 mb3 bkt=0
[36m(PiperActor pid=2272396)[0m 2026-04-01 23:46:30,738 - piper_actor - DEBUG - exec_send key ((1, 0), 3) to peer pp rank 0
[36m(PiperActor pid=2272396)[0m 2026-04-01 23:46:30,738 - piper_actor - DEBUG - run_dag dispatch (time 10): forward s3 mb2 bkt=0
[36m(PiperActor pid=2272396)[0m 2026-04-01 23:46:30,754 - piper_actor - DEBUG - run_dag dispatch (time 10): send s1 mb1 bkt=0
[36m(PiperActor pid=2272396)[0m 2026-04-01 23:46:30,754 - piper_actor - DEBUG - exec_send key (None, 1) to peer pp rank 0
[36m(PiperActor pid=2272396)[0m 2026-04-01 23:46:30,755 - piper_actor - DEBUG - run_dag dispatch (time 11): backward s3 mb2 bkt=0
[36m(PiperActor pid=2272392)[0m 2026-04-01 23:46:30,738 - piper_actor - DEBUG - run_dag dispatch (time 9): recv s3 mb2 bkt=0
[36m(PiperActor pid=2272392)[0m 2026-04-01 23:46:30,738 - piper_actor - DEBUG - exec_recv key ((3, 0), 2) from peer pp rank 0
[36m(PiperActor pid=2272392)[0m 2026-04-01 23:46:30,739 - piper_actor - DEBUG - run_dag dispatch (time 9): send s1 mb3 bkt=0
[36m(PiperActor pid=2272392)[0m 2026-04-01 23:46:30,739 - piper_actor - DEBUG - exec_send key ((1, 0), 3) to peer pp rank 0
[36m(PiperActor pid=2272392)[0m 2026-04-01 23:46:30,739 - piper_actor - DEBUG - run_dag dispatch (time 10): forward s3 mb2 bkt=0
[36m(PiperActor pid=2272392)[0m 2026-04-01 23:46:30,755 - piper_actor - DEBUG - run_dag dispatch (time 10): send s1 mb1 bkt=0
[36m(PiperActor pid=2272392)[0m 2026-04-01 23:46:30,755 - piper_actor - DEBUG - exec_send key (None, 1) to peer pp rank 0
[36m(PiperActor pid=2272392)[0m 2026-04-01 23:46:30,756 - piper_actor - DEBUG - run_dag dispatch (time 11): backward s3 mb2 bkt=0
[36m(PiperActor pid=2272402)[0m 2026-04-01 23:46:30,783 - piper_actor - DEBUG - run_dag dispatch (time 11): send s2 mb3 bkt=0
[36m(PiperActor pid=2272402)[0m 2026-04-01 23:46:30,784 - piper_actor - DEBUG - exec_send key ((2, 0), 3) to peer pp rank 1
[36m(PiperActor pid=2272402)[0m 2026-04-01 23:46:30,785 - piper_actor - DEBUG - run_dag dispatch (time 11): recv s2 mb2 bkt=0
[36m(PiperActor pid=2272402)[0m 2026-04-01 23:46:30,785 - piper_actor - DEBUG - exec_recv key (None, 2) from peer pp rank 1
[36m(PiperActor pid=2272402)[0m 2026-04-01 23:46:30,785 - piper_actor - DEBUG - run_dag dispatch (time 12): backward s2 mb2 bkt=0
[36m(PiperActor pid=2272388)[0m 2026-04-01 23:46:30,784 - piper_actor - DEBUG - run_dag dispatch (time 11): send s2 mb3 bkt=0
[36m(PiperActor pid=2272388)[0m 2026-04-01 23:46:30,785 - piper_actor - DEBUG - exec_send key ((2, 0), 3) to peer pp rank 1
[36m(PiperActor pid=2272388)[0m 2026-04-01 23:46:30,785 - piper_actor - DEBUG - run_dag dispatch (time 11): recv s2 mb2 bkt=0
[36m(PiperActor pid=2272388)[0m 2026-04-01 23:46:30,786 - piper_actor - DEBUG - exec_recv key (None, 2) from peer pp rank 1
[36m(PiperActor pid=2272388)[0m 2026-04-01 23:46:30,786 - piper_actor - DEBUG - run_dag dispatch (time 12): backward s2 mb2 bkt=0
[36m(PiperActor pid=2272396)[0m 2026-04-01 23:46:30,785 - piper_actor - DEBUG - run_dag dispatch (time 11): recv s3 mb3 bkt=0
[36m(PiperActor pid=2272396)[0m 2026-04-01 23:46:30,786 - piper_actor - DEBUG - exec_recv key ((3, 0), 3) from peer pp rank 0
[36m(PiperActor pid=2272396)[0m 2026-04-01 23:46:30,786 - piper_actor - DEBUG - run_dag dispatch (time 12): forward s3 mb3 bkt=0
[36m(PiperActor pid=2272392)[0m 2026-04-01 23:46:30,785 - piper_actor - DEBUG - run_dag dispatch (time 11): recv s3 mb3 bkt=0
[36m(PiperActor pid=2272392)[0m 2026-04-01 23:46:30,786 - piper_actor - DEBUG - exec_recv key ((3, 0), 3) from peer pp rank 0
[36m(PiperActor pid=2272392)[0m 2026-04-01 23:46:30,786 - piper_actor - DEBUG - run_dag dispatch (time 12): forward s3 mb3 bkt=0
[36m(PiperActor pid=2272402)[0m 2026-04-01 23:46:30,819 - piper_actor - DEBUG - run_dag dispatch (time 12): recv s2 mb3 bkt=0
[36m(PiperActor pid=2272402)[0m 2026-04-01 23:46:30,820 - piper_actor - DEBUG - exec_recv key (None, 3) from peer pp rank 1
[36m(PiperActor pid=2272402)[0m 2026-04-01 23:46:30,820 - piper_actor - DEBUG - run_dag dispatch (time 13): backward s2 mb3 bkt=0
[36m(PiperActor pid=2272388)[0m 2026-04-01 23:46:30,821 - piper_actor - DEBUG - run_dag dispatch (time 12): recv s2 mb3 bkt=0
[36m(PiperActor pid=2272388)[0m 2026-04-01 23:46:30,821 - piper_actor - DEBUG - exec_recv key (None, 3) from peer pp rank 1
[36m(PiperActor pid=2272388)[0m 2026-04-01 23:46:30,821 - piper_actor - DEBUG - run_dag dispatch (time 13): backward s2 mb3 bkt=0
[36m(PiperActor pid=2272396)[0m 2026-04-01 23:46:30,828 - piper_actor - DEBUG - run_dag dispatch (time 12): send s3 mb2 bkt=0
[36m(PiperActor pid=2272396)[0m 2026-04-01 23:46:30,828 - piper_actor - DEBUG - exec_send key (None, 2) to peer pp rank 0
[36m(PiperActor pid=2272396)[0m 2026-04-01 23:46:30,828 - piper_actor - DEBUG - run_dag dispatch (time 13): backward s3 mb3 bkt=0
[36m(PiperActor pid=2272392)[0m 2026-04-01 23:46:30,828 - piper_actor - DEBUG - run_dag dispatch (time 12): send s3 mb2 bkt=0
[36m(PiperActor pid=2272392)[0m 2026-04-01 23:46:30,828 - piper_actor - DEBUG - exec_send key (None, 2) to peer pp rank 0
[36m(PiperActor pid=2272392)[0m 2026-04-01 23:46:30,829 - piper_actor - DEBUG - run_dag dispatch (time 13): backward s3 mb3 bkt=0
[36m(PiperActor pid=2272402)[0m 2026-04-01 23:46:30,876 - piper_actor - DEBUG - run_dag dispatch (time 13): send s2 mb2 bkt=0
[36m(PiperActor pid=2272402)[0m 2026-04-01 23:46:30,877 - piper_actor - DEBUG - exec_send key (None, 2) to peer pp rank 1
[36m(PiperActor pid=2272402)[0m 2026-04-01 23:46:30,878 - piper_actor - DEBUG - run_dag dispatch (time 13): recv s0 mb2 bkt=0
[36m(PiperActor pid=2272402)[0m 2026-04-01 23:46:30,878 - piper_actor - DEBUG - exec_recv key (None, 2) from peer pp rank 1
[36m(PiperActor pid=2272402)[0m 2026-04-01 23:46:30,878 - piper_actor - DEBUG - run_dag dispatch (time 14): backward s0 mb2 bkt=0
[36m(PiperActor pid=2272388)[0m 2026-04-01 23:46:30,877 - piper_actor - DEBUG - run_dag dispatch (time 13): send s2 mb2 bkt=0
[36m(PiperActor pid=2272388)[0m 2026-04-01 23:46:30,878 - piper_actor - DEBUG - exec_send key (None, 2) to peer pp rank 1
[36m(PiperActor pid=2272388)[0m 2026-04-01 23:46:30,878 - piper_actor - DEBUG - run_dag dispatch (time 13): recv s0 mb2 bkt=0
[36m(PiperActor pid=2272388)[0m 2026-04-01 23:46:30,878 - piper_actor - DEBUG - exec_recv key (None, 2) from peer pp rank 1
[36m(PiperActor pid=2272388)[0m 2026-04-01 23:46:30,879 - piper_actor - DEBUG - run_dag dispatch (time 14): backward s0 mb2 bkt=0
[36m(PiperActor pid=2272396)[0m 2026-04-01 23:46:30,859 - piper_actor - DEBUG - run_dag dispatch (time 13): recv s1 mb2 bkt=0
[36m(PiperActor pid=2272396)[0m 2026-04-01 23:46:30,860 - piper_actor - DEBUG - exec_recv key (None, 2) from peer pp rank 0
[36m(PiperActor pid=2272396)[0m 2026-04-01 23:46:30,860 - piper_actor - DEBUG - run_dag dispatch (time 14): backward s1 mb2 bkt=0
[36m(PiperActor pid=2272392)[0m 2026-04-01 23:46:30,859 - piper_actor - DEBUG - run_dag dispatch (time 13): recv s1 mb2 bkt=0
[36m(PiperActor pid=2272392)[0m 2026-04-01 23:46:30,859 - piper_actor - DEBUG - exec_recv key (None, 2) from peer pp rank 0
[36m(PiperActor pid=2272392)[0m 2026-04-01 23:46:30,860 - piper_actor - DEBUG - run_dag dispatch (time 14): backward s1 mb2 bkt=0
[36m(PiperActor pid=2272396)[0m 2026-04-01 23:46:30,917 - piper_actor - DEBUG - run_dag dispatch (time 14): recv s1 mb3 bkt=0
[36m(PiperActor pid=2272396)[0m 2026-04-01 23:46:30,918 - piper_actor - DEBUG - exec_recv key (None, 3) from peer pp rank 0
[36m(PiperActor pid=2272396)[0m 2026-04-01 23:46:30,918 - piper_actor - DEBUG - run_dag dispatch (time 14): send s3 mb3 bkt=0
[36m(PiperActor pid=2272396)[0m 2026-04-01 23:46:30,919 - piper_actor - DEBUG - exec_send key (None, 3) to peer pp rank 0
[36m(PiperActor pid=2272396)[0m 2026-04-01 23:46:30,919 - piper_actor - DEBUG - run_dag dispatch (time 14): reduce_scatter s3 mb3 bkt=0
[36m(PiperActor pid=2272396)[0m 2026-04-01 23:46:30,919 - piper_actor - DEBUG - run_dag dispatch (time 15): backward s1 mb3 bkt=0
[36m(PiperActor pid=2272392)[0m 2026-04-01 23:46:30,917 - piper_actor - DEBUG - run_dag dispatch (time 14): recv s1 mb3 bkt=0
[36m(PiperActor pid=2272392)[0m 2026-04-01 23:46:30,918 - piper_actor - DEBUG - exec_recv key (None, 3) from peer pp rank 0
[36m(PiperActor pid=2272392)[0m 2026-04-01 23:46:30,918 - piper_actor - DEBUG - run_dag dispatch (time 14): send s3 mb3 bkt=0
[36m(PiperActor pid=2272392)[0m 2026-04-01 23:46:30,918 - piper_actor - DEBUG - exec_send key (None, 3) to peer pp rank 0
[36m(PiperActor pid=2272392)[0m 2026-04-01 23:46:30,919 - piper_actor - DEBUG - run_dag dispatch (time 14): reduce_scatter s3 mb3 bkt=0
[36m(PiperActor pid=2272392)[0m 2026-04-01 23:46:30,919 - piper_actor - DEBUG - run_dag dispatch (time 15): backward s1 mb3 bkt=0
[36m(PiperActor pid=2272402)[0m 2026-04-01 23:46:30,956 - piper_actor - DEBUG - run_dag dispatch (time 14): send s2 mb3 bkt=0
[36m(PiperActor pid=2272402)[0m 2026-04-01 23:46:30,956 - piper_actor - DEBUG - exec_send key (None, 3) to peer pp rank 1
[36m(PiperActor pid=2272402)[0m 2026-04-01 23:46:30,957 - piper_actor - DEBUG - run_dag dispatch (time 14): recv s0 mb3 bkt=0
[36m(PiperActor pid=2272402)[0m 2026-04-01 23:46:30,957 - piper_actor - DEBUG - exec_recv key (None, 3) from peer pp rank 1
[36m(PiperActor pid=2272402)[0m 2026-04-01 23:46:30,957 - piper_actor - DEBUG - run_dag dispatch (time 14): reduce_scatter s2 mb3 bkt=0
[36m(PiperActor pid=2272402)[0m 2026-04-01 23:46:30,958 - piper_actor - DEBUG - run_dag dispatch (time 15): backward s0 mb3 bkt=0
[36m(PiperActor pid=2272388)[0m 2026-04-01 23:46:30,957 - piper_actor - DEBUG - run_dag dispatch (time 14): send s2 mb3 bkt=0
[36m(PiperActor pid=2272388)[0m 2026-04-01 23:46:30,958 - piper_actor - DEBUG - exec_send key (None, 3) to peer pp rank 1
[36m(PiperActor pid=2272388)[0m 2026-04-01 23:46:30,958 - piper_actor - DEBUG - run_dag dispatch (time 14): recv s0 mb3 bkt=0
[36m(PiperActor pid=2272388)[0m 2026-04-01 23:46:30,959 - piper_actor - DEBUG - exec_recv key (None, 3) from peer pp rank 1
[36m(PiperActor pid=2272388)[0m 2026-04-01 23:46:30,959 - piper_actor - DEBUG - run_dag dispatch (time 14): reduce_scatter s2 mb3 bkt=0
[36m(PiperActor pid=2272388)[0m 2026-04-01 23:46:30,959 - piper_actor - DEBUG - run_dag dispatch (time 15): backward s0 mb3 bkt=0
[36m(PiperActor pid=2272396)[0m 2026-04-01 23:46:30,955 - piper_actor - DEBUG - run_dag dispatch (time 15): send s1 mb2 bkt=0
[36m(PiperActor pid=2272396)[0m 2026-04-01 23:46:30,955 - piper_actor - DEBUG - exec_send key (None, 2) to peer pp rank 0
[36m(PiperActor pid=2272396)[0m 2026-04-01 23:46:30,956 - piper_actor - DEBUG - run_dag dispatch (time 16): update s1 mb3 bkt=0
[36m(PiperActor pid=2272392)[0m 2026-04-01 23:46:30,956 - piper_actor - DEBUG - run_dag dispatch (time 15): send s1 mb2 bkt=0
[36m(PiperActor pid=2272392)[0m 2026-04-01 23:46:30,957 - piper_actor - DEBUG - exec_send key (None, 2) to peer pp rank 0
[36m(PiperActor pid=2272392)[0m 2026-04-01 23:46:30,957 - piper_actor - DEBUG - run_dag dispatch (time 16): update s1 mb3 bkt=0
[36m(PiperActor pid=2272402)[0m 2026-04-01 23:46:30,996 - piper_actor - DEBUG - run_dag dispatch (time 16): update s0 mb3 bkt=0
[36m(PiperActor pid=2272388)[0m 2026-04-01 23:46:30,998 - piper_actor - DEBUG - run_dag dispatch (time 16): update s0 mb3 bkt=0
[36m(PiperActor pid=2272396)[0m 2026-04-01 23:46:31,012 - piper_actor - DEBUG - run_dag dispatch (time 16): send s1 mb3 bkt=0
[36m(PiperActor pid=2272396)[0m 2026-04-01 23:46:31,012 - piper_actor - DEBUG - exec_send key (None, 3) to peer pp rank 0
[36m(PiperActor pid=2272396)[0m 2026-04-01 23:46:31,012 - piper_actor - DEBUG - run_dag dispatch (time 16): reduce_scatter s1 mb3 bkt=0
[36m(PiperActor pid=2272392)[0m 2026-04-01 23:46:31,014 - piper_actor - DEBUG - run_dag dispatch (time 16): send s1 mb3 bkt=0
[36m(PiperActor pid=2272392)[0m 2026-04-01 23:46:31,014 - piper_actor - DEBUG - exec_send key (None, 3) to peer pp rank 0
[36m(PiperActor pid=2272392)[0m 2026-04-01 23:46:31,015 - piper_actor - DEBUG - run_dag dispatch (time 16): reduce_scatter s1 mb3 bkt=0
[36m(PiperActor pid=2272402)[0m 2026-04-01 23:46:31,055 - piper_actor - DEBUG - run_dag dispatch (time 16): reduce_scatter s0 mb3 bkt=0
[36m(PiperActor pid=2272388)[0m 2026-04-01 23:46:31,056 - piper_actor - DEBUG - run_dag dispatch (time 16): reduce_scatter s0 mb3 bkt=0
[36m(run_dp_rank pid=2251954)[0m rank 0 all_gather time= 3.555 ± 0.623 ms (6 samples)
[36m(run_dp_rank pid=2251954)[0m rank 0 forward time= 19.681 ± 1.007 ms (24 samples)
[36m(run_dp_rank pid=2251954)[0m rank 0 p2p_send time= 0.169 ± 0.099 ms (36 samples)
[36m(run_dp_rank pid=2251954)[0m rank 0 p2p_recv time= 42.206 ± 23.175 ms (36 samples)
[36m(run_dp_rank pid=2251954)[0m rank 0 backward time= 36.004 ± 2.248 ms (24 samples)
[36m(run_dp_rank pid=2251954)[0m rank 0 reduce_scatter time= 3.899 ± 0.718 ms (6 samples)
[36m(run_dp_rank pid=2251954)[0m rank 0 backward_sync time= 0.003 ± 0.000 ms (3 samples)
[36m(run_dp_rank pid=2251954)[0m rank 0 optim_step time= 11.927 ± 0.010 ms (3 samples)
[36m(run_dp_rank pid=2251954)[0m rank 1 all_gather time= 3.653 ± 1.496 ms (6 samples)
[36m(run_dp_rank pid=2251954)[0m rank 1 p2p_recv time= 16.278 ± 14.592 ms (36 samples)
[36m(run_dp_rank pid=2251954)[0m rank 1 forward time= 20.895 ± 3.190 ms (24 samples)
[36m(run_dp_rank pid=2251954)[0m rank 1 p2p_send time= 0.237 ± 0.116 ms (36 samples)
[36m(run_dp_rank pid=2251954)[0m rank 1 backward time= 41.688 ± 9.395 ms (24 samples)
[36m(run_dp_rank pid=2251954)[0m rank 1 reduce_scatter time= 4.917 ± 1.676 ms (6 samples)
[36m(run_dp_rank pid=2251954)[0m rank 1 backward_sync time= 0.003 ± 0.000 ms (3 samples)
[36m(run_dp_rank pid=2251954)[0m rank 1 optim_step time= 11.419 ± 0.007 ms (3 samples)
[36m(run_dp_rank pid=2251994)[0m rank 2 all_gather time= 3.703 ± 1.098 ms (6 samples)
[36m(run_dp_rank pid=2251994)[0m rank 2 forward time= 19.696 ± 1.284 ms (24 samples)
[36m(run_dp_rank pid=2251994)[0m rank 2 p2p_send time= 0.173 ± 0.104 ms (36 samples)
[36m(run_dp_rank pid=2251994)[0m rank 2 p2p_recv time= 42.168 ± 23.123 ms (36 samples)
[36m(run_dp_rank pid=2251994)[0m rank 2 backward time= 35.944 ± 2.219 ms (24 samples)
[36m(run_dp_rank pid=2251994)[0m rank 2 reduce_scatter time= 4.735 ± 1.467 ms (6 samples)
[36m(run_dp_rank pid=2251994)[0m rank 2 backward_sync time= 0.003 ± 0.000 ms (3 samples)
[36m(run_dp_rank pid=2251994)[0m rank 2 optim_step time= 11.297 ± 0.012 ms (3 samples)
[36m(run_dp_rank pid=2251994)[0m rank 3 all_gather time= 3.640 ± 1.635 ms (6 samples)
[36m(run_dp_rank pid=2251994)[0m rank 3 p2p_recv time= 16.524 ± 14.812 ms (36 samples)
[36m(run_dp_rank pid=2251994)[0m rank 3 forward time= 20.864 ± 3.195 ms (24 samples)
[36m(run_dp_rank pid=2251994)[0m rank 3 p2p_send time= 0.243 ± 0.122 ms (36 samples)
[36m(run_dp_rank pid=2251994)[0m rank 3 backward time= 41.612 ± 9.403 ms (24 samples)
[36m(run_dp_rank pid=2251994)[0m rank 3 reduce_scatter time= 4.831 ± 1.722 ms (6 samples)
[36m(run_dp_rank pid=2251994)[0m rank 3 backward_sync time= 0.003 ± 0.000 ms (3 samples)
[36m(run_dp_rank pid=2251994)[0m rank 3 optim_step time= 11.163 ± 0.017 ms (3 samples)
