Namespace(model='3b', schedule='interleaved-1f1b', dp=2, pp=2, batch_size=16, mbs=4, seq_len=256, warmup=2, iters=5, trace_iters=3, tracing=True, naive_grad_sync=False, activation_checkpointing=False, bucketing=False, zero_stage=2, nsight=True, no_render_dag=True, no_nvtx=False)
2026-04-01 21:58:50,770	INFO worker.py:2007 -- Started a local Ray instance.
/m-coriander/coriander/wxdeng/conda-envs/piper_ref/lib/python3.10/site-packages/ray/_private/worker.py:2046: FutureWarning: Tip: In future versions of Ray, Ray will no longer override accelerator visible devices env var if num_gpus=0 or num_gpus=None (default). To enable this behavior and turn off this error message, set RAY_ACCEL_ENV_VAR_OVERRIDE_ON_ZERO=0
  warnings.warn(
{'placement_group_id': '2c5589dd001c681af3029be6c88301000000', 'name': '', 'bundles': {0: {'CPU': 2.0, 'GPU': 2.0}, 1: {'CPU': 2.0, 'GPU': 2.0}}, 'bundles_to_node_id': {0: '59f9afe57f14fa805dbdbaccb3fb65f6feee34a0325edb3a979169a7', 1: '59f9afe57f14fa805dbdbaccb3fb65f6feee34a0325edb3a979169a7'}, 'strategy': 'PACK', 'state': 'CREATED', 'stats': {'end_to_end_creation_latency_ms': 2.843, 'scheduling_latency_ms': 2.712, 'scheduling_attempt': 1, 'highest_retry_delay_ms': 0.0, 'scheduling_state': 'FINISHED'}}
[36m(run_dp_rank pid=1920336)[0m Namespace(model='3b', schedule='interleaved-1f1b', dp=2, pp=2, batch_size=16, mbs=4, seq_len=256, warmup=2, iters=5, trace_iters=3, tracing=True, naive_grad_sync=False, activation_checkpointing=False, bucketing=False, zero_stage=2, nsight=True, no_render_dag=True, no_nvtx=False)
[36m(run_dp_rank pid=1920336)[0m 2026-04-01 21:59:04,726 - piper_coordinator - DEBUG - Running DP rank 1 of 2 with 10.158.48.71:55077 as master address
[36m(run_dp_rank pid=1920352)[0m Namespace(model='3b', schedule='interleaved-1f1b', dp=2, pp=2, batch_size=16, mbs=4, seq_len=256, warmup=2, iters=5, trace_iters=3, tracing=True, naive_grad_sync=False, activation_checkpointing=False, bucketing=False, zero_stage=2, nsight=True, no_render_dag=True, no_nvtx=False)
[36m(run_dp_rank pid=1920352)[0m 2026-04-01 21:59:04,942 - piper_coordinator - DEBUG - Running DP rank 2 of 2 with 10.158.48.71:55077 as master address
[36m(run_dp_rank pid=1920336)[0m Schedule:
[36m(run_dp_rank pid=1920336)[0m 0:0:f    	0:1:f    	2:0:f    	2:1:f    	 ------ 	0:2:f    	2:0:b    	0:3:f    	2:1:b    	2:2:f    	0:0:b    	2:3:f    	0:1:b    	 ------ 	2:2:b    	2:3:b    	0:2:b    	0:3:b    	
[36m(run_dp_rank pid=1920336)[0m  ------ 	1:0:f    	1:1:f    	3:0:f    	3:0:b    	3:1:f    	3:1:b    	1:2:f    	1:0:b    	1:3:f    	1:1:b    	3:2:f    	3:2:b    	3:3:f    	3:3:b    	1:2:b    	1:3:b    	 ------ 	
[36m(run_dp_rank pid=1920336)[0m 2026-04-01 21:59:07,984 - piper_actor - DEBUG - DP rank 0 created actor Actor(PiperActor, 87dca2c261f2e5ec2d6f419001000000) global rank 0
[36m(run_dp_rank pid=1920336)[0m 2026-04-01 21:59:07,985 - piper_actor - DEBUG - DP rank 0 created actor Actor(PiperActor, 21a56c35564be86ff87452ba01000000) global rank 1
[36m(run_dp_rank pid=1920352)[0m Schedule:
[36m(run_dp_rank pid=1920352)[0m 0:0:f    	0:1:f    	2:0:f    	2:1:f    	 ------ 	0:2:f    	2:0:b    	0:3:f    	2:1:b    	2:2:f    	0:0:b    	2:3:f    	0:1:b    	 ------ 	2:2:b    	2:3:b    	0:2:b    	0:3:b    	
[36m(run_dp_rank pid=1920352)[0m  ------ 	1:0:f    	1:1:f    	3:0:f    	3:0:b    	3:1:f    	3:1:b    	1:2:f    	1:0:b    	1:3:f    	1:1:b    	3:2:f    	3:2:b    	3:3:f    	3:3:b    	1:2:b    	1:3:b    	 ------ 	
[36m(run_dp_rank pid=1920352)[0m 2026-04-01 21:59:08,204 - piper_actor - DEBUG - DP rank 1 created actor Actor(PiperActor, 8ccde9343242b86d1fcbe20401000000) global rank 2
[36m(run_dp_rank pid=1920352)[0m 2026-04-01 21:59:08,205 - piper_actor - DEBUG - DP rank 1 created actor Actor(PiperActor, 9eea07c5035c4ef25201c8b501000000) global rank 3
[36m(PiperActor pid=1939912)[0m 2026-04-01 22:00:02,024 - piper_actor - DEBUG - Initializing Ray actor 1 GPU 1
[36m(PiperActor pid=1939908)[0m 2026-04-01 22:00:02,024 - piper_actor - DEBUG - Initializing Ray actor 0 GPU 0
[36m(PiperActor pid=1939917)[0m 2026-04-01 22:00:02,122 - piper_actor - DEBUG - Initializing Ray actor 3 GPU 2
[36m(PiperActor pid=1939903)[0m 2026-04-01 22:00:02,259 - piper_actor - DEBUG - Initializing Ray actor 2 GPU 3
[36m(run_dp_rank pid=1920336)[0m 2026-04-01 22:00:06,526 - piper_compile - DEBUG - Master address for process groups: 10.158.48.71:36939
[36m(PiperActor pid=1939912)[0m 2026-04-01 22:00:06,531 - piper_actor - INFO - Actor 1 using GPU 1, master addr 10.158.48.71:36939
[36m(PiperActor pid=1939908)[0m 2026-04-01 22:00:06,528 - piper_actor - INFO - Actor 0 using GPU 0, master addr 10.158.48.71:36939
[36m(run_dp_rank pid=1920352)[0m 2026-04-01 22:00:06,696 - piper_compile - DEBUG - Master address for process groups: 10.158.48.71:36939
[36m(PiperActor pid=1939917)[0m 2026-04-01 22:00:06,951 - piper_actor - INFO - Actor 3 using GPU 2, master addr 10.158.48.71:36939
[36m(PiperActor pid=1939917)[0m 2026-04-01 22:00:08,273 - piper_actor - DEBUG - Actor 3 has GPU 2, joined the global process group
[36m(PiperActor pid=1939917)[0m 2026-04-01 22:00:08,275 - piper_actor - DEBUG - Global rank 3 joined its dp group 1 along with ranks [1, 3]
[36m(PiperActor pid=1939917)[0m 2026-04-01 22:00:08,277 - piper_actor - INFO - Global rank 3 warmed up pp communicators
[36m(PiperActor pid=1939903)[0m 2026-04-01 22:00:08,193 - piper_actor - INFO - Actor 2 using GPU 3, master addr 10.158.48.71:36939
[36m(PiperActor pid=1939903)[0m 2026-04-01 22:00:08,463 - piper_actor - DEBUG - Actor 2 has GPU 3, joined the global process group
[36m(PiperActor pid=1939903)[0m 2026-04-01 22:00:08,465 - piper_actor - DEBUG - Global rank 2 joined its dp group 0 along with ranks [0, 2]
[36m(PiperActor pid=1939903)[0m 2026-04-01 22:00:08,467 - piper_actor - INFO - Global rank 2 warmed up pp communicators
[36m(PiperActor pid=1939912)[0m 2026-04-01 22:00:08,535 - piper_actor - DEBUG - Actor 1 has GPU 1, joined the global process group
[36m(PiperActor pid=1939912)[0m 2026-04-01 22:00:08,537 - piper_actor - DEBUG - Global rank 1 joined its dp group 1 along with ranks [1, 3]
[36m(PiperActor pid=1939912)[0m 2026-04-01 22:00:08,538 - piper_actor - INFO - Global rank 1 warmed up pp communicators
[36m(PiperActor pid=1939908)[0m 2026-04-01 22:00:08,539 - piper_actor - DEBUG - Actor 0 has GPU 0, joined the global process group
[36m(PiperActor pid=1939908)[0m 2026-04-01 22:00:08,541 - piper_actor - DEBUG - Global rank 0 joined its dp group 0 along with ranks [0, 2]
[36m(PiperActor pid=1939908)[0m 2026-04-01 22:00:08,543 - piper_actor - INFO - Global rank 0 warmed up pp communicators
[36m(run_dp_rank pid=1920352)[0m 2026-04-01 22:00:08,607 - piper_compile - INFO - DP rank 1 waiting for dp_rank=0 to finish compiling...
[36m(run_dp_rank pid=1920336)[0m Model size: 3607 M parameters (6.72 GB), dtype: torch.bfloat16
[36m(run_dp_rank pid=1920336)[0m 2026-04-01 22:00:13,573 - piper_backend - DEBUG - Graph has stage annotations: True
[36m(run_dp_rank pid=1920336)[0m 2026-04-01 22:00:13,575 - piper_graph_transform - DEBUG - Found stage nodes in graph
[36m(PiperActor pid=1939908)[0m 2026-04-01 22:00:14,282 - piper_actor - DEBUG - Loading stage 0 (1 module(s)) on actor 0
[36m(PiperActor pid=1939912)[0m 2026-04-01 22:00:14,474 - piper_actor - DEBUG - Loading stage 1 (1 module(s)) on actor 1
[36m(PiperActor pid=1939912)[0m 2026-04-01 22:00:17,338 - piper_actor - DEBUG - Actor 1 imported and initialized Triton kernel modules
[36m(PiperActor pid=1939912)[0m 2026-04-01 22:00:17,338 - piper_actor - DEBUG - Manually registering Triton kernel at index 0 on actor 1...
[36m(PiperActor pid=1939908)[0m 2026-04-01 22:00:17,262 - piper_actor - DEBUG - Actor 0 imported and initialized Triton kernel modules
[36m(PiperActor pid=1939908)[0m 2026-04-01 22:00:17,263 - piper_actor - DEBUG - Manually registering Triton kernel at index 0 on actor 0...
[36m(PiperActor pid=1939912)[0m 2026-04-01 22:00:19,899 - piper_actor - DEBUG - Actor 1 registered kernel at id_to_kernel[0] (copied from index 0)
[36m(PiperActor pid=1939912)[0m 2026-04-01 22:00:19,949 - piper_actor - DEBUG - _replace_meta_constants: No meta device tensors found to replace! (checked 0 submodules)
[36m(PiperActor pid=1939912)[0m 2026-04-01 22:00:19,949 - piper_actor - DEBUG - Stage 1 module 0 input indices: [0]
[36m(PiperActor pid=1939908)[0m 2026-04-01 22:00:19,897 - piper_actor - DEBUG - Actor 0 registered kernel at id_to_kernel[0] (copied from index 0)
[36m(PiperActor pid=1939908)[0m 2026-04-01 22:00:19,948 - piper_actor - DEBUG - _replace_meta_constants: No meta device tensors found to replace! (checked 0 submodules)
[36m(PiperActor pid=1939908)[0m 2026-04-01 22:00:19,948 - piper_actor - DEBUG - Stage 0 module 0 input indices: [1]
[36m(PiperActor pid=1939912)[0m 2026-04-01 22:00:20,082 - piper_actor - DEBUG - Loading stage 3 (1 module(s)) on actor 1
[36m(PiperActor pid=1939912)[0m 2026-04-01 22:00:20,083 - piper_actor - DEBUG - Actor 1 imported and initialized Triton kernel modules
[36m(PiperActor pid=1939912)[0m 2026-04-01 22:00:20,083 - piper_actor - DEBUG - Manually registering Triton kernel at index 0 on actor 1...
[36m(PiperActor pid=1939908)[0m 2026-04-01 22:00:20,084 - piper_actor - DEBUG - Loading stage 2 (1 module(s)) on actor 0
[36m(PiperActor pid=1939908)[0m 2026-04-01 22:00:20,084 - piper_actor - DEBUG - Actor 0 imported and initialized Triton kernel modules
[36m(PiperActor pid=1939908)[0m 2026-04-01 22:00:20,084 - piper_actor - DEBUG - Manually registering Triton kernel at index 0 on actor 0...
[36m(PiperActor pid=1939912)[0m 2026-04-01 22:00:20,231 - piper_actor - DEBUG - Actor 1 registered kernel at id_to_kernel[0] (copied from index 0)
[36m(PiperActor pid=1939912)[0m 2026-04-01 22:00:20,281 - piper_actor - DEBUG - _replace_meta_constants: No meta device tensors found to replace! (checked 0 submodules)
[36m(PiperActor pid=1939912)[0m 2026-04-01 22:00:20,281 - piper_actor - DEBUG - Stage 3 module 0 input indices: [0]
[36m(PiperActor pid=1939908)[0m 2026-04-01 22:00:20,236 - piper_actor - DEBUG - Actor 0 registered kernel at id_to_kernel[0] (copied from index 0)
[36m(PiperActor pid=1939908)[0m 2026-04-01 22:00:20,285 - piper_actor - DEBUG - _replace_meta_constants: No meta device tensors found to replace! (checked 0 submodules)
[36m(PiperActor pid=1939908)[0m 2026-04-01 22:00:20,285 - piper_actor - DEBUG - Stage 2 module 0 input indices: [0]
[36m(run_dp_rank pid=1920336)[0m 2026-04-01 22:00:20,882 - piper_backend - DEBUG - Built task DAG: 34 nodes, 28 data edges, 32 temporal edges
[36m(run_dp_rank pid=1920336)[0m 2026-04-01 22:00:20,883 - piper_backend - DEBUG - Inserted ALL_REDUCE nodes for DP gradient sync
[36m(run_dp_rank pid=1920336)[0m 2026-04-01 22:00:20,883 - piper_backend - DEBUG - Inserted ZeRO-2 collective nodes
[36m(run_dp_rank pid=1920336)[0m 2026-04-01 22:00:20,884 - piper_graph_transform - WARNING - graphviz Python package not installed; skipping DAG visualisation
[36m(run_dp_rank pid=1920336)[0m 2026-04-01 22:00:20,884 - piper_graph_transform - WARNING - graphviz Python package not installed; skipping DAG visualisation
[36m(run_dp_rank pid=1920336)[0m 2026-04-01 22:00:20,888 - piper_backend - DEBUG - Loaded per-rank DAGs onto 2 actors
[36m(run_dp_rank pid=1920336)[0m 2026-04-01 22:00:21,539 - piper_backend - WARNING - Should not directly call compiled module, running non-distributed execution
[36m(run_dp_rank pid=1920336)[0m 2026-04-01 22:00:21,539 - piper_compile - INFO - DP rank 0 stage graphs loaded onto actors.
[36m(run_dp_rank pid=1920336)[0m 2026-04-01 22:00:23,853 - piper_compile - INFO - DP rank 0 published compiled stage data.
[36m(run_dp_rank pid=1920352)[0m 2026-04-01 22:00:23,867 - piper_compile - INFO - DP rank 1 received compiled stage data, loading onto actors...
[36m(PiperActor pid=1939908)[0m 2026-04-01 22:00:23,859 - piper_actor - DEBUG - Actor 0 loaded inputs 1
[36m(PiperActor pid=1939917)[0m 2026-04-01 22:00:23,877 - piper_actor - DEBUG - Loading stage 1 (1 module(s)) on actor 3
[36m(PiperActor pid=1939903)[0m 2026-04-01 22:00:23,875 - piper_actor - DEBUG - Loading stage 0 (1 module(s)) on actor 2
[36m(PiperActor pid=1939917)[0m 2026-04-01 22:00:26,765 - piper_actor - DEBUG - Actor 3 imported and initialized Triton kernel modules
[36m(PiperActor pid=1939917)[0m 2026-04-01 22:00:26,765 - piper_actor - DEBUG - Manually registering Triton kernel at index 0 on actor 3...
[36m(PiperActor pid=1939903)[0m 2026-04-01 22:00:26,837 - piper_actor - DEBUG - Actor 2 imported and initialized Triton kernel modules
[36m(PiperActor pid=1939903)[0m 2026-04-01 22:00:26,837 - piper_actor - DEBUG - Manually registering Triton kernel at index 0 on actor 2...
[36m(run_dp_rank pid=1920336)[0m Running 2 warmup iterations...
[36m(run_dp_rank pid=1920336)[0m 2026-04-01 22:00:28,620 - piper_compile - INFO - DP rank 0 real inputs/labels loaded onto actors.
[36m(run_dp_rank pid=1920336)[0m 2026-04-01 22:00:28,620 - piper_compile - INFO - DP rank 0 done.
[36m(PiperActor pid=1939912)[0m 2026-04-01 22:00:28,609 - piper_actor - DEBUG - Actor 1 loaded labels torch.Size([16, 256, 128256])
[36m(PiperActor pid=1939912)[0m 2026-04-01 22:00:28,625 - piper_actor - DEBUG - run_dag dispatch (time -20001): all_gather s3 mb0 bkt=0
[36m(PiperActor pid=1939908)[0m 2026-04-01 22:00:28,624 - piper_actor - DEBUG - run_dag dispatch (time -20001): all_gather s2 mb0 bkt=0
[36m(PiperActor pid=1939917)[0m 2026-04-01 22:00:28,898 - piper_actor - DEBUG - Actor 3 registered kernel at id_to_kernel[0] (copied from index 0)
[36m(PiperActor pid=1939917)[0m 2026-04-01 22:00:28,947 - piper_actor - DEBUG - _replace_meta_constants: No meta device tensors found to replace! (checked 0 submodules)
[36m(PiperActor pid=1939917)[0m 2026-04-01 22:00:28,948 - piper_actor - DEBUG - Stage 1 module 0 input indices: [0]
[36m(PiperActor pid=1939903)[0m 2026-04-01 22:00:28,905 - piper_actor - DEBUG - Actor 2 registered kernel at id_to_kernel[0] (copied from index 0)
[36m(PiperActor pid=1939903)[0m 2026-04-01 22:00:28,955 - piper_actor - DEBUG - _replace_meta_constants: No meta device tensors found to replace! (checked 0 submodules)
[36m(PiperActor pid=1939903)[0m 2026-04-01 22:00:28,955 - piper_actor - DEBUG - Stage 0 module 0 input indices: [1]
[36m(PiperActor pid=1939917)[0m 2026-04-01 22:00:29,568 - piper_actor - DEBUG - Loading stage 3 (1 module(s)) on actor 3
[36m(PiperActor pid=1939917)[0m 2026-04-01 22:00:29,568 - piper_actor - DEBUG - Actor 3 imported and initialized Triton kernel modules
[36m(PiperActor pid=1939917)[0m 2026-04-01 22:00:29,568 - piper_actor - DEBUG - Manually registering Triton kernel at index 0 on actor 3...
[36m(PiperActor pid=1939903)[0m 2026-04-01 22:00:29,573 - piper_actor - DEBUG - Loading stage 2 (1 module(s)) on actor 2
[36m(PiperActor pid=1939903)[0m 2026-04-01 22:00:29,574 - piper_actor - DEBUG - Actor 2 imported and initialized Triton kernel modules
[36m(PiperActor pid=1939903)[0m 2026-04-01 22:00:29,574 - piper_actor - DEBUG - Manually registering Triton kernel at index 0 on actor 2...
[36m(PiperActor pid=1939917)[0m 2026-04-01 22:00:29,594 - piper_actor - DEBUG - Actor 3 registered kernel at id_to_kernel[0] (copied from index 0)
[36m(PiperActor pid=1939903)[0m 2026-04-01 22:00:29,601 - piper_actor - DEBUG - Actor 2 registered kernel at id_to_kernel[0] (copied from index 0)
[36m(PiperActor pid=1939917)[0m 2026-04-01 22:00:29,645 - piper_actor - DEBUG - _replace_meta_constants: No meta device tensors found to replace! (checked 0 submodules)
[36m(PiperActor pid=1939917)[0m 2026-04-01 22:00:29,645 - piper_actor - DEBUG - Stage 3 module 0 input indices: [0]
[36m(PiperActor pid=1939903)[0m 2026-04-01 22:00:29,650 - piper_actor - DEBUG - _replace_meta_constants: No meta device tensors found to replace! (checked 0 submodules)
[36m(PiperActor pid=1939903)[0m 2026-04-01 22:00:29,650 - piper_actor - DEBUG - Stage 2 module 0 input indices: [0]
[36m(run_dp_rank pid=1920352)[0m 2026-04-01 22:00:29,714 - piper_compile - INFO - DP rank 1 stage graphs and DAGs loaded onto actors.
[36m(PiperActor pid=1939903)[0m 2026-04-01 22:00:29,718 - piper_actor - DEBUG - Actor 2 loaded inputs 1
[36m(run_dp_rank pid=1920352)[0m Running 2 warmup iterations...
[36m(run_dp_rank pid=1920352)[0m 2026-04-01 22:00:33,137 - piper_compile - INFO - DP rank 1 real inputs/labels loaded onto actors.
[36m(run_dp_rank pid=1920352)[0m 2026-04-01 22:00:33,138 - piper_compile - INFO - DP rank 1 done.
[36m(PiperActor pid=1939917)[0m 2026-04-01 22:00:33,126 - piper_actor - DEBUG - Actor 3 loaded labels torch.Size([16, 256, 128256])
[36m(PiperActor pid=1939917)[0m 2026-04-01 22:00:33,144 - piper_actor - DEBUG - run_dag dispatch (time -20001): all_gather s3 mb0 bkt=0
[36m(PiperActor pid=1939903)[0m 2026-04-01 22:00:33,143 - piper_actor - DEBUG - run_dag dispatch (time -20001): all_gather s2 mb0 bkt=0
[36m(PiperActor pid=1939912)[0m 2026-04-01 22:00:37,287 - piper_actor - DEBUG - run_dag dispatch (time -20000): all_gather s1 mb0 bkt=0
[36m(PiperActor pid=1939912)[0m 2026-04-01 22:00:37,288 - piper_actor - DEBUG - run_dag dispatch (time -1): recv s1 mb0 bkt=0
[36m(PiperActor pid=1939912)[0m 2026-04-01 22:00:37,288 - piper_actor - DEBUG - exec_recv key ((1, 0), 0) from peer pp rank 0
[36m(PiperActor pid=1939912)[0m [rank1]:[W401 22:00:37.801591290 ProcessGroupNCCL.cpp:4068] Warning: An unbatched P2P op (send/recv) was called on this ProcessGroup with size 2.  In lazy initialization mode, this will result in a new 2-rank NCCL communicator to be created. (function operator())
[36m(PiperActor pid=1939917)[0m 2026-04-01 22:00:37,284 - piper_actor - DEBUG - run_dag dispatch (time -20000): all_gather s1 mb0 bkt=0
[36m(PiperActor pid=1939917)[0m 2026-04-01 22:00:37,285 - piper_actor - DEBUG - run_dag dispatch (time -1): recv s1 mb0 bkt=0
[36m(PiperActor pid=1939917)[0m 2026-04-01 22:00:37,285 - piper_actor - DEBUG - exec_recv key ((1, 0), 0) from peer pp rank 0
[36m(PiperActor pid=1939917)[0m [rank3]:[W401 22:00:37.798431001 ProcessGroupNCCL.cpp:4068] Warning: An unbatched P2P op (send/recv) was called on this ProcessGroup with size 2.  In lazy initialization mode, this will result in a new 2-rank NCCL communicator to be created. (function operator())
[36m(PiperActor pid=1939908)[0m 2026-04-01 22:00:51,891 - piper_actor - DEBUG - run_dag dispatch (time -20000): all_gather s0 mb0 bkt=0
[36m(PiperActor pid=1939908)[0m 2026-04-01 22:00:51,892 - piper_actor - DEBUG - run_dag dispatch (time 0): forward s0 mb0 bkt=0
[36m(PiperActor pid=1939903)[0m 2026-04-01 22:00:51,890 - piper_actor - DEBUG - run_dag dispatch (time -20000): all_gather s0 mb0 bkt=0
[36m(PiperActor pid=1939903)[0m 2026-04-01 22:00:51,892 - piper_actor - DEBUG - run_dag dispatch (time 0): forward s0 mb0 bkt=0
[36m(PiperActor pid=1939908)[0m 2026-04-01 22:00:52,924 - piper_actor - DEBUG - run_dag dispatch (time 1): forward s0 mb1 bkt=0
[36m(PiperActor pid=1939903)[0m 2026-04-01 22:00:52,918 - piper_actor - DEBUG - run_dag dispatch (time 1): forward s0 mb1 bkt=0
[36m(PiperActor pid=1939908)[0m 2026-04-01 22:00:53,175 - piper_actor - DEBUG - run_dag dispatch (time 1): send s0 mb0 bkt=0
[36m(PiperActor pid=1939908)[0m 2026-04-01 22:00:53,175 - piper_actor - DEBUG - exec_send key ((0, 0), 0) to peer pp rank 1
[36m(PiperActor pid=1939908)[0m [rank0]:[W401 22:00:53.688461977 ProcessGroupNCCL.cpp:4068] Warning: An unbatched P2P op (send/recv) was called on this ProcessGroup with size 2.  In lazy initialization mode, this will result in a new 2-rank NCCL communicator to be created. (function operator())
[36m(PiperActor pid=1939903)[0m 2026-04-01 22:00:53,144 - piper_actor - DEBUG - run_dag dispatch (time 1): send s0 mb0 bkt=0
[36m(PiperActor pid=1939903)[0m 2026-04-01 22:00:53,144 - piper_actor - DEBUG - exec_send key ((0, 0), 0) to peer pp rank 1
[36m(PiperActor pid=1939903)[0m [rank2]:[W401 22:00:53.657494437 ProcessGroupNCCL.cpp:4068] Warning: An unbatched P2P op (send/recv) was called on this ProcessGroup with size 2.  In lazy initialization mode, this will result in a new 2-rank NCCL communicator to be created. (function operator())
[36m(PiperActor pid=1939917)[0m 2026-04-01 22:00:59,967 - piper_actor - DEBUG - run_dag dispatch (time 0): forward s1 mb0 bkt=0
[36m(PiperActor pid=1939903)[0m 2026-04-01 22:00:59,961 - piper_actor - DEBUG - run_dag dispatch (time 1): recv s2 mb0 bkt=0
[36m(PiperActor pid=1939903)[0m 2026-04-01 22:00:59,961 - piper_actor - DEBUG - exec_recv key ((2, 0), 0) from peer pp rank 1
[36m(PiperActor pid=1939903)[0m [rank2]:[W401 22:00:59.474816441 ProcessGroupNCCL.cpp:4068] Warning: An unbatched P2P op (send/recv) was called on this ProcessGroup with size 2.  In lazy initialization mode, this will result in a new 2-rank NCCL communicator to be created. (function operator())
[36m(PiperActor pid=1939917)[0m 2026-04-01 22:01:01,830 - piper_actor - DEBUG - run_dag dispatch (time 0): recv s1 mb1 bkt=0
[36m(PiperActor pid=1939917)[0m 2026-04-01 22:01:01,831 - piper_actor - DEBUG - exec_recv key ((1, 0), 1) from peer pp rank 0
[36m(PiperActor pid=1939917)[0m 2026-04-01 22:01:01,831 - piper_actor - DEBUG - run_dag dispatch (time 1): forward s1 mb1 bkt=0
[36m(PiperActor pid=1939917)[0m 2026-04-01 22:01:02,944 - piper_actor - DEBUG - run_dag dispatch (time 1): recv s3 mb0 bkt=0
[36m(PiperActor pid=1939917)[0m 2026-04-01 22:01:02,944 - piper_actor - DEBUG - exec_recv key ((3, 0), 0) from peer pp rank 0
[36m(PiperActor pid=1939917)[0m 2026-04-01 22:01:02,945 - piper_actor - DEBUG - run_dag dispatch (time 1): send s1 mb0 bkt=0
[36m(PiperActor pid=1939917)[0m 2026-04-01 22:01:02,945 - piper_actor - DEBUG - exec_send key ((1, 0), 0) to peer pp rank 0
[36m(PiperActor pid=1939917)[0m [rank3]:[W401 22:01:02.458344847 ProcessGroupNCCL.cpp:4068] Warning: An unbatched P2P op (send/recv) was called on this ProcessGroup with size 2.  In lazy initialization mode, this will result in a new 2-rank NCCL communicator to be created. (function operator())
[36m(PiperActor pid=1939912)[0m 2026-04-01 22:01:03,832 - piper_actor - DEBUG - run_dag dispatch (time 0): forward s1 mb0 bkt=0
[36m(PiperActor pid=1939908)[0m 2026-04-01 22:01:03,832 - piper_actor - DEBUG - run_dag dispatch (time 1): recv s2 mb0 bkt=0
[36m(PiperActor pid=1939908)[0m 2026-04-01 22:01:03,832 - piper_actor - DEBUG - exec_recv key ((2, 0), 0) from peer pp rank 1
[36m(PiperActor pid=1939908)[0m [rank0]:[W401 22:01:03.345639423 ProcessGroupNCCL.cpp:4068] Warning: An unbatched P2P op (send/recv) was called on this ProcessGroup with size 2.  In lazy initialization mode, this will result in a new 2-rank NCCL communicator to be created. (function operator())
[36m(PiperActor pid=1939912)[0m 2026-04-01 22:01:05,241 - piper_actor - DEBUG - run_dag dispatch (time 0): recv s1 mb1 bkt=0
[36m(PiperActor pid=1939912)[0m 2026-04-01 22:01:05,241 - piper_actor - DEBUG - exec_recv key ((1, 0), 1) from peer pp rank 0
[36m(PiperActor pid=1939912)[0m 2026-04-01 22:01:05,242 - piper_actor - DEBUG - run_dag dispatch (time 1): forward s1 mb1 bkt=0
[36m(PiperActor pid=1939912)[0m 2026-04-01 22:01:05,518 - piper_actor - DEBUG - run_dag dispatch (time 1): recv s3 mb0 bkt=0
[36m(PiperActor pid=1939912)[0m 2026-04-01 22:01:05,518 - piper_actor - DEBUG - exec_recv key ((3, 0), 0) from peer pp rank 0
[36m(PiperActor pid=1939912)[0m 2026-04-01 22:01:05,519 - piper_actor - DEBUG - run_dag dispatch (time 1): send s1 mb0 bkt=0
[36m(PiperActor pid=1939912)[0m 2026-04-01 22:01:05,519 - piper_actor - DEBUG - exec_send key ((1, 0), 0) to peer pp rank 0
[36m(PiperActor pid=1939912)[0m [rank1]:[W401 22:01:05.032019363 ProcessGroupNCCL.cpp:4068] Warning: An unbatched P2P op (send/recv) was called on this ProcessGroup with size 2.  In lazy initialization mode, this will result in a new 2-rank NCCL communicator to be created. (function operator())
[36m(PiperActor pid=1939917)[0m 2026-04-01 22:01:05,787 - piper_actor - DEBUG - run_dag dispatch (time 2): forward s3 mb0 bkt=0
[36m(PiperActor pid=1939903)[0m 2026-04-01 22:01:05,787 - piper_actor - DEBUG - run_dag dispatch (time 2): forward s2 mb0 bkt=0
[36m(PiperActor pid=1939903)[0m 2026-04-01 22:01:05,973 - piper_actor - DEBUG - run_dag dispatch (time 2): send s0 mb1 bkt=0
[36m(PiperActor pid=1939903)[0m 2026-04-01 22:01:05,973 - piper_actor - DEBUG - exec_send key ((0, 0), 1) to peer pp rank 1
[36m(PiperActor pid=1939903)[0m 2026-04-01 22:01:05,974 - piper_actor - DEBUG - run_dag dispatch (time 2): recv s2 mb1 bkt=0
[36m(PiperActor pid=1939903)[0m 2026-04-01 22:01:05,974 - piper_actor - DEBUG - exec_recv key ((2, 0), 1) from peer pp rank 1
[36m(PiperActor pid=1939903)[0m 2026-04-01 22:01:05,974 - piper_actor - DEBUG - run_dag dispatch (time 3): forward s2 mb1 bkt=0
[36m(PiperActor pid=1939903)[0m 2026-04-01 22:01:06,163 - piper_actor - DEBUG - run_dag dispatch (time 3): send s2 mb0 bkt=0
[36m(PiperActor pid=1939903)[0m 2026-04-01 22:01:06,163 - piper_actor - DEBUG - exec_send key ((2, 0), 0) to peer pp rank 1
[36m(PiperActor pid=1939903)[0m 2026-04-01 22:01:06,163 - piper_actor - DEBUG - run_dag dispatch (time 4): forward s0 mb2 bkt=0
[36m(PiperActor pid=1939917)[0m 2026-04-01 22:01:06,185 - piper_actor - DEBUG - run_dag dispatch (time 2): send s1 mb1 bkt=0
[36m(PiperActor pid=1939917)[0m 2026-04-01 22:01:06,186 - piper_actor - DEBUG - exec_send key ((1, 0), 1) to peer pp rank 0
[36m(PiperActor pid=1939917)[0m 2026-04-01 22:01:06,186 - piper_actor - DEBUG - run_dag dispatch (time 3): backward s3 mb0 bkt=0
[36m(PiperActor pid=1939917)[0m 2026-04-01 22:01:06,293 - piper_actor - DEBUG - run_dag dispatch (time 3): recv s3 mb1 bkt=0
[36m(PiperActor pid=1939917)[0m 2026-04-01 22:01:06,293 - piper_actor - DEBUG - exec_recv key ((3, 0), 1) from peer pp rank 0
[36m(PiperActor pid=1939917)[0m 2026-04-01 22:01:06,294 - piper_actor - DEBUG - run_dag dispatch (time 4): forward s3 mb1 bkt=0
[36m(PiperActor pid=1939917)[0m 2026-04-01 22:01:06,307 - piper_actor - DEBUG - run_dag dispatch (time 4): send s3 mb0 bkt=0
[36m(PiperActor pid=1939917)[0m 2026-04-01 22:01:06,308 - piper_actor - DEBUG - exec_send key (None, 0) to peer pp rank 0
[36m(PiperActor pid=1939917)[0m 2026-04-01 22:01:06,308 - piper_actor - DEBUG - run_dag dispatch (time 5): backward s3 mb1 bkt=0
[36m(PiperActor pid=1939917)[0m 2026-04-01 22:01:06,581 - piper_actor - DEBUG - run_dag dispatch (time 5): recv s1 mb2 bkt=0
[36m(PiperActor pid=1939917)[0m 2026-04-01 22:01:06,581 - piper_actor - DEBUG - exec_recv key ((1, 0), 2) from peer pp rank 0
[36m(PiperActor pid=1939917)[0m 2026-04-01 22:01:06,582 - piper_actor - DEBUG - run_dag dispatch (time 6): forward s1 mb2 bkt=0
[36m(PiperActor pid=1939903)[0m 2026-04-01 22:01:06,574 - piper_actor - DEBUG - run_dag dispatch (time 4): send s2 mb1 bkt=0
[36m(PiperActor pid=1939903)[0m 2026-04-01 22:01:06,574 - piper_actor - DEBUG - exec_send key ((2, 0), 1) to peer pp rank 1
[36m(PiperActor pid=1939903)[0m 2026-04-01 22:01:06,575 - piper_actor - DEBUG - run_dag dispatch (time 4): recv s2 mb0 bkt=0
[36m(PiperActor pid=1939903)[0m 2026-04-01 22:01:06,575 - piper_actor - DEBUG - exec_recv key (None, 0) from peer pp rank 1
[36m(PiperActor pid=1939903)[0m 2026-04-01 22:01:06,576 - piper_actor - DEBUG - run_dag dispatch (time 5): backward s2 mb0 bkt=0
[36m(PiperActor pid=1939917)[0m 2026-04-01 22:01:06,625 - piper_actor - DEBUG - run_dag dispatch (time 6): recv s1 mb0 bkt=0
[36m(PiperActor pid=1939917)[0m 2026-04-01 22:01:06,625 - piper_actor - DEBUG - exec_recv key (None, 0) from peer pp rank 0
[36m(PiperActor pid=1939917)[0m 2026-04-01 22:01:06,625 - piper_actor - DEBUG - run_dag dispatch (time 6): send s3 mb1 bkt=0
[36m(PiperActor pid=1939917)[0m 2026-04-01 22:01:06,625 - piper_actor - DEBUG - exec_send key (None, 1) to peer pp rank 0
[36m(PiperActor pid=1939917)[0m 2026-04-01 22:01:06,626 - piper_actor - DEBUG - run_dag dispatch (time 7): backward s1 mb0 bkt=0
[36m(PiperActor pid=1939917)[0m 2026-04-01 22:01:06,699 - piper_actor - DEBUG - run_dag dispatch (time 7): recv s1 mb3 bkt=0
[36m(PiperActor pid=1939917)[0m 2026-04-01 22:01:06,699 - piper_actor - DEBUG - exec_recv key ((1, 0), 3) from peer pp rank 0
[36m(PiperActor pid=1939917)[0m 2026-04-01 22:01:06,700 - piper_actor - DEBUG - run_dag dispatch (time 7): send s1 mb2 bkt=0
[36m(PiperActor pid=1939917)[0m 2026-04-01 22:01:06,700 - piper_actor - DEBUG - exec_send key ((1, 0), 2) to peer pp rank 0
[36m(PiperActor pid=1939917)[0m 2026-04-01 22:01:06,700 - piper_actor - DEBUG - run_dag dispatch (time 8): forward s1 mb3 bkt=0
[36m(PiperActor pid=1939917)[0m 2026-04-01 22:01:06,717 - piper_actor - DEBUG - run_dag dispatch (time 8): recv s1 mb1 bkt=0
[36m(PiperActor pid=1939917)[0m 2026-04-01 22:01:06,717 - piper_actor - DEBUG - exec_recv key (None, 1) from peer pp rank 0
[36m(PiperActor pid=1939917)[0m 2026-04-01 22:01:06,717 - piper_actor - DEBUG - run_dag dispatch (time 8): send s1 mb0 bkt=0
[36m(PiperActor pid=1939917)[0m 2026-04-01 22:01:06,718 - piper_actor - DEBUG - exec_send key (None, 0) to peer pp rank 0
[36m(PiperActor pid=1939917)[0m 2026-04-01 22:01:06,718 - piper_actor - DEBUG - run_dag dispatch (time 9): backward s1 mb1 bkt=0
[36m(PiperActor pid=1939917)[0m 2026-04-01 22:01:06,752 - piper_actor - DEBUG - run_dag dispatch (time 9): recv s3 mb2 bkt=0
[36m(PiperActor pid=1939917)[0m 2026-04-01 22:01:06,753 - piper_actor - DEBUG - exec_recv key ((3, 0), 2) from peer pp rank 0
[36m(PiperActor pid=1939917)[0m 2026-04-01 22:01:06,753 - piper_actor - DEBUG - run_dag dispatch (time 9): send s1 mb3 bkt=0
[36m(PiperActor pid=1939917)[0m 2026-04-01 22:01:06,753 - piper_actor - DEBUG - exec_send key ((1, 0), 3) to peer pp rank 0
[36m(PiperActor pid=1939917)[0m 2026-04-01 22:01:06,754 - piper_actor - DEBUG - run_dag dispatch (time 10): forward s3 mb2 bkt=0
[36m(PiperActor pid=1939903)[0m 2026-04-01 22:01:06,693 - piper_actor - DEBUG - run_dag dispatch (time 5): send s0 mb2 bkt=0
[36m(PiperActor pid=1939903)[0m 2026-04-01 22:01:06,694 - piper_actor - DEBUG - exec_send key ((0, 0), 2) to peer pp rank 1
[36m(PiperActor pid=1939903)[0m 2026-04-01 22:01:06,695 - piper_actor - DEBUG - run_dag dispatch (time 6): forward s0 mb3 bkt=0
[36m(PiperActor pid=1939903)[0m 2026-04-01 22:01:06,706 - piper_actor - DEBUG - run_dag dispatch (time 6): send s2 mb0 bkt=0
[36m(PiperActor pid=1939903)[0m 2026-04-01 22:01:06,707 - piper_actor - DEBUG - exec_send key (None, 0) to peer pp rank 1
[36m(PiperActor pid=1939903)[0m 2026-04-01 22:01:06,707 - piper_actor - DEBUG - run_dag dispatch (time 6): recv s2 mb1 bkt=0
[36m(PiperActor pid=1939903)[0m 2026-04-01 22:01:06,707 - piper_actor - DEBUG - exec_recv key (None, 1) from peer pp rank 1
[36m(PiperActor pid=1939903)[0m 2026-04-01 22:01:06,707 - piper_actor - DEBUG - run_dag dispatch (time 7): backward s2 mb1 bkt=0
[36m(PiperActor pid=1939903)[0m 2026-04-01 22:01:06,730 - piper_actor - DEBUG - run_dag dispatch (time 7): send s0 mb3 bkt=0
[36m(PiperActor pid=1939903)[0m 2026-04-01 22:01:06,731 - piper_actor - DEBUG - exec_send key ((0, 0), 3) to peer pp rank 1
[36m(PiperActor pid=1939903)[0m 2026-04-01 22:01:06,731 - piper_actor - DEBUG - run_dag dispatch (time 7): recv s2 mb2 bkt=0
[36m(PiperActor pid=1939903)[0m 2026-04-01 22:01:06,731 - piper_actor - DEBUG - exec_recv key ((2, 0), 2) from peer pp rank 1
[36m(PiperActor pid=1939903)[0m 2026-04-01 22:01:06,732 - piper_actor - DEBUG - run_dag dispatch (time 8): forward s2 mb2 bkt=0
[36m(PiperActor pid=1939903)[0m 2026-04-01 22:01:06,743 - piper_actor - DEBUG - run_dag dispatch (time 8): send s2 mb1 bkt=0
[36m(PiperActor pid=1939903)[0m 2026-04-01 22:01:06,743 - piper_actor - DEBUG - exec_send key (None, 1) to peer pp rank 1
[36m(PiperActor pid=1939903)[0m 2026-04-01 22:01:06,743 - piper_actor - DEBUG - run_dag dispatch (time 8): recv s0 mb0 bkt=0
[36m(PiperActor pid=1939903)[0m 2026-04-01 22:01:06,743 - piper_actor - DEBUG - exec_recv key (None, 0) from peer pp rank 1
[36m(PiperActor pid=1939903)[0m 2026-04-01 22:01:06,744 - piper_actor - DEBUG - run_dag dispatch (time 9): backward s0 mb0 bkt=0
[36m(PiperActor pid=1939917)[0m 2026-04-01 22:01:06,771 - piper_actor - DEBUG - run_dag dispatch (time 10): send s1 mb1 bkt=0
[36m(PiperActor pid=1939917)[0m 2026-04-01 22:01:06,771 - piper_actor - DEBUG - exec_send key (None, 1) to peer pp rank 0
[36m(PiperActor pid=1939917)[0m 2026-04-01 22:01:06,772 - piper_actor - DEBUG - run_dag dispatch (time 11): backward s3 mb2 bkt=0
[36m(PiperActor pid=1939903)[0m 2026-04-01 22:01:06,841 - piper_actor - DEBUG - run_dag dispatch (time 9): send s2 mb2 bkt=0
[36m(PiperActor pid=1939903)[0m 2026-04-01 22:01:06,841 - piper_actor - DEBUG - exec_send key ((2, 0), 2) to peer pp rank 1
[36m(PiperActor pid=1939917)[0m 2026-04-01 22:01:06,847 - piper_actor - DEBUG - run_dag dispatch (time 11): recv s3 mb3 bkt=0
[36m(PiperActor pid=1939917)[0m 2026-04-01 22:01:06,847 - piper_actor - DEBUG - exec_recv key ((3, 0), 3) from peer pp rank 0
[36m(PiperActor pid=1939917)[0m 2026-04-01 22:01:06,848 - piper_actor - DEBUG - run_dag dispatch (time 12): forward s3 mb3 bkt=0
[36m(PiperActor pid=1939903)[0m 2026-04-01 22:01:06,842 - piper_actor - DEBUG - run_dag dispatch (time 9): recv s2 mb3 bkt=0
[36m(PiperActor pid=1939903)[0m 2026-04-01 22:01:06,842 - piper_actor - DEBUG - exec_recv key ((2, 0), 3) from peer pp rank 1
[36m(PiperActor pid=1939903)[0m 2026-04-01 22:01:06,843 - piper_actor - DEBUG - run_dag dispatch (time 10): forward s2 mb3 bkt=0
[36m(PiperActor pid=1939903)[0m 2026-04-01 22:01:06,854 - piper_actor - DEBUG - run_dag dispatch (time 10): recv s0 mb1 bkt=0
[36m(PiperActor pid=1939903)[0m 2026-04-01 22:01:06,854 - piper_actor - DEBUG - exec_recv key (None, 1) from peer pp rank 1
[36m(PiperActor pid=1939903)[0m 2026-04-01 22:01:06,855 - piper_actor - DEBUG - run_dag dispatch (time 11): backward s0 mb1 bkt=0
[36m(PiperActor pid=1939903)[0m 2026-04-01 22:01:06,880 - piper_actor - DEBUG - run_dag dispatch (time 11): send s2 mb3 bkt=0
[36m(PiperActor pid=1939903)[0m 2026-04-01 22:01:06,880 - piper_actor - DEBUG - exec_send key ((2, 0), 3) to peer pp rank 1
[36m(PiperActor pid=1939903)[0m 2026-04-01 22:01:06,881 - piper_actor - DEBUG - run_dag dispatch (time 11): recv s2 mb2 bkt=0
[36m(PiperActor pid=1939903)[0m 2026-04-01 22:01:06,881 - piper_actor - DEBUG - exec_recv key (None, 2) from peer pp rank 1
[36m(PiperActor pid=1939903)[0m 2026-04-01 22:01:06,881 - piper_actor - DEBUG - run_dag dispatch (time 12): backward s2 mb2 bkt=0
[36m(PiperActor pid=1939917)[0m 2026-04-01 22:01:06,889 - piper_actor - DEBUG - run_dag dispatch (time 12): send s3 mb2 bkt=0
[36m(PiperActor pid=1939917)[0m 2026-04-01 22:01:06,889 - piper_actor - DEBUG - exec_send key (None, 2) to peer pp rank 0
[36m(PiperActor pid=1939917)[0m 2026-04-01 22:01:06,889 - piper_actor - DEBUG - run_dag dispatch (time 13): backward s3 mb3 bkt=0
[36m(PiperActor pid=1939903)[0m 2026-04-01 22:01:06,904 - piper_actor - DEBUG - run_dag dispatch (time 12): recv s2 mb3 bkt=0
[36m(PiperActor pid=1939903)[0m 2026-04-01 22:01:06,904 - piper_actor - DEBUG - exec_recv key (None, 3) from peer pp rank 1
[36m(PiperActor pid=1939903)[0m 2026-04-01 22:01:06,905 - piper_actor - DEBUG - run_dag dispatch (time 13): backward s2 mb3 bkt=0
[36m(PiperActor pid=1939917)[0m 2026-04-01 22:01:06,920 - piper_actor - DEBUG - run_dag dispatch (time 13): recv s1 mb2 bkt=0
[36m(PiperActor pid=1939917)[0m 2026-04-01 22:01:06,921 - piper_actor - DEBUG - exec_recv key (None, 2) from peer pp rank 0
[36m(PiperActor pid=1939917)[0m 2026-04-01 22:01:06,921 - piper_actor - DEBUG - run_dag dispatch (time 14): backward s1 mb2 bkt=0
[36m(PiperActor pid=1939903)[0m 2026-04-01 22:01:06,937 - piper_actor - DEBUG - run_dag dispatch (time 13): send s2 mb2 bkt=0
[36m(PiperActor pid=1939903)[0m 2026-04-01 22:01:06,937 - piper_actor - DEBUG - exec_send key (None, 2) to peer pp rank 1
[36m(PiperActor pid=1939903)[0m 2026-04-01 22:01:06,938 - piper_actor - DEBUG - run_dag dispatch (time 13): recv s0 mb2 bkt=0
[36m(PiperActor pid=1939903)[0m 2026-04-01 22:01:06,938 - piper_actor - DEBUG - exec_recv key (None, 2) from peer pp rank 1
[36m(PiperActor pid=1939903)[0m 2026-04-01 22:01:06,938 - piper_actor - DEBUG - run_dag dispatch (time 14): backward s0 mb2 bkt=0
[36m(PiperActor pid=1939917)[0m 2026-04-01 22:01:06,978 - piper_actor - DEBUG - run_dag dispatch (time 14): recv s1 mb3 bkt=0
[36m(PiperActor pid=1939917)[0m 2026-04-01 22:01:06,979 - piper_actor - DEBUG - exec_recv key (None, 3) from peer pp rank 0
[36m(PiperActor pid=1939917)[0m 2026-04-01 22:01:06,979 - piper_actor - DEBUG - run_dag dispatch (time 14): send s3 mb3 bkt=0
[36m(PiperActor pid=1939917)[0m 2026-04-01 22:01:06,979 - piper_actor - DEBUG - exec_send key (None, 3) to peer pp rank 0
[36m(PiperActor pid=1939917)[0m 2026-04-01 22:01:06,980 - piper_actor - DEBUG - run_dag dispatch (time 14): reduce_scatter s3 mb3 bkt=0
[36m(PiperActor pid=1939917)[0m 2026-04-01 22:01:06,980 - piper_actor - DEBUG - run_dag dispatch (time 15): backward s1 mb3 bkt=0
[36m(PiperActor pid=1939917)[0m 2026-04-01 22:01:07,017 - piper_actor - DEBUG - run_dag dispatch (time 15): send s1 mb2 bkt=0
[36m(PiperActor pid=1939917)[0m 2026-04-01 22:01:07,017 - piper_actor - DEBUG - exec_send key (None, 2) to peer pp rank 0
[36m(PiperActor pid=1939917)[0m 2026-04-01 22:01:07,018 - piper_actor - DEBUG - run_dag dispatch (time 16): update s1 mb3 bkt=0
[36m(PiperActor pid=1939903)[0m 2026-04-01 22:01:07,015 - piper_actor - DEBUG - run_dag dispatch (time 14): send s2 mb3 bkt=0
[36m(PiperActor pid=1939903)[0m 2026-04-01 22:01:07,015 - piper_actor - DEBUG - exec_send key (None, 3) to peer pp rank 1
[36m(PiperActor pid=1939903)[0m 2026-04-01 22:01:07,016 - piper_actor - DEBUG - run_dag dispatch (time 14): recv s0 mb3 bkt=0
[36m(PiperActor pid=1939903)[0m 2026-04-01 22:01:07,016 - piper_actor - DEBUG - exec_recv key (None, 3) from peer pp rank 1
[36m(PiperActor pid=1939903)[0m 2026-04-01 22:01:07,016 - piper_actor - DEBUG - run_dag dispatch (time 14): reduce_scatter s2 mb3 bkt=0
[36m(PiperActor pid=1939903)[0m 2026-04-01 22:01:07,017 - piper_actor - DEBUG - run_dag dispatch (time 15): backward s0 mb3 bkt=0
[36m(PiperActor pid=1939903)[0m 2026-04-01 22:01:07,056 - piper_actor - DEBUG - run_dag dispatch (time 16): update s0 mb3 bkt=0
[36m(PiperActor pid=1939912)[0m 2026-04-01 22:01:09,093 - piper_actor - DEBUG - run_dag dispatch (time 2): forward s3 mb0 bkt=0
[36m(PiperActor pid=1939908)[0m 2026-04-01 22:01:09,093 - piper_actor - DEBUG - run_dag dispatch (time 2): forward s2 mb0 bkt=0
[36m(PiperActor pid=1939912)[0m 2026-04-01 22:01:09,354 - piper_actor - DEBUG - run_dag dispatch (time 2): send s1 mb1 bkt=0
[36m(PiperActor pid=1939912)[0m 2026-04-01 22:01:09,354 - piper_actor - DEBUG - exec_send key ((1, 0), 1) to peer pp rank 0
[36m(PiperActor pid=1939912)[0m 2026-04-01 22:01:09,355 - piper_actor - DEBUG - run_dag dispatch (time 3): backward s3 mb0 bkt=0
[36m(PiperActor pid=1939908)[0m 2026-04-01 22:01:09,294 - piper_actor - DEBUG - run_dag dispatch (time 2): send s0 mb1 bkt=0
[36m(PiperActor pid=1939908)[0m 2026-04-01 22:01:09,294 - piper_actor - DEBUG - exec_send key ((0, 0), 1) to peer pp rank 1
[36m(PiperActor pid=1939908)[0m 2026-04-01 22:01:09,295 - piper_actor - DEBUG - run_dag dispatch (time 2): recv s2 mb1 bkt=0
[36m(PiperActor pid=1939908)[0m 2026-04-01 22:01:09,295 - piper_actor - DEBUG - exec_recv key ((2, 0), 1) from peer pp rank 1
[36m(PiperActor pid=1939908)[0m 2026-04-01 22:01:09,296 - piper_actor - DEBUG - run_dag dispatch (time 3): forward s2 mb1 bkt=0
[36m(PiperActor pid=1939908)[0m 2026-04-01 22:01:09,336 - piper_actor - DEBUG - run_dag dispatch (time 3): send s2 mb0 bkt=0
[36m(PiperActor pid=1939908)[0m 2026-04-01 22:01:09,336 - piper_actor - DEBUG - exec_send key ((2, 0), 0) to peer pp rank 1
[36m(PiperActor pid=1939908)[0m 2026-04-01 22:01:09,336 - piper_actor - DEBUG - run_dag dispatch (time 4): forward s0 mb2 bkt=0
[36m(PiperActor pid=1939908)[0m 2026-04-01 22:01:09,374 - piper_actor - DEBUG - run_dag dispatch (time 4): send s2 mb1 bkt=0
[36m(PiperActor pid=1939908)[0m 2026-04-01 22:01:09,375 - piper_actor - DEBUG - exec_send key ((2, 0), 1) to peer pp rank 1
[36m(PiperActor pid=1939908)[0m 2026-04-01 22:01:09,375 - piper_actor - DEBUG - run_dag dispatch (time 4): recv s2 mb0 bkt=0
[36m(PiperActor pid=1939908)[0m 2026-04-01 22:01:09,375 - piper_actor - DEBUG - exec_recv key (None, 0) from peer pp rank 1
[36m(PiperActor pid=1939908)[0m 2026-04-01 22:01:09,376 - piper_actor - DEBUG - run_dag dispatch (time 5): backward s2 mb0 bkt=0
[36m(PiperActor pid=1939912)[0m 2026-04-01 22:01:09,453 - piper_actor - DEBUG - run_dag dispatch (time 3): recv s3 mb1 bkt=0
[36m(PiperActor pid=1939912)[0m 2026-04-01 22:01:09,453 - piper_actor - DEBUG - exec_recv key ((3, 0), 1) from peer pp rank 0
[36m(PiperActor pid=1939912)[0m 2026-04-01 22:01:09,454 - piper_actor - DEBUG - run_dag dispatch (time 4): forward s3 mb1 bkt=0
[36m(PiperActor pid=1939912)[0m 2026-04-01 22:01:09,465 - piper_actor - DEBUG - run_dag dispatch (time 4): send s3 mb0 bkt=0
[36m(PiperActor pid=1939912)[0m 2026-04-01 22:01:09,465 - piper_actor - DEBUG - exec_send key (None, 0) to peer pp rank 0
[36m(PiperActor pid=1939912)[0m 2026-04-01 22:01:09,466 - piper_actor - DEBUG - run_dag dispatch (time 5): backward s3 mb1 bkt=0
[36m(PiperActor pid=1939912)[0m 2026-04-01 22:01:09,488 - piper_actor - DEBUG - run_dag dispatch (time 5): recv s1 mb2 bkt=0
[36m(PiperActor pid=1939912)[0m 2026-04-01 22:01:09,489 - piper_actor - DEBUG - exec_recv key ((1, 0), 2) from peer pp rank 0
[36m(PiperActor pid=1939912)[0m 2026-04-01 22:01:09,489 - piper_actor - DEBUG - run_dag dispatch (time 6): forward s1 mb2 bkt=0
[36m(PiperActor pid=1939912)[0m 2026-04-01 22:01:09,506 - piper_actor - DEBUG - run_dag dispatch (time 6): recv s1 mb0 bkt=0
[36m(PiperActor pid=1939912)[0m 2026-04-01 22:01:09,506 - piper_actor - DEBUG - exec_recv key (None, 0) from peer pp rank 0
[36m(PiperActor pid=1939912)[0m 2026-04-01 22:01:09,507 - piper_actor - DEBUG - run_dag dispatch (time 6): send s3 mb1 bkt=0
[36m(PiperActor pid=1939912)[0m 2026-04-01 22:01:09,507 - piper_actor - DEBUG - exec_send key (None, 1) to peer pp rank 0
[36m(PiperActor pid=1939912)[0m 2026-04-01 22:01:09,507 - piper_actor - DEBUG - run_dag dispatch (time 7): backward s1 mb0 bkt=0
[36m(PiperActor pid=1939912)[0m 2026-04-01 22:01:09,554 - piper_actor - DEBUG - run_dag dispatch (time 7): recv s1 mb3 bkt=0
[36m(PiperActor pid=1939912)[0m 2026-04-01 22:01:09,555 - piper_actor - DEBUG - exec_recv key ((1, 0), 3) from peer pp rank 0
[36m(PiperActor pid=1939912)[0m 2026-04-01 22:01:09,555 - piper_actor - DEBUG - run_dag dispatch (time 7): send s1 mb2 bkt=0
[36m(PiperActor pid=1939912)[0m 2026-04-01 22:01:09,555 - piper_actor - DEBUG - exec_send key ((1, 0), 2) to peer pp rank 0
[36m(PiperActor pid=1939912)[0m 2026-04-01 22:01:09,555 - piper_actor - DEBUG - run_dag dispatch (time 8): forward s1 mb3 bkt=0
[36m(PiperActor pid=1939912)[0m 2026-04-01 22:01:09,574 - piper_actor - DEBUG - run_dag dispatch (time 8): recv s1 mb1 bkt=0
[36m(PiperActor pid=1939912)[0m 2026-04-01 22:01:09,575 - piper_actor - DEBUG - exec_recv key (None, 1) from peer pp rank 0
[36m(PiperActor pid=1939912)[0m 2026-04-01 22:01:09,575 - piper_actor - DEBUG - run_dag dispatch (time 8): send s1 mb0 bkt=0
[36m(PiperActor pid=1939912)[0m 2026-04-01 22:01:09,575 - piper_actor - DEBUG - exec_send key (None, 0) to peer pp rank 0
[36m(PiperActor pid=1939912)[0m 2026-04-01 22:01:09,575 - piper_actor - DEBUG - run_dag dispatch (time 9): backward s1 mb1 bkt=0
[36m(PiperActor pid=1939912)[0m 2026-04-01 22:01:09,609 - piper_actor - DEBUG - run_dag dispatch (time 9): recv s3 mb2 bkt=0
[36m(PiperActor pid=1939912)[0m 2026-04-01 22:01:09,609 - piper_actor - DEBUG - exec_recv key ((3, 0), 2) from peer pp rank 0
[36m(PiperActor pid=1939912)[0m 2026-04-01 22:01:09,610 - piper_actor - DEBUG - run_dag dispatch (time 9): send s1 mb3 bkt=0
[36m(PiperActor pid=1939912)[0m 2026-04-01 22:01:09,610 - piper_actor - DEBUG - exec_send key ((1, 0), 3) to peer pp rank 0
[36m(PiperActor pid=1939912)[0m 2026-04-01 22:01:09,610 - piper_actor - DEBUG - run_dag dispatch (time 10): forward s3 mb2 bkt=0
[36m(PiperActor pid=1939912)[0m 2026-04-01 22:01:09,629 - piper_actor - DEBUG - run_dag dispatch (time 10): send s1 mb1 bkt=0
[36m(PiperActor pid=1939912)[0m 2026-04-01 22:01:09,629 - piper_actor - DEBUG - exec_send key (None, 1) to peer pp rank 0
[36m(PiperActor pid=1939912)[0m 2026-04-01 22:01:09,629 - piper_actor - DEBUG - run_dag dispatch (time 11): backward s3 mb2 bkt=0
[36m(PiperActor pid=1939912)[0m 2026-04-01 22:01:09,680 - piper_actor - DEBUG - run_dag dispatch (time 11): recv s3 mb3 bkt=0
[36m(PiperActor pid=1939912)[0m 2026-04-01 22:01:09,681 - piper_actor - DEBUG - exec_recv key ((3, 0), 3) from peer pp rank 0
[36m(PiperActor pid=1939912)[0m 2026-04-01 22:01:09,681 - piper_actor - DEBUG - run_dag dispatch (time 12): forward s3 mb3 bkt=0
[36m(PiperActor pid=1939908)[0m 2026-04-01 22:01:09,551 - piper_actor - DEBUG - run_dag dispatch (time 5): send s0 mb2 bkt=0
[36m(PiperActor pid=1939908)[0m 2026-04-01 22:01:09,552 - piper_actor - DEBUG - exec_send key ((0, 0), 2) to peer pp rank 1
[36m(PiperActor pid=1939908)[0m 2026-04-01 22:01:09,552 - piper_actor - DEBUG - run_dag dispatch (time 6): forward s0 mb3 bkt=0
[36m(PiperActor pid=1939908)[0m 2026-04-01 22:01:09,563 - piper_actor - DEBUG - run_dag dispatch (time 6): send s2 mb0 bkt=0
[36m(PiperActor pid=1939908)[0m 2026-04-01 22:01:09,563 - piper_actor - DEBUG - exec_send key (None, 0) to peer pp rank 1
[36m(PiperActor pid=1939908)[0m 2026-04-01 22:01:09,564 - piper_actor - DEBUG - run_dag dispatch (time 6): recv s2 mb1 bkt=0
[36m(PiperActor pid=1939908)[0m 2026-04-01 22:01:09,564 - piper_actor - DEBUG - exec_recv key (None, 1) from peer pp rank 1
[36m(PiperActor pid=1939908)[0m 2026-04-01 22:01:09,564 - piper_actor - DEBUG - run_dag dispatch (time 7): backward s2 mb1 bkt=0
[36m(PiperActor pid=1939908)[0m 2026-04-01 22:01:09,588 - piper_actor - DEBUG - run_dag dispatch (time 7): send s0 mb3 bkt=0
[36m(PiperActor pid=1939908)[0m 2026-04-01 22:01:09,588 - piper_actor - DEBUG - exec_send key ((0, 0), 3) to peer pp rank 1
[36m(PiperActor pid=1939908)[0m 2026-04-01 22:01:09,589 - piper_actor - DEBUG - run_dag dispatch (time 7): recv s2 mb2 bkt=0
[36m(PiperActor pid=1939908)[0m 2026-04-01 22:01:09,589 - piper_actor - DEBUG - exec_recv key ((2, 0), 2) from peer pp rank 1
[36m(PiperActor pid=1939908)[0m 2026-04-01 22:01:09,589 - piper_actor - DEBUG - run_dag dispatch (time 8): forward s2 mb2 bkt=0
[36m(PiperActor pid=1939908)[0m 2026-04-01 22:01:09,600 - piper_actor - DEBUG - run_dag dispatch (time 8): send s2 mb1 bkt=0
[36m(PiperActor pid=1939908)[0m 2026-04-01 22:01:09,600 - piper_actor - DEBUG - exec_send key (None, 1) to peer pp rank 1
[36m(PiperActor pid=1939908)[0m 2026-04-01 22:01:09,601 - piper_actor - DEBUG - run_dag dispatch (time 8): recv s0 mb0 bkt=0
[36m(PiperActor pid=1939908)[0m 2026-04-01 22:01:09,601 - piper_actor - DEBUG - exec_recv key (None, 0) from peer pp rank 1
[36m(PiperActor pid=1939908)[0m 2026-04-01 22:01:09,601 - piper_actor - DEBUG - run_dag dispatch (time 9): backward s0 mb0 bkt=0
[36m(PiperActor pid=1939908)[0m 2026-04-01 22:01:09,676 - piper_actor - DEBUG - run_dag dispatch (time 9): send s2 mb2 bkt=0
[36m(PiperActor pid=1939908)[0m 2026-04-01 22:01:09,676 - piper_actor - DEBUG - exec_send key ((2, 0), 2) to peer pp rank 1
[36m(PiperActor pid=1939908)[0m 2026-04-01 22:01:09,676 - piper_actor - DEBUG - run_dag dispatch (time 9): recv s2 mb3 bkt=0
[36m(PiperActor pid=1939908)[0m 2026-04-01 22:01:09,676 - piper_actor - DEBUG - exec_recv key ((2, 0), 3) from peer pp rank 1
[36m(PiperActor pid=1939908)[0m 2026-04-01 22:01:09,677 - piper_actor - DEBUG - run_dag dispatch (time 10): forward s2 mb3 bkt=0
[36m(PiperActor pid=1939912)[0m 2026-04-01 22:01:09,724 - piper_actor - DEBUG - run_dag dispatch (time 12): send s3 mb2 bkt=0
[36m(PiperActor pid=1939912)[0m 2026-04-01 22:01:09,724 - piper_actor - DEBUG - exec_send key (None, 2) to peer pp rank 0
[36m(PiperActor pid=1939912)[0m 2026-04-01 22:01:09,724 - piper_actor - DEBUG - run_dag dispatch (time 13): backward s3 mb3 bkt=0
[36m(PiperActor pid=1939908)[0m 2026-04-01 22:01:09,688 - piper_actor - DEBUG - run_dag dispatch (time 10): recv s0 mb1 bkt=0
[36m(PiperActor pid=1939908)[0m 2026-04-01 22:01:09,688 - piper_actor - DEBUG - exec_recv key (None, 1) from peer pp rank 1
[36m(PiperActor pid=1939908)[0m 2026-04-01 22:01:09,688 - piper_actor - DEBUG - run_dag dispatch (time 11): backward s0 mb1 bkt=0
[36m(PiperActor pid=1939908)[0m 2026-04-01 22:01:09,713 - piper_actor - DEBUG - run_dag dispatch (time 11): send s2 mb3 bkt=0
[36m(PiperActor pid=1939908)[0m 2026-04-01 22:01:09,713 - piper_actor - DEBUG - exec_send key ((2, 0), 3) to peer pp rank 1
[36m(PiperActor pid=1939908)[0m 2026-04-01 22:01:09,714 - piper_actor - DEBUG - run_dag dispatch (time 11): recv s2 mb2 bkt=0
[36m(PiperActor pid=1939908)[0m 2026-04-01 22:01:09,714 - piper_actor - DEBUG - exec_recv key (None, 2) from peer pp rank 1
[36m(PiperActor pid=1939908)[0m 2026-04-01 22:01:09,714 - piper_actor - DEBUG - run_dag dispatch (time 12): backward s2 mb2 bkt=0
[36m(PiperActor pid=1939912)[0m 2026-04-01 22:01:09,755 - piper_actor - DEBUG - run_dag dispatch (time 13): recv s1 mb2 bkt=0
[36m(PiperActor pid=1939912)[0m 2026-04-01 22:01:09,755 - piper_actor - DEBUG - exec_recv key (None, 2) from peer pp rank 0
[36m(PiperActor pid=1939912)[0m 2026-04-01 22:01:09,755 - piper_actor - DEBUG - run_dag dispatch (time 14): backward s1 mb2 bkt=0
[36m(PiperActor pid=1939908)[0m 2026-04-01 22:01:09,738 - piper_actor - DEBUG - run_dag dispatch (time 12): recv s2 mb3 bkt=0
[36m(PiperActor pid=1939908)[0m 2026-04-01 22:01:09,739 - piper_actor - DEBUG - exec_recv key (None, 3) from peer pp rank 1
[36m(PiperActor pid=1939908)[0m 2026-04-01 22:01:09,739 - piper_actor - DEBUG - run_dag dispatch (time 13): backward s2 mb3 bkt=0
[36m(PiperActor pid=1939908)[0m 2026-04-01 22:01:09,771 - piper_actor - DEBUG - run_dag dispatch (time 13): send s2 mb2 bkt=0
[36m(PiperActor pid=1939908)[0m 2026-04-01 22:01:09,772 - piper_actor - DEBUG - exec_send key (None, 2) to peer pp rank 1
[36m(PiperActor pid=1939908)[0m 2026-04-01 22:01:09,772 - piper_actor - DEBUG - run_dag dispatch (time 13): recv s0 mb2 bkt=0
[36m(PiperActor pid=1939908)[0m 2026-04-01 22:01:09,772 - piper_actor - DEBUG - exec_recv key (None, 2) from peer pp rank 1
[36m(PiperActor pid=1939908)[0m 2026-04-01 22:01:09,773 - piper_actor - DEBUG - run_dag dispatch (time 14): backward s0 mb2 bkt=0
[36m(PiperActor pid=1939912)[0m 2026-04-01 22:01:09,813 - piper_actor - DEBUG - run_dag dispatch (time 14): recv s1 mb3 bkt=0
[36m(PiperActor pid=1939912)[0m 2026-04-01 22:01:09,813 - piper_actor - DEBUG - exec_recv key (None, 3) from peer pp rank 0
[36m(PiperActor pid=1939912)[0m 2026-04-01 22:01:09,814 - piper_actor - DEBUG - run_dag dispatch (time 14): send s3 mb3 bkt=0
[36m(PiperActor pid=1939912)[0m 2026-04-01 22:01:09,814 - piper_actor - DEBUG - exec_send key (None, 3) to peer pp rank 0
[36m(PiperActor pid=1939912)[0m 2026-04-01 22:01:09,814 - piper_actor - DEBUG - run_dag dispatch (time 14): reduce_scatter s3 mb3 bkt=0
[36m(PiperActor pid=1939912)[0m 2026-04-01 22:01:09,815 - piper_actor - DEBUG - run_dag dispatch (time 15): backward s1 mb3 bkt=0
[36m(PiperActor pid=1939912)[0m 2026-04-01 22:01:09,850 - piper_actor - DEBUG - run_dag dispatch (time 15): send s1 mb2 bkt=0
[36m(PiperActor pid=1939912)[0m 2026-04-01 22:01:09,851 - piper_actor - DEBUG - exec_send key (None, 2) to peer pp rank 0
[36m(PiperActor pid=1939912)[0m 2026-04-01 22:01:09,851 - piper_actor - DEBUG - run_dag dispatch (time 16): update s1 mb3 bkt=0
[36m(PiperActor pid=1939908)[0m 2026-04-01 22:01:09,851 - piper_actor - DEBUG - run_dag dispatch (time 14): send s2 mb3 bkt=0
[36m(PiperActor pid=1939908)[0m 2026-04-01 22:01:09,852 - piper_actor - DEBUG - exec_send key (None, 3) to peer pp rank 1
[36m(PiperActor pid=1939908)[0m 2026-04-01 22:01:09,852 - piper_actor - DEBUG - run_dag dispatch (time 14): recv s0 mb3 bkt=0
[36m(PiperActor pid=1939908)[0m 2026-04-01 22:01:09,852 - piper_actor - DEBUG - exec_recv key (None, 3) from peer pp rank 1
[36m(PiperActor pid=1939908)[0m 2026-04-01 22:01:09,853 - piper_actor - DEBUG - run_dag dispatch (time 14): reduce_scatter s2 mb3 bkt=0
[36m(PiperActor pid=1939908)[0m 2026-04-01 22:01:09,853 - piper_actor - DEBUG - run_dag dispatch (time 15): backward s0 mb3 bkt=0
[36m(PiperActor pid=1939908)[0m 2026-04-01 22:01:09,892 - piper_actor - DEBUG - run_dag dispatch (time 16): update s0 mb3 bkt=0
[36m(PiperActor pid=1939917)[0m 2026-04-01 22:01:09,891 - piper_actor - DEBUG - run_dag dispatch (time 16): send s1 mb3 bkt=0
[36m(PiperActor pid=1939917)[0m 2026-04-01 22:01:09,891 - piper_actor - DEBUG - exec_send key (None, 3) to peer pp rank 0
[36m(PiperActor pid=1939917)[0m 2026-04-01 22:01:09,892 - piper_actor - DEBUG - run_dag dispatch (time 16): reduce_scatter s1 mb3 bkt=0
[36m(PiperActor pid=1939912)[0m 2026-04-01 22:01:09,954 - piper_actor - DEBUG - run_dag dispatch (time 16): send s1 mb3 bkt=0
[36m(PiperActor pid=1939912)[0m 2026-04-01 22:01:09,955 - piper_actor - DEBUG - exec_send key (None, 3) to peer pp rank 0
[36m(PiperActor pid=1939912)[0m 2026-04-01 22:01:09,955 - piper_actor - DEBUG - run_dag dispatch (time 16): reduce_scatter s1 mb3 bkt=0
[36m(PiperActor pid=1939903)[0m 2026-04-01 22:01:09,988 - piper_actor - DEBUG - run_dag dispatch (time 16): reduce_scatter s0 mb3 bkt=0
[36m(PiperActor pid=1939908)[0m 2026-04-01 22:01:10,052 - piper_actor - DEBUG - run_dag dispatch (time 16): reduce_scatter s0 mb3 bkt=0
[36m(PiperActor pid=1939917)[0m 2026-04-01 22:01:11,001 - piper_actor - DEBUG - run_dag dispatch (time -20001): all_gather s3 mb0 bkt=0
[36m(PiperActor pid=1939917)[0m 2026-04-01 22:01:11,002 - piper_actor - DEBUG - run_dag dispatch (time -20000): all_gather s1 mb0 bkt=0
[36m(PiperActor pid=1939917)[0m 2026-04-01 22:01:11,002 - piper_actor - DEBUG - run_dag dispatch (time -1): recv s1 mb0 bkt=0
[36m(PiperActor pid=1939917)[0m 2026-04-01 22:01:11,002 - piper_actor - DEBUG - exec_recv key ((1, 0), 0) from peer pp rank 0
[36m(PiperActor pid=1939917)[0m 2026-04-01 22:01:11,003 - piper_actor - DEBUG - run_dag dispatch (time 0): forward s1 mb0 bkt=0
[36m(PiperActor pid=1939917)[0m 2026-04-01 22:01:11,014 - piper_actor - DEBUG - run_dag dispatch (time 0): recv s1 mb1 bkt=0
[36m(PiperActor pid=1939917)[0m 2026-04-01 22:01:11,015 - piper_actor - DEBUG - exec_recv key ((1, 0), 1) from peer pp rank 0
[36m(PiperActor pid=1939917)[0m 2026-04-01 22:01:11,015 - piper_actor - DEBUG - run_dag dispatch (time 1): forward s1 mb1 bkt=0
[36m(PiperActor pid=1939917)[0m 2026-04-01 22:01:11,026 - piper_actor - DEBUG - run_dag dispatch (time 1): recv s3 mb0 bkt=0
[36m(PiperActor pid=1939917)[0m 2026-04-01 22:01:11,026 - piper_actor - DEBUG - exec_recv key ((3, 0), 0) from peer pp rank 0
[36m(PiperActor pid=1939917)[0m 2026-04-01 22:01:11,027 - piper_actor - DEBUG - run_dag dispatch (time 1): send s1 mb0 bkt=0
[36m(PiperActor pid=1939917)[0m 2026-04-01 22:01:11,027 - piper_actor - DEBUG - exec_send key ((1, 0), 0) to peer pp rank 0
[36m(PiperActor pid=1939917)[0m 2026-04-01 22:01:11,027 - piper_actor - DEBUG - run_dag dispatch (time 2): forward s3 mb0 bkt=0
[36m(PiperActor pid=1939903)[0m 2026-04-01 22:01:11,001 - piper_actor - DEBUG - run_dag dispatch (time -20001): all_gather s2 mb0 bkt=0
[36m(PiperActor pid=1939903)[0m 2026-04-01 22:01:11,002 - piper_actor - DEBUG - run_dag dispatch (time -20000): all_gather s0 mb0 bkt=0
[36m(PiperActor pid=1939903)[0m 2026-04-01 22:01:11,002 - piper_actor - DEBUG - run_dag dispatch (time 0): forward s0 mb0 bkt=0
[36m(PiperActor pid=1939903)[0m 2026-04-01 22:01:11,014 - piper_actor - DEBUG - run_dag dispatch (time 1): forward s0 mb1 bkt=0
[36m(PiperActor pid=1939903)[0m 2026-04-01 22:01:11,025 - piper_actor - DEBUG - run_dag dispatch (time 1): send s0 mb0 bkt=0
[36m(PiperActor pid=1939903)[0m 2026-04-01 22:01:11,025 - piper_actor - DEBUG - exec_send key ((0, 0), 0) to peer pp rank 1
[36m(PiperActor pid=1939903)[0m 2026-04-01 22:01:11,026 - piper_actor - DEBUG - run_dag dispatch (time 1): recv s2 mb0 bkt=0
[36m(PiperActor pid=1939903)[0m 2026-04-01 22:01:11,026 - piper_actor - DEBUG - exec_recv key ((2, 0), 0) from peer pp rank 1
[36m(PiperActor pid=1939903)[0m 2026-04-01 22:01:11,026 - piper_actor - DEBUG - run_dag dispatch (time 2): forward s2 mb0 bkt=0
[36m(PiperActor pid=1939912)[0m 2026-04-01 22:01:11,063 - piper_actor - DEBUG - run_dag dispatch (time -20001): all_gather s3 mb0 bkt=0
[36m(PiperActor pid=1939912)[0m 2026-04-01 22:01:11,063 - piper_actor - DEBUG - run_dag dispatch (time -20000): all_gather s1 mb0 bkt=0
[36m(PiperActor pid=1939912)[0m 2026-04-01 22:01:11,064 - piper_actor - DEBUG - run_dag dispatch (time -1): recv s1 mb0 bkt=0
[36m(PiperActor pid=1939912)[0m 2026-04-01 22:01:11,064 - piper_actor - DEBUG - exec_recv key ((1, 0), 0) from peer pp rank 0
[36m(PiperActor pid=1939912)[0m 2026-04-01 22:01:11,064 - piper_actor - DEBUG - run_dag dispatch (time 0): forward s1 mb0 bkt=0
[36m(PiperActor pid=1939912)[0m 2026-04-01 22:01:11,075 - piper_actor - DEBUG - run_dag dispatch (time 0): recv s1 mb1 bkt=0
[36m(PiperActor pid=1939912)[0m 2026-04-01 22:01:11,075 - piper_actor - DEBUG - exec_recv key ((1, 0), 1) from peer pp rank 0
[36m(PiperActor pid=1939912)[0m 2026-04-01 22:01:11,075 - piper_actor - DEBUG - run_dag dispatch (time 1): forward s1 mb1 bkt=0
[36m(PiperActor pid=1939912)[0m 2026-04-01 22:01:11,086 - piper_actor - DEBUG - run_dag dispatch (time 1): recv s3 mb0 bkt=0
[36m(PiperActor pid=1939912)[0m 2026-04-01 22:01:11,086 - piper_actor - DEBUG - exec_recv key ((3, 0), 0) from peer pp rank 0
[36m(PiperActor pid=1939912)[0m 2026-04-01 22:01:11,087 - piper_actor - DEBUG - run_dag dispatch (time 1): send s1 mb0 bkt=0
[36m(PiperActor pid=1939912)[0m 2026-04-01 22:01:11,087 - piper_actor - DEBUG - exec_send key ((1, 0), 0) to peer pp rank 0
[36m(PiperActor pid=1939912)[0m 2026-04-01 22:01:11,087 - piper_actor - DEBUG - run_dag dispatch (time 2): forward s3 mb0 bkt=0
[36m(PiperActor pid=1939908)[0m 2026-04-01 22:01:11,062 - piper_actor - DEBUG - run_dag dispatch (time -20001): all_gather s2 mb0 bkt=0
[36m(PiperActor pid=1939908)[0m 2026-04-01 22:01:11,063 - piper_actor - DEBUG - run_dag dispatch (time -20000): all_gather s0 mb0 bkt=0
[36m(PiperActor pid=1939908)[0m 2026-04-01 22:01:11,064 - piper_actor - DEBUG - run_dag dispatch (time 0): forward s0 mb0 bkt=0
[36m(PiperActor pid=1939908)[0m 2026-04-01 22:01:11,075 - piper_actor - DEBUG - run_dag dispatch (time 1): forward s0 mb1 bkt=0
[36m(PiperActor pid=1939908)[0m 2026-04-01 22:01:11,086 - piper_actor - DEBUG - run_dag dispatch (time 1): send s0 mb0 bkt=0
[36m(PiperActor pid=1939908)[0m 2026-04-01 22:01:11,086 - piper_actor - DEBUG - exec_send key ((0, 0), 0) to peer pp rank 1
[36m(PiperActor pid=1939908)[0m 2026-04-01 22:01:11,086 - piper_actor - DEBUG - run_dag dispatch (time 1): recv s2 mb0 bkt=0
[36m(PiperActor pid=1939908)[0m 2026-04-01 22:01:11,086 - piper_actor - DEBUG - exec_recv key ((2, 0), 0) from peer pp rank 1
[36m(PiperActor pid=1939908)[0m 2026-04-01 22:01:11,087 - piper_actor - DEBUG - run_dag dispatch (time 2): forward s2 mb0 bkt=0
[36m(PiperActor pid=1939917)[0m 2026-04-01 22:01:11,093 - piper_actor - DEBUG - run_dag dispatch (time 2): send s1 mb1 bkt=0
[36m(PiperActor pid=1939917)[0m 2026-04-01 22:01:11,094 - piper_actor - DEBUG - exec_send key ((1, 0), 1) to peer pp rank 0
[36m(PiperActor pid=1939917)[0m 2026-04-01 22:01:11,094 - piper_actor - DEBUG - run_dag dispatch (time 3): backward s3 mb0 bkt=0
[36m(PiperActor pid=1939903)[0m 2026-04-01 22:01:11,073 - piper_actor - DEBUG - run_dag dispatch (time 2): send s0 mb1 bkt=0
[36m(PiperActor pid=1939903)[0m 2026-04-01 22:01:11,073 - piper_actor - DEBUG - exec_send key ((0, 0), 1) to peer pp rank 1
[36m(PiperActor pid=1939903)[0m 2026-04-01 22:01:11,073 - piper_actor - DEBUG - run_dag dispatch (time 2): recv s2 mb1 bkt=0
[36m(PiperActor pid=1939903)[0m 2026-04-01 22:01:11,074 - piper_actor - DEBUG - exec_recv key ((2, 0), 1) from peer pp rank 1
[36m(PiperActor pid=1939903)[0m 2026-04-01 22:01:11,074 - piper_actor - DEBUG - run_dag dispatch (time 3): forward s2 mb1 bkt=0
[36m(PiperActor pid=1939903)[0m 2026-04-01 22:01:11,093 - piper_actor - DEBUG - run_dag dispatch (time 3): send s2 mb0 bkt=0
[36m(PiperActor pid=1939903)[0m 2026-04-01 22:01:11,093 - piper_actor - DEBUG - exec_send key ((2, 0), 0) to peer pp rank 1
[36m(PiperActor pid=1939903)[0m 2026-04-01 22:01:11,093 - piper_actor - DEBUG - run_dag dispatch (time 4): forward s0 mb2 bkt=0
[36m(PiperActor pid=1939912)[0m 2026-04-01 22:01:11,098 - piper_actor - DEBUG - run_dag dispatch (time 2): send s1 mb1 bkt=0
[36m(PiperActor pid=1939912)[0m 2026-04-01 22:01:11,099 - piper_actor - DEBUG - exec_send key ((1, 0), 1) to peer pp rank 0
[36m(PiperActor pid=1939912)[0m 2026-04-01 22:01:11,099 - piper_actor - DEBUG - run_dag dispatch (time 3): backward s3 mb0 bkt=0
[36m(PiperActor pid=1939908)[0m 2026-04-01 22:01:11,098 - piper_actor - DEBUG - run_dag dispatch (time 2): send s0 mb1 bkt=0
[36m(PiperActor pid=1939908)[0m 2026-04-01 22:01:11,099 - piper_actor - DEBUG - exec_send key ((0, 0), 1) to peer pp rank 1
[36m(PiperActor pid=1939908)[0m 2026-04-01 22:01:11,099 - piper_actor - DEBUG - run_dag dispatch (time 2): recv s2 mb1 bkt=0
[36m(PiperActor pid=1939908)[0m 2026-04-01 22:01:11,099 - piper_actor - DEBUG - exec_recv key ((2, 0), 1) from peer pp rank 1
[36m(PiperActor pid=1939908)[0m 2026-04-01 22:01:11,099 - piper_actor - DEBUG - run_dag dispatch (time 3): forward s2 mb1 bkt=0
[36m(PiperActor pid=1939908)[0m 2026-04-01 22:01:11,111 - piper_actor - DEBUG - run_dag dispatch (time 3): send s2 mb0 bkt=0
[36m(PiperActor pid=1939908)[0m 2026-04-01 22:01:11,111 - piper_actor - DEBUG - exec_send key ((2, 0), 0) to peer pp rank 1
[36m(PiperActor pid=1939908)[0m 2026-04-01 22:01:11,111 - piper_actor - DEBUG - run_dag dispatch (time 4): forward s0 mb2 bkt=0
[36m(PiperActor pid=1939908)[0m 2026-04-01 22:01:11,123 - piper_actor - DEBUG - run_dag dispatch (time 4): send s2 mb1 bkt=0
[36m(PiperActor pid=1939908)[0m 2026-04-01 22:01:11,123 - piper_actor - DEBUG - exec_send key ((2, 0), 1) to peer pp rank 1
[36m(PiperActor pid=1939908)[0m 2026-04-01 22:01:11,123 - piper_actor - DEBUG - run_dag dispatch (time 4): recv s2 mb0 bkt=0
[36m(PiperActor pid=1939908)[0m 2026-04-01 22:01:11,123 - piper_actor - DEBUG - exec_recv key (None, 0) from peer pp rank 1
[36m(PiperActor pid=1939908)[0m 2026-04-01 22:01:11,124 - piper_actor - DEBUG - run_dag dispatch (time 5): backward s2 mb0 bkt=0
[36m(PiperActor pid=1939903)[0m 2026-04-01 22:01:11,112 - piper_actor - DEBUG - run_dag dispatch (time 4): send s2 mb1 bkt=0
[36m(PiperActor pid=1939903)[0m 2026-04-01 22:01:11,113 - piper_actor - DEBUG - exec_send key ((2, 0), 1) to peer pp rank 1
[36m(PiperActor pid=1939903)[0m 2026-04-01 22:01:11,113 - piper_actor - DEBUG - run_dag dispatch (time 4): recv s2 mb0 bkt=0
[36m(PiperActor pid=1939903)[0m 2026-04-01 22:01:11,113 - piper_actor - DEBUG - exec_recv key (None, 0) from peer pp rank 1
[36m(PiperActor pid=1939903)[0m 2026-04-01 22:01:11,113 - piper_actor - DEBUG - run_dag dispatch (time 5): backward s2 mb0 bkt=0
[36m(PiperActor pid=1939908)[0m 2026-04-01 22:01:11,148 - piper_actor - DEBUG - run_dag dispatch (time 5): send s0 mb2 bkt=0
[36m(PiperActor pid=1939908)[0m 2026-04-01 22:01:11,148 - piper_actor - DEBUG - exec_send key ((0, 0), 2) to peer pp rank 1
[36m(PiperActor pid=1939908)[0m 2026-04-01 22:01:11,148 - piper_actor - DEBUG - run_dag dispatch (time 6): forward s0 mb3 bkt=0
[36m(PiperActor pid=1939903)[0m 2026-04-01 22:01:11,151 - piper_actor - DEBUG - run_dag dispatch (time 5): send s0 mb2 bkt=0
[36m(PiperActor pid=1939903)[0m 2026-04-01 22:01:11,151 - piper_actor - DEBUG - exec_send key ((0, 0), 2) to peer pp rank 1
[36m(PiperActor pid=1939903)[0m 2026-04-01 22:01:11,151 - piper_actor - DEBUG - run_dag dispatch (time 6): forward s0 mb3 bkt=0
[36m(PiperActor pid=1939912)[0m 2026-04-01 22:01:11,452 - piper_actor - DEBUG - run_dag dispatch (time 3): recv s3 mb1 bkt=0
[36m(PiperActor pid=1939912)[0m 2026-04-01 22:01:11,452 - piper_actor - DEBUG - exec_recv key ((3, 0), 1) from peer pp rank 0
[36m(PiperActor pid=1939912)[0m 2026-04-01 22:01:11,453 - piper_actor - DEBUG - run_dag dispatch (time 4): forward s3 mb1 bkt=0
[36m(PiperActor pid=1939912)[0m 2026-04-01 22:01:11,464 - piper_actor - DEBUG - run_dag dispatch (time 4): send s3 mb0 bkt=0
[36m(PiperActor pid=1939912)[0m 2026-04-01 22:01:11,464 - piper_actor - DEBUG - exec_send key (None, 0) to peer pp rank 0
[36m(PiperActor pid=1939912)[0m 2026-04-01 22:01:11,465 - piper_actor - DEBUG - run_dag dispatch (time 5): backward s3 mb1 bkt=0
[36m(PiperActor pid=1939912)[0m 2026-04-01 22:01:11,488 - piper_actor - DEBUG - run_dag dispatch (time 5): recv s1 mb2 bkt=0
[36m(PiperActor pid=1939912)[0m 2026-04-01 22:01:11,488 - piper_actor - DEBUG - exec_recv key ((1, 0), 2) from peer pp rank 0
[36m(PiperActor pid=1939908)[0m 2026-04-01 22:01:11,474 - piper_actor - DEBUG - run_dag dispatch (time 6): send s2 mb0 bkt=0
[36m(PiperActor pid=1939908)[0m 2026-04-01 22:01:11,474 - piper_actor - DEBUG - exec_send key (None, 0) to peer pp rank 1
[36m(PiperActor pid=1939908)[0m 2026-04-01 22:01:11,474 - piper_actor - DEBUG - run_dag dispatch (time 6): recv s2 mb1 bkt=0
[36m(PiperActor pid=1939908)[0m 2026-04-01 22:01:11,474 - piper_actor - DEBUG - exec_recv key (None, 1) from peer pp rank 1
[36m(PiperActor pid=1939908)[0m 2026-04-01 22:01:11,475 - piper_actor - DEBUG - run_dag dispatch (time 7): backward s2 mb1 bkt=0
[36m(PiperActor pid=1939917)[0m 2026-04-01 22:01:11,454 - piper_actor - DEBUG - run_dag dispatch (time 3): recv s3 mb1 bkt=0
[36m(PiperActor pid=1939917)[0m 2026-04-01 22:01:11,454 - piper_actor - DEBUG - exec_recv key ((3, 0), 1) from peer pp rank 0
[36m(PiperActor pid=1939917)[0m 2026-04-01 22:01:11,455 - piper_actor - DEBUG - run_dag dispatch (time 4): forward s3 mb1 bkt=0
[36m(PiperActor pid=1939917)[0m 2026-04-01 22:01:11,467 - piper_actor - DEBUG - run_dag dispatch (time 4): send s3 mb0 bkt=0
[36m(PiperActor pid=1939917)[0m 2026-04-01 22:01:11,467 - piper_actor - DEBUG - exec_send key (None, 0) to peer pp rank 0
[36m(PiperActor pid=1939917)[0m 2026-04-01 22:01:11,467 - piper_actor - DEBUG - run_dag dispatch (time 5): backward s3 mb1 bkt=0
[36m(PiperActor pid=1939903)[0m 2026-04-01 22:01:11,474 - piper_actor - DEBUG - run_dag dispatch (time 6): send s2 mb0 bkt=0
[36m(PiperActor pid=1939903)[0m 2026-04-01 22:01:11,474 - piper_actor - DEBUG - exec_send key (None, 0) to peer pp rank 1
[36m(PiperActor pid=1939903)[0m 2026-04-01 22:01:11,474 - piper_actor - DEBUG - run_dag dispatch (time 6): recv s2 mb1 bkt=0
[36m(PiperActor pid=1939903)[0m 2026-04-01 22:01:11,474 - piper_actor - DEBUG - exec_recv key (None, 1) from peer pp rank 1
[36m(PiperActor pid=1939903)[0m 2026-04-01 22:01:11,475 - piper_actor - DEBUG - run_dag dispatch (time 7): backward s2 mb1 bkt=0
[36m(PiperActor pid=1939912)[0m 2026-04-01 22:01:11,489 - piper_actor - DEBUG - run_dag dispatch (time 6): forward s1 mb2 bkt=0
[36m(PiperActor pid=1939912)[0m 2026-04-01 22:01:11,515 - piper_actor - DEBUG - run_dag dispatch (time 6): recv s1 mb0 bkt=0
[36m(PiperActor pid=1939912)[0m 2026-04-01 22:01:11,515 - piper_actor - DEBUG - exec_recv key (None, 0) from peer pp rank 0
[36m(PiperActor pid=1939912)[0m 2026-04-01 22:01:11,515 - piper_actor - DEBUG - run_dag dispatch (time 6): send s3 mb1 bkt=0
[36m(PiperActor pid=1939912)[0m 2026-04-01 22:01:11,515 - piper_actor - DEBUG - exec_send key (None, 1) to peer pp rank 0
[36m(PiperActor pid=1939912)[0m 2026-04-01 22:01:11,516 - piper_actor - DEBUG - run_dag dispatch (time 7): backward s1 mb0 bkt=0
[36m(PiperActor pid=1939908)[0m 2026-04-01 22:01:11,510 - piper_actor - DEBUG - run_dag dispatch (time 7): send s0 mb3 bkt=0
[36m(PiperActor pid=1939908)[0m 2026-04-01 22:01:11,510 - piper_actor - DEBUG - exec_send key ((0, 0), 3) to peer pp rank 1
[36m(PiperActor pid=1939908)[0m 2026-04-01 22:01:11,510 - piper_actor - DEBUG - run_dag dispatch (time 7): recv s2 mb2 bkt=0
[36m(PiperActor pid=1939908)[0m 2026-04-01 22:01:11,511 - piper_actor - DEBUG - exec_recv key ((2, 0), 2) from peer pp rank 1
[36m(PiperActor pid=1939908)[0m 2026-04-01 22:01:11,511 - piper_actor - DEBUG - run_dag dispatch (time 8): forward s2 mb2 bkt=0
[36m(PiperActor pid=1939917)[0m 2026-04-01 22:01:11,493 - piper_actor - DEBUG - run_dag dispatch (time 5): recv s1 mb2 bkt=0
[36m(PiperActor pid=1939917)[0m 2026-04-01 22:01:11,494 - piper_actor - DEBUG - exec_recv key ((1, 0), 2) from peer pp rank 0
[36m(PiperActor pid=1939917)[0m 2026-04-01 22:01:11,494 - piper_actor - DEBUG - run_dag dispatch (time 6): forward s1 mb2 bkt=0
[36m(PiperActor pid=1939917)[0m 2026-04-01 22:01:11,514 - piper_actor - DEBUG - run_dag dispatch (time 6): recv s1 mb0 bkt=0
[36m(PiperActor pid=1939917)[0m 2026-04-01 22:01:11,514 - piper_actor - DEBUG - exec_recv key (None, 0) from peer pp rank 0
[36m(PiperActor pid=1939917)[0m 2026-04-01 22:01:11,515 - piper_actor - DEBUG - run_dag dispatch (time 6): send s3 mb1 bkt=0
[36m(PiperActor pid=1939917)[0m 2026-04-01 22:01:11,515 - piper_actor - DEBUG - exec_send key (None, 1) to peer pp rank 0
[36m(PiperActor pid=1939917)[0m 2026-04-01 22:01:11,515 - piper_actor - DEBUG - run_dag dispatch (time 7): backward s1 mb0 bkt=0
[36m(PiperActor pid=1939903)[0m 2026-04-01 22:01:11,510 - piper_actor - DEBUG - run_dag dispatch (time 7): send s0 mb3 bkt=0
[36m(PiperActor pid=1939903)[0m 2026-04-01 22:01:11,510 - piper_actor - DEBUG - exec_send key ((0, 0), 3) to peer pp rank 1
[36m(PiperActor pid=1939903)[0m 2026-04-01 22:01:11,511 - piper_actor - DEBUG - run_dag dispatch (time 7): recv s2 mb2 bkt=0
[36m(PiperActor pid=1939903)[0m 2026-04-01 22:01:11,511 - piper_actor - DEBUG - exec_recv key ((2, 0), 2) from peer pp rank 1
[36m(PiperActor pid=1939903)[0m 2026-04-01 22:01:11,511 - piper_actor - DEBUG - run_dag dispatch (time 8): forward s2 mb2 bkt=0
[36m(PiperActor pid=1939912)[0m 2026-04-01 22:01:11,544 - piper_actor - DEBUG - run_dag dispatch (time 7): recv s1 mb3 bkt=0
[36m(PiperActor pid=1939912)[0m 2026-04-01 22:01:11,544 - piper_actor - DEBUG - exec_recv key ((1, 0), 3) from peer pp rank 0
[36m(PiperActor pid=1939912)[0m 2026-04-01 22:01:11,545 - piper_actor - DEBUG - run_dag dispatch (time 7): send s1 mb2 bkt=0
[36m(PiperActor pid=1939912)[0m 2026-04-01 22:01:11,545 - piper_actor - DEBUG - exec_send key ((1, 0), 2) to peer pp rank 0
[36m(PiperActor pid=1939912)[0m 2026-04-01 22:01:11,545 - piper_actor - DEBUG - run_dag dispatch (time 8): forward s1 mb3 bkt=0
[36m(PiperActor pid=1939912)[0m 2026-04-01 22:01:11,560 - piper_actor - DEBUG - run_dag dispatch (time 8): recv s1 mb1 bkt=0
[36m(PiperActor pid=1939912)[0m 2026-04-01 22:01:11,560 - piper_actor - DEBUG - exec_recv key (None, 1) from peer pp rank 0
[36m(PiperActor pid=1939912)[0m 2026-04-01 22:01:11,561 - piper_actor - DEBUG - run_dag dispatch (time 8): send s1 mb0 bkt=0
[36m(PiperActor pid=1939912)[0m 2026-04-01 22:01:11,561 - piper_actor - DEBUG - exec_send key (None, 0) to peer pp rank 0
[36m(PiperActor pid=1939912)[0m 2026-04-01 22:01:11,561 - piper_actor - DEBUG - run_dag dispatch (time 9): backward s1 mb1 bkt=0
[36m(PiperActor pid=1939908)[0m 2026-04-01 22:01:11,545 - piper_actor - DEBUG - run_dag dispatch (time 8): send s2 mb1 bkt=0
[36m(PiperActor pid=1939908)[0m 2026-04-01 22:01:11,545 - piper_actor - DEBUG - exec_send key (None, 1) to peer pp rank 1
[36m(PiperActor pid=1939908)[0m 2026-04-01 22:01:11,545 - piper_actor - DEBUG - run_dag dispatch (time 8): recv s0 mb0 bkt=0
[36m(PiperActor pid=1939908)[0m 2026-04-01 22:01:11,545 - piper_actor - DEBUG - exec_recv key (None, 0) from peer pp rank 1
[36m(PiperActor pid=1939908)[0m 2026-04-01 22:01:11,546 - piper_actor - DEBUG - run_dag dispatch (time 9): backward s0 mb0 bkt=0
[36m(PiperActor pid=1939917)[0m 2026-04-01 22:01:11,544 - piper_actor - DEBUG - run_dag dispatch (time 7): recv s1 mb3 bkt=0
[36m(PiperActor pid=1939917)[0m 2026-04-01 22:01:11,545 - piper_actor - DEBUG - exec_recv key ((1, 0), 3) from peer pp rank 0
[36m(PiperActor pid=1939917)[0m 2026-04-01 22:01:11,545 - piper_actor - DEBUG - run_dag dispatch (time 7): send s1 mb2 bkt=0
[36m(PiperActor pid=1939917)[0m 2026-04-01 22:01:11,545 - piper_actor - DEBUG - exec_send key ((1, 0), 2) to peer pp rank 0
[36m(PiperActor pid=1939917)[0m 2026-04-01 22:01:11,546 - piper_actor - DEBUG - run_dag dispatch (time 8): forward s1 mb3 bkt=0
[36m(PiperActor pid=1939917)[0m 2026-04-01 22:01:11,560 - piper_actor - DEBUG - run_dag dispatch (time 8): recv s1 mb1 bkt=0
[36m(PiperActor pid=1939917)[0m 2026-04-01 22:01:11,560 - piper_actor - DEBUG - exec_recv key (None, 1) from peer pp rank 0
[36m(PiperActor pid=1939917)[0m 2026-04-01 22:01:11,560 - piper_actor - DEBUG - run_dag dispatch (time 8): send s1 mb0 bkt=0
[36m(PiperActor pid=1939917)[0m 2026-04-01 22:01:11,561 - piper_actor - DEBUG - exec_send key (None, 0) to peer pp rank 0
[36m(PiperActor pid=1939917)[0m 2026-04-01 22:01:11,561 - piper_actor - DEBUG - run_dag dispatch (time 9): backward s1 mb1 bkt=0
[36m(PiperActor pid=1939903)[0m 2026-04-01 22:01:11,544 - piper_actor - DEBUG - run_dag dispatch (time 8): send s2 mb1 bkt=0
[36m(PiperActor pid=1939903)[0m 2026-04-01 22:01:11,544 - piper_actor - DEBUG - exec_send key (None, 1) to peer pp rank 1
[36m(PiperActor pid=1939903)[0m 2026-04-01 22:01:11,545 - piper_actor - DEBUG - run_dag dispatch (time 8): recv s0 mb0 bkt=0
[36m(PiperActor pid=1939903)[0m 2026-04-01 22:01:11,545 - piper_actor - DEBUG - exec_recv key (None, 0) from peer pp rank 1
[36m(PiperActor pid=1939903)[0m 2026-04-01 22:01:11,545 - piper_actor - DEBUG - run_dag dispatch (time 9): backward s0 mb0 bkt=0
[36m(PiperActor pid=1939912)[0m 2026-04-01 22:01:11,593 - piper_actor - DEBUG - run_dag dispatch (time 9): recv s3 mb2 bkt=0
[36m(PiperActor pid=1939912)[0m 2026-04-01 22:01:11,593 - piper_actor - DEBUG - exec_recv key ((3, 0), 2) from peer pp rank 0
[36m(PiperActor pid=1939912)[0m 2026-04-01 22:01:11,594 - piper_actor - DEBUG - run_dag dispatch (time 9): send s1 mb3 bkt=0
[36m(PiperActor pid=1939912)[0m 2026-04-01 22:01:11,594 - piper_actor - DEBUG - exec_send key ((1, 0), 3) to peer pp rank 0
[36m(PiperActor pid=1939912)[0m 2026-04-01 22:01:11,594 - piper_actor - DEBUG - run_dag dispatch (time 10): forward s3 mb2 bkt=0
[36m(PiperActor pid=1939908)[0m 2026-04-01 22:01:11,590 - piper_actor - DEBUG - run_dag dispatch (time 9): send s2 mb2 bkt=0
[36m(PiperActor pid=1939908)[0m 2026-04-01 22:01:11,591 - piper_actor - DEBUG - exec_send key ((2, 0), 2) to peer pp rank 1
[36m(PiperActor pid=1939908)[0m 2026-04-01 22:01:11,591 - piper_actor - DEBUG - run_dag dispatch (time 9): recv s2 mb3 bkt=0
[36m(PiperActor pid=1939908)[0m 2026-04-01 22:01:11,591 - piper_actor - DEBUG - exec_recv key ((2, 0), 3) from peer pp rank 1
[36m(PiperActor pid=1939908)[0m 2026-04-01 22:01:11,592 - piper_actor - DEBUG - run_dag dispatch (time 10): forward s2 mb3 bkt=0
[36m(PiperActor pid=1939908)[0m 2026-04-01 22:01:11,603 - piper_actor - DEBUG - run_dag dispatch (time 10): recv s0 mb1 bkt=0
[36m(PiperActor pid=1939908)[0m 2026-04-01 22:01:11,603 - piper_actor - DEBUG - exec_recv key (None, 1) from peer pp rank 1
[36m(PiperActor pid=1939908)[0m 2026-04-01 22:01:11,603 - piper_actor - DEBUG - run_dag dispatch (time 11): backward s0 mb1 bkt=0
[36m(PiperActor pid=1939917)[0m 2026-04-01 22:01:11,594 - piper_actor - DEBUG - run_dag dispatch (time 9): recv s3 mb2 bkt=0
[36m(PiperActor pid=1939917)[0m 2026-04-01 22:01:11,594 - piper_actor - DEBUG - exec_recv key ((3, 0), 2) from peer pp rank 0
[36m(PiperActor pid=1939917)[0m 2026-04-01 22:01:11,594 - piper_actor - DEBUG - run_dag dispatch (time 9): send s1 mb3 bkt=0
[36m(PiperActor pid=1939917)[0m 2026-04-01 22:01:11,595 - piper_actor - DEBUG - exec_send key ((1, 0), 3) to peer pp rank 0
[36m(PiperActor pid=1939917)[0m 2026-04-01 22:01:11,595 - piper_actor - DEBUG - run_dag dispatch (time 10): forward s3 mb2 bkt=0
[36m(PiperActor pid=1939903)[0m 2026-04-01 22:01:11,590 - piper_actor - DEBUG - run_dag dispatch (time 9): send s2 mb2 bkt=0
[36m(PiperActor pid=1939903)[0m 2026-04-01 22:01:11,590 - piper_actor - DEBUG - exec_send key ((2, 0), 2) to peer pp rank 1
[36m(PiperActor pid=1939903)[0m 2026-04-01 22:01:11,591 - piper_actor - DEBUG - run_dag dispatch (time 9): recv s2 mb3 bkt=0
[36m(PiperActor pid=1939903)[0m 2026-04-01 22:01:11,591 - piper_actor - DEBUG - exec_recv key ((2, 0), 3) from peer pp rank 1
[36m(PiperActor pid=1939903)[0m 2026-04-01 22:01:11,591 - piper_actor - DEBUG - run_dag dispatch (time 10): forward s2 mb3 bkt=0
[36m(PiperActor pid=1939903)[0m 2026-04-01 22:01:11,602 - piper_actor - DEBUG - run_dag dispatch (time 10): recv s0 mb1 bkt=0
[36m(PiperActor pid=1939903)[0m 2026-04-01 22:01:11,602 - piper_actor - DEBUG - exec_recv key (None, 1) from peer pp rank 1
[36m(PiperActor pid=1939903)[0m 2026-04-01 22:01:11,603 - piper_actor - DEBUG - run_dag dispatch (time 11): backward s0 mb1 bkt=0
[36m(PiperActor pid=1939912)[0m 2026-04-01 22:01:11,610 - piper_actor - DEBUG - run_dag dispatch (time 10): send s1 mb1 bkt=0
[36m(PiperActor pid=1939912)[0m 2026-04-01 22:01:11,610 - piper_actor - DEBUG - exec_send key (None, 1) to peer pp rank 0
[36m(PiperActor pid=1939912)[0m 2026-04-01 22:01:11,611 - piper_actor - DEBUG - run_dag dispatch (time 11): backward s3 mb2 bkt=0
[36m(PiperActor pid=1939912)[0m 2026-04-01 22:01:11,641 - piper_actor - DEBUG - run_dag dispatch (time 11): recv s3 mb3 bkt=0
[36m(PiperActor pid=1939912)[0m 2026-04-01 22:01:11,642 - piper_actor - DEBUG - exec_recv key ((3, 0), 3) from peer pp rank 0
[36m(PiperActor pid=1939912)[0m 2026-04-01 22:01:11,642 - piper_actor - DEBUG - run_dag dispatch (time 12): forward s3 mb3 bkt=0
[36m(PiperActor pid=1939908)[0m 2026-04-01 22:01:11,639 - piper_actor - DEBUG - run_dag dispatch (time 11): send s2 mb3 bkt=0
[36m(PiperActor pid=1939908)[0m 2026-04-01 22:01:11,640 - piper_actor - DEBUG - exec_send key ((2, 0), 3) to peer pp rank 1
[36m(PiperActor pid=1939908)[0m 2026-04-01 22:01:11,640 - piper_actor - DEBUG - run_dag dispatch (time 11): recv s2 mb2 bkt=0
[36m(PiperActor pid=1939908)[0m 2026-04-01 22:01:11,640 - piper_actor - DEBUG - exec_recv key (None, 2) from peer pp rank 1
[36m(PiperActor pid=1939908)[0m 2026-04-01 22:01:11,641 - piper_actor - DEBUG - run_dag dispatch (time 12): backward s2 mb2 bkt=0
[36m(PiperActor pid=1939917)[0m 2026-04-01 22:01:11,610 - piper_actor - DEBUG - run_dag dispatch (time 10): send s1 mb1 bkt=0
[36m(PiperActor pid=1939917)[0m 2026-04-01 22:01:11,610 - piper_actor - DEBUG - exec_send key (None, 1) to peer pp rank 0
[36m(PiperActor pid=1939917)[0m 2026-04-01 22:01:11,611 - piper_actor - DEBUG - run_dag dispatch (time 11): backward s3 mb2 bkt=0
[36m(PiperActor pid=1939917)[0m 2026-04-01 22:01:11,641 - piper_actor - DEBUG - run_dag dispatch (time 11): recv s3 mb3 bkt=0
[36m(PiperActor pid=1939917)[0m 2026-04-01 22:01:11,642 - piper_actor - DEBUG - exec_recv key ((3, 0), 3) from peer pp rank 0
[36m(PiperActor pid=1939917)[0m 2026-04-01 22:01:11,642 - piper_actor - DEBUG - run_dag dispatch (time 12): forward s3 mb3 bkt=0
[36m(PiperActor pid=1939903)[0m 2026-04-01 22:01:11,639 - piper_actor - DEBUG - run_dag dispatch (time 11): send s2 mb3 bkt=0
[36m(PiperActor pid=1939903)[0m 2026-04-01 22:01:11,640 - piper_actor - DEBUG - exec_send key ((2, 0), 3) to peer pp rank 1
[36m(PiperActor pid=1939903)[0m 2026-04-01 22:01:11,640 - piper_actor - DEBUG - run_dag dispatch (time 11): recv s2 mb2 bkt=0
[36m(PiperActor pid=1939903)[0m 2026-04-01 22:01:11,640 - piper_actor - DEBUG - exec_recv key (None, 2) from peer pp rank 1
[36m(PiperActor pid=1939903)[0m 2026-04-01 22:01:11,641 - piper_actor - DEBUG - run_dag dispatch (time 12): backward s2 mb2 bkt=0
[36m(PiperActor pid=1939912)[0m 2026-04-01 22:01:11,684 - piper_actor - DEBUG - run_dag dispatch (time 12): send s3 mb2 bkt=0
[36m(PiperActor pid=1939912)[0m 2026-04-01 22:01:11,684 - piper_actor - DEBUG - exec_send key (None, 2) to peer pp rank 0
[36m(PiperActor pid=1939912)[0m 2026-04-01 22:01:11,684 - piper_actor - DEBUG - run_dag dispatch (time 13): backward s3 mb3 bkt=0
[36m(PiperActor pid=1939908)[0m 2026-04-01 22:01:11,676 - piper_actor - DEBUG - run_dag dispatch (time 12): recv s2 mb3 bkt=0
[36m(PiperActor pid=1939908)[0m 2026-04-01 22:01:11,676 - piper_actor - DEBUG - exec_recv key (None, 3) from peer pp rank 1
[36m(PiperActor pid=1939908)[0m 2026-04-01 22:01:11,677 - piper_actor - DEBUG - run_dag dispatch (time 13): backward s2 mb3 bkt=0
[36m(PiperActor pid=1939917)[0m 2026-04-01 22:01:11,683 - piper_actor - DEBUG - run_dag dispatch (time 12): send s3 mb2 bkt=0
[36m(PiperActor pid=1939917)[0m 2026-04-01 22:01:11,683 - piper_actor - DEBUG - exec_send key (None, 2) to peer pp rank 0
[36m(PiperActor pid=1939917)[0m 2026-04-01 22:01:11,683 - piper_actor - DEBUG - run_dag dispatch (time 13): backward s3 mb3 bkt=0
[36m(PiperActor pid=1939903)[0m 2026-04-01 22:01:11,676 - piper_actor - DEBUG - run_dag dispatch (time 12): recv s2 mb3 bkt=0
[36m(PiperActor pid=1939903)[0m 2026-04-01 22:01:11,677 - piper_actor - DEBUG - exec_recv key (None, 3) from peer pp rank 1
[36m(PiperActor pid=1939903)[0m 2026-04-01 22:01:11,677 - piper_actor - DEBUG - run_dag dispatch (time 13): backward s2 mb3 bkt=0
[36m(PiperActor pid=1939912)[0m 2026-04-01 22:01:11,715 - piper_actor - DEBUG - run_dag dispatch (time 13): recv s1 mb2 bkt=0
[36m(PiperActor pid=1939912)[0m 2026-04-01 22:01:11,716 - piper_actor - DEBUG - exec_recv key (None, 2) from peer pp rank 0
[36m(PiperActor pid=1939912)[0m 2026-04-01 22:01:11,716 - piper_actor - DEBUG - run_dag dispatch (time 14): backward s1 mb2 bkt=0
[36m(PiperActor pid=1939917)[0m 2026-04-01 22:01:11,714 - piper_actor - DEBUG - run_dag dispatch (time 13): recv s1 mb2 bkt=0
[36m(PiperActor pid=1939917)[0m 2026-04-01 22:01:11,715 - piper_actor - DEBUG - exec_recv key (None, 2) from peer pp rank 0
[36m(PiperActor pid=1939917)[0m 2026-04-01 22:01:11,715 - piper_actor - DEBUG - run_dag dispatch (time 14): backward s1 mb2 bkt=0
[36m(PiperActor pid=1939908)[0m 2026-04-01 22:01:11,732 - piper_actor - DEBUG - run_dag dispatch (time 13): send s2 mb2 bkt=0
[36m(PiperActor pid=1939908)[0m 2026-04-01 22:01:11,732 - piper_actor - DEBUG - exec_send key (None, 2) to peer pp rank 1
[36m(PiperActor pid=1939908)[0m 2026-04-01 22:01:11,733 - piper_actor - DEBUG - run_dag dispatch (time 13): recv s0 mb2 bkt=0
[36m(PiperActor pid=1939908)[0m 2026-04-01 22:01:11,733 - piper_actor - DEBUG - exec_recv key (None, 2) from peer pp rank 1
[36m(PiperActor pid=1939908)[0m 2026-04-01 22:01:11,733 - piper_actor - DEBUG - run_dag dispatch (time 14): backward s0 mb2 bkt=0
[36m(PiperActor pid=1939903)[0m 2026-04-01 22:01:11,731 - piper_actor - DEBUG - run_dag dispatch (time 13): send s2 mb2 bkt=0
[36m(PiperActor pid=1939903)[0m 2026-04-01 22:01:11,731 - piper_actor - DEBUG - exec_send key (None, 2) to peer pp rank 1
[36m(PiperActor pid=1939903)[0m 2026-04-01 22:01:11,732 - piper_actor - DEBUG - run_dag dispatch (time 13): recv s0 mb2 bkt=0
[36m(PiperActor pid=1939903)[0m 2026-04-01 22:01:11,732 - piper_actor - DEBUG - exec_recv key (None, 2) from peer pp rank 1
[36m(PiperActor pid=1939903)[0m 2026-04-01 22:01:11,732 - piper_actor - DEBUG - run_dag dispatch (time 14): backward s0 mb2 bkt=0
[36m(PiperActor pid=1939912)[0m 2026-04-01 22:01:11,773 - piper_actor - DEBUG - run_dag dispatch (time 14): recv s1 mb3 bkt=0
[36m(PiperActor pid=1939912)[0m 2026-04-01 22:01:11,773 - piper_actor - DEBUG - exec_recv key (None, 3) from peer pp rank 0
[36m(PiperActor pid=1939912)[0m 2026-04-01 22:01:11,774 - piper_actor - DEBUG - run_dag dispatch (time 14): send s3 mb3 bkt=0
[36m(PiperActor pid=1939912)[0m 2026-04-01 22:01:11,774 - piper_actor - DEBUG - exec_send key (None, 3) to peer pp rank 0
[36m(PiperActor pid=1939912)[0m 2026-04-01 22:01:11,774 - piper_actor - DEBUG - run_dag dispatch (time 14): reduce_scatter s3 mb3 bkt=0
[36m(PiperActor pid=1939912)[0m 2026-04-01 22:01:11,775 - piper_actor - DEBUG - run_dag dispatch (time 15): backward s1 mb3 bkt=0
[36m(PiperActor pid=1939917)[0m 2026-04-01 22:01:11,772 - piper_actor - DEBUG - run_dag dispatch (time 14): recv s1 mb3 bkt=0
[36m(PiperActor pid=1939917)[0m 2026-04-01 22:01:11,772 - piper_actor - DEBUG - exec_recv key (None, 3) from peer pp rank 0
[36m(PiperActor pid=1939917)[0m 2026-04-01 22:01:11,773 - piper_actor - DEBUG - run_dag dispatch (time 14): send s3 mb3 bkt=0
[36m(PiperActor pid=1939917)[0m 2026-04-01 22:01:11,773 - piper_actor - DEBUG - exec_send key (None, 3) to peer pp rank 0
[36m(PiperActor pid=1939917)[0m 2026-04-01 22:01:11,773 - piper_actor - DEBUG - run_dag dispatch (time 14): reduce_scatter s3 mb3 bkt=0
[36m(PiperActor pid=1939917)[0m 2026-04-01 22:01:11,774 - piper_actor - DEBUG - run_dag dispatch (time 15): backward s1 mb3 bkt=0
[36m(PiperActor pid=1939912)[0m 2026-04-01 22:01:11,811 - piper_actor - DEBUG - run_dag dispatch (time 15): send s1 mb2 bkt=0
[36m(PiperActor pid=1939912)[0m 2026-04-01 22:01:11,811 - piper_actor - DEBUG - exec_send key (None, 2) to peer pp rank 0
[36m(PiperActor pid=1939912)[0m 2026-04-01 22:01:11,811 - piper_actor - DEBUG - run_dag dispatch (time 16): update s1 mb3 bkt=0
[36m(PiperActor pid=1939908)[0m 2026-04-01 22:01:11,811 - piper_actor - DEBUG - run_dag dispatch (time 14): send s2 mb3 bkt=0
[36m(PiperActor pid=1939908)[0m 2026-04-01 22:01:11,811 - piper_actor - DEBUG - exec_send key (None, 3) to peer pp rank 1
[36m(PiperActor pid=1939908)[0m 2026-04-01 22:01:11,812 - piper_actor - DEBUG - run_dag dispatch (time 14): recv s0 mb3 bkt=0
[36m(PiperActor pid=1939908)[0m 2026-04-01 22:01:11,812 - piper_actor - DEBUG - exec_recv key (None, 3) from peer pp rank 1
[36m(PiperActor pid=1939908)[0m 2026-04-01 22:01:11,813 - piper_actor - DEBUG - run_dag dispatch (time 14): reduce_scatter s2 mb3 bkt=0
[36m(PiperActor pid=1939908)[0m 2026-04-01 22:01:11,813 - piper_actor - DEBUG - run_dag dispatch (time 15): backward s0 mb3 bkt=0
[36m(PiperActor pid=1939917)[0m 2026-04-01 22:01:11,809 - piper_actor - DEBUG - run_dag dispatch (time 15): send s1 mb2 bkt=0
[36m(PiperActor pid=1939917)[0m 2026-04-01 22:01:11,810 - piper_actor - DEBUG - exec_send key (None, 2) to peer pp rank 0
[36m(PiperActor pid=1939917)[0m 2026-04-01 22:01:11,810 - piper_actor - DEBUG - run_dag dispatch (time 16): update s1 mb3 bkt=0
[36m(PiperActor pid=1939903)[0m 2026-04-01 22:01:11,809 - piper_actor - DEBUG - run_dag dispatch (time 14): send s2 mb3 bkt=0
[36m(PiperActor pid=1939903)[0m 2026-04-01 22:01:11,810 - piper_actor - DEBUG - exec_send key (None, 3) to peer pp rank 1
[36m(PiperActor pid=1939903)[0m 2026-04-01 22:01:11,810 - piper_actor - DEBUG - run_dag dispatch (time 14): recv s0 mb3 bkt=0
[36m(PiperActor pid=1939903)[0m 2026-04-01 22:01:11,810 - piper_actor - DEBUG - exec_recv key (None, 3) from peer pp rank 1
[36m(PiperActor pid=1939903)[0m 2026-04-01 22:01:11,811 - piper_actor - DEBUG - run_dag dispatch (time 14): reduce_scatter s2 mb3 bkt=0
[36m(PiperActor pid=1939903)[0m 2026-04-01 22:01:11,811 - piper_actor - DEBUG - run_dag dispatch (time 15): backward s0 mb3 bkt=0
[36m(PiperActor pid=1939912)[0m 2026-04-01 22:01:11,868 - piper_actor - DEBUG - run_dag dispatch (time 16): send s1 mb3 bkt=0
[36m(PiperActor pid=1939912)[0m 2026-04-01 22:01:11,868 - piper_actor - DEBUG - exec_send key (None, 3) to peer pp rank 0
[36m(PiperActor pid=1939912)[0m 2026-04-01 22:01:11,868 - piper_actor - DEBUG - run_dag dispatch (time 16): reduce_scatter s1 mb3 bkt=0
[36m(PiperActor pid=1939908)[0m 2026-04-01 22:01:11,852 - piper_actor - DEBUG - run_dag dispatch (time 16): update s0 mb3 bkt=0
[36m(PiperActor pid=1939917)[0m 2026-04-01 22:01:11,865 - piper_actor - DEBUG - run_dag dispatch (time 16): send s1 mb3 bkt=0
[36m(PiperActor pid=1939917)[0m 2026-04-01 22:01:11,865 - piper_actor - DEBUG - exec_send key (None, 3) to peer pp rank 0
[36m(PiperActor pid=1939917)[0m 2026-04-01 22:01:11,866 - piper_actor - DEBUG - run_dag dispatch (time 16): reduce_scatter s1 mb3 bkt=0
[36m(PiperActor pid=1939903)[0m 2026-04-01 22:01:11,850 - piper_actor - DEBUG - run_dag dispatch (time 16): update s0 mb3 bkt=0
[36m(PiperActor pid=1939908)[0m 2026-04-01 22:01:11,911 - piper_actor - DEBUG - run_dag dispatch (time 16): reduce_scatter s0 mb3 bkt=0
[36m(PiperActor pid=1939903)[0m 2026-04-01 22:01:11,908 - piper_actor - DEBUG - run_dag dispatch (time 16): reduce_scatter s0 mb3 bkt=0
[36m(run_dp_rank pid=1920336)[0m Running 5 timed iterations...
[36m(run_dp_rank pid=1920352)[0m Running 5 timed iterations...
[36m(PiperActor pid=1939912)[0m 2026-04-01 22:01:12,923 - piper_actor - DEBUG - run_dag dispatch (time -20001): all_gather s3 mb0 bkt=0
[36m(PiperActor pid=1939912)[0m 2026-04-01 22:01:12,923 - piper_actor - DEBUG - run_dag dispatch (time -20000): all_gather s1 mb0 bkt=0
[36m(PiperActor pid=1939912)[0m 2026-04-01 22:01:12,924 - piper_actor - DEBUG - run_dag dispatch (time -1): recv s1 mb0 bkt=0
[36m(PiperActor pid=1939912)[0m 2026-04-01 22:01:12,924 - piper_actor - DEBUG - exec_recv key ((1, 0), 0) from peer pp rank 0
[36m(PiperActor pid=1939912)[0m 2026-04-01 22:01:12,924 - piper_actor - DEBUG - run_dag dispatch (time 0): forward s1 mb0 bkt=0
[36m(PiperActor pid=1939912)[0m 2026-04-01 22:01:12,935 - piper_actor - DEBUG - run_dag dispatch (time 0): recv s1 mb1 bkt=0
[36m(PiperActor pid=1939912)[0m 2026-04-01 22:01:12,935 - piper_actor - DEBUG - exec_recv key ((1, 0), 1) from peer pp rank 0
[36m(PiperActor pid=1939912)[0m 2026-04-01 22:01:12,935 - piper_actor - DEBUG - run_dag dispatch (time 1): forward s1 mb1 bkt=0
[36m(PiperActor pid=1939908)[0m 2026-04-01 22:01:12,923 - piper_actor - DEBUG - run_dag dispatch (time -20001): all_gather s2 mb0 bkt=0
[36m(PiperActor pid=1939908)[0m 2026-04-01 22:01:12,923 - piper_actor - DEBUG - run_dag dispatch (time -20000): all_gather s0 mb0 bkt=0
[36m(PiperActor pid=1939908)[0m 2026-04-01 22:01:12,924 - piper_actor - DEBUG - run_dag dispatch (time 0): forward s0 mb0 bkt=0
[36m(PiperActor pid=1939908)[0m 2026-04-01 22:01:12,935 - piper_actor - DEBUG - run_dag dispatch (time 1): forward s0 mb1 bkt=0
[36m(PiperActor pid=1939917)[0m 2026-04-01 22:01:12,921 - piper_actor - DEBUG - run_dag dispatch (time -20001): all_gather s3 mb0 bkt=0
[36m(PiperActor pid=1939917)[0m 2026-04-01 22:01:12,922 - piper_actor - DEBUG - run_dag dispatch (time -20000): all_gather s1 mb0 bkt=0
[36m(PiperActor pid=1939917)[0m 2026-04-01 22:01:12,922 - piper_actor - DEBUG - run_dag dispatch (time -1): recv s1 mb0 bkt=0
[36m(PiperActor pid=1939917)[0m 2026-04-01 22:01:12,922 - piper_actor - DEBUG - exec_recv key ((1, 0), 0) from peer pp rank 0
[36m(PiperActor pid=1939917)[0m 2026-04-01 22:01:12,923 - piper_actor - DEBUG - run_dag dispatch (time 0): forward s1 mb0 bkt=0
[36m(PiperActor pid=1939917)[0m 2026-04-01 22:01:12,934 - piper_actor - DEBUG - run_dag dispatch (time 0): recv s1 mb1 bkt=0
[36m(PiperActor pid=1939917)[0m 2026-04-01 22:01:12,934 - piper_actor - DEBUG - exec_recv key ((1, 0), 1) from peer pp rank 0
[36m(PiperActor pid=1939917)[0m 2026-04-01 22:01:12,934 - piper_actor - DEBUG - run_dag dispatch (time 1): forward s1 mb1 bkt=0
[36m(PiperActor pid=1939903)[0m 2026-04-01 22:01:12,920 - piper_actor - DEBUG - run_dag dispatch (time -20001): all_gather s2 mb0 bkt=0
[36m(PiperActor pid=1939903)[0m 2026-04-01 22:01:12,921 - piper_actor - DEBUG - run_dag dispatch (time -20000): all_gather s0 mb0 bkt=0
[36m(PiperActor pid=1939903)[0m 2026-04-01 22:01:12,921 - piper_actor - DEBUG - run_dag dispatch (time 0): forward s0 mb0 bkt=0
[36m(PiperActor pid=1939903)[0m 2026-04-01 22:01:12,932 - piper_actor - DEBUG - run_dag dispatch (time 1): forward s0 mb1 bkt=0
[36m(PiperActor pid=1939912)[0m 2026-04-01 22:01:12,947 - piper_actor - DEBUG - run_dag dispatch (time 1): recv s3 mb0 bkt=0
[36m(PiperActor pid=1939912)[0m 2026-04-01 22:01:12,947 - piper_actor - DEBUG - exec_recv key ((3, 0), 0) from peer pp rank 0
[36m(PiperActor pid=1939912)[0m 2026-04-01 22:01:12,947 - piper_actor - DEBUG - run_dag dispatch (time 1): send s1 mb0 bkt=0
[36m(PiperActor pid=1939912)[0m 2026-04-01 22:01:12,947 - piper_actor - DEBUG - exec_send key ((1, 0), 0) to peer pp rank 0
[36m(PiperActor pid=1939912)[0m 2026-04-01 22:01:12,948 - piper_actor - DEBUG - run_dag dispatch (time 2): forward s3 mb0 bkt=0
[36m(PiperActor pid=1939912)[0m 2026-04-01 22:01:12,958 - piper_actor - DEBUG - run_dag dispatch (time 2): send s1 mb1 bkt=0
[36m(PiperActor pid=1939912)[0m 2026-04-01 22:01:12,958 - piper_actor - DEBUG - exec_send key ((1, 0), 1) to peer pp rank 0
[36m(PiperActor pid=1939912)[0m 2026-04-01 22:01:12,959 - piper_actor - DEBUG - run_dag dispatch (time 3): backward s3 mb0 bkt=0
[36m(PiperActor pid=1939908)[0m 2026-04-01 22:01:12,946 - piper_actor - DEBUG - run_dag dispatch (time 1): send s0 mb0 bkt=0
[36m(PiperActor pid=1939908)[0m 2026-04-01 22:01:12,946 - piper_actor - DEBUG - exec_send key ((0, 0), 0) to peer pp rank 1
[36m(PiperActor pid=1939908)[0m 2026-04-01 22:01:12,946 - piper_actor - DEBUG - run_dag dispatch (time 1): recv s2 mb0 bkt=0
[36m(PiperActor pid=1939908)[0m 2026-04-01 22:01:12,946 - piper_actor - DEBUG - exec_recv key ((2, 0), 0) from peer pp rank 1
[36m(PiperActor pid=1939908)[0m 2026-04-01 22:01:12,947 - piper_actor - DEBUG - run_dag dispatch (time 2): forward s2 mb0 bkt=0
[36m(PiperActor pid=1939908)[0m 2026-04-01 22:01:12,957 - piper_actor - DEBUG - run_dag dispatch (time 2): send s0 mb1 bkt=0
[36m(PiperActor pid=1939908)[0m 2026-04-01 22:01:12,957 - piper_actor - DEBUG - exec_send key ((0, 0), 1) to peer pp rank 1
[36m(PiperActor pid=1939908)[0m 2026-04-01 22:01:12,957 - piper_actor - DEBUG - run_dag dispatch (time 2): recv s2 mb1 bkt=0
[36m(PiperActor pid=1939908)[0m 2026-04-01 22:01:12,957 - piper_actor - DEBUG - exec_recv key ((2, 0), 1) from peer pp rank 1
[36m(PiperActor pid=1939908)[0m 2026-04-01 22:01:12,958 - piper_actor - DEBUG - run_dag dispatch (time 3): forward s2 mb1 bkt=0
[36m(PiperActor pid=1939908)[0m 2026-04-01 22:01:12,968 - piper_actor - DEBUG - run_dag dispatch (time 3): send s2 mb0 bkt=0
[36m(PiperActor pid=1939908)[0m 2026-04-01 22:01:12,968 - piper_actor - DEBUG - exec_send key ((2, 0), 0) to peer pp rank 1
[36m(PiperActor pid=1939908)[0m 2026-04-01 22:01:12,968 - piper_actor - DEBUG - run_dag dispatch (time 4): forward s0 mb2 bkt=0
[36m(PiperActor pid=1939908)[0m 2026-04-01 22:01:12,979 - piper_actor - DEBUG - run_dag dispatch (time 4): send s2 mb1 bkt=0
[36m(PiperActor pid=1939908)[0m 2026-04-01 22:01:12,979 - piper_actor - DEBUG - exec_send key ((2, 0), 1) to peer pp rank 1
[36m(PiperActor pid=1939908)[0m 2026-04-01 22:01:12,979 - piper_actor - DEBUG - run_dag dispatch (time 4): recv s2 mb0 bkt=0
[36m(PiperActor pid=1939908)[0m 2026-04-01 22:01:12,979 - piper_actor - DEBUG - exec_recv key (None, 0) from peer pp rank 1
[36m(PiperActor pid=1939908)[0m 2026-04-01 22:01:12,979 - piper_actor - DEBUG - run_dag dispatch (time 5): backward s2 mb0 bkt=0
[36m(PiperActor pid=1939917)[0m 2026-04-01 22:01:12,945 - piper_actor - DEBUG - run_dag dispatch (time 1): recv s3 mb0 bkt=0
[36m(PiperActor pid=1939917)[0m 2026-04-01 22:01:12,945 - piper_actor - DEBUG - exec_recv key ((3, 0), 0) from peer pp rank 0
[36m(PiperActor pid=1939917)[0m 2026-04-01 22:01:12,946 - piper_actor - DEBUG - run_dag dispatch (time 1): send s1 mb0 bkt=0
[36m(PiperActor pid=1939917)[0m 2026-04-01 22:01:12,946 - piper_actor - DEBUG - exec_send key ((1, 0), 0) to peer pp rank 0
[36m(PiperActor pid=1939917)[0m 2026-04-01 22:01:12,946 - piper_actor - DEBUG - run_dag dispatch (time 2): forward s3 mb0 bkt=0
[36m(PiperActor pid=1939917)[0m 2026-04-01 22:01:12,957 - piper_actor - DEBUG - run_dag dispatch (time 2): send s1 mb1 bkt=0
[36m(PiperActor pid=1939917)[0m 2026-04-01 22:01:12,957 - piper_actor - DEBUG - exec_send key ((1, 0), 1) to peer pp rank 0
[36m(PiperActor pid=1939917)[0m 2026-04-01 22:01:12,958 - piper_actor - DEBUG - run_dag dispatch (time 3): backward s3 mb0 bkt=0
[36m(PiperActor pid=1939903)[0m 2026-04-01 22:01:12,943 - piper_actor - DEBUG - run_dag dispatch (time 1): send s0 mb0 bkt=0
[36m(PiperActor pid=1939903)[0m 2026-04-01 22:01:12,943 - piper_actor - DEBUG - exec_send key ((0, 0), 0) to peer pp rank 1
[36m(PiperActor pid=1939903)[0m 2026-04-01 22:01:12,944 - piper_actor - DEBUG - run_dag dispatch (time 1): recv s2 mb0 bkt=0
[36m(PiperActor pid=1939903)[0m 2026-04-01 22:01:12,944 - piper_actor - DEBUG - exec_recv key ((2, 0), 0) from peer pp rank 1
[36m(PiperActor pid=1939903)[0m 2026-04-01 22:01:12,944 - piper_actor - DEBUG - run_dag dispatch (time 2): forward s2 mb0 bkt=0
[36m(PiperActor pid=1939903)[0m 2026-04-01 22:01:12,954 - piper_actor - DEBUG - run_dag dispatch (time 2): send s0 mb1 bkt=0
[36m(PiperActor pid=1939903)[0m 2026-04-01 22:01:12,955 - piper_actor - DEBUG - exec_send key ((0, 0), 1) to peer pp rank 1
[36m(PiperActor pid=1939903)[0m 2026-04-01 22:01:12,955 - piper_actor - DEBUG - run_dag dispatch (time 2): recv s2 mb1 bkt=0
[36m(PiperActor pid=1939903)[0m 2026-04-01 22:01:12,955 - piper_actor - DEBUG - exec_recv key ((2, 0), 1) from peer pp rank 1
[36m(PiperActor pid=1939903)[0m 2026-04-01 22:01:12,955 - piper_actor - DEBUG - run_dag dispatch (time 3): forward s2 mb1 bkt=0
[36m(PiperActor pid=1939903)[0m 2026-04-01 22:01:12,966 - piper_actor - DEBUG - run_dag dispatch (time 3): send s2 mb0 bkt=0
[36m(PiperActor pid=1939903)[0m 2026-04-01 22:01:12,966 - piper_actor - DEBUG - exec_send key ((2, 0), 0) to peer pp rank 1
[36m(PiperActor pid=1939903)[0m 2026-04-01 22:01:12,966 - piper_actor - DEBUG - run_dag dispatch (time 4): forward s0 mb2 bkt=0
[36m(PiperActor pid=1939903)[0m 2026-04-01 22:01:12,977 - piper_actor - DEBUG - run_dag dispatch (time 4): send s2 mb1 bkt=0
[36m(PiperActor pid=1939903)[0m 2026-04-01 22:01:12,977 - piper_actor - DEBUG - exec_send key ((2, 0), 1) to peer pp rank 1
[36m(PiperActor pid=1939903)[0m 2026-04-01 22:01:12,977 - piper_actor - DEBUG - run_dag dispatch (time 4): recv s2 mb0 bkt=0
[36m(PiperActor pid=1939903)[0m 2026-04-01 22:01:12,977 - piper_actor - DEBUG - exec_recv key (None, 0) from peer pp rank 1
[36m(PiperActor pid=1939903)[0m 2026-04-01 22:01:12,978 - piper_actor - DEBUG - run_dag dispatch (time 5): backward s2 mb0 bkt=0
[36m(PiperActor pid=1939912)[0m 2026-04-01 22:01:12,990 - piper_actor - DEBUG - run_dag dispatch (time 3): recv s3 mb1 bkt=0
[36m(PiperActor pid=1939912)[0m 2026-04-01 22:01:12,990 - piper_actor - DEBUG - exec_recv key ((3, 0), 1) from peer pp rank 0
[36m(PiperActor pid=1939912)[0m 2026-04-01 22:01:12,990 - piper_actor - DEBUG - run_dag dispatch (time 4): forward s3 mb1 bkt=0
[36m(PiperActor pid=1939908)[0m 2026-04-01 22:01:13,008 - piper_actor - DEBUG - run_dag dispatch (time 5): send s0 mb2 bkt=0
[36m(PiperActor pid=1939908)[0m 2026-04-01 22:01:13,008 - piper_actor - DEBUG - exec_send key ((0, 0), 2) to peer pp rank 1
[36m(PiperActor pid=1939908)[0m 2026-04-01 22:01:13,008 - piper_actor - DEBUG - run_dag dispatch (time 6): forward s0 mb3 bkt=0
[36m(PiperActor pid=1939917)[0m 2026-04-01 22:01:12,990 - piper_actor - DEBUG - run_dag dispatch (time 3): recv s3 mb1 bkt=0
[36m(PiperActor pid=1939917)[0m 2026-04-01 22:01:12,990 - piper_actor - DEBUG - exec_recv key ((3, 0), 1) from peer pp rank 0
[36m(PiperActor pid=1939917)[0m 2026-04-01 22:01:12,991 - piper_actor - DEBUG - run_dag dispatch (time 4): forward s3 mb1 bkt=0
[36m(PiperActor pid=1939903)[0m 2026-04-01 22:01:13,007 - piper_actor - DEBUG - run_dag dispatch (time 5): send s0 mb2 bkt=0
[36m(PiperActor pid=1939903)[0m 2026-04-01 22:01:13,008 - piper_actor - DEBUG - exec_send key ((0, 0), 2) to peer pp rank 1
[36m(PiperActor pid=1939903)[0m 2026-04-01 22:01:13,008 - piper_actor - DEBUG - run_dag dispatch (time 6): forward s0 mb3 bkt=0
[36m(PiperActor pid=1939912)[0m 2026-04-01 22:01:13,032 - piper_actor - DEBUG - run_dag dispatch (time 4): send s3 mb0 bkt=0
[36m(PiperActor pid=1939912)[0m 2026-04-01 22:01:13,032 - piper_actor - DEBUG - exec_send key (None, 0) to peer pp rank 0
[36m(PiperActor pid=1939912)[0m 2026-04-01 22:01:13,033 - piper_actor - DEBUG - run_dag dispatch (time 5): backward s3 mb1 bkt=0
[36m(PiperActor pid=1939917)[0m 2026-04-01 22:01:13,031 - piper_actor - DEBUG - run_dag dispatch (time 4): send s3 mb0 bkt=0
[36m(PiperActor pid=1939917)[0m 2026-04-01 22:01:13,031 - piper_actor - DEBUG - exec_send key (None, 0) to peer pp rank 0
[36m(PiperActor pid=1939917)[0m 2026-04-01 22:01:13,032 - piper_actor - DEBUG - run_dag dispatch (time 5): backward s3 mb1 bkt=0
[36m(PiperActor pid=1939903)[0m 2026-04-01 22:01:13,060 - piper_actor - DEBUG - run_dag dispatch (time 6): send s2 mb0 bkt=0
[36m(PiperActor pid=1939903)[0m 2026-04-01 22:01:13,060 - piper_actor - DEBUG - exec_send key (None, 0) to peer pp rank 1
[36m(PiperActor pid=1939903)[0m 2026-04-01 22:01:13,061 - piper_actor - DEBUG - run_dag dispatch (time 6): recv s2 mb1 bkt=0
[36m(PiperActor pid=1939903)[0m 2026-04-01 22:01:13,061 - piper_actor - DEBUG - exec_recv key (None, 1) from peer pp rank 1
[36m(PiperActor pid=1939912)[0m 2026-04-01 22:01:13,064 - piper_actor - DEBUG - run_dag dispatch (time 5): recv s1 mb2 bkt=0
[36m(PiperActor pid=1939912)[0m 2026-04-01 22:01:13,064 - piper_actor - DEBUG - exec_recv key ((1, 0), 2) from peer pp rank 0
[36m(PiperActor pid=1939912)[0m 2026-04-01 22:01:13,064 - piper_actor - DEBUG - run_dag dispatch (time 6): forward s1 mb2 bkt=0
[36m(PiperActor pid=1939908)[0m 2026-04-01 22:01:13,062 - piper_actor - DEBUG - run_dag dispatch (time 6): send s2 mb0 bkt=0
[36m(PiperActor pid=1939908)[0m 2026-04-01 22:01:13,062 - piper_actor - DEBUG - exec_send key (None, 0) to peer pp rank 1
[36m(PiperActor pid=1939908)[0m 2026-04-01 22:01:13,062 - piper_actor - DEBUG - run_dag dispatch (time 6): recv s2 mb1 bkt=0
[36m(PiperActor pid=1939908)[0m 2026-04-01 22:01:13,062 - piper_actor - DEBUG - exec_recv key (None, 1) from peer pp rank 1
[36m(PiperActor pid=1939908)[0m 2026-04-01 22:01:13,063 - piper_actor - DEBUG - run_dag dispatch (time 7): backward s2 mb1 bkt=0
[36m(PiperActor pid=1939917)[0m 2026-04-01 22:01:13,062 - piper_actor - DEBUG - run_dag dispatch (time 5): recv s1 mb2 bkt=0
[36m(PiperActor pid=1939917)[0m 2026-04-01 22:01:13,063 - piper_actor - DEBUG - exec_recv key ((1, 0), 2) from peer pp rank 0
[36m(PiperActor pid=1939917)[0m 2026-04-01 22:01:13,064 - piper_actor - DEBUG - run_dag dispatch (time 6): forward s1 mb2 bkt=0
[36m(PiperActor pid=1939903)[0m 2026-04-01 22:01:13,061 - piper_actor - DEBUG - run_dag dispatch (time 7): backward s2 mb1 bkt=0
[36m(PiperActor pid=1939903)[0m 2026-04-01 22:01:13,097 - piper_actor - DEBUG - run_dag dispatch (time 7): send s0 mb3 bkt=0
[36m(PiperActor pid=1939903)[0m 2026-04-01 22:01:13,097 - piper_actor - DEBUG - exec_send key ((0, 0), 3) to peer pp rank 1
[36m(PiperActor pid=1939903)[0m 2026-04-01 22:01:13,097 - piper_actor - DEBUG - run_dag dispatch (time 7): recv s2 mb2 bkt=0
[36m(PiperActor pid=1939903)[0m 2026-04-01 22:01:13,097 - piper_actor - DEBUG - exec_recv key ((2, 0), 2) from peer pp rank 1
[36m(PiperActor pid=1939903)[0m 2026-04-01 22:01:13,098 - piper_actor - DEBUG - run_dag dispatch (time 8): forward s2 mb2 bkt=0
[36m(PiperActor pid=1939912)[0m 2026-04-01 22:01:13,104 - piper_actor - DEBUG - run_dag dispatch (time 6): recv s1 mb0 bkt=0
[36m(PiperActor pid=1939912)[0m 2026-04-01 22:01:13,104 - piper_actor - DEBUG - exec_recv key (None, 0) from peer pp rank 0
[36m(PiperActor pid=1939912)[0m 2026-04-01 22:01:13,104 - piper_actor - DEBUG - run_dag dispatch (time 6): send s3 mb1 bkt=0
[36m(PiperActor pid=1939912)[0m 2026-04-01 22:01:13,105 - piper_actor - DEBUG - exec_send key (None, 1) to peer pp rank 0
[36m(PiperActor pid=1939912)[0m 2026-04-01 22:01:13,105 - piper_actor - DEBUG - run_dag dispatch (time 7): backward s1 mb0 bkt=0
[36m(PiperActor pid=1939912)[0m 2026-04-01 22:01:13,133 - piper_actor - DEBUG - run_dag dispatch (time 7): recv s1 mb3 bkt=0
[36m(PiperActor pid=1939912)[0m 2026-04-01 22:01:13,134 - piper_actor - DEBUG - exec_recv key ((1, 0), 3) from peer pp rank 0
[36m(PiperActor pid=1939912)[0m 2026-04-01 22:01:13,134 - piper_actor - DEBUG - run_dag dispatch (time 7): send s1 mb2 bkt=0
[36m(PiperActor pid=1939912)[0m 2026-04-01 22:01:13,134 - piper_actor - DEBUG - exec_send key ((1, 0), 2) to peer pp rank 0
[36m(PiperActor pid=1939912)[0m 2026-04-01 22:01:13,135 - piper_actor - DEBUG - run_dag dispatch (time 8): forward s1 mb3 bkt=0
[36m(PiperActor pid=1939908)[0m 2026-04-01 22:01:13,102 - piper_actor - DEBUG - run_dag dispatch (time 7): send s0 mb3 bkt=0
[36m(PiperActor pid=1939908)[0m 2026-04-01 22:01:13,103 - piper_actor - DEBUG - exec_send key ((0, 0), 3) to peer pp rank 1
[36m(PiperActor pid=1939908)[0m 2026-04-01 22:01:13,103 - piper_actor - DEBUG - run_dag dispatch (time 7): recv s2 mb2 bkt=0
[36m(PiperActor pid=1939908)[0m 2026-04-01 22:01:13,103 - piper_actor - DEBUG - exec_recv key ((2, 0), 2) from peer pp rank 1
[36m(PiperActor pid=1939908)[0m 2026-04-01 22:01:13,104 - piper_actor - DEBUG - run_dag dispatch (time 8): forward s2 mb2 bkt=0
[36m(PiperActor pid=1939908)[0m 2026-04-01 22:01:13,134 - piper_actor - DEBUG - run_dag dispatch (time 8): send s2 mb1 bkt=0
[36m(PiperActor pid=1939908)[0m 2026-04-01 22:01:13,134 - piper_actor - DEBUG - exec_send key (None, 1) to peer pp rank 1
[36m(PiperActor pid=1939908)[0m 2026-04-01 22:01:13,135 - piper_actor - DEBUG - run_dag dispatch (time 8): recv s0 mb0 bkt=0
[36m(PiperActor pid=1939908)[0m 2026-04-01 22:01:13,135 - piper_actor - DEBUG - exec_recv key (None, 0) from peer pp rank 1
[36m(PiperActor pid=1939908)[0m 2026-04-01 22:01:13,135 - piper_actor - DEBUG - run_dag dispatch (time 9): backward s0 mb0 bkt=0
[36m(PiperActor pid=1939917)[0m 2026-04-01 22:01:13,101 - piper_actor - DEBUG - run_dag dispatch (time 6): recv s1 mb0 bkt=0
[36m(PiperActor pid=1939917)[0m 2026-04-01 22:01:13,101 - piper_actor - DEBUG - exec_recv key (None, 0) from peer pp rank 0
[36m(PiperActor pid=1939917)[0m 2026-04-01 22:01:13,102 - piper_actor - DEBUG - run_dag dispatch (time 6): send s3 mb1 bkt=0
[36m(PiperActor pid=1939917)[0m 2026-04-01 22:01:13,102 - piper_actor - DEBUG - exec_send key (None, 1) to peer pp rank 0
[36m(PiperActor pid=1939917)[0m 2026-04-01 22:01:13,102 - piper_actor - DEBUG - run_dag dispatch (time 7): backward s1 mb0 bkt=0
[36m(PiperActor pid=1939917)[0m 2026-04-01 22:01:13,132 - piper_actor - DEBUG - run_dag dispatch (time 7): recv s1 mb3 bkt=0
[36m(PiperActor pid=1939917)[0m 2026-04-01 22:01:13,132 - piper_actor - DEBUG - exec_recv key ((1, 0), 3) from peer pp rank 0
[36m(PiperActor pid=1939917)[0m 2026-04-01 22:01:13,133 - piper_actor - DEBUG - run_dag dispatch (time 7): send s1 mb2 bkt=0
[36m(PiperActor pid=1939917)[0m 2026-04-01 22:01:13,133 - piper_actor - DEBUG - exec_send key ((1, 0), 2) to peer pp rank 0
[36m(PiperActor pid=1939917)[0m 2026-04-01 22:01:13,133 - piper_actor - DEBUG - run_dag dispatch (time 8): forward s1 mb3 bkt=0
[36m(PiperActor pid=1939903)[0m 2026-04-01 22:01:13,132 - piper_actor - DEBUG - run_dag dispatch (time 8): send s2 mb1 bkt=0
[36m(PiperActor pid=1939903)[0m 2026-04-01 22:01:13,132 - piper_actor - DEBUG - exec_send key (None, 1) to peer pp rank 1
[36m(PiperActor pid=1939903)[0m 2026-04-01 22:01:13,132 - piper_actor - DEBUG - run_dag dispatch (time 8): recv s0 mb0 bkt=0
[36m(PiperActor pid=1939903)[0m 2026-04-01 22:01:13,132 - piper_actor - DEBUG - exec_recv key (None, 0) from peer pp rank 1
[36m(PiperActor pid=1939903)[0m 2026-04-01 22:01:13,133 - piper_actor - DEBUG - run_dag dispatch (time 9): backward s0 mb0 bkt=0
[36m(PiperActor pid=1939912)[0m 2026-04-01 22:01:13,150 - piper_actor - DEBUG - run_dag dispatch (time 8): recv s1 mb1 bkt=0
[36m(PiperActor pid=1939912)[0m 2026-04-01 22:01:13,150 - piper_actor - DEBUG - exec_recv key (None, 1) from peer pp rank 0
[36m(PiperActor pid=1939912)[0m 2026-04-01 22:01:13,150 - piper_actor - DEBUG - run_dag dispatch (time 8): send s1 mb0 bkt=0
[36m(PiperActor pid=1939912)[0m 2026-04-01 22:01:13,150 - piper_actor - DEBUG - exec_send key (None, 0) to peer pp rank 0
[36m(PiperActor pid=1939912)[0m 2026-04-01 22:01:13,151 - piper_actor - DEBUG - run_dag dispatch (time 9): backward s1 mb1 bkt=0
[36m(PiperActor pid=1939908)[0m 2026-04-01 22:01:13,172 - piper_actor - DEBUG - run_dag dispatch (time 9): send s2 mb2 bkt=0
[36m(PiperActor pid=1939908)[0m 2026-04-01 22:01:13,172 - piper_actor - DEBUG - exec_send key ((2, 0), 2) to peer pp rank 1
[36m(PiperActor pid=1939908)[0m 2026-04-01 22:01:13,173 - piper_actor - DEBUG - run_dag dispatch (time 9): recv s2 mb3 bkt=0
[36m(PiperActor pid=1939908)[0m 2026-04-01 22:01:13,173 - piper_actor - DEBUG - exec_recv key ((2, 0), 3) from peer pp rank 1
[36m(PiperActor pid=1939908)[0m 2026-04-01 22:01:13,173 - piper_actor - DEBUG - run_dag dispatch (time 10): forward s2 mb3 bkt=0
[36m(PiperActor pid=1939917)[0m 2026-04-01 22:01:13,147 - piper_actor - DEBUG - run_dag dispatch (time 8): recv s1 mb1 bkt=0
[36m(PiperActor pid=1939917)[0m 2026-04-01 22:01:13,147 - piper_actor - DEBUG - exec_recv key (None, 1) from peer pp rank 0
[36m(PiperActor pid=1939917)[0m 2026-04-01 22:01:13,148 - piper_actor - DEBUG - run_dag dispatch (time 8): send s1 mb0 bkt=0
[36m(PiperActor pid=1939917)[0m 2026-04-01 22:01:13,148 - piper_actor - DEBUG - exec_send key (None, 0) to peer pp rank 0
[36m(PiperActor pid=1939917)[0m 2026-04-01 22:01:13,148 - piper_actor - DEBUG - run_dag dispatch (time 9): backward s1 mb1 bkt=0
[36m(PiperActor pid=1939903)[0m 2026-04-01 22:01:13,171 - piper_actor - DEBUG - run_dag dispatch (time 9): send s2 mb2 bkt=0
[36m(PiperActor pid=1939903)[0m 2026-04-01 22:01:13,171 - piper_actor - DEBUG - exec_send key ((2, 0), 2) to peer pp rank 1
[36m(PiperActor pid=1939903)[0m 2026-04-01 22:01:13,172 - piper_actor - DEBUG - run_dag dispatch (time 9): recv s2 mb3 bkt=0
[36m(PiperActor pid=1939903)[0m 2026-04-01 22:01:13,172 - piper_actor - DEBUG - exec_recv key ((2, 0), 3) from peer pp rank 1
[36m(PiperActor pid=1939903)[0m 2026-04-01 22:01:13,172 - piper_actor - DEBUG - run_dag dispatch (time 10): forward s2 mb3 bkt=0
[36m(PiperActor pid=1939912)[0m 2026-04-01 22:01:13,183 - piper_actor - DEBUG - run_dag dispatch (time 9): recv s3 mb2 bkt=0
[36m(PiperActor pid=1939912)[0m 2026-04-01 22:01:13,183 - piper_actor - DEBUG - exec_recv key ((3, 0), 2) from peer pp rank 0
[36m(PiperActor pid=1939912)[0m 2026-04-01 22:01:13,184 - piper_actor - DEBUG - run_dag dispatch (time 9): send s1 mb3 bkt=0
[36m(PiperActor pid=1939912)[0m 2026-04-01 22:01:13,184 - piper_actor - DEBUG - exec_send key ((1, 0), 3) to peer pp rank 0
[36m(PiperActor pid=1939912)[0m 2026-04-01 22:01:13,184 - piper_actor - DEBUG - run_dag dispatch (time 10): forward s3 mb2 bkt=0
[36m(PiperActor pid=1939912)[0m 2026-04-01 22:01:13,200 - piper_actor - DEBUG - run_dag dispatch (time 10): send s1 mb1 bkt=0
[36m(PiperActor pid=1939912)[0m 2026-04-01 22:01:13,200 - piper_actor - DEBUG - exec_send key (None, 1) to peer pp rank 0
[36m(PiperActor pid=1939912)[0m 2026-04-01 22:01:13,201 - piper_actor - DEBUG - run_dag dispatch (time 11): backward s3 mb2 bkt=0
[36m(PiperActor pid=1939908)[0m 2026-04-01 22:01:13,191 - piper_actor - DEBUG - run_dag dispatch (time 10): recv s0 mb1 bkt=0
[36m(PiperActor pid=1939908)[0m 2026-04-01 22:01:13,191 - piper_actor - DEBUG - exec_recv key (None, 1) from peer pp rank 1
[36m(PiperActor pid=1939908)[0m 2026-04-01 22:01:13,192 - piper_actor - DEBUG - run_dag dispatch (time 11): backward s0 mb1 bkt=0
[36m(PiperActor pid=1939917)[0m 2026-04-01 22:01:13,182 - piper_actor - DEBUG - run_dag dispatch (time 9): recv s3 mb2 bkt=0
[36m(PiperActor pid=1939917)[0m 2026-04-01 22:01:13,182 - piper_actor - DEBUG - exec_recv key ((3, 0), 2) from peer pp rank 0
[36m(PiperActor pid=1939917)[0m 2026-04-01 22:01:13,183 - piper_actor - DEBUG - run_dag dispatch (time 9): send s1 mb3 bkt=0
[36m(PiperActor pid=1939917)[0m 2026-04-01 22:01:13,183 - piper_actor - DEBUG - exec_send key ((1, 0), 3) to peer pp rank 0
[36m(PiperActor pid=1939917)[0m 2026-04-01 22:01:13,183 - piper_actor - DEBUG - run_dag dispatch (time 10): forward s3 mb2 bkt=0
[36m(PiperActor pid=1939917)[0m 2026-04-01 22:01:13,198 - piper_actor - DEBUG - run_dag dispatch (time 10): send s1 mb1 bkt=0
[36m(PiperActor pid=1939917)[0m 2026-04-01 22:01:13,198 - piper_actor - DEBUG - exec_send key (None, 1) to peer pp rank 0
[36m(PiperActor pid=1939917)[0m 2026-04-01 22:01:13,198 - piper_actor - DEBUG - run_dag dispatch (time 11): backward s3 mb2 bkt=0
[36m(PiperActor pid=1939903)[0m 2026-04-01 22:01:13,197 - piper_actor - DEBUG - run_dag dispatch (time 10): recv s0 mb1 bkt=0
[36m(PiperActor pid=1939903)[0m 2026-04-01 22:01:13,198 - piper_actor - DEBUG - exec_recv key (None, 1) from peer pp rank 1
[36m(PiperActor pid=1939903)[0m 2026-04-01 22:01:13,199 - piper_actor - DEBUG - run_dag dispatch (time 11): backward s0 mb1 bkt=0
[36m(PiperActor pid=1939912)[0m 2026-04-01 22:01:13,231 - piper_actor - DEBUG - run_dag dispatch (time 11): recv s3 mb3 bkt=0
[36m(PiperActor pid=1939912)[0m 2026-04-01 22:01:13,231 - piper_actor - DEBUG - exec_recv key ((3, 0), 3) from peer pp rank 0
[36m(PiperActor pid=1939912)[0m 2026-04-01 22:01:13,232 - piper_actor - DEBUG - run_dag dispatch (time 12): forward s3 mb3 bkt=0
[36m(PiperActor pid=1939908)[0m 2026-04-01 22:01:13,229 - piper_actor - DEBUG - run_dag dispatch (time 11): send s2 mb3 bkt=0
[36m(PiperActor pid=1939908)[0m 2026-04-01 22:01:13,229 - piper_actor - DEBUG - exec_send key ((2, 0), 3) to peer pp rank 1
[36m(PiperActor pid=1939908)[0m 2026-04-01 22:01:13,230 - piper_actor - DEBUG - run_dag dispatch (time 11): recv s2 mb2 bkt=0
[36m(PiperActor pid=1939908)[0m 2026-04-01 22:01:13,230 - piper_actor - DEBUG - exec_recv key (None, 2) from peer pp rank 1
[36m(PiperActor pid=1939908)[0m 2026-04-01 22:01:13,230 - piper_actor - DEBUG - run_dag dispatch (time 12): backward s2 mb2 bkt=0
[36m(PiperActor pid=1939917)[0m 2026-04-01 22:01:13,229 - piper_actor - DEBUG - run_dag dispatch (time 11): recv s3 mb3 bkt=0
[36m(PiperActor pid=1939917)[0m 2026-04-01 22:01:13,230 - piper_actor - DEBUG - exec_recv key ((3, 0), 3) from peer pp rank 0
[36m(PiperActor pid=1939917)[0m 2026-04-01 22:01:13,230 - piper_actor - DEBUG - run_dag dispatch (time 12): forward s3 mb3 bkt=0
[36m(PiperActor pid=1939903)[0m 2026-04-01 22:01:13,227 - piper_actor - DEBUG - run_dag dispatch (time 11): send s2 mb3 bkt=0
[36m(PiperActor pid=1939903)[0m 2026-04-01 22:01:13,228 - piper_actor - DEBUG - exec_send key ((2, 0), 3) to peer pp rank 1
[36m(PiperActor pid=1939903)[0m 2026-04-01 22:01:13,228 - piper_actor - DEBUG - run_dag dispatch (time 11): recv s2 mb2 bkt=0
[36m(PiperActor pid=1939903)[0m 2026-04-01 22:01:13,228 - piper_actor - DEBUG - exec_recv key (None, 2) from peer pp rank 1
[36m(PiperActor pid=1939903)[0m 2026-04-01 22:01:13,229 - piper_actor - DEBUG - run_dag dispatch (time 12): backward s2 mb2 bkt=0
[36m(PiperActor pid=1939912)[0m 2026-04-01 22:01:13,273 - piper_actor - DEBUG - run_dag dispatch (time 12): send s3 mb2 bkt=0
[36m(PiperActor pid=1939912)[0m 2026-04-01 22:01:13,274 - piper_actor - DEBUG - exec_send key (None, 2) to peer pp rank 0
[36m(PiperActor pid=1939912)[0m 2026-04-01 22:01:13,274 - piper_actor - DEBUG - run_dag dispatch (time 13): backward s3 mb3 bkt=0
[36m(PiperActor pid=1939908)[0m 2026-04-01 22:01:13,265 - piper_actor - DEBUG - run_dag dispatch (time 12): recv s2 mb3 bkt=0
[36m(PiperActor pid=1939908)[0m 2026-04-01 22:01:13,265 - piper_actor - DEBUG - exec_recv key (None, 3) from peer pp rank 1
[36m(PiperActor pid=1939908)[0m 2026-04-01 22:01:13,266 - piper_actor - DEBUG - run_dag dispatch (time 13): backward s2 mb3 bkt=0
[36m(PiperActor pid=1939917)[0m 2026-04-01 22:01:13,270 - piper_actor - DEBUG - run_dag dispatch (time 12): send s3 mb2 bkt=0
[36m(PiperActor pid=1939917)[0m 2026-04-01 22:01:13,271 - piper_actor - DEBUG - exec_send key (None, 2) to peer pp rank 0
[36m(PiperActor pid=1939917)[0m 2026-04-01 22:01:13,271 - piper_actor - DEBUG - run_dag dispatch (time 13): backward s3 mb3 bkt=0
[36m(PiperActor pid=1939903)[0m 2026-04-01 22:01:13,262 - piper_actor - DEBUG - run_dag dispatch (time 12): recv s2 mb3 bkt=0
[36m(PiperActor pid=1939903)[0m 2026-04-01 22:01:13,262 - piper_actor - DEBUG - exec_recv key (None, 3) from peer pp rank 1
[36m(PiperActor pid=1939903)[0m 2026-04-01 22:01:13,263 - piper_actor - DEBUG - run_dag dispatch (time 13): backward s2 mb3 bkt=0
[36m(PiperActor pid=1939912)[0m 2026-04-01 22:01:13,305 - piper_actor - DEBUG - run_dag dispatch (time 13): recv s1 mb2 bkt=0
[36m(PiperActor pid=1939912)[0m 2026-04-01 22:01:13,305 - piper_actor - DEBUG - exec_recv key (None, 2) from peer pp rank 0
[36m(PiperActor pid=1939912)[0m 2026-04-01 22:01:13,305 - piper_actor - DEBUG - run_dag dispatch (time 14): backward s1 mb2 bkt=0
[36m(PiperActor pid=1939908)[0m 2026-04-01 22:01:13,321 - piper_actor - DEBUG - run_dag dispatch (time 13): send s2 mb2 bkt=0
[36m(PiperActor pid=1939908)[0m 2026-04-01 22:01:13,322 - piper_actor - DEBUG - exec_send key (None, 2) to peer pp rank 1
[36m(PiperActor pid=1939908)[0m 2026-04-01 22:01:13,322 - piper_actor - DEBUG - run_dag dispatch (time 13): recv s0 mb2 bkt=0
[36m(PiperActor pid=1939908)[0m 2026-04-01 22:01:13,322 - piper_actor - DEBUG - exec_recv key (None, 2) from peer pp rank 1
[36m(PiperActor pid=1939908)[0m 2026-04-01 22:01:13,323 - piper_actor - DEBUG - run_dag dispatch (time 14): backward s0 mb2 bkt=0
[36m(PiperActor pid=1939917)[0m 2026-04-01 22:01:13,302 - piper_actor - DEBUG - run_dag dispatch (time 13): recv s1 mb2 bkt=0
[36m(PiperActor pid=1939917)[0m 2026-04-01 22:01:13,302 - piper_actor - DEBUG - exec_recv key (None, 2) from peer pp rank 0
[36m(PiperActor pid=1939917)[0m 2026-04-01 22:01:13,303 - piper_actor - DEBUG - run_dag dispatch (time 14): backward s1 mb2 bkt=0
[36m(PiperActor pid=1939903)[0m 2026-04-01 22:01:13,318 - piper_actor - DEBUG - run_dag dispatch (time 13): send s2 mb2 bkt=0
[36m(PiperActor pid=1939903)[0m 2026-04-01 22:01:13,318 - piper_actor - DEBUG - exec_send key (None, 2) to peer pp rank 1
[36m(PiperActor pid=1939903)[0m 2026-04-01 22:01:13,319 - piper_actor - DEBUG - run_dag dispatch (time 13): recv s0 mb2 bkt=0
[36m(PiperActor pid=1939903)[0m 2026-04-01 22:01:13,319 - piper_actor - DEBUG - exec_recv key (None, 2) from peer pp rank 1
[36m(PiperActor pid=1939903)[0m 2026-04-01 22:01:13,319 - piper_actor - DEBUG - run_dag dispatch (time 14): backward s0 mb2 bkt=0
[36m(PiperActor pid=1939912)[0m 2026-04-01 22:01:13,363 - piper_actor - DEBUG - run_dag dispatch (time 14): recv s1 mb3 bkt=0
[36m(PiperActor pid=1939912)[0m 2026-04-01 22:01:13,363 - piper_actor - DEBUG - exec_recv key (None, 3) from peer pp rank 0
[36m(PiperActor pid=1939912)[0m 2026-04-01 22:01:13,364 - piper_actor - DEBUG - run_dag dispatch (time 14): send s3 mb3 bkt=0
[36m(PiperActor pid=1939912)[0m 2026-04-01 22:01:13,364 - piper_actor - DEBUG - exec_send key (None, 3) to peer pp rank 0
[36m(PiperActor pid=1939912)[0m 2026-04-01 22:01:13,364 - piper_actor - DEBUG - run_dag dispatch (time 14): reduce_scatter s3 mb3 bkt=0
[36m(PiperActor pid=1939912)[0m 2026-04-01 22:01:13,365 - piper_actor - DEBUG - run_dag dispatch (time 15): backward s1 mb3 bkt=0
[36m(PiperActor pid=1939917)[0m 2026-04-01 22:01:13,359 - piper_actor - DEBUG - run_dag dispatch (time 14): recv s1 mb3 bkt=0
[36m(PiperActor pid=1939917)[0m 2026-04-01 22:01:13,360 - piper_actor - DEBUG - exec_recv key (None, 3) from peer pp rank 0
[36m(PiperActor pid=1939917)[0m 2026-04-01 22:01:13,360 - piper_actor - DEBUG - run_dag dispatch (time 14): send s3 mb3 bkt=0
[36m(PiperActor pid=1939917)[0m 2026-04-01 22:01:13,360 - piper_actor - DEBUG - exec_send key (None, 3) to peer pp rank 0
[36m(PiperActor pid=1939917)[0m 2026-04-01 22:01:13,361 - piper_actor - DEBUG - run_dag dispatch (time 14): reduce_scatter s3 mb3 bkt=0
[36m(PiperActor pid=1939917)[0m 2026-04-01 22:01:13,361 - piper_actor - DEBUG - run_dag dispatch (time 15): backward s1 mb3 bkt=0
[36m(PiperActor pid=1939912)[0m 2026-04-01 22:01:13,400 - piper_actor - DEBUG - run_dag dispatch (time 15): send s1 mb2 bkt=0
[36m(PiperActor pid=1939912)[0m 2026-04-01 22:01:13,401 - piper_actor - DEBUG - exec_send key (None, 2) to peer pp rank 0
[36m(PiperActor pid=1939912)[0m 2026-04-01 22:01:13,401 - piper_actor - DEBUG - run_dag dispatch (time 16): update s1 mb3 bkt=0
[36m(PiperActor pid=1939908)[0m 2026-04-01 22:01:13,400 - piper_actor - DEBUG - run_dag dispatch (time 14): send s2 mb3 bkt=0
[36m(PiperActor pid=1939908)[0m 2026-04-01 22:01:13,401 - piper_actor - DEBUG - exec_send key (None, 3) to peer pp rank 1
[36m(PiperActor pid=1939908)[0m 2026-04-01 22:01:13,401 - piper_actor - DEBUG - run_dag dispatch (time 14): recv s0 mb3 bkt=0
[36m(PiperActor pid=1939908)[0m 2026-04-01 22:01:13,401 - piper_actor - DEBUG - exec_recv key (None, 3) from peer pp rank 1
[36m(PiperActor pid=1939908)[0m 2026-04-01 22:01:13,402 - piper_actor - DEBUG - run_dag dispatch (time 14): reduce_scatter s2 mb3 bkt=0
[36m(PiperActor pid=1939908)[0m 2026-04-01 22:01:13,402 - piper_actor - DEBUG - run_dag dispatch (time 15): backward s0 mb3 bkt=0
[36m(PiperActor pid=1939917)[0m 2026-04-01 22:01:13,397 - piper_actor - DEBUG - run_dag dispatch (time 15): send s1 mb2 bkt=0
[36m(PiperActor pid=1939917)[0m 2026-04-01 22:01:13,398 - piper_actor - DEBUG - exec_send key (None, 2) to peer pp rank 0
[36m(PiperActor pid=1939917)[0m 2026-04-01 22:01:13,398 - piper_actor - DEBUG - run_dag dispatch (time 16): update s1 mb3 bkt=0
[36m(PiperActor pid=1939903)[0m 2026-04-01 22:01:13,396 - piper_actor - DEBUG - run_dag dispatch (time 14): send s2 mb3 bkt=0
[36m(PiperActor pid=1939903)[0m 2026-04-01 22:01:13,397 - piper_actor - DEBUG - exec_send key (None, 3) to peer pp rank 1
[36m(PiperActor pid=1939903)[0m 2026-04-01 22:01:13,397 - piper_actor - DEBUG - run_dag dispatch (time 14): recv s0 mb3 bkt=0
[36m(PiperActor pid=1939903)[0m 2026-04-01 22:01:13,397 - piper_actor - DEBUG - exec_recv key (None, 3) from peer pp rank 1
[36m(PiperActor pid=1939903)[0m 2026-04-01 22:01:13,398 - piper_actor - DEBUG - run_dag dispatch (time 14): reduce_scatter s2 mb3 bkt=0
[36m(PiperActor pid=1939903)[0m 2026-04-01 22:01:13,398 - piper_actor - DEBUG - run_dag dispatch (time 15): backward s0 mb3 bkt=0
[36m(PiperActor pid=1939912)[0m 2026-04-01 22:01:13,457 - piper_actor - DEBUG - run_dag dispatch (time 16): send s1 mb3 bkt=0
[36m(PiperActor pid=1939912)[0m 2026-04-01 22:01:13,457 - piper_actor - DEBUG - exec_send key (None, 3) to peer pp rank 0
[36m(PiperActor pid=1939912)[0m 2026-04-01 22:01:13,458 - piper_actor - DEBUG - run_dag dispatch (time 16): reduce_scatter s1 mb3 bkt=0
[36m(PiperActor pid=1939908)[0m 2026-04-01 22:01:13,442 - piper_actor - DEBUG - run_dag dispatch (time 16): update s0 mb3 bkt=0
[36m(PiperActor pid=1939917)[0m 2026-04-01 22:01:13,453 - piper_actor - DEBUG - run_dag dispatch (time 16): send s1 mb3 bkt=0
[36m(PiperActor pid=1939917)[0m 2026-04-01 22:01:13,453 - piper_actor - DEBUG - exec_send key (None, 3) to peer pp rank 0
[36m(PiperActor pid=1939917)[0m 2026-04-01 22:01:13,453 - piper_actor - DEBUG - run_dag dispatch (time 16): reduce_scatter s1 mb3 bkt=0
[36m(PiperActor pid=1939903)[0m 2026-04-01 22:01:13,437 - piper_actor - DEBUG - run_dag dispatch (time 16): update s0 mb3 bkt=0
[36m(PiperActor pid=1939912)[0m 2026-04-01 22:01:13,509 - piper_actor - DEBUG - run_dag dispatch (time -20001): all_gather s3 mb0 bkt=0
[36m(PiperActor pid=1939912)[0m 2026-04-01 22:01:13,510 - piper_actor - DEBUG - run_dag dispatch (time -20000): all_gather s1 mb0 bkt=0
[36m(PiperActor pid=1939912)[0m 2026-04-01 22:01:13,510 - piper_actor - DEBUG - run_dag dispatch (time -1): recv s1 mb0 bkt=0
[36m(PiperActor pid=1939912)[0m 2026-04-01 22:01:13,510 - piper_actor - DEBUG - exec_recv key ((1, 0), 0) from peer pp rank 0
[36m(PiperActor pid=1939912)[0m 2026-04-01 22:01:13,511 - piper_actor - DEBUG - run_dag dispatch (time 0): forward s1 mb0 bkt=0
[36m(PiperActor pid=1939908)[0m 2026-04-01 22:01:13,500 - piper_actor - DEBUG - run_dag dispatch (time 16): reduce_scatter s0 mb3 bkt=0
[36m(PiperActor pid=1939908)[0m 2026-04-01 22:01:13,509 - piper_actor - DEBUG - run_dag dispatch (time -20001): all_gather s2 mb0 bkt=0
[36m(PiperActor pid=1939908)[0m 2026-04-01 22:01:13,509 - piper_actor - DEBUG - run_dag dispatch (time -20000): all_gather s0 mb0 bkt=0
[36m(PiperActor pid=1939908)[0m 2026-04-01 22:01:13,510 - piper_actor - DEBUG - run_dag dispatch (time 0): forward s0 mb0 bkt=0
[36m(PiperActor pid=1939917)[0m 2026-04-01 22:01:13,511 - piper_actor - DEBUG - run_dag dispatch (time -20001): all_gather s3 mb0 bkt=0
[36m(PiperActor pid=1939917)[0m 2026-04-01 22:01:13,511 - piper_actor - DEBUG - run_dag dispatch (time -20000): all_gather s1 mb0 bkt=0
[36m(PiperActor pid=1939917)[0m 2026-04-01 22:01:13,512 - piper_actor - DEBUG - run_dag dispatch (time -1): recv s1 mb0 bkt=0
[36m(PiperActor pid=1939917)[0m 2026-04-01 22:01:13,512 - piper_actor - DEBUG - exec_recv key ((1, 0), 0) from peer pp rank 0
[36m(PiperActor pid=1939917)[0m 2026-04-01 22:01:13,512 - piper_actor - DEBUG - run_dag dispatch (time 0): forward s1 mb0 bkt=0
[36m(PiperActor pid=1939903)[0m 2026-04-01 22:01:13,495 - piper_actor - DEBUG - run_dag dispatch (time 16): reduce_scatter s0 mb3 bkt=0
[36m(PiperActor pid=1939903)[0m 2026-04-01 22:01:13,511 - piper_actor - DEBUG - run_dag dispatch (time -20001): all_gather s2 mb0 bkt=0
[36m(PiperActor pid=1939903)[0m 2026-04-01 22:01:13,512 - piper_actor - DEBUG - run_dag dispatch (time -20000): all_gather s0 mb0 bkt=0
[36m(PiperActor pid=1939903)[0m 2026-04-01 22:01:13,513 - piper_actor - DEBUG - run_dag dispatch (time 0): forward s0 mb0 bkt=0
[36m(PiperActor pid=1939912)[0m 2026-04-01 22:01:13,522 - piper_actor - DEBUG - run_dag dispatch (time 0): recv s1 mb1 bkt=0
[36m(PiperActor pid=1939912)[0m 2026-04-01 22:01:13,522 - piper_actor - DEBUG - exec_recv key ((1, 0), 1) from peer pp rank 0
[36m(PiperActor pid=1939912)[0m 2026-04-01 22:01:13,522 - piper_actor - DEBUG - run_dag dispatch (time 1): forward s1 mb1 bkt=0
[36m(PiperActor pid=1939912)[0m 2026-04-01 22:01:13,536 - piper_actor - DEBUG - run_dag dispatch (time 1): recv s3 mb0 bkt=0
[36m(PiperActor pid=1939912)[0m 2026-04-01 22:01:13,536 - piper_actor - DEBUG - exec_recv key ((3, 0), 0) from peer pp rank 0
[36m(PiperActor pid=1939912)[0m 2026-04-01 22:01:13,536 - piper_actor - DEBUG - run_dag dispatch (time 1): send s1 mb0 bkt=0
[36m(PiperActor pid=1939912)[0m 2026-04-01 22:01:13,536 - piper_actor - DEBUG - exec_send key ((1, 0), 0) to peer pp rank 0
[36m(PiperActor pid=1939912)[0m 2026-04-01 22:01:13,537 - piper_actor - DEBUG - run_dag dispatch (time 2): forward s3 mb0 bkt=0
[36m(PiperActor pid=1939912)[0m 2026-04-01 22:01:13,547 - piper_actor - DEBUG - run_dag dispatch (time 2): send s1 mb1 bkt=0
[36m(PiperActor pid=1939912)[0m 2026-04-01 22:01:13,547 - piper_actor - DEBUG - exec_send key ((1, 0), 1) to peer pp rank 0
[36m(PiperActor pid=1939912)[0m 2026-04-01 22:01:13,548 - piper_actor - DEBUG - run_dag dispatch (time 3): backward s3 mb0 bkt=0
[36m(PiperActor pid=1939908)[0m 2026-04-01 22:01:13,523 - piper_actor - DEBUG - run_dag dispatch (time 1): forward s0 mb1 bkt=0
[36m(PiperActor pid=1939908)[0m 2026-04-01 22:01:13,534 - piper_actor - DEBUG - run_dag dispatch (time 1): send s0 mb0 bkt=0
[36m(PiperActor pid=1939908)[0m 2026-04-01 22:01:13,534 - piper_actor - DEBUG - exec_send key ((0, 0), 0) to peer pp rank 1
[36m(PiperActor pid=1939908)[0m 2026-04-01 22:01:13,535 - piper_actor - DEBUG - run_dag dispatch (time 1): recv s2 mb0 bkt=0
[36m(PiperActor pid=1939908)[0m 2026-04-01 22:01:13,535 - piper_actor - DEBUG - exec_recv key ((2, 0), 0) from peer pp rank 1
[36m(PiperActor pid=1939908)[0m 2026-04-01 22:01:13,535 - piper_actor - DEBUG - run_dag dispatch (time 2): forward s2 mb0 bkt=0
[36m(PiperActor pid=1939908)[0m 2026-04-01 22:01:13,546 - piper_actor - DEBUG - run_dag dispatch (time 2): send s0 mb1 bkt=0
[36m(PiperActor pid=1939908)[0m 2026-04-01 22:01:13,547 - piper_actor - DEBUG - exec_send key ((0, 0), 1) to peer pp rank 1
[36m(PiperActor pid=1939908)[0m 2026-04-01 22:01:13,547 - piper_actor - DEBUG - run_dag dispatch (time 2): recv s2 mb1 bkt=0
[36m(PiperActor pid=1939908)[0m 2026-04-01 22:01:13,547 - piper_actor - DEBUG - exec_recv key ((2, 0), 1) from peer pp rank 1
[36m(PiperActor pid=1939908)[0m 2026-04-01 22:01:13,547 - piper_actor - DEBUG - run_dag dispatch (time 3): forward s2 mb1 bkt=0
[36m(PiperActor pid=1939908)[0m 2026-04-01 22:01:13,558 - piper_actor - DEBUG - run_dag dispatch (time 3): send s2 mb0 bkt=0
[36m(PiperActor pid=1939908)[0m 2026-04-01 22:01:13,558 - piper_actor - DEBUG - exec_send key ((2, 0), 0) to peer pp rank 1
[36m(PiperActor pid=1939908)[0m 2026-04-01 22:01:13,558 - piper_actor - DEBUG - run_dag dispatch (time 4): forward s0 mb2 bkt=0
[36m(PiperActor pid=1939917)[0m 2026-04-01 22:01:13,523 - piper_actor - DEBUG - run_dag dispatch (time 0): recv s1 mb1 bkt=0
[36m(PiperActor pid=1939917)[0m 2026-04-01 22:01:13,523 - piper_actor - DEBUG - exec_recv key ((1, 0), 1) from peer pp rank 0
[36m(PiperActor pid=1939917)[0m 2026-04-01 22:01:13,524 - piper_actor - DEBUG - run_dag dispatch (time 1): forward s1 mb1 bkt=0
[36m(PiperActor pid=1939917)[0m 2026-04-01 22:01:13,534 - piper_actor - DEBUG - run_dag dispatch (time 1): recv s3 mb0 bkt=0
[36m(PiperActor pid=1939917)[0m 2026-04-01 22:01:13,534 - piper_actor - DEBUG - exec_recv key ((3, 0), 0) from peer pp rank 0
[36m(PiperActor pid=1939917)[0m 2026-04-01 22:01:13,535 - piper_actor - DEBUG - run_dag dispatch (time 1): send s1 mb0 bkt=0
[36m(PiperActor pid=1939917)[0m 2026-04-01 22:01:13,535 - piper_actor - DEBUG - exec_send key ((1, 0), 0) to peer pp rank 0
[36m(PiperActor pid=1939917)[0m 2026-04-01 22:01:13,535 - piper_actor - DEBUG - run_dag dispatch (time 2): forward s3 mb0 bkt=0
[36m(PiperActor pid=1939917)[0m 2026-04-01 22:01:13,546 - piper_actor - DEBUG - run_dag dispatch (time 2): send s1 mb1 bkt=0
[36m(PiperActor pid=1939917)[0m 2026-04-01 22:01:13,546 - piper_actor - DEBUG - exec_send key ((1, 0), 1) to peer pp rank 0
[36m(PiperActor pid=1939917)[0m 2026-04-01 22:01:13,547 - piper_actor - DEBUG - run_dag dispatch (time 3): backward s3 mb0 bkt=0
[36m(PiperActor pid=1939903)[0m 2026-04-01 22:01:13,525 - piper_actor - DEBUG - run_dag dispatch (time 1): forward s0 mb1 bkt=0
[36m(PiperActor pid=1939903)[0m 2026-04-01 22:01:13,535 - piper_actor - DEBUG - run_dag dispatch (time 1): send s0 mb0 bkt=0
[36m(PiperActor pid=1939903)[0m 2026-04-01 22:01:13,535 - piper_actor - DEBUG - exec_send key ((0, 0), 0) to peer pp rank 1
[36m(PiperActor pid=1939903)[0m 2026-04-01 22:01:13,536 - piper_actor - DEBUG - run_dag dispatch (time 1): recv s2 mb0 bkt=0
[36m(PiperActor pid=1939903)[0m 2026-04-01 22:01:13,536 - piper_actor - DEBUG - exec_recv key ((2, 0), 0) from peer pp rank 1
[36m(PiperActor pid=1939903)[0m 2026-04-01 22:01:13,536 - piper_actor - DEBUG - run_dag dispatch (time 2): forward s2 mb0 bkt=0
[36m(PiperActor pid=1939903)[0m 2026-04-01 22:01:13,547 - piper_actor - DEBUG - run_dag dispatch (time 2): send s0 mb1 bkt=0
[36m(PiperActor pid=1939903)[0m 2026-04-01 22:01:13,547 - piper_actor - DEBUG - exec_send key ((0, 0), 1) to peer pp rank 1
[36m(PiperActor pid=1939903)[0m 2026-04-01 22:01:13,547 - piper_actor - DEBUG - run_dag dispatch (time 2): recv s2 mb1 bkt=0
[36m(PiperActor pid=1939903)[0m 2026-04-01 22:01:13,547 - piper_actor - DEBUG - exec_recv key ((2, 0), 1) from peer pp rank 1
[36m(PiperActor pid=1939903)[0m 2026-04-01 22:01:13,548 - piper_actor - DEBUG - run_dag dispatch (time 3): forward s2 mb1 bkt=0
[36m(PiperActor pid=1939903)[0m 2026-04-01 22:01:13,558 - piper_actor - DEBUG - run_dag dispatch (time 3): send s2 mb0 bkt=0
[36m(PiperActor pid=1939903)[0m 2026-04-01 22:01:13,558 - piper_actor - DEBUG - exec_send key ((2, 0), 0) to peer pp rank 1
[36m(PiperActor pid=1939903)[0m 2026-04-01 22:01:13,559 - piper_actor - DEBUG - run_dag dispatch (time 4): forward s0 mb2 bkt=0
[36m(PiperActor pid=1939903)[0m 2026-04-01 22:01:13,570 - piper_actor - DEBUG - run_dag dispatch (time 4): send s2 mb1 bkt=0
[36m(PiperActor pid=1939912)[0m 2026-04-01 22:01:13,579 - piper_actor - DEBUG - run_dag dispatch (time 3): recv s3 mb1 bkt=0
[36m(PiperActor pid=1939912)[0m 2026-04-01 22:01:13,579 - piper_actor - DEBUG - exec_recv key ((3, 0), 1) from peer pp rank 0
[36m(PiperActor pid=1939912)[0m 2026-04-01 22:01:13,580 - piper_actor - DEBUG - run_dag dispatch (time 4): forward s3 mb1 bkt=0
[36m(PiperActor pid=1939908)[0m 2026-04-01 22:01:13,569 - piper_actor - DEBUG - run_dag dispatch (time 4): send s2 mb1 bkt=0
[36m(PiperActor pid=1939908)[0m 2026-04-01 22:01:13,569 - piper_actor - DEBUG - exec_send key ((2, 0), 1) to peer pp rank 1
[36m(PiperActor pid=1939908)[0m 2026-04-01 22:01:13,569 - piper_actor - DEBUG - run_dag dispatch (time 4): recv s2 mb0 bkt=0
[36m(PiperActor pid=1939908)[0m 2026-04-01 22:01:13,569 - piper_actor - DEBUG - exec_recv key (None, 0) from peer pp rank 1
[36m(PiperActor pid=1939908)[0m 2026-04-01 22:01:13,570 - piper_actor - DEBUG - run_dag dispatch (time 5): backward s2 mb0 bkt=0
[36m(PiperActor pid=1939908)[0m 2026-04-01 22:01:13,596 - piper_actor - DEBUG - run_dag dispatch (time 5): send s0 mb2 bkt=0
[36m(PiperActor pid=1939908)[0m 2026-04-01 22:01:13,596 - piper_actor - DEBUG - exec_send key ((0, 0), 2) to peer pp rank 1
[36m(PiperActor pid=1939908)[0m 2026-04-01 22:01:13,597 - piper_actor - DEBUG - run_dag dispatch (time 6): forward s0 mb3 bkt=0
[36m(PiperActor pid=1939917)[0m 2026-04-01 22:01:13,580 - piper_actor - DEBUG - run_dag dispatch (time 3): recv s3 mb1 bkt=0
[36m(PiperActor pid=1939917)[0m 2026-04-01 22:01:13,580 - piper_actor - DEBUG - exec_recv key ((3, 0), 1) from peer pp rank 0
[36m(PiperActor pid=1939917)[0m 2026-04-01 22:01:13,580 - piper_actor - DEBUG - run_dag dispatch (time 4): forward s3 mb1 bkt=0
[36m(PiperActor pid=1939903)[0m 2026-04-01 22:01:13,570 - piper_actor - DEBUG - exec_send key ((2, 0), 1) to peer pp rank 1
[36m(PiperActor pid=1939903)[0m 2026-04-01 22:01:13,570 - piper_actor - DEBUG - run_dag dispatch (time 4): recv s2 mb0 bkt=0
[36m(PiperActor pid=1939903)[0m 2026-04-01 22:01:13,571 - piper_actor - DEBUG - exec_recv key (None, 0) from peer pp rank 1
[36m(PiperActor pid=1939903)[0m 2026-04-01 22:01:13,571 - piper_actor - DEBUG - run_dag dispatch (time 5): backward s2 mb0 bkt=0
[36m(PiperActor pid=1939903)[0m 2026-04-01 22:01:13,597 - piper_actor - DEBUG - run_dag dispatch (time 5): send s0 mb2 bkt=0
[36m(PiperActor pid=1939903)[0m 2026-04-01 22:01:13,597 - piper_actor - DEBUG - exec_send key ((0, 0), 2) to peer pp rank 1
[36m(PiperActor pid=1939903)[0m 2026-04-01 22:01:13,598 - piper_actor - DEBUG - run_dag dispatch (time 6): forward s0 mb3 bkt=0
[36m(PiperActor pid=1939912)[0m 2026-04-01 22:01:13,621 - piper_actor - DEBUG - run_dag dispatch (time 4): send s3 mb0 bkt=0
[36m(PiperActor pid=1939912)[0m 2026-04-01 22:01:13,621 - piper_actor - DEBUG - exec_send key (None, 0) to peer pp rank 0
[36m(PiperActor pid=1939912)[0m 2026-04-01 22:01:13,621 - piper_actor - DEBUG - run_dag dispatch (time 5): backward s3 mb1 bkt=0
[36m(PiperActor pid=1939912)[0m 2026-04-01 22:01:13,652 - piper_actor - DEBUG - run_dag dispatch (time 5): recv s1 mb2 bkt=0
[36m(PiperActor pid=1939912)[0m 2026-04-01 22:01:13,653 - piper_actor - DEBUG - exec_recv key ((1, 0), 2) from peer pp rank 0
[36m(PiperActor pid=1939912)[0m 2026-04-01 22:01:13,653 - piper_actor - DEBUG - run_dag dispatch (time 6): forward s1 mb2 bkt=0
[36m(PiperActor pid=1939908)[0m 2026-04-01 22:01:13,650 - piper_actor - DEBUG - run_dag dispatch (time 6): send s2 mb0 bkt=0
[36m(PiperActor pid=1939908)[0m 2026-04-01 22:01:13,650 - piper_actor - DEBUG - exec_send key (None, 0) to peer pp rank 1
[36m(PiperActor pid=1939908)[0m 2026-04-01 22:01:13,651 - piper_actor - DEBUG - run_dag dispatch (time 6): recv s2 mb1 bkt=0
[36m(PiperActor pid=1939908)[0m 2026-04-01 22:01:13,651 - piper_actor - DEBUG - exec_recv key (None, 1) from peer pp rank 1
[36m(PiperActor pid=1939908)[0m 2026-04-01 22:01:13,651 - piper_actor - DEBUG - run_dag dispatch (time 7): backward s2 mb1 bkt=0
[36m(PiperActor pid=1939917)[0m 2026-04-01 22:01:13,621 - piper_actor - DEBUG - run_dag dispatch (time 4): send s3 mb0 bkt=0
[36m(PiperActor pid=1939917)[0m 2026-04-01 22:01:13,621 - piper_actor - DEBUG - exec_send key (None, 0) to peer pp rank 0
[36m(PiperActor pid=1939917)[0m 2026-04-01 22:01:13,622 - piper_actor - DEBUG - run_dag dispatch (time 5): backward s3 mb1 bkt=0
[36m(PiperActor pid=1939917)[0m 2026-04-01 22:01:13,653 - piper_actor - DEBUG - run_dag dispatch (time 5): recv s1 mb2 bkt=0
[36m(PiperActor pid=1939917)[0m 2026-04-01 22:01:13,653 - piper_actor - DEBUG - exec_recv key ((1, 0), 2) from peer pp rank 0
[36m(PiperActor pid=1939917)[0m 2026-04-01 22:01:13,654 - piper_actor - DEBUG - run_dag dispatch (time 6): forward s1 mb2 bkt=0
[36m(PiperActor pid=1939903)[0m 2026-04-01 22:01:13,651 - piper_actor - DEBUG - run_dag dispatch (time 6): send s2 mb0 bkt=0
[36m(PiperActor pid=1939903)[0m 2026-04-01 22:01:13,651 - piper_actor - DEBUG - exec_send key (None, 0) to peer pp rank 1
[36m(PiperActor pid=1939903)[0m 2026-04-01 22:01:13,652 - piper_actor - DEBUG - run_dag dispatch (time 6): recv s2 mb1 bkt=0
[36m(PiperActor pid=1939903)[0m 2026-04-01 22:01:13,652 - piper_actor - DEBUG - exec_recv key (None, 1) from peer pp rank 1
[36m(PiperActor pid=1939903)[0m 2026-04-01 22:01:13,652 - piper_actor - DEBUG - run_dag dispatch (time 7): backward s2 mb1 bkt=0
[36m(PiperActor pid=1939912)[0m 2026-04-01 22:01:13,691 - piper_actor - DEBUG - run_dag dispatch (time 6): recv s1 mb0 bkt=0
[36m(PiperActor pid=1939912)[0m 2026-04-01 22:01:13,692 - piper_actor - DEBUG - exec_recv key (None, 0) from peer pp rank 0
[36m(PiperActor pid=1939912)[0m 2026-04-01 22:01:13,692 - piper_actor - DEBUG - run_dag dispatch (time 6): send s3 mb1 bkt=0
[36m(PiperActor pid=1939912)[0m 2026-04-01 22:01:13,692 - piper_actor - DEBUG - exec_send key (None, 1) to peer pp rank 0
[36m(PiperActor pid=1939912)[0m 2026-04-01 22:01:13,692 - piper_actor - DEBUG - run_dag dispatch (time 7): backward s1 mb0 bkt=0
[36m(PiperActor pid=1939908)[0m 2026-04-01 22:01:13,686 - piper_actor - DEBUG - run_dag dispatch (time 7): send s0 mb3 bkt=0
[36m(PiperActor pid=1939908)[0m 2026-04-01 22:01:13,686 - piper_actor - DEBUG - exec_send key ((0, 0), 3) to peer pp rank 1
[36m(PiperActor pid=1939908)[0m 2026-04-01 22:01:13,686 - piper_actor - DEBUG - run_dag dispatch (time 7): recv s2 mb2 bkt=0
[36m(PiperActor pid=1939908)[0m 2026-04-01 22:01:13,686 - piper_actor - DEBUG - exec_recv key ((2, 0), 2) from peer pp rank 1
[36m(PiperActor pid=1939908)[0m 2026-04-01 22:01:13,687 - piper_actor - DEBUG - run_dag dispatch (time 8): forward s2 mb2 bkt=0
[36m(PiperActor pid=1939917)[0m 2026-04-01 22:01:13,692 - piper_actor - DEBUG - run_dag dispatch (time 6): recv s1 mb0 bkt=0
[36m(PiperActor pid=1939917)[0m 2026-04-01 22:01:13,692 - piper_actor - DEBUG - exec_recv key (None, 0) from peer pp rank 0
[36m(PiperActor pid=1939917)[0m 2026-04-01 22:01:13,693 - piper_actor - DEBUG - run_dag dispatch (time 6): send s3 mb1 bkt=0
[36m(PiperActor pid=1939917)[0m 2026-04-01 22:01:13,693 - piper_actor - DEBUG - exec_send key (None, 1) to peer pp rank 0
[36m(PiperActor pid=1939917)[0m 2026-04-01 22:01:13,693 - piper_actor - DEBUG - run_dag dispatch (time 7): backward s1 mb0 bkt=0
[36m(PiperActor pid=1939903)[0m 2026-04-01 22:01:13,687 - piper_actor - DEBUG - run_dag dispatch (time 7): send s0 mb3 bkt=0
[36m(PiperActor pid=1939903)[0m 2026-04-01 22:01:13,687 - piper_actor - DEBUG - exec_send key ((0, 0), 3) to peer pp rank 1
[36m(PiperActor pid=1939903)[0m 2026-04-01 22:01:13,688 - piper_actor - DEBUG - run_dag dispatch (time 7): recv s2 mb2 bkt=0
[36m(PiperActor pid=1939903)[0m 2026-04-01 22:01:13,688 - piper_actor - DEBUG - exec_recv key ((2, 0), 2) from peer pp rank 1
[36m(PiperActor pid=1939903)[0m 2026-04-01 22:01:13,688 - piper_actor - DEBUG - run_dag dispatch (time 8): forward s2 mb2 bkt=0
[36m(PiperActor pid=1939912)[0m 2026-04-01 22:01:13,722 - piper_actor - DEBUG - run_dag dispatch (time 7): recv s1 mb3 bkt=0
[36m(PiperActor pid=1939912)[0m 2026-04-01 22:01:13,722 - piper_actor - DEBUG - exec_recv key ((1, 0), 3) from peer pp rank 0
[36m(PiperActor pid=1939912)[0m 2026-04-01 22:01:13,723 - piper_actor - DEBUG - run_dag dispatch (time 7): send s1 mb2 bkt=0
[36m(PiperActor pid=1939912)[0m 2026-04-01 22:01:13,723 - piper_actor - DEBUG - exec_send key ((1, 0), 2) to peer pp rank 0
[36m(PiperActor pid=1939912)[0m 2026-04-01 22:01:13,723 - piper_actor - DEBUG - run_dag dispatch (time 8): forward s1 mb3 bkt=0
[36m(PiperActor pid=1939908)[0m 2026-04-01 22:01:13,722 - piper_actor - DEBUG - run_dag dispatch (time 8): send s2 mb1 bkt=0
[36m(PiperActor pid=1939908)[0m 2026-04-01 22:01:13,722 - piper_actor - DEBUG - exec_send key (None, 1) to peer pp rank 1
[36m(PiperActor pid=1939908)[0m 2026-04-01 22:01:13,722 - piper_actor - DEBUG - run_dag dispatch (time 8): recv s0 mb0 bkt=0
[36m(PiperActor pid=1939908)[0m 2026-04-01 22:01:13,722 - piper_actor - DEBUG - exec_recv key (None, 0) from peer pp rank 1
[36m(PiperActor pid=1939908)[0m 2026-04-01 22:01:13,723 - piper_actor - DEBUG - run_dag dispatch (time 9): backward s0 mb0 bkt=0
[36m(PiperActor pid=1939917)[0m 2026-04-01 22:01:13,723 - piper_actor - DEBUG - run_dag dispatch (time 7): recv s1 mb3 bkt=0
[36m(PiperActor pid=1939917)[0m 2026-04-01 22:01:13,723 - piper_actor - DEBUG - exec_recv key ((1, 0), 3) from peer pp rank 0
[36m(PiperActor pid=1939917)[0m 2026-04-01 22:01:13,724 - piper_actor - DEBUG - run_dag dispatch (time 7): send s1 mb2 bkt=0
[36m(PiperActor pid=1939917)[0m 2026-04-01 22:01:13,724 - piper_actor - DEBUG - exec_send key ((1, 0), 2) to peer pp rank 0
[36m(PiperActor pid=1939917)[0m 2026-04-01 22:01:13,724 - piper_actor - DEBUG - run_dag dispatch (time 8): forward s1 mb3 bkt=0
[36m(PiperActor pid=1939903)[0m 2026-04-01 22:01:13,723 - piper_actor - DEBUG - run_dag dispatch (time 8): send s2 mb1 bkt=0
[36m(PiperActor pid=1939903)[0m 2026-04-01 22:01:13,723 - piper_actor - DEBUG - exec_send key (None, 1) to peer pp rank 1
[36m(PiperActor pid=1939903)[0m 2026-04-01 22:01:13,723 - piper_actor - DEBUG - run_dag dispatch (time 8): recv s0 mb0 bkt=0
[36m(PiperActor pid=1939903)[0m 2026-04-01 22:01:13,723 - piper_actor - DEBUG - exec_recv key (None, 0) from peer pp rank 1
[36m(PiperActor pid=1939903)[0m 2026-04-01 22:01:13,724 - piper_actor - DEBUG - run_dag dispatch (time 9): backward s0 mb0 bkt=0
[36m(PiperActor pid=1939912)[0m 2026-04-01 22:01:13,737 - piper_actor - DEBUG - run_dag dispatch (time 8): recv s1 mb1 bkt=0
[36m(PiperActor pid=1939912)[0m 2026-04-01 22:01:13,737 - piper_actor - DEBUG - exec_recv key (None, 1) from peer pp rank 0
[36m(PiperActor pid=1939912)[0m 2026-04-01 22:01:13,738 - piper_actor - DEBUG - run_dag dispatch (time 8): send s1 mb0 bkt=0
[36m(PiperActor pid=1939912)[0m 2026-04-01 22:01:13,738 - piper_actor - DEBUG - exec_send key (None, 0) to peer pp rank 0
[36m(PiperActor pid=1939912)[0m 2026-04-01 22:01:13,738 - piper_actor - DEBUG - run_dag dispatch (time 9): backward s1 mb1 bkt=0
[36m(PiperActor pid=1939912)[0m 2026-04-01 22:01:13,771 - piper_actor - DEBUG - run_dag dispatch (time 9): recv s3 mb2 bkt=0
[36m(PiperActor pid=1939912)[0m 2026-04-01 22:01:13,771 - piper_actor - DEBUG - exec_recv key ((3, 0), 2) from peer pp rank 0
[36m(PiperActor pid=1939912)[0m 2026-04-01 22:01:13,772 - piper_actor - DEBUG - run_dag dispatch (time 9): send s1 mb3 bkt=0
[36m(PiperActor pid=1939912)[0m 2026-04-01 22:01:13,772 - piper_actor - DEBUG - exec_send key ((1, 0), 3) to peer pp rank 0
[36m(PiperActor pid=1939912)[0m 2026-04-01 22:01:13,772 - piper_actor - DEBUG - run_dag dispatch (time 10): forward s3 mb2 bkt=0
[36m(PiperActor pid=1939908)[0m 2026-04-01 22:01:13,760 - piper_actor - DEBUG - run_dag dispatch (time 9): send s2 mb2 bkt=0
[36m(PiperActor pid=1939908)[0m 2026-04-01 22:01:13,760 - piper_actor - DEBUG - exec_send key ((2, 0), 2) to peer pp rank 1
[36m(PiperActor pid=1939908)[0m 2026-04-01 22:01:13,760 - piper_actor - DEBUG - run_dag dispatch (time 9): recv s2 mb3 bkt=0
[36m(PiperActor pid=1939908)[0m 2026-04-01 22:01:13,760 - piper_actor - DEBUG - exec_recv key ((2, 0), 3) from peer pp rank 1
[36m(PiperActor pid=1939908)[0m 2026-04-01 22:01:13,761 - piper_actor - DEBUG - run_dag dispatch (time 10): forward s2 mb3 bkt=0
[36m(PiperActor pid=1939917)[0m 2026-04-01 22:01:13,738 - piper_actor - DEBUG - run_dag dispatch (time 8): recv s1 mb1 bkt=0
[36m(PiperActor pid=1939917)[0m 2026-04-01 22:01:13,738 - piper_actor - DEBUG - exec_recv key (None, 1) from peer pp rank 0
[36m(PiperActor pid=1939917)[0m 2026-04-01 22:01:13,739 - piper_actor - DEBUG - run_dag dispatch (time 8): send s1 mb0 bkt=0
[36m(PiperActor pid=1939917)[0m 2026-04-01 22:01:13,739 - piper_actor - DEBUG - exec_send key (None, 0) to peer pp rank 0
[36m(PiperActor pid=1939917)[0m 2026-04-01 22:01:13,739 - piper_actor - DEBUG - run_dag dispatch (time 9): backward s1 mb1 bkt=0
[36m(PiperActor pid=1939917)[0m 2026-04-01 22:01:13,772 - piper_actor - DEBUG - run_dag dispatch (time 9): recv s3 mb2 bkt=0
[36m(PiperActor pid=1939917)[0m 2026-04-01 22:01:13,773 - piper_actor - DEBUG - exec_recv key ((3, 0), 2) from peer pp rank 0
[36m(PiperActor pid=1939917)[0m 2026-04-01 22:01:13,773 - piper_actor - DEBUG - run_dag dispatch (time 9): send s1 mb3 bkt=0
[36m(PiperActor pid=1939917)[0m 2026-04-01 22:01:13,773 - piper_actor - DEBUG - exec_send key ((1, 0), 3) to peer pp rank 0
[36m(PiperActor pid=1939917)[0m 2026-04-01 22:01:13,774 - piper_actor - DEBUG - run_dag dispatch (time 10): forward s3 mb2 bkt=0
[36m(PiperActor pid=1939903)[0m 2026-04-01 22:01:13,761 - piper_actor - DEBUG - run_dag dispatch (time 9): send s2 mb2 bkt=0
[36m(PiperActor pid=1939903)[0m 2026-04-01 22:01:13,761 - piper_actor - DEBUG - exec_send key ((2, 0), 2) to peer pp rank 1
[36m(PiperActor pid=1939903)[0m 2026-04-01 22:01:13,762 - piper_actor - DEBUG - run_dag dispatch (time 9): recv s2 mb3 bkt=0
[36m(PiperActor pid=1939903)[0m 2026-04-01 22:01:13,762 - piper_actor - DEBUG - exec_recv key ((2, 0), 3) from peer pp rank 1
[36m(PiperActor pid=1939903)[0m 2026-04-01 22:01:13,763 - piper_actor - DEBUG - run_dag dispatch (time 10): forward s2 mb3 bkt=0
[36m(PiperActor pid=1939912)[0m 2026-04-01 22:01:13,787 - piper_actor - DEBUG - run_dag dispatch (time 10): send s1 mb1 bkt=0
[36m(PiperActor pid=1939912)[0m 2026-04-01 22:01:13,787 - piper_actor - DEBUG - exec_send key (None, 1) to peer pp rank 0
[36m(PiperActor pid=1939912)[0m 2026-04-01 22:01:13,788 - piper_actor - DEBUG - run_dag dispatch (time 11): backward s3 mb2 bkt=0
[36m(PiperActor pid=1939908)[0m 2026-04-01 22:01:13,779 - piper_actor - DEBUG - run_dag dispatch (time 10): recv s0 mb1 bkt=0
[36m(PiperActor pid=1939908)[0m 2026-04-01 22:01:13,779 - piper_actor - DEBUG - exec_recv key (None, 1) from peer pp rank 1
[36m(PiperActor pid=1939908)[0m 2026-04-01 22:01:13,779 - piper_actor - DEBUG - run_dag dispatch (time 11): backward s0 mb1 bkt=0
[36m(PiperActor pid=1939917)[0m 2026-04-01 22:01:13,788 - piper_actor - DEBUG - run_dag dispatch (time 10): send s1 mb1 bkt=0
[36m(PiperActor pid=1939917)[0m 2026-04-01 22:01:13,789 - piper_actor - DEBUG - exec_send key (None, 1) to peer pp rank 0
[36m(PiperActor pid=1939917)[0m 2026-04-01 22:01:13,789 - piper_actor - DEBUG - run_dag dispatch (time 11): backward s3 mb2 bkt=0
[36m(PiperActor pid=1939903)[0m 2026-04-01 22:01:13,780 - piper_actor - DEBUG - run_dag dispatch (time 10): recv s0 mb1 bkt=0
[36m(PiperActor pid=1939903)[0m 2026-04-01 22:01:13,781 - piper_actor - DEBUG - exec_recv key (None, 1) from peer pp rank 1
[36m(PiperActor pid=1939903)[0m 2026-04-01 22:01:13,781 - piper_actor - DEBUG - run_dag dispatch (time 11): backward s0 mb1 bkt=0
[36m(PiperActor pid=1939912)[0m 2026-04-01 22:01:13,819 - piper_actor - DEBUG - run_dag dispatch (time 11): recv s3 mb3 bkt=0
[36m(PiperActor pid=1939912)[0m 2026-04-01 22:01:13,819 - piper_actor - DEBUG - exec_recv key ((3, 0), 3) from peer pp rank 0
[36m(PiperActor pid=1939912)[0m 2026-04-01 22:01:13,820 - piper_actor - DEBUG - run_dag dispatch (time 12): forward s3 mb3 bkt=0
[36m(PiperActor pid=1939908)[0m 2026-04-01 22:01:13,816 - piper_actor - DEBUG - run_dag dispatch (time 11): send s2 mb3 bkt=0
[36m(PiperActor pid=1939908)[0m 2026-04-01 22:01:13,816 - piper_actor - DEBUG - exec_send key ((2, 0), 3) to peer pp rank 1
[36m(PiperActor pid=1939908)[0m 2026-04-01 22:01:13,817 - piper_actor - DEBUG - run_dag dispatch (time 11): recv s2 mb2 bkt=0
[36m(PiperActor pid=1939908)[0m 2026-04-01 22:01:13,817 - piper_actor - DEBUG - exec_recv key (None, 2) from peer pp rank 1
[36m(PiperActor pid=1939908)[0m 2026-04-01 22:01:13,817 - piper_actor - DEBUG - run_dag dispatch (time 12): backward s2 mb2 bkt=0
[36m(PiperActor pid=1939908)[0m 2026-04-01 22:01:13,852 - piper_actor - DEBUG - run_dag dispatch (time 12): recv s2 mb3 bkt=0
[36m(PiperActor pid=1939908)[0m 2026-04-01 22:01:13,853 - piper_actor - DEBUG - exec_recv key (None, 3) from peer pp rank 1
[36m(PiperActor pid=1939908)[0m 2026-04-01 22:01:13,853 - piper_actor - DEBUG - run_dag dispatch (time 13): backward s2 mb3 bkt=0
[36m(PiperActor pid=1939917)[0m 2026-04-01 22:01:13,820 - piper_actor - DEBUG - run_dag dispatch (time 11): recv s3 mb3 bkt=0
[36m(PiperActor pid=1939917)[0m 2026-04-01 22:01:13,820 - piper_actor - DEBUG - exec_recv key ((3, 0), 3) from peer pp rank 0
[36m(PiperActor pid=1939917)[0m 2026-04-01 22:01:13,821 - piper_actor - DEBUG - run_dag dispatch (time 12): forward s3 mb3 bkt=0
[36m(PiperActor pid=1939903)[0m 2026-04-01 22:01:13,818 - piper_actor - DEBUG - run_dag dispatch (time 11): send s2 mb3 bkt=0
[36m(PiperActor pid=1939903)[0m 2026-04-01 22:01:13,818 - piper_actor - DEBUG - exec_send key ((2, 0), 3) to peer pp rank 1
[36m(PiperActor pid=1939903)[0m 2026-04-01 22:01:13,819 - piper_actor - DEBUG - run_dag dispatch (time 11): recv s2 mb2 bkt=0
[36m(PiperActor pid=1939903)[0m 2026-04-01 22:01:13,819 - piper_actor - DEBUG - exec_recv key (None, 2) from peer pp rank 1
[36m(PiperActor pid=1939903)[0m 2026-04-01 22:01:13,819 - piper_actor - DEBUG - run_dag dispatch (time 12): backward s2 mb2 bkt=0
[36m(PiperActor pid=1939903)[0m 2026-04-01 22:01:13,855 - piper_actor - DEBUG - run_dag dispatch (time 12): recv s2 mb3 bkt=0
[36m(PiperActor pid=1939903)[0m 2026-04-01 22:01:13,856 - piper_actor - DEBUG - exec_recv key (None, 3) from peer pp rank 1
[36m(PiperActor pid=1939903)[0m 2026-04-01 22:01:13,856 - piper_actor - DEBUG - run_dag dispatch (time 13): backward s2 mb3 bkt=0
[36m(PiperActor pid=1939912)[0m 2026-04-01 22:01:13,860 - piper_actor - DEBUG - run_dag dispatch (time 12): send s3 mb2 bkt=0
[36m(PiperActor pid=1939912)[0m 2026-04-01 22:01:13,860 - piper_actor - DEBUG - exec_send key (None, 2) to peer pp rank 0
[36m(PiperActor pid=1939912)[0m 2026-04-01 22:01:13,861 - piper_actor - DEBUG - run_dag dispatch (time 13): backward s3 mb3 bkt=0
[36m(PiperActor pid=1939912)[0m 2026-04-01 22:01:13,892 - piper_actor - DEBUG - run_dag dispatch (time 13): recv s1 mb2 bkt=0
[36m(PiperActor pid=1939912)[0m 2026-04-01 22:01:13,893 - piper_actor - DEBUG - exec_recv key (None, 2) from peer pp rank 0
[36m(PiperActor pid=1939912)[0m 2026-04-01 22:01:13,893 - piper_actor - DEBUG - run_dag dispatch (time 14): backward s1 mb2 bkt=0
[36m(PiperActor pid=1939917)[0m 2026-04-01 22:01:13,861 - piper_actor - DEBUG - run_dag dispatch (time 12): send s3 mb2 bkt=0
[36m(PiperActor pid=1939917)[0m 2026-04-01 22:01:13,861 - piper_actor - DEBUG - exec_send key (None, 2) to peer pp rank 0
[36m(PiperActor pid=1939917)[0m 2026-04-01 22:01:13,861 - piper_actor - DEBUG - run_dag dispatch (time 13): backward s3 mb3 bkt=0
[36m(PiperActor pid=1939917)[0m 2026-04-01 22:01:13,892 - piper_actor - DEBUG - run_dag dispatch (time 13): recv s1 mb2 bkt=0
[36m(PiperActor pid=1939917)[0m 2026-04-01 22:01:13,893 - piper_actor - DEBUG - exec_recv key (None, 2) from peer pp rank 0
[36m(PiperActor pid=1939917)[0m 2026-04-01 22:01:13,894 - piper_actor - DEBUG - run_dag dispatch (time 14): backward s1 mb2 bkt=0
[36m(PiperActor pid=1939908)[0m 2026-04-01 22:01:13,908 - piper_actor - DEBUG - run_dag dispatch (time 13): send s2 mb2 bkt=0
[36m(PiperActor pid=1939908)[0m 2026-04-01 22:01:13,909 - piper_actor - DEBUG - exec_send key (None, 2) to peer pp rank 1
[36m(PiperActor pid=1939908)[0m 2026-04-01 22:01:13,909 - piper_actor - DEBUG - run_dag dispatch (time 13): recv s0 mb2 bkt=0
[36m(PiperActor pid=1939908)[0m 2026-04-01 22:01:13,909 - piper_actor - DEBUG - exec_recv key (None, 2) from peer pp rank 1
[36m(PiperActor pid=1939908)[0m 2026-04-01 22:01:13,910 - piper_actor - DEBUG - run_dag dispatch (time 14): backward s0 mb2 bkt=0
[36m(PiperActor pid=1939903)[0m 2026-04-01 22:01:13,909 - piper_actor - DEBUG - run_dag dispatch (time 13): send s2 mb2 bkt=0
[36m(PiperActor pid=1939903)[0m 2026-04-01 22:01:13,910 - piper_actor - DEBUG - exec_send key (None, 2) to peer pp rank 1
[36m(PiperActor pid=1939903)[0m 2026-04-01 22:01:13,910 - piper_actor - DEBUG - run_dag dispatch (time 13): recv s0 mb2 bkt=0
[36m(PiperActor pid=1939903)[0m 2026-04-01 22:01:13,911 - piper_actor - DEBUG - exec_recv key (None, 2) from peer pp rank 1
[36m(PiperActor pid=1939903)[0m 2026-04-01 22:01:13,911 - piper_actor - DEBUG - run_dag dispatch (time 14): backward s0 mb2 bkt=0
[36m(PiperActor pid=1939912)[0m 2026-04-01 22:01:13,950 - piper_actor - DEBUG - run_dag dispatch (time 14): recv s1 mb3 bkt=0
[36m(PiperActor pid=1939912)[0m 2026-04-01 22:01:13,951 - piper_actor - DEBUG - exec_recv key (None, 3) from peer pp rank 0
[36m(PiperActor pid=1939912)[0m 2026-04-01 22:01:13,952 - piper_actor - DEBUG - run_dag dispatch (time 14): send s3 mb3 bkt=0
[36m(PiperActor pid=1939912)[0m 2026-04-01 22:01:13,952 - piper_actor - DEBUG - exec_send key (None, 3) to peer pp rank 0
[36m(PiperActor pid=1939912)[0m 2026-04-01 22:01:13,952 - piper_actor - DEBUG - run_dag dispatch (time 14): reduce_scatter s3 mb3 bkt=0
[36m(PiperActor pid=1939912)[0m 2026-04-01 22:01:13,952 - piper_actor - DEBUG - run_dag dispatch (time 15): backward s1 mb3 bkt=0
[36m(PiperActor pid=1939917)[0m 2026-04-01 22:01:13,951 - piper_actor - DEBUG - run_dag dispatch (time 14): recv s1 mb3 bkt=0
[36m(PiperActor pid=1939917)[0m 2026-04-01 22:01:13,951 - piper_actor - DEBUG - exec_recv key (None, 3) from peer pp rank 0
[36m(PiperActor pid=1939917)[0m 2026-04-01 22:01:13,952 - piper_actor - DEBUG - run_dag dispatch (time 14): send s3 mb3 bkt=0
[36m(PiperActor pid=1939917)[0m 2026-04-01 22:01:13,952 - piper_actor - DEBUG - exec_send key (None, 3) to peer pp rank 0
[36m(PiperActor pid=1939917)[0m 2026-04-01 22:01:13,952 - piper_actor - DEBUG - run_dag dispatch (time 14): reduce_scatter s3 mb3 bkt=0
[36m(PiperActor pid=1939917)[0m 2026-04-01 22:01:13,952 - piper_actor - DEBUG - run_dag dispatch (time 15): backward s1 mb3 bkt=0
[36m(PiperActor pid=1939912)[0m 2026-04-01 22:01:13,988 - piper_actor - DEBUG - run_dag dispatch (time 15): send s1 mb2 bkt=0
[36m(PiperActor pid=1939912)[0m 2026-04-01 22:01:13,989 - piper_actor - DEBUG - exec_send key (None, 2) to peer pp rank 0
[36m(PiperActor pid=1939912)[0m 2026-04-01 22:01:13,989 - piper_actor - DEBUG - run_dag dispatch (time 16): update s1 mb3 bkt=0
[36m(PiperActor pid=1939908)[0m 2026-04-01 22:01:13,988 - piper_actor - DEBUG - run_dag dispatch (time 14): send s2 mb3 bkt=0
[36m(PiperActor pid=1939908)[0m 2026-04-01 22:01:13,988 - piper_actor - DEBUG - exec_send key (None, 3) to peer pp rank 1
[36m(PiperActor pid=1939908)[0m 2026-04-01 22:01:13,989 - piper_actor - DEBUG - run_dag dispatch (time 14): recv s0 mb3 bkt=0
[36m(PiperActor pid=1939908)[0m 2026-04-01 22:01:13,989 - piper_actor - DEBUG - exec_recv key (None, 3) from peer pp rank 1
[36m(PiperActor pid=1939908)[0m 2026-04-01 22:01:13,989 - piper_actor - DEBUG - run_dag dispatch (time 14): reduce_scatter s2 mb3 bkt=0
[36m(PiperActor pid=1939908)[0m 2026-04-01 22:01:13,990 - piper_actor - DEBUG - run_dag dispatch (time 15): backward s0 mb3 bkt=0
[36m(PiperActor pid=1939917)[0m 2026-04-01 22:01:13,987 - piper_actor - DEBUG - run_dag dispatch (time 15): send s1 mb2 bkt=0
[36m(PiperActor pid=1939917)[0m 2026-04-01 22:01:13,988 - piper_actor - DEBUG - exec_send key (None, 2) to peer pp rank 0
[36m(PiperActor pid=1939917)[0m 2026-04-01 22:01:13,988 - piper_actor - DEBUG - run_dag dispatch (time 16): update s1 mb3 bkt=0
[36m(PiperActor pid=1939903)[0m 2026-04-01 22:01:13,987 - piper_actor - DEBUG - run_dag dispatch (time 14): send s2 mb3 bkt=0
[36m(PiperActor pid=1939903)[0m 2026-04-01 22:01:13,988 - piper_actor - DEBUG - exec_send key (None, 3) to peer pp rank 1
[36m(PiperActor pid=1939903)[0m 2026-04-01 22:01:13,988 - piper_actor - DEBUG - run_dag dispatch (time 14): recv s0 mb3 bkt=0
[36m(PiperActor pid=1939903)[0m 2026-04-01 22:01:13,989 - piper_actor - DEBUG - exec_recv key (None, 3) from peer pp rank 1
[36m(PiperActor pid=1939903)[0m 2026-04-01 22:01:13,989 - piper_actor - DEBUG - run_dag dispatch (time 14): reduce_scatter s2 mb3 bkt=0
[36m(PiperActor pid=1939903)[0m 2026-04-01 22:01:13,990 - piper_actor - DEBUG - run_dag dispatch (time 15): backward s0 mb3 bkt=0
[36m(PiperActor pid=1939912)[0m 2026-04-01 22:01:14,044 - piper_actor - DEBUG - run_dag dispatch (time 16): send s1 mb3 bkt=0
[36m(PiperActor pid=1939912)[0m 2026-04-01 22:01:14,045 - piper_actor - DEBUG - exec_send key (None, 3) to peer pp rank 0
[36m(PiperActor pid=1939912)[0m 2026-04-01 22:01:14,045 - piper_actor - DEBUG - run_dag dispatch (time 16): reduce_scatter s1 mb3 bkt=0
[36m(PiperActor pid=1939908)[0m 2026-04-01 22:01:14,028 - piper_actor - DEBUG - run_dag dispatch (time 16): update s0 mb3 bkt=0
[36m(PiperActor pid=1939917)[0m 2026-04-01 22:01:14,043 - piper_actor - DEBUG - run_dag dispatch (time 16): send s1 mb3 bkt=0
[36m(PiperActor pid=1939917)[0m 2026-04-01 22:01:14,043 - piper_actor - DEBUG - exec_send key (None, 3) to peer pp rank 0
[36m(PiperActor pid=1939917)[0m 2026-04-01 22:01:14,044 - piper_actor - DEBUG - run_dag dispatch (time 16): reduce_scatter s1 mb3 bkt=0
[36m(PiperActor pid=1939903)[0m 2026-04-01 22:01:14,027 - piper_actor - DEBUG - run_dag dispatch (time 16): update s0 mb3 bkt=0
[36m(PiperActor pid=1939908)[0m 2026-04-01 22:01:14,087 - piper_actor - DEBUG - run_dag dispatch (time 16): reduce_scatter s0 mb3 bkt=0
[36m(PiperActor pid=1939908)[0m 2026-04-01 22:01:14,093 - piper_actor - DEBUG - run_dag dispatch (time -20001): all_gather s2 mb0 bkt=0
[36m(PiperActor pid=1939917)[0m 2026-04-01 22:01:14,092 - piper_actor - DEBUG - run_dag dispatch (time -20001): all_gather s3 mb0 bkt=0
[36m(PiperActor pid=1939917)[0m 2026-04-01 22:01:14,092 - piper_actor - DEBUG - run_dag dispatch (time -20000): all_gather s1 mb0 bkt=0
[36m(PiperActor pid=1939917)[0m 2026-04-01 22:01:14,093 - piper_actor - DEBUG - run_dag dispatch (time -1): recv s1 mb0 bkt=0
[36m(PiperActor pid=1939917)[0m 2026-04-01 22:01:14,093 - piper_actor - DEBUG - exec_recv key ((1, 0), 0) from peer pp rank 0
[36m(PiperActor pid=1939917)[0m 2026-04-01 22:01:14,093 - piper_actor - DEBUG - run_dag dispatch (time 0): forward s1 mb0 bkt=0
[36m(PiperActor pid=1939903)[0m 2026-04-01 22:01:14,086 - piper_actor - DEBUG - run_dag dispatch (time 16): reduce_scatter s0 mb3 bkt=0
[36m(PiperActor pid=1939903)[0m 2026-04-01 22:01:14,092 - piper_actor - DEBUG - run_dag dispatch (time -20001): all_gather s2 mb0 bkt=0
[36m(PiperActor pid=1939903)[0m 2026-04-01 22:01:14,092 - piper_actor - DEBUG - run_dag dispatch (time -20000): all_gather s0 mb0 bkt=0
[36m(PiperActor pid=1939903)[0m 2026-04-01 22:01:14,093 - piper_actor - DEBUG - run_dag dispatch (time 0): forward s0 mb0 bkt=0
[36m(PiperActor pid=1939912)[0m 2026-04-01 22:01:14,115 - piper_actor - DEBUG - run_dag dispatch (time -20001): all_gather s3 mb0 bkt=0
[36m(PiperActor pid=1939912)[0m 2026-04-01 22:01:14,115 - piper_actor - DEBUG - run_dag dispatch (time -20000): all_gather s1 mb0 bkt=0
[36m(PiperActor pid=1939912)[0m 2026-04-01 22:01:14,116 - piper_actor - DEBUG - run_dag dispatch (time -1): recv s1 mb0 bkt=0
[36m(PiperActor pid=1939912)[0m 2026-04-01 22:01:14,116 - piper_actor - DEBUG - exec_recv key ((1, 0), 0) from peer pp rank 0
[36m(PiperActor pid=1939912)[0m 2026-04-01 22:01:14,116 - piper_actor - DEBUG - run_dag dispatch (time 0): forward s1 mb0 bkt=0
[36m(PiperActor pid=1939912)[0m 2026-04-01 22:01:14,127 - piper_actor - DEBUG - run_dag dispatch (time 0): recv s1 mb1 bkt=0
[36m(PiperActor pid=1939912)[0m 2026-04-01 22:01:14,128 - piper_actor - DEBUG - exec_recv key ((1, 0), 1) from peer pp rank 0
[36m(PiperActor pid=1939912)[0m 2026-04-01 22:01:14,128 - piper_actor - DEBUG - run_dag dispatch (time 1): forward s1 mb1 bkt=0
[36m(PiperActor pid=1939908)[0m 2026-04-01 22:01:14,093 - piper_actor - DEBUG - run_dag dispatch (time -20000): all_gather s0 mb0 bkt=0
[36m(PiperActor pid=1939908)[0m 2026-04-01 22:01:14,093 - piper_actor - DEBUG - run_dag dispatch (time 0): forward s0 mb0 bkt=0
[36m(PiperActor pid=1939908)[0m 2026-04-01 22:01:14,104 - piper_actor - DEBUG - run_dag dispatch (time 1): forward s0 mb1 bkt=0
[36m(PiperActor pid=1939908)[0m 2026-04-01 22:01:14,114 - piper_actor - DEBUG - run_dag dispatch (time 1): send s0 mb0 bkt=0
[36m(PiperActor pid=1939908)[0m 2026-04-01 22:01:14,115 - piper_actor - DEBUG - exec_send key ((0, 0), 0) to peer pp rank 1
[36m(PiperActor pid=1939908)[0m 2026-04-01 22:01:14,115 - piper_actor - DEBUG - run_dag dispatch (time 1): recv s2 mb0 bkt=0
[36m(PiperActor pid=1939908)[0m 2026-04-01 22:01:14,115 - piper_actor - DEBUG - exec_recv key ((2, 0), 0) from peer pp rank 1
[36m(PiperActor pid=1939908)[0m 2026-04-01 22:01:14,115 - piper_actor - DEBUG - run_dag dispatch (time 2): forward s2 mb0 bkt=0
[36m(PiperActor pid=1939908)[0m 2026-04-01 22:01:14,126 - piper_actor - DEBUG - run_dag dispatch (time 2): send s0 mb1 bkt=0
[36m(PiperActor pid=1939908)[0m 2026-04-01 22:01:14,126 - piper_actor - DEBUG - exec_send key ((0, 0), 1) to peer pp rank 1
[36m(PiperActor pid=1939908)[0m 2026-04-01 22:01:14,126 - piper_actor - DEBUG - run_dag dispatch (time 2): recv s2 mb1 bkt=0
[36m(PiperActor pid=1939908)[0m 2026-04-01 22:01:14,126 - piper_actor - DEBUG - exec_recv key ((2, 0), 1) from peer pp rank 1
[36m(PiperActor pid=1939908)[0m 2026-04-01 22:01:14,127 - piper_actor - DEBUG - run_dag dispatch (time 3): forward s2 mb1 bkt=0
[36m(PiperActor pid=1939917)[0m 2026-04-01 22:01:14,105 - piper_actor - DEBUG - run_dag dispatch (time 0): recv s1 mb1 bkt=0
[36m(PiperActor pid=1939917)[0m 2026-04-01 22:01:14,106 - piper_actor - DEBUG - exec_recv key ((1, 0), 1) from peer pp rank 0
[36m(PiperActor pid=1939917)[0m 2026-04-01 22:01:14,106 - piper_actor - DEBUG - run_dag dispatch (time 1): forward s1 mb1 bkt=0
[36m(PiperActor pid=1939917)[0m 2026-04-01 22:01:14,117 - piper_actor - DEBUG - run_dag dispatch (time 1): recv s3 mb0 bkt=0
[36m(PiperActor pid=1939917)[0m 2026-04-01 22:01:14,117 - piper_actor - DEBUG - exec_recv key ((3, 0), 0) from peer pp rank 0
[36m(PiperActor pid=1939917)[0m 2026-04-01 22:01:14,117 - piper_actor - DEBUG - run_dag dispatch (time 1): send s1 mb0 bkt=0
[36m(PiperActor pid=1939917)[0m 2026-04-01 22:01:14,117 - piper_actor - DEBUG - exec_send key ((1, 0), 0) to peer pp rank 0
[36m(PiperActor pid=1939917)[0m 2026-04-01 22:01:14,118 - piper_actor - DEBUG - run_dag dispatch (time 2): forward s3 mb0 bkt=0
[36m(PiperActor pid=1939917)[0m 2026-04-01 22:01:14,128 - piper_actor - DEBUG - run_dag dispatch (time 2): send s1 mb1 bkt=0
[36m(PiperActor pid=1939917)[0m 2026-04-01 22:01:14,129 - piper_actor - DEBUG - exec_send key ((1, 0), 1) to peer pp rank 0
[36m(PiperActor pid=1939917)[0m 2026-04-01 22:01:14,129 - piper_actor - DEBUG - run_dag dispatch (time 3): backward s3 mb0 bkt=0
[36m(PiperActor pid=1939903)[0m 2026-04-01 22:01:14,104 - piper_actor - DEBUG - run_dag dispatch (time 1): forward s0 mb1 bkt=0
[36m(PiperActor pid=1939903)[0m 2026-04-01 22:01:14,115 - piper_actor - DEBUG - run_dag dispatch (time 1): send s0 mb0 bkt=0
[36m(PiperActor pid=1939903)[0m 2026-04-01 22:01:14,115 - piper_actor - DEBUG - exec_send key ((0, 0), 0) to peer pp rank 1
[36m(PiperActor pid=1939903)[0m 2026-04-01 22:01:14,116 - piper_actor - DEBUG - run_dag dispatch (time 1): recv s2 mb0 bkt=0
[36m(PiperActor pid=1939903)[0m 2026-04-01 22:01:14,116 - piper_actor - DEBUG - exec_recv key ((2, 0), 0) from peer pp rank 1
[36m(PiperActor pid=1939903)[0m 2026-04-01 22:01:14,116 - piper_actor - DEBUG - run_dag dispatch (time 2): forward s2 mb0 bkt=0
[36m(PiperActor pid=1939903)[0m 2026-04-01 22:01:14,127 - piper_actor - DEBUG - run_dag dispatch (time 2): send s0 mb1 bkt=0
[36m(PiperActor pid=1939903)[0m 2026-04-01 22:01:14,127 - piper_actor - DEBUG - exec_send key ((0, 0), 1) to peer pp rank 1
[36m(PiperActor pid=1939903)[0m 2026-04-01 22:01:14,128 - piper_actor - DEBUG - run_dag dispatch (time 2): recv s2 mb1 bkt=0
[36m(PiperActor pid=1939903)[0m 2026-04-01 22:01:14,128 - piper_actor - DEBUG - exec_recv key ((2, 0), 1) from peer pp rank 1
[36m(PiperActor pid=1939903)[0m 2026-04-01 22:01:14,128 - piper_actor - DEBUG - run_dag dispatch (time 3): forward s2 mb1 bkt=0
[36m(PiperActor pid=1939912)[0m 2026-04-01 22:01:14,139 - piper_actor - DEBUG - run_dag dispatch (time 1): recv s3 mb0 bkt=0
[36m(PiperActor pid=1939912)[0m 2026-04-01 22:01:14,140 - piper_actor - DEBUG - exec_recv key ((3, 0), 0) from peer pp rank 0
[36m(PiperActor pid=1939912)[0m 2026-04-01 22:01:14,140 - piper_actor - DEBUG - run_dag dispatch (time 1): send s1 mb0 bkt=0
[36m(PiperActor pid=1939912)[0m 2026-04-01 22:01:14,140 - piper_actor - DEBUG - exec_send key ((1, 0), 0) to peer pp rank 0
[36m(PiperActor pid=1939912)[0m 2026-04-01 22:01:14,140 - piper_actor - DEBUG - run_dag dispatch (time 2): forward s3 mb0 bkt=0
[36m(PiperActor pid=1939912)[0m 2026-04-01 22:01:14,151 - piper_actor - DEBUG - run_dag dispatch (time 2): send s1 mb1 bkt=0
[36m(PiperActor pid=1939912)[0m 2026-04-01 22:01:14,151 - piper_actor - DEBUG - exec_send key ((1, 0), 1) to peer pp rank 0
[36m(PiperActor pid=1939912)[0m 2026-04-01 22:01:14,151 - piper_actor - DEBUG - run_dag dispatch (time 3): backward s3 mb0 bkt=0
[36m(PiperActor pid=1939908)[0m 2026-04-01 22:01:14,137 - piper_actor - DEBUG - run_dag dispatch (time 3): send s2 mb0 bkt=0
[36m(PiperActor pid=1939908)[0m 2026-04-01 22:01:14,137 - piper_actor - DEBUG - exec_send key ((2, 0), 0) to peer pp rank 1
[36m(PiperActor pid=1939908)[0m 2026-04-01 22:01:14,137 - piper_actor - DEBUG - run_dag dispatch (time 4): forward s0 mb2 bkt=0
[36m(PiperActor pid=1939908)[0m 2026-04-01 22:01:14,148 - piper_actor - DEBUG - run_dag dispatch (time 4): send s2 mb1 bkt=0
[36m(PiperActor pid=1939908)[0m 2026-04-01 22:01:14,148 - piper_actor - DEBUG - exec_send key ((2, 0), 1) to peer pp rank 1
[36m(PiperActor pid=1939908)[0m 2026-04-01 22:01:14,148 - piper_actor - DEBUG - run_dag dispatch (time 4): recv s2 mb0 bkt=0
[36m(PiperActor pid=1939908)[0m 2026-04-01 22:01:14,148 - piper_actor - DEBUG - exec_recv key (None, 0) from peer pp rank 1
[36m(PiperActor pid=1939908)[0m 2026-04-01 22:01:14,148 - piper_actor - DEBUG - run_dag dispatch (time 5): backward s2 mb0 bkt=0
[36m(PiperActor pid=1939917)[0m 2026-04-01 22:01:14,165 - piper_actor - DEBUG - run_dag dispatch (time 3): recv s3 mb1 bkt=0
[36m(PiperActor pid=1939917)[0m 2026-04-01 22:01:14,166 - piper_actor - DEBUG - exec_recv key ((3, 0), 1) from peer pp rank 0
[36m(PiperActor pid=1939917)[0m 2026-04-01 22:01:14,166 - piper_actor - DEBUG - run_dag dispatch (time 4): forward s3 mb1 bkt=0
[36m(PiperActor pid=1939903)[0m 2026-04-01 22:01:14,139 - piper_actor - DEBUG - run_dag dispatch (time 3): send s2 mb0 bkt=0
[36m(PiperActor pid=1939903)[0m 2026-04-01 22:01:14,139 - piper_actor - DEBUG - exec_send key ((2, 0), 0) to peer pp rank 1
[36m(PiperActor pid=1939903)[0m 2026-04-01 22:01:14,139 - piper_actor - DEBUG - run_dag dispatch (time 4): forward s0 mb2 bkt=0
[36m(PiperActor pid=1939903)[0m 2026-04-01 22:01:14,150 - piper_actor - DEBUG - run_dag dispatch (time 4): send s2 mb1 bkt=0
[36m(PiperActor pid=1939903)[0m 2026-04-01 22:01:14,150 - piper_actor - DEBUG - exec_send key ((2, 0), 1) to peer pp rank 1
[36m(PiperActor pid=1939903)[0m 2026-04-01 22:01:14,150 - piper_actor - DEBUG - run_dag dispatch (time 4): recv s2 mb0 bkt=0
[36m(PiperActor pid=1939903)[0m 2026-04-01 22:01:14,150 - piper_actor - DEBUG - exec_recv key (None, 0) from peer pp rank 1
[36m(PiperActor pid=1939903)[0m 2026-04-01 22:01:14,151 - piper_actor - DEBUG - run_dag dispatch (time 5): backward s2 mb0 bkt=0
[36m(PiperActor pid=1939912)[0m 2026-04-01 22:01:14,177 - piper_actor - DEBUG - run_dag dispatch (time 3): recv s3 mb1 bkt=0
[36m(PiperActor pid=1939912)[0m 2026-04-01 22:01:14,178 - piper_actor - DEBUG - exec_recv key ((3, 0), 1) from peer pp rank 0
[36m(PiperActor pid=1939912)[0m 2026-04-01 22:01:14,178 - piper_actor - DEBUG - run_dag dispatch (time 4): forward s3 mb1 bkt=0
[36m(PiperActor pid=1939912)[0m 2026-04-01 22:01:14,204 - piper_actor - DEBUG - run_dag dispatch (time 4): send s3 mb0 bkt=0
[36m(PiperActor pid=1939912)[0m 2026-04-01 22:01:14,204 - piper_actor - DEBUG - exec_send key (None, 0) to peer pp rank 0
[36m(PiperActor pid=1939912)[0m 2026-04-01 22:01:14,205 - piper_actor - DEBUG - run_dag dispatch (time 5): backward s3 mb1 bkt=0
[36m(PiperActor pid=1939908)[0m 2026-04-01 22:01:14,182 - piper_actor - DEBUG - run_dag dispatch (time 5): send s0 mb2 bkt=0
[36m(PiperActor pid=1939908)[0m 2026-04-01 22:01:14,182 - piper_actor - DEBUG - exec_send key ((0, 0), 2) to peer pp rank 1
[36m(PiperActor pid=1939908)[0m 2026-04-01 22:01:14,182 - piper_actor - DEBUG - run_dag dispatch (time 6): forward s0 mb3 bkt=0
[36m(PiperActor pid=1939917)[0m 2026-04-01 22:01:14,206 - piper_actor - DEBUG - run_dag dispatch (time 4): send s3 mb0 bkt=0
[36m(PiperActor pid=1939917)[0m 2026-04-01 22:01:14,207 - piper_actor - DEBUG - exec_send key (None, 0) to peer pp rank 0
[36m(PiperActor pid=1939917)[0m 2026-04-01 22:01:14,207 - piper_actor - DEBUG - run_dag dispatch (time 5): backward s3 mb1 bkt=0
[36m(PiperActor pid=1939903)[0m 2026-04-01 22:01:14,182 - piper_actor - DEBUG - run_dag dispatch (time 5): send s0 mb2 bkt=0
[36m(PiperActor pid=1939903)[0m 2026-04-01 22:01:14,183 - piper_actor - DEBUG - exec_send key ((0, 0), 2) to peer pp rank 1
[36m(PiperActor pid=1939903)[0m 2026-04-01 22:01:14,183 - piper_actor - DEBUG - run_dag dispatch (time 6): forward s0 mb3 bkt=0
[36m(PiperActor pid=1939912)[0m 2026-04-01 22:01:14,236 - piper_actor - DEBUG - run_dag dispatch (time 5): recv s1 mb2 bkt=0
[36m(PiperActor pid=1939912)[0m 2026-04-01 22:01:14,236 - piper_actor - DEBUG - exec_recv key ((1, 0), 2) from peer pp rank 0
[36m(PiperActor pid=1939912)[0m 2026-04-01 22:01:14,237 - piper_actor - DEBUG - run_dag dispatch (time 6): forward s1 mb2 bkt=0
[36m(PiperActor pid=1939908)[0m 2026-04-01 22:01:14,233 - piper_actor - DEBUG - run_dag dispatch (time 6): send s2 mb0 bkt=0
[36m(PiperActor pid=1939908)[0m 2026-04-01 22:01:14,234 - piper_actor - DEBUG - exec_send key (None, 0) to peer pp rank 1
[36m(PiperActor pid=1939908)[0m 2026-04-01 22:01:14,234 - piper_actor - DEBUG - run_dag dispatch (time 6): recv s2 mb1 bkt=0
[36m(PiperActor pid=1939908)[0m 2026-04-01 22:01:14,234 - piper_actor - DEBUG - exec_recv key (None, 1) from peer pp rank 1
[36m(PiperActor pid=1939908)[0m 2026-04-01 22:01:14,234 - piper_actor - DEBUG - run_dag dispatch (time 7): backward s2 mb1 bkt=0
[36m(PiperActor pid=1939917)[0m 2026-04-01 22:01:14,238 - piper_actor - DEBUG - run_dag dispatch (time 5): recv s1 mb2 bkt=0
[36m(PiperActor pid=1939917)[0m 2026-04-01 22:01:14,238 - piper_actor - DEBUG - exec_recv key ((1, 0), 2) from peer pp rank 0
[36m(PiperActor pid=1939917)[0m 2026-04-01 22:01:14,239 - piper_actor - DEBUG - run_dag dispatch (time 6): forward s1 mb2 bkt=0
[36m(PiperActor pid=1939903)[0m 2026-04-01 22:01:14,236 - piper_actor - DEBUG - run_dag dispatch (time 6): send s2 mb0 bkt=0
[36m(PiperActor pid=1939903)[0m 2026-04-01 22:01:14,236 - piper_actor - DEBUG - exec_send key (None, 0) to peer pp rank 1
[36m(PiperActor pid=1939903)[0m 2026-04-01 22:01:14,237 - piper_actor - DEBUG - run_dag dispatch (time 6): recv s2 mb1 bkt=0
[36m(PiperActor pid=1939903)[0m 2026-04-01 22:01:14,237 - piper_actor - DEBUG - exec_recv key (None, 1) from peer pp rank 1
[36m(PiperActor pid=1939903)[0m 2026-04-01 22:01:14,237 - piper_actor - DEBUG - run_dag dispatch (time 7): backward s2 mb1 bkt=0
[36m(PiperActor pid=1939912)[0m 2026-04-01 22:01:14,275 - piper_actor - DEBUG - run_dag dispatch (time 6): recv s1 mb0 bkt=0
[36m(PiperActor pid=1939912)[0m 2026-04-01 22:01:14,275 - piper_actor - DEBUG - exec_recv key (None, 0) from peer pp rank 0
[36m(PiperActor pid=1939912)[0m 2026-04-01 22:01:14,276 - piper_actor - DEBUG - run_dag dispatch (time 6): send s3 mb1 bkt=0
[36m(PiperActor pid=1939912)[0m 2026-04-01 22:01:14,276 - piper_actor - DEBUG - exec_send key (None, 1) to peer pp rank 0
[36m(PiperActor pid=1939912)[0m 2026-04-01 22:01:14,276 - piper_actor - DEBUG - run_dag dispatch (time 7): backward s1 mb0 bkt=0
[36m(PiperActor pid=1939908)[0m 2026-04-01 22:01:14,270 - piper_actor - DEBUG - run_dag dispatch (time 7): send s0 mb3 bkt=0
[36m(PiperActor pid=1939908)[0m 2026-04-01 22:01:14,270 - piper_actor - DEBUG - exec_send key ((0, 0), 3) to peer pp rank 1
[36m(PiperActor pid=1939908)[0m 2026-04-01 22:01:14,270 - piper_actor - DEBUG - run_dag dispatch (time 7): recv s2 mb2 bkt=0
[36m(PiperActor pid=1939908)[0m 2026-04-01 22:01:14,270 - piper_actor - DEBUG - exec_recv key ((2, 0), 2) from peer pp rank 1
[36m(PiperActor pid=1939908)[0m 2026-04-01 22:01:14,271 - piper_actor - DEBUG - run_dag dispatch (time 8): forward s2 mb2 bkt=0
[36m(PiperActor pid=1939917)[0m 2026-04-01 22:01:14,277 - piper_actor - DEBUG - run_dag dispatch (time 6): recv s1 mb0 bkt=0
[36m(PiperActor pid=1939917)[0m 2026-04-01 22:01:14,277 - piper_actor - DEBUG - exec_recv key (None, 0) from peer pp rank 0
[36m(PiperActor pid=1939917)[0m 2026-04-01 22:01:14,278 - piper_actor - DEBUG - run_dag dispatch (time 6): send s3 mb1 bkt=0
[36m(PiperActor pid=1939917)[0m 2026-04-01 22:01:14,278 - piper_actor - DEBUG - exec_send key (None, 1) to peer pp rank 0
[36m(PiperActor pid=1939917)[0m 2026-04-01 22:01:14,278 - piper_actor - DEBUG - run_dag dispatch (time 7): backward s1 mb0 bkt=0
[36m(PiperActor pid=1939903)[0m 2026-04-01 22:01:14,272 - piper_actor - DEBUG - run_dag dispatch (time 7): send s0 mb3 bkt=0
[36m(PiperActor pid=1939903)[0m 2026-04-01 22:01:14,272 - piper_actor - DEBUG - exec_send key ((0, 0), 3) to peer pp rank 1
[36m(PiperActor pid=1939903)[0m 2026-04-01 22:01:14,273 - piper_actor - DEBUG - run_dag dispatch (time 7): recv s2 mb2 bkt=0
[36m(PiperActor pid=1939903)[0m 2026-04-01 22:01:14,273 - piper_actor - DEBUG - exec_recv key ((2, 0), 2) from peer pp rank 1
[36m(PiperActor pid=1939903)[0m 2026-04-01 22:01:14,273 - piper_actor - DEBUG - run_dag dispatch (time 8): forward s2 mb2 bkt=0
[36m(PiperActor pid=1939912)[0m 2026-04-01 22:01:14,306 - piper_actor - DEBUG - run_dag dispatch (time 7): recv s1 mb3 bkt=0
[36m(PiperActor pid=1939912)[0m 2026-04-01 22:01:14,307 - piper_actor - DEBUG - exec_recv key ((1, 0), 3) from peer pp rank 0
[36m(PiperActor pid=1939912)[0m 2026-04-01 22:01:14,307 - piper_actor - DEBUG - run_dag dispatch (time 7): send s1 mb2 bkt=0
[36m(PiperActor pid=1939912)[0m 2026-04-01 22:01:14,307 - piper_actor - DEBUG - exec_send key ((1, 0), 2) to peer pp rank 0
[36m(PiperActor pid=1939912)[0m 2026-04-01 22:01:14,308 - piper_actor - DEBUG - run_dag dispatch (time 8): forward s1 mb3 bkt=0
[36m(PiperActor pid=1939912)[0m 2026-04-01 22:01:14,322 - piper_actor - DEBUG - run_dag dispatch (time 8): recv s1 mb1 bkt=0
[36m(PiperActor pid=1939912)[0m 2026-04-01 22:01:14,322 - piper_actor - DEBUG - exec_recv key (None, 1) from peer pp rank 0
[36m(PiperActor pid=1939912)[0m 2026-04-01 22:01:14,323 - piper_actor - DEBUG - run_dag dispatch (time 8): send s1 mb0 bkt=0
[36m(PiperActor pid=1939912)[0m 2026-04-01 22:01:14,323 - piper_actor - DEBUG - exec_send key (None, 0) to peer pp rank 0
[36m(PiperActor pid=1939912)[0m 2026-04-01 22:01:14,323 - piper_actor - DEBUG - run_dag dispatch (time 9): backward s1 mb1 bkt=0
[36m(PiperActor pid=1939908)[0m 2026-04-01 22:01:14,306 - piper_actor - DEBUG - run_dag dispatch (time 8): send s2 mb1 bkt=0
[36m(PiperActor pid=1939908)[0m 2026-04-01 22:01:14,306 - piper_actor - DEBUG - exec_send key (None, 1) to peer pp rank 1
[36m(PiperActor pid=1939908)[0m 2026-04-01 22:01:14,307 - piper_actor - DEBUG - run_dag dispatch (time 8): recv s0 mb0 bkt=0
[36m(PiperActor pid=1939908)[0m 2026-04-01 22:01:14,307 - piper_actor - DEBUG - exec_recv key (None, 0) from peer pp rank 1
[36m(PiperActor pid=1939908)[0m 2026-04-01 22:01:14,307 - piper_actor - DEBUG - run_dag dispatch (time 9): backward s0 mb0 bkt=0
[36m(PiperActor pid=1939917)[0m 2026-04-01 22:01:14,307 - piper_actor - DEBUG - run_dag dispatch (time 7): recv s1 mb3 bkt=0
[36m(PiperActor pid=1939917)[0m 2026-04-01 22:01:14,308 - piper_actor - DEBUG - exec_recv key ((1, 0), 3) from peer pp rank 0
[36m(PiperActor pid=1939917)[0m 2026-04-01 22:01:14,308 - piper_actor - DEBUG - run_dag dispatch (time 7): send s1 mb2 bkt=0
[36m(PiperActor pid=1939917)[0m 2026-04-01 22:01:14,309 - piper_actor - DEBUG - exec_send key ((1, 0), 2) to peer pp rank 0
[36m(PiperActor pid=1939917)[0m 2026-04-01 22:01:14,309 - piper_actor - DEBUG - run_dag dispatch (time 8): forward s1 mb3 bkt=0
[36m(PiperActor pid=1939917)[0m 2026-04-01 22:01:14,323 - piper_actor - DEBUG - run_dag dispatch (time 8): recv s1 mb1 bkt=0
[36m(PiperActor pid=1939917)[0m 2026-04-01 22:01:14,323 - piper_actor - DEBUG - exec_recv key (None, 1) from peer pp rank 0
[36m(PiperActor pid=1939917)[0m 2026-04-01 22:01:14,323 - piper_actor - DEBUG - run_dag dispatch (time 8): send s1 mb0 bkt=0
[36m(PiperActor pid=1939917)[0m 2026-04-01 22:01:14,323 - piper_actor - DEBUG - exec_send key (None, 0) to peer pp rank 0
[36m(PiperActor pid=1939917)[0m 2026-04-01 22:01:14,324 - piper_actor - DEBUG - run_dag dispatch (time 9): backward s1 mb1 bkt=0
[36m(PiperActor pid=1939903)[0m 2026-04-01 22:01:14,307 - piper_actor - DEBUG - run_dag dispatch (time 8): send s2 mb1 bkt=0
[36m(PiperActor pid=1939903)[0m 2026-04-01 22:01:14,308 - piper_actor - DEBUG - exec_send key (None, 1) to peer pp rank 1
[36m(PiperActor pid=1939903)[0m 2026-04-01 22:01:14,308 - piper_actor - DEBUG - run_dag dispatch (time 8): recv s0 mb0 bkt=0
[36m(PiperActor pid=1939903)[0m 2026-04-01 22:01:14,308 - piper_actor - DEBUG - exec_recv key (None, 0) from peer pp rank 1
[36m(PiperActor pid=1939903)[0m 2026-04-01 22:01:14,308 - piper_actor - DEBUG - run_dag dispatch (time 9): backward s0 mb0 bkt=0
[36m(PiperActor pid=1939912)[0m 2026-04-01 22:01:14,356 - piper_actor - DEBUG - run_dag dispatch (time 9): recv s3 mb2 bkt=0
[36m(PiperActor pid=1939912)[0m 2026-04-01 22:01:14,357 - piper_actor - DEBUG - exec_recv key ((3, 0), 2) from peer pp rank 0
[36m(PiperActor pid=1939912)[0m 2026-04-01 22:01:14,357 - piper_actor - DEBUG - run_dag dispatch (time 9): send s1 mb3 bkt=0
[36m(PiperActor pid=1939912)[0m 2026-04-01 22:01:14,357 - piper_actor - DEBUG - exec_send key ((1, 0), 3) to peer pp rank 0
[36m(PiperActor pid=1939912)[0m 2026-04-01 22:01:14,357 - piper_actor - DEBUG - run_dag dispatch (time 10): forward s3 mb2 bkt=0
[36m(PiperActor pid=1939912)[0m 2026-04-01 22:01:14,372 - piper_actor - DEBUG - run_dag dispatch (time 10): send s1 mb1 bkt=0
[36m(PiperActor pid=1939912)[0m 2026-04-01 22:01:14,372 - piper_actor - DEBUG - exec_send key (None, 1) to peer pp rank 0
[36m(PiperActor pid=1939912)[0m 2026-04-01 22:01:14,372 - piper_actor - DEBUG - run_dag dispatch (time 11): backward s3 mb2 bkt=0
[36m(PiperActor pid=1939908)[0m 2026-04-01 22:01:14,344 - piper_actor - DEBUG - run_dag dispatch (time 9): send s2 mb2 bkt=0
[36m(PiperActor pid=1939908)[0m 2026-04-01 22:01:14,344 - piper_actor - DEBUG - exec_send key ((2, 0), 2) to peer pp rank 1
[36m(PiperActor pid=1939908)[0m 2026-04-01 22:01:14,345 - piper_actor - DEBUG - run_dag dispatch (time 9): recv s2 mb3 bkt=0
[36m(PiperActor pid=1939908)[0m 2026-04-01 22:01:14,345 - piper_actor - DEBUG - exec_recv key ((2, 0), 3) from peer pp rank 1
[36m(PiperActor pid=1939908)[0m 2026-04-01 22:01:14,345 - piper_actor - DEBUG - run_dag dispatch (time 10): forward s2 mb3 bkt=0
[36m(PiperActor pid=1939908)[0m 2026-04-01 22:01:14,363 - piper_actor - DEBUG - run_dag dispatch (time 10): recv s0 mb1 bkt=0
[36m(PiperActor pid=1939908)[0m 2026-04-01 22:01:14,363 - piper_actor - DEBUG - exec_recv key (None, 1) from peer pp rank 1
[36m(PiperActor pid=1939908)[0m 2026-04-01 22:01:14,364 - piper_actor - DEBUG - run_dag dispatch (time 11): backward s0 mb1 bkt=0
[36m(PiperActor pid=1939917)[0m 2026-04-01 22:01:14,357 - piper_actor - DEBUG - run_dag dispatch (time 9): recv s3 mb2 bkt=0
[36m(PiperActor pid=1939917)[0m 2026-04-01 22:01:14,357 - piper_actor - DEBUG - exec_recv key ((3, 0), 2) from peer pp rank 0
[36m(PiperActor pid=1939917)[0m 2026-04-01 22:01:14,358 - piper_actor - DEBUG - run_dag dispatch (time 9): send s1 mb3 bkt=0
[36m(PiperActor pid=1939917)[0m 2026-04-01 22:01:14,358 - piper_actor - DEBUG - exec_send key ((1, 0), 3) to peer pp rank 0
[36m(PiperActor pid=1939917)[0m 2026-04-01 22:01:14,358 - piper_actor - DEBUG - run_dag dispatch (time 10): forward s3 mb2 bkt=0
[36m(PiperActor pid=1939917)[0m 2026-04-01 22:01:14,373 - piper_actor - DEBUG - run_dag dispatch (time 10): send s1 mb1 bkt=0
[36m(PiperActor pid=1939917)[0m 2026-04-01 22:01:14,373 - piper_actor - DEBUG - exec_send key (None, 1) to peer pp rank 0
[36m(PiperActor pid=1939917)[0m 2026-04-01 22:01:14,373 - piper_actor - DEBUG - run_dag dispatch (time 11): backward s3 mb2 bkt=0
[36m(PiperActor pid=1939903)[0m 2026-04-01 22:01:14,346 - piper_actor - DEBUG - run_dag dispatch (time 9): send s2 mb2 bkt=0
[36m(PiperActor pid=1939903)[0m 2026-04-01 22:01:14,346 - piper_actor - DEBUG - exec_send key ((2, 0), 2) to peer pp rank 1
[36m(PiperActor pid=1939903)[0m 2026-04-01 22:01:14,347 - piper_actor - DEBUG - run_dag dispatch (time 9): recv s2 mb3 bkt=0
[36m(PiperActor pid=1939903)[0m 2026-04-01 22:01:14,347 - piper_actor - DEBUG - exec_recv key ((2, 0), 3) from peer pp rank 1
[36m(PiperActor pid=1939903)[0m 2026-04-01 22:01:14,347 - piper_actor - DEBUG - run_dag dispatch (time 10): forward s2 mb3 bkt=0
[36m(PiperActor pid=1939903)[0m 2026-04-01 22:01:14,365 - piper_actor - DEBUG - run_dag dispatch (time 10): recv s0 mb1 bkt=0
[36m(PiperActor pid=1939903)[0m 2026-04-01 22:01:14,365 - piper_actor - DEBUG - exec_recv key (None, 1) from peer pp rank 1
[36m(PiperActor pid=1939903)[0m 2026-04-01 22:01:14,366 - piper_actor - DEBUG - run_dag dispatch (time 11): backward s0 mb1 bkt=0
[36m(PiperActor pid=1939912)[0m 2026-04-01 22:01:14,404 - piper_actor - DEBUG - run_dag dispatch (time 11): recv s3 mb3 bkt=0
[36m(PiperActor pid=1939912)[0m 2026-04-01 22:01:14,404 - piper_actor - DEBUG - exec_recv key ((3, 0), 3) from peer pp rank 0
[36m(PiperActor pid=1939912)[0m 2026-04-01 22:01:14,405 - piper_actor - DEBUG - run_dag dispatch (time 12): forward s3 mb3 bkt=0
[36m(PiperActor pid=1939908)[0m 2026-04-01 22:01:14,400 - piper_actor - DEBUG - run_dag dispatch (time 11): send s2 mb3 bkt=0
[36m(PiperActor pid=1939908)[0m 2026-04-01 22:01:14,401 - piper_actor - DEBUG - exec_send key ((2, 0), 3) to peer pp rank 1
[36m(PiperActor pid=1939908)[0m 2026-04-01 22:01:14,401 - piper_actor - DEBUG - run_dag dispatch (time 11): recv s2 mb2 bkt=0
[36m(PiperActor pid=1939908)[0m 2026-04-01 22:01:14,401 - piper_actor - DEBUG - exec_recv key (None, 2) from peer pp rank 1
[36m(PiperActor pid=1939908)[0m 2026-04-01 22:01:14,401 - piper_actor - DEBUG - run_dag dispatch (time 12): backward s2 mb2 bkt=0
[36m(PiperActor pid=1939917)[0m 2026-04-01 22:01:14,404 - piper_actor - DEBUG - run_dag dispatch (time 11): recv s3 mb3 bkt=0
[36m(PiperActor pid=1939917)[0m 2026-04-01 22:01:14,405 - piper_actor - DEBUG - exec_recv key ((3, 0), 3) from peer pp rank 0
[36m(PiperActor pid=1939917)[0m 2026-04-01 22:01:14,405 - piper_actor - DEBUG - run_dag dispatch (time 12): forward s3 mb3 bkt=0
[36m(PiperActor pid=1939903)[0m 2026-04-01 22:01:14,402 - piper_actor - DEBUG - run_dag dispatch (time 11): send s2 mb3 bkt=0
[36m(PiperActor pid=1939903)[0m 2026-04-01 22:01:14,403 - piper_actor - DEBUG - exec_send key ((2, 0), 3) to peer pp rank 1
[36m(PiperActor pid=1939903)[0m 2026-04-01 22:01:14,403 - piper_actor - DEBUG - run_dag dispatch (time 11): recv s2 mb2 bkt=0
[36m(PiperActor pid=1939903)[0m 2026-04-01 22:01:14,403 - piper_actor - DEBUG - exec_recv key (None, 2) from peer pp rank 1
[36m(PiperActor pid=1939903)[0m 2026-04-01 22:01:14,404 - piper_actor - DEBUG - run_dag dispatch (time 12): backward s2 mb2 bkt=0
[36m(PiperActor pid=1939912)[0m 2026-04-01 22:01:14,445 - piper_actor - DEBUG - run_dag dispatch (time 12): send s3 mb2 bkt=0
[36m(PiperActor pid=1939912)[0m 2026-04-01 22:01:14,445 - piper_actor - DEBUG - exec_send key (None, 2) to peer pp rank 0
[36m(PiperActor pid=1939912)[0m 2026-04-01 22:01:14,446 - piper_actor - DEBUG - run_dag dispatch (time 13): backward s3 mb3 bkt=0
[36m(PiperActor pid=1939908)[0m 2026-04-01 22:01:14,436 - piper_actor - DEBUG - run_dag dispatch (time 12): recv s2 mb3 bkt=0
[36m(PiperActor pid=1939908)[0m 2026-04-01 22:01:14,437 - piper_actor - DEBUG - exec_recv key (None, 3) from peer pp rank 1
[36m(PiperActor pid=1939908)[0m 2026-04-01 22:01:14,437 - piper_actor - DEBUG - run_dag dispatch (time 13): backward s2 mb3 bkt=0
[36m(PiperActor pid=1939917)[0m 2026-04-01 22:01:14,446 - piper_actor - DEBUG - run_dag dispatch (time 12): send s3 mb2 bkt=0
[36m(PiperActor pid=1939917)[0m 2026-04-01 22:01:14,446 - piper_actor - DEBUG - exec_send key (None, 2) to peer pp rank 0
[36m(PiperActor pid=1939917)[0m 2026-04-01 22:01:14,447 - piper_actor - DEBUG - run_dag dispatch (time 13): backward s3 mb3 bkt=0
[36m(PiperActor pid=1939903)[0m 2026-04-01 22:01:14,439 - piper_actor - DEBUG - run_dag dispatch (time 12): recv s2 mb3 bkt=0
[36m(PiperActor pid=1939903)[0m 2026-04-01 22:01:14,439 - piper_actor - DEBUG - exec_recv key (None, 3) from peer pp rank 1
[36m(PiperActor pid=1939903)[0m 2026-04-01 22:01:14,440 - piper_actor - DEBUG - run_dag dispatch (time 13): backward s2 mb3 bkt=0
[36m(PiperActor pid=1939912)[0m 2026-04-01 22:01:14,477 - piper_actor - DEBUG - run_dag dispatch (time 13): recv s1 mb2 bkt=0
[36m(PiperActor pid=1939912)[0m 2026-04-01 22:01:14,477 - piper_actor - DEBUG - exec_recv key (None, 2) from peer pp rank 0
[36m(PiperActor pid=1939912)[0m 2026-04-01 22:01:14,478 - piper_actor - DEBUG - run_dag dispatch (time 14): backward s1 mb2 bkt=0
[36m(PiperActor pid=1939908)[0m 2026-04-01 22:01:14,493 - piper_actor - DEBUG - run_dag dispatch (time 13): send s2 mb2 bkt=0
[36m(PiperActor pid=1939908)[0m 2026-04-01 22:01:14,493 - piper_actor - DEBUG - exec_send key (None, 2) to peer pp rank 1
[36m(PiperActor pid=1939908)[0m 2026-04-01 22:01:14,494 - piper_actor - DEBUG - run_dag dispatch (time 13): recv s0 mb2 bkt=0
[36m(PiperActor pid=1939908)[0m 2026-04-01 22:01:14,494 - piper_actor - DEBUG - exec_recv key (None, 2) from peer pp rank 1
[36m(PiperActor pid=1939908)[0m 2026-04-01 22:01:14,494 - piper_actor - DEBUG - run_dag dispatch (time 14): backward s0 mb2 bkt=0
[36m(PiperActor pid=1939917)[0m 2026-04-01 22:01:14,478 - piper_actor - DEBUG - run_dag dispatch (time 13): recv s1 mb2 bkt=0
[36m(PiperActor pid=1939917)[0m 2026-04-01 22:01:14,478 - piper_actor - DEBUG - exec_recv key (None, 2) from peer pp rank 0
[36m(PiperActor pid=1939917)[0m 2026-04-01 22:01:14,479 - piper_actor - DEBUG - run_dag dispatch (time 14): backward s1 mb2 bkt=0
[36m(PiperActor pid=1939903)[0m 2026-04-01 22:01:14,494 - piper_actor - DEBUG - run_dag dispatch (time 13): send s2 mb2 bkt=0
[36m(PiperActor pid=1939903)[0m 2026-04-01 22:01:14,494 - piper_actor - DEBUG - exec_send key (None, 2) to peer pp rank 1
[36m(PiperActor pid=1939903)[0m 2026-04-01 22:01:14,495 - piper_actor - DEBUG - run_dag dispatch (time 13): recv s0 mb2 bkt=0
[36m(PiperActor pid=1939903)[0m 2026-04-01 22:01:14,495 - piper_actor - DEBUG - exec_recv key (None, 2) from peer pp rank 1
[36m(PiperActor pid=1939903)[0m 2026-04-01 22:01:14,496 - piper_actor - DEBUG - run_dag dispatch (time 14): backward s0 mb2 bkt=0
[36m(PiperActor pid=1939912)[0m 2026-04-01 22:01:14,535 - piper_actor - DEBUG - run_dag dispatch (time 14): recv s1 mb3 bkt=0
[36m(PiperActor pid=1939912)[0m 2026-04-01 22:01:14,535 - piper_actor - DEBUG - exec_recv key (None, 3) from peer pp rank 0
[36m(PiperActor pid=1939912)[0m 2026-04-01 22:01:14,536 - piper_actor - DEBUG - run_dag dispatch (time 14): send s3 mb3 bkt=0
[36m(PiperActor pid=1939912)[0m 2026-04-01 22:01:14,536 - piper_actor - DEBUG - exec_send key (None, 3) to peer pp rank 0
[36m(PiperActor pid=1939912)[0m 2026-04-01 22:01:14,536 - piper_actor - DEBUG - run_dag dispatch (time 14): reduce_scatter s3 mb3 bkt=0
[36m(PiperActor pid=1939912)[0m 2026-04-01 22:01:14,537 - piper_actor - DEBUG - run_dag dispatch (time 15): backward s1 mb3 bkt=0
[36m(PiperActor pid=1939912)[0m 2026-04-01 22:01:14,572 - piper_actor - DEBUG - run_dag dispatch (time 15): send s1 mb2 bkt=0
[36m(PiperActor pid=1939912)[0m 2026-04-01 22:01:14,573 - piper_actor - DEBUG - exec_send key (None, 2) to peer pp rank 0
[36m(PiperActor pid=1939912)[0m 2026-04-01 22:01:14,573 - piper_actor - DEBUG - run_dag dispatch (time 16): update s1 mb3 bkt=0
[36m(PiperActor pid=1939912)[0m 2026-04-01 22:01:14,628 - piper_actor - DEBUG - run_dag dispatch (time 16): send s1 mb3 bkt=0
[36m(PiperActor pid=1939912)[0m 2026-04-01 22:01:14,628 - piper_actor - DEBUG - exec_send key (None, 3) to peer pp rank 0
[36m(PiperActor pid=1939912)[0m 2026-04-01 22:01:14,629 - piper_actor - DEBUG - run_dag dispatch (time 16): reduce_scatter s1 mb3 bkt=0
[36m(PiperActor pid=1939908)[0m 2026-04-01 22:01:14,571 - piper_actor - DEBUG - run_dag dispatch (time 14): send s2 mb3 bkt=0
[36m(PiperActor pid=1939908)[0m 2026-04-01 22:01:14,572 - piper_actor - DEBUG - exec_send key (None, 3) to peer pp rank 1
[36m(PiperActor pid=1939908)[0m 2026-04-01 22:01:14,572 - piper_actor - DEBUG - run_dag dispatch (time 14): recv s0 mb3 bkt=0
[36m(PiperActor pid=1939908)[0m 2026-04-01 22:01:14,572 - piper_actor - DEBUG - exec_recv key (None, 3) from peer pp rank 1
[36m(PiperActor pid=1939908)[0m 2026-04-01 22:01:14,573 - piper_actor - DEBUG - run_dag dispatch (time 14): reduce_scatter s2 mb3 bkt=0
[36m(PiperActor pid=1939908)[0m 2026-04-01 22:01:14,573 - piper_actor - DEBUG - run_dag dispatch (time 15): backward s0 mb3 bkt=0
[36m(PiperActor pid=1939908)[0m 2026-04-01 22:01:14,612 - piper_actor - DEBUG - run_dag dispatch (time 16): update s0 mb3 bkt=0
[36m(PiperActor pid=1939908)[0m 2026-04-01 22:01:14,671 - piper_actor - DEBUG - run_dag dispatch (time 16): reduce_scatter s0 mb3 bkt=0
[36m(PiperActor pid=1939917)[0m 2026-04-01 22:01:14,536 - piper_actor - DEBUG - run_dag dispatch (time 14): recv s1 mb3 bkt=0
[36m(PiperActor pid=1939917)[0m 2026-04-01 22:01:14,536 - piper_actor - DEBUG - exec_recv key (None, 3) from peer pp rank 0
[36m(PiperActor pid=1939917)[0m 2026-04-01 22:01:14,537 - piper_actor - DEBUG - run_dag dispatch (time 14): send s3 mb3 bkt=0
[36m(PiperActor pid=1939917)[0m 2026-04-01 22:01:14,537 - piper_actor - DEBUG - exec_send key (None, 3) to peer pp rank 0
[36m(PiperActor pid=1939917)[0m 2026-04-01 22:01:14,537 - piper_actor - DEBUG - run_dag dispatch (time 14): reduce_scatter s3 mb3 bkt=0
[36m(PiperActor pid=1939917)[0m 2026-04-01 22:01:14,537 - piper_actor - DEBUG - run_dag dispatch (time 15): backward s1 mb3 bkt=0
[36m(PiperActor pid=1939917)[0m 2026-04-01 22:01:14,573 - piper_actor - DEBUG - run_dag dispatch (time 15): send s1 mb2 bkt=0
[36m(PiperActor pid=1939917)[0m 2026-04-01 22:01:14,574 - piper_actor - DEBUG - exec_send key (None, 2) to peer pp rank 0
[36m(PiperActor pid=1939917)[0m 2026-04-01 22:01:14,575 - piper_actor - DEBUG - run_dag dispatch (time 16): update s1 mb3 bkt=0
[36m(PiperActor pid=1939917)[0m 2026-04-01 22:01:14,629 - piper_actor - DEBUG - run_dag dispatch (time 16): send s1 mb3 bkt=0
[36m(PiperActor pid=1939917)[0m 2026-04-01 22:01:14,629 - piper_actor - DEBUG - exec_send key (None, 3) to peer pp rank 0
[36m(PiperActor pid=1939917)[0m 2026-04-01 22:01:14,630 - piper_actor - DEBUG - run_dag dispatch (time 16): reduce_scatter s1 mb3 bkt=0
[36m(PiperActor pid=1939903)[0m 2026-04-01 22:01:14,573 - piper_actor - DEBUG - run_dag dispatch (time 14): send s2 mb3 bkt=0
[36m(PiperActor pid=1939903)[0m 2026-04-01 22:01:14,573 - piper_actor - DEBUG - exec_send key (None, 3) to peer pp rank 1
[36m(PiperActor pid=1939903)[0m 2026-04-01 22:01:14,574 - piper_actor - DEBUG - run_dag dispatch (time 14): recv s0 mb3 bkt=0
[36m(PiperActor pid=1939903)[0m 2026-04-01 22:01:14,574 - piper_actor - DEBUG - exec_recv key (None, 3) from peer pp rank 1
[36m(PiperActor pid=1939903)[0m 2026-04-01 22:01:14,574 - piper_actor - DEBUG - run_dag dispatch (time 14): reduce_scatter s2 mb3 bkt=0
[36m(PiperActor pid=1939903)[0m 2026-04-01 22:01:14,575 - piper_actor - DEBUG - run_dag dispatch (time 15): backward s0 mb3 bkt=0
[36m(PiperActor pid=1939903)[0m 2026-04-01 22:01:14,613 - piper_actor - DEBUG - run_dag dispatch (time 16): update s0 mb3 bkt=0
[36m(PiperActor pid=1939903)[0m 2026-04-01 22:01:14,672 - piper_actor - DEBUG - run_dag dispatch (time 16): reduce_scatter s0 mb3 bkt=0
[36m(PiperActor pid=1939912)[0m 2026-04-01 22:01:14,677 - piper_actor - DEBUG - run_dag dispatch (time -20001): all_gather s3 mb0 bkt=0
[36m(PiperActor pid=1939912)[0m 2026-04-01 22:01:14,677 - piper_actor - DEBUG - run_dag dispatch (time -20000): all_gather s1 mb0 bkt=0
[36m(PiperActor pid=1939912)[0m 2026-04-01 22:01:14,678 - piper_actor - DEBUG - run_dag dispatch (time -1): recv s1 mb0 bkt=0
[36m(PiperActor pid=1939912)[0m 2026-04-01 22:01:14,678 - piper_actor - DEBUG - exec_recv key ((1, 0), 0) from peer pp rank 0
[36m(PiperActor pid=1939912)[0m 2026-04-01 22:01:14,678 - piper_actor - DEBUG - run_dag dispatch (time 0): forward s1 mb0 bkt=0
[36m(PiperActor pid=1939912)[0m 2026-04-01 22:01:14,689 - piper_actor - DEBUG - run_dag dispatch (time 0): recv s1 mb1 bkt=0
[36m(PiperActor pid=1939912)[0m 2026-04-01 22:01:14,689 - piper_actor - DEBUG - exec_recv key ((1, 0), 1) from peer pp rank 0
[36m(PiperActor pid=1939912)[0m 2026-04-01 22:01:14,690 - piper_actor - DEBUG - run_dag dispatch (time 1): forward s1 mb1 bkt=0
[36m(PiperActor pid=1939912)[0m 2026-04-01 22:01:14,700 - piper_actor - DEBUG - run_dag dispatch (time 1): recv s3 mb0 bkt=0
[36m(PiperActor pid=1939912)[0m 2026-04-01 22:01:14,700 - piper_actor - DEBUG - exec_recv key ((3, 0), 0) from peer pp rank 0
[36m(PiperActor pid=1939912)[0m 2026-04-01 22:01:14,701 - piper_actor - DEBUG - run_dag dispatch (time 1): send s1 mb0 bkt=0
[36m(PiperActor pid=1939912)[0m 2026-04-01 22:01:14,701 - piper_actor - DEBUG - exec_send key ((1, 0), 0) to peer pp rank 0
[36m(PiperActor pid=1939912)[0m 2026-04-01 22:01:14,701 - piper_actor - DEBUG - run_dag dispatch (time 2): forward s3 mb0 bkt=0
[36m(PiperActor pid=1939912)[0m 2026-04-01 22:01:14,712 - piper_actor - DEBUG - run_dag dispatch (time 2): send s1 mb1 bkt=0
[36m(PiperActor pid=1939912)[0m 2026-04-01 22:01:14,712 - piper_actor - DEBUG - exec_send key ((1, 0), 1) to peer pp rank 0
[36m(PiperActor pid=1939912)[0m 2026-04-01 22:01:14,712 - piper_actor - DEBUG - run_dag dispatch (time 3): backward s3 mb0 bkt=0
[36m(PiperActor pid=1939908)[0m 2026-04-01 22:01:14,676 - piper_actor - DEBUG - run_dag dispatch (time -20001): all_gather s2 mb0 bkt=0
[36m(PiperActor pid=1939908)[0m 2026-04-01 22:01:14,677 - piper_actor - DEBUG - run_dag dispatch (time -20000): all_gather s0 mb0 bkt=0
[36m(PiperActor pid=1939908)[0m 2026-04-01 22:01:14,677 - piper_actor - DEBUG - run_dag dispatch (time 0): forward s0 mb0 bkt=0
[36m(PiperActor pid=1939908)[0m 2026-04-01 22:01:14,689 - piper_actor - DEBUG - run_dag dispatch (time 1): forward s0 mb1 bkt=0
[36m(PiperActor pid=1939908)[0m 2026-04-01 22:01:14,699 - piper_actor - DEBUG - run_dag dispatch (time 1): send s0 mb0 bkt=0
[36m(PiperActor pid=1939908)[0m 2026-04-01 22:01:14,699 - piper_actor - DEBUG - exec_send key ((0, 0), 0) to peer pp rank 1
[36m(PiperActor pid=1939908)[0m 2026-04-01 22:01:14,700 - piper_actor - DEBUG - run_dag dispatch (time 1): recv s2 mb0 bkt=0
[36m(PiperActor pid=1939908)[0m 2026-04-01 22:01:14,700 - piper_actor - DEBUG - exec_recv key ((2, 0), 0) from peer pp rank 1
[36m(PiperActor pid=1939908)[0m 2026-04-01 22:01:14,700 - piper_actor - DEBUG - run_dag dispatch (time 2): forward s2 mb0 bkt=0
[36m(PiperActor pid=1939908)[0m 2026-04-01 22:01:14,710 - piper_actor - DEBUG - run_dag dispatch (time 2): send s0 mb1 bkt=0
[36m(PiperActor pid=1939908)[0m 2026-04-01 22:01:14,711 - piper_actor - DEBUG - exec_send key ((0, 0), 1) to peer pp rank 1
[36m(PiperActor pid=1939908)[0m 2026-04-01 22:01:14,711 - piper_actor - DEBUG - run_dag dispatch (time 2): recv s2 mb1 bkt=0
[36m(PiperActor pid=1939908)[0m 2026-04-01 22:01:14,711 - piper_actor - DEBUG - exec_recv key ((2, 0), 1) from peer pp rank 1
[36m(PiperActor pid=1939908)[0m 2026-04-01 22:01:14,711 - piper_actor - DEBUG - run_dag dispatch (time 3): forward s2 mb1 bkt=0
[36m(PiperActor pid=1939917)[0m 2026-04-01 22:01:14,678 - piper_actor - DEBUG - run_dag dispatch (time -20001): all_gather s3 mb0 bkt=0
[36m(PiperActor pid=1939917)[0m 2026-04-01 22:01:14,679 - piper_actor - DEBUG - run_dag dispatch (time -20000): all_gather s1 mb0 bkt=0
[36m(PiperActor pid=1939917)[0m 2026-04-01 22:01:14,679 - piper_actor - DEBUG - run_dag dispatch (time -1): recv s1 mb0 bkt=0
[36m(PiperActor pid=1939917)[0m 2026-04-01 22:01:14,680 - piper_actor - DEBUG - exec_recv key ((1, 0), 0) from peer pp rank 0
[36m(PiperActor pid=1939917)[0m 2026-04-01 22:01:14,680 - piper_actor - DEBUG - run_dag dispatch (time 0): forward s1 mb0 bkt=0
[36m(PiperActor pid=1939917)[0m 2026-04-01 22:01:14,692 - piper_actor - DEBUG - run_dag dispatch (time 0): recv s1 mb1 bkt=0
[36m(PiperActor pid=1939917)[0m 2026-04-01 22:01:14,692 - piper_actor - DEBUG - exec_recv key ((1, 0), 1) from peer pp rank 0
[36m(PiperActor pid=1939917)[0m 2026-04-01 22:01:14,693 - piper_actor - DEBUG - run_dag dispatch (time 1): forward s1 mb1 bkt=0
[36m(PiperActor pid=1939917)[0m 2026-04-01 22:01:14,704 - piper_actor - DEBUG - run_dag dispatch (time 1): recv s3 mb0 bkt=0
[36m(PiperActor pid=1939917)[0m 2026-04-01 22:01:14,704 - piper_actor - DEBUG - exec_recv key ((3, 0), 0) from peer pp rank 0
[36m(PiperActor pid=1939917)[0m 2026-04-01 22:01:14,704 - piper_actor - DEBUG - run_dag dispatch (time 1): send s1 mb0 bkt=0
[36m(PiperActor pid=1939917)[0m 2026-04-01 22:01:14,704 - piper_actor - DEBUG - exec_send key ((1, 0), 0) to peer pp rank 0
[36m(PiperActor pid=1939917)[0m 2026-04-01 22:01:14,705 - piper_actor - DEBUG - run_dag dispatch (time 2): forward s3 mb0 bkt=0
[36m(PiperActor pid=1939917)[0m 2026-04-01 22:01:14,716 - piper_actor - DEBUG - run_dag dispatch (time 2): send s1 mb1 bkt=0
[36m(PiperActor pid=1939917)[0m 2026-04-01 22:01:14,716 - piper_actor - DEBUG - exec_send key ((1, 0), 1) to peer pp rank 0
[36m(PiperActor pid=1939917)[0m 2026-04-01 22:01:14,716 - piper_actor - DEBUG - run_dag dispatch (time 3): backward s3 mb0 bkt=0
[36m(PiperActor pid=1939903)[0m 2026-04-01 22:01:14,678 - piper_actor - DEBUG - run_dag dispatch (time -20001): all_gather s2 mb0 bkt=0
[36m(PiperActor pid=1939903)[0m 2026-04-01 22:01:14,678 - piper_actor - DEBUG - run_dag dispatch (time -20000): all_gather s0 mb0 bkt=0
[36m(PiperActor pid=1939903)[0m 2026-04-01 22:01:14,678 - piper_actor - DEBUG - run_dag dispatch (time 0): forward s0 mb0 bkt=0
[36m(PiperActor pid=1939903)[0m 2026-04-01 22:01:14,690 - piper_actor - DEBUG - run_dag dispatch (time 1): forward s0 mb1 bkt=0
[36m(PiperActor pid=1939903)[0m 2026-04-01 22:01:14,701 - piper_actor - DEBUG - run_dag dispatch (time 1): send s0 mb0 bkt=0
[36m(PiperActor pid=1939903)[0m 2026-04-01 22:01:14,701 - piper_actor - DEBUG - exec_send key ((0, 0), 0) to peer pp rank 1
[36m(PiperActor pid=1939903)[0m 2026-04-01 22:01:14,702 - piper_actor - DEBUG - run_dag dispatch (time 1): recv s2 mb0 bkt=0
[36m(PiperActor pid=1939903)[0m 2026-04-01 22:01:14,702 - piper_actor - DEBUG - exec_recv key ((2, 0), 0) from peer pp rank 1
[36m(PiperActor pid=1939903)[0m 2026-04-01 22:01:14,702 - piper_actor - DEBUG - run_dag dispatch (time 2): forward s2 mb0 bkt=0
[36m(PiperActor pid=1939903)[0m 2026-04-01 22:01:14,713 - piper_actor - DEBUG - run_dag dispatch (time 2): send s0 mb1 bkt=0
[36m(PiperActor pid=1939903)[0m 2026-04-01 22:01:14,713 - piper_actor - DEBUG - exec_send key ((0, 0), 1) to peer pp rank 1
[36m(PiperActor pid=1939903)[0m 2026-04-01 22:01:14,713 - piper_actor - DEBUG - run_dag dispatch (time 2): recv s2 mb1 bkt=0
[36m(PiperActor pid=1939903)[0m 2026-04-01 22:01:14,713 - piper_actor - DEBUG - exec_recv key ((2, 0), 1) from peer pp rank 1
[36m(PiperActor pid=1939903)[0m 2026-04-01 22:01:14,714 - piper_actor - DEBUG - run_dag dispatch (time 3): forward s2 mb1 bkt=0
[36m(PiperActor pid=1939912)[0m 2026-04-01 22:01:14,744 - piper_actor - DEBUG - run_dag dispatch (time 3): recv s3 mb1 bkt=0
[36m(PiperActor pid=1939912)[0m 2026-04-01 22:01:14,744 - piper_actor - DEBUG - exec_recv key ((3, 0), 1) from peer pp rank 0
[36m(PiperActor pid=1939912)[0m 2026-04-01 22:01:14,745 - piper_actor - DEBUG - run_dag dispatch (time 4): forward s3 mb1 bkt=0
[36m(PiperActor pid=1939908)[0m 2026-04-01 22:01:14,722 - piper_actor - DEBUG - run_dag dispatch (time 3): send s2 mb0 bkt=0
[36m(PiperActor pid=1939908)[0m 2026-04-01 22:01:14,722 - piper_actor - DEBUG - exec_send key ((2, 0), 0) to peer pp rank 1
[36m(PiperActor pid=1939908)[0m 2026-04-01 22:01:14,722 - piper_actor - DEBUG - run_dag dispatch (time 4): forward s0 mb2 bkt=0
[36m(PiperActor pid=1939908)[0m 2026-04-01 22:01:14,732 - piper_actor - DEBUG - run_dag dispatch (time 4): send s2 mb1 bkt=0
[36m(PiperActor pid=1939908)[0m 2026-04-01 22:01:14,732 - piper_actor - DEBUG - exec_send key ((2, 0), 1) to peer pp rank 1
[36m(PiperActor pid=1939908)[0m 2026-04-01 22:01:14,733 - piper_actor - DEBUG - run_dag dispatch (time 4): recv s2 mb0 bkt=0
[36m(PiperActor pid=1939908)[0m 2026-04-01 22:01:14,733 - piper_actor - DEBUG - exec_recv key (None, 0) from peer pp rank 1
[36m(PiperActor pid=1939908)[0m 2026-04-01 22:01:14,733 - piper_actor - DEBUG - run_dag dispatch (time 5): backward s2 mb0 bkt=0
[36m(PiperActor pid=1939917)[0m 2026-04-01 22:01:14,746 - piper_actor - DEBUG - run_dag dispatch (time 3): recv s3 mb1 bkt=0
[36m(PiperActor pid=1939917)[0m 2026-04-01 22:01:14,746 - piper_actor - DEBUG - exec_recv key ((3, 0), 1) from peer pp rank 0
[36m(PiperActor pid=1939917)[0m 2026-04-01 22:01:14,747 - piper_actor - DEBUG - run_dag dispatch (time 4): forward s3 mb1 bkt=0
[36m(PiperActor pid=1939903)[0m 2026-04-01 22:01:14,724 - piper_actor - DEBUG - run_dag dispatch (time 3): send s2 mb0 bkt=0
[36m(PiperActor pid=1939903)[0m 2026-04-01 22:01:14,724 - piper_actor - DEBUG - exec_send key ((2, 0), 0) to peer pp rank 1
[36m(PiperActor pid=1939903)[0m 2026-04-01 22:01:14,725 - piper_actor - DEBUG - run_dag dispatch (time 4): forward s0 mb2 bkt=0
[36m(PiperActor pid=1939903)[0m 2026-04-01 22:01:14,735 - piper_actor - DEBUG - run_dag dispatch (time 4): send s2 mb1 bkt=0
[36m(PiperActor pid=1939903)[0m 2026-04-01 22:01:14,735 - piper_actor - DEBUG - exec_send key ((2, 0), 1) to peer pp rank 1
[36m(PiperActor pid=1939903)[0m 2026-04-01 22:01:14,736 - piper_actor - DEBUG - run_dag dispatch (time 4): recv s2 mb0 bkt=0
[36m(PiperActor pid=1939903)[0m 2026-04-01 22:01:14,736 - piper_actor - DEBUG - exec_recv key (None, 0) from peer pp rank 1
[36m(PiperActor pid=1939903)[0m 2026-04-01 22:01:14,736 - piper_actor - DEBUG - run_dag dispatch (time 5): backward s2 mb0 bkt=0
[36m(PiperActor pid=1939912)[0m 2026-04-01 22:01:14,786 - piper_actor - DEBUG - run_dag dispatch (time 4): send s3 mb0 bkt=0
[36m(PiperActor pid=1939912)[0m 2026-04-01 22:01:14,786 - piper_actor - DEBUG - exec_send key (None, 0) to peer pp rank 0
[36m(PiperActor pid=1939912)[0m 2026-04-01 22:01:14,786 - piper_actor - DEBUG - run_dag dispatch (time 5): backward s3 mb1 bkt=0
[36m(PiperActor pid=1939908)[0m 2026-04-01 22:01:14,761 - piper_actor - DEBUG - run_dag dispatch (time 5): send s0 mb2 bkt=0
[36m(PiperActor pid=1939908)[0m 2026-04-01 22:01:14,761 - piper_actor - DEBUG - exec_send key ((0, 0), 2) to peer pp rank 1
[36m(PiperActor pid=1939908)[0m 2026-04-01 22:01:14,761 - piper_actor - DEBUG - run_dag dispatch (time 6): forward s0 mb3 bkt=0
[36m(PiperActor pid=1939917)[0m 2026-04-01 22:01:14,787 - piper_actor - DEBUG - run_dag dispatch (time 4): send s3 mb0 bkt=0
[36m(PiperActor pid=1939917)[0m 2026-04-01 22:01:14,787 - piper_actor - DEBUG - exec_send key (None, 0) to peer pp rank 0
[36m(PiperActor pid=1939917)[0m 2026-04-01 22:01:14,788 - piper_actor - DEBUG - run_dag dispatch (time 5): backward s3 mb1 bkt=0
[36m(PiperActor pid=1939903)[0m 2026-04-01 22:01:14,763 - piper_actor - DEBUG - run_dag dispatch (time 5): send s0 mb2 bkt=0
[36m(PiperActor pid=1939903)[0m 2026-04-01 22:01:14,763 - piper_actor - DEBUG - exec_send key ((0, 0), 2) to peer pp rank 1
[36m(PiperActor pid=1939903)[0m 2026-04-01 22:01:14,763 - piper_actor - DEBUG - run_dag dispatch (time 6): forward s0 mb3 bkt=0
[36m(PiperActor pid=1939912)[0m 2026-04-01 22:01:14,817 - piper_actor - DEBUG - run_dag dispatch (time 5): recv s1 mb2 bkt=0
[36m(PiperActor pid=1939912)[0m 2026-04-01 22:01:14,818 - piper_actor - DEBUG - exec_recv key ((1, 0), 2) from peer pp rank 0
[36m(PiperActor pid=1939912)[0m 2026-04-01 22:01:14,818 - piper_actor - DEBUG - run_dag dispatch (time 6): forward s1 mb2 bkt=0
[36m(PiperActor pid=1939908)[0m 2026-04-01 22:01:14,815 - piper_actor - DEBUG - run_dag dispatch (time 6): send s2 mb0 bkt=0
[36m(PiperActor pid=1939908)[0m 2026-04-01 22:01:14,815 - piper_actor - DEBUG - exec_send key (None, 0) to peer pp rank 1
[36m(PiperActor pid=1939908)[0m 2026-04-01 22:01:14,815 - piper_actor - DEBUG - run_dag dispatch (time 6): recv s2 mb1 bkt=0
[36m(PiperActor pid=1939908)[0m 2026-04-01 22:01:14,816 - piper_actor - DEBUG - exec_recv key (None, 1) from peer pp rank 1
[36m(PiperActor pid=1939908)[0m 2026-04-01 22:01:14,816 - piper_actor - DEBUG - run_dag dispatch (time 7): backward s2 mb1 bkt=0
[36m(PiperActor pid=1939917)[0m 2026-04-01 22:01:14,818 - piper_actor - DEBUG - run_dag dispatch (time 5): recv s1 mb2 bkt=0
[36m(PiperActor pid=1939917)[0m 2026-04-01 22:01:14,819 - piper_actor - DEBUG - exec_recv key ((1, 0), 2) from peer pp rank 0
[36m(PiperActor pid=1939917)[0m 2026-04-01 22:01:14,819 - piper_actor - DEBUG - run_dag dispatch (time 6): forward s1 mb2 bkt=0
[36m(PiperActor pid=1939903)[0m 2026-04-01 22:01:14,816 - piper_actor - DEBUG - run_dag dispatch (time 6): send s2 mb0 bkt=0
[36m(PiperActor pid=1939903)[0m 2026-04-01 22:01:14,816 - piper_actor - DEBUG - exec_send key (None, 0) to peer pp rank 1
[36m(PiperActor pid=1939903)[0m 2026-04-01 22:01:14,817 - piper_actor - DEBUG - run_dag dispatch (time 6): recv s2 mb1 bkt=0
[36m(PiperActor pid=1939903)[0m 2026-04-01 22:01:14,817 - piper_actor - DEBUG - exec_recv key (None, 1) from peer pp rank 1
[36m(PiperActor pid=1939903)[0m 2026-04-01 22:01:14,817 - piper_actor - DEBUG - run_dag dispatch (time 7): backward s2 mb1 bkt=0
[36m(PiperActor pid=1939912)[0m 2026-04-01 22:01:14,856 - piper_actor - DEBUG - run_dag dispatch (time 6): recv s1 mb0 bkt=0
[36m(PiperActor pid=1939912)[0m 2026-04-01 22:01:14,856 - piper_actor - DEBUG - exec_recv key (None, 0) from peer pp rank 0
[36m(PiperActor pid=1939912)[0m 2026-04-01 22:01:14,857 - piper_actor - DEBUG - run_dag dispatch (time 6): send s3 mb1 bkt=0
[36m(PiperActor pid=1939912)[0m 2026-04-01 22:01:14,857 - piper_actor - DEBUG - exec_send key (None, 1) to peer pp rank 0
[36m(PiperActor pid=1939912)[0m 2026-04-01 22:01:14,857 - piper_actor - DEBUG - run_dag dispatch (time 7): backward s1 mb0 bkt=0
[36m(PiperActor pid=1939908)[0m 2026-04-01 22:01:14,851 - piper_actor - DEBUG - run_dag dispatch (time 7): send s0 mb3 bkt=0
[36m(PiperActor pid=1939908)[0m 2026-04-01 22:01:14,851 - piper_actor - DEBUG - exec_send key ((0, 0), 3) to peer pp rank 1
[36m(PiperActor pid=1939908)[0m 2026-04-01 22:01:14,851 - piper_actor - DEBUG - run_dag dispatch (time 7): recv s2 mb2 bkt=0
[36m(PiperActor pid=1939908)[0m 2026-04-01 22:01:14,851 - piper_actor - DEBUG - exec_recv key ((2, 0), 2) from peer pp rank 1
[36m(PiperActor pid=1939908)[0m 2026-04-01 22:01:14,852 - piper_actor - DEBUG - run_dag dispatch (time 8): forward s2 mb2 bkt=0
[36m(PiperActor pid=1939917)[0m 2026-04-01 22:01:14,857 - piper_actor - DEBUG - run_dag dispatch (time 6): recv s1 mb0 bkt=0
[36m(PiperActor pid=1939917)[0m 2026-04-01 22:01:14,857 - piper_actor - DEBUG - exec_recv key (None, 0) from peer pp rank 0
[36m(PiperActor pid=1939917)[0m 2026-04-01 22:01:14,858 - piper_actor - DEBUG - run_dag dispatch (time 6): send s3 mb1 bkt=0
[36m(PiperActor pid=1939917)[0m 2026-04-01 22:01:14,858 - piper_actor - DEBUG - exec_send key (None, 1) to peer pp rank 0
[36m(PiperActor pid=1939917)[0m 2026-04-01 22:01:14,858 - piper_actor - DEBUG - run_dag dispatch (time 7): backward s1 mb0 bkt=0
[36m(PiperActor pid=1939903)[0m 2026-04-01 22:01:14,852 - piper_actor - DEBUG - run_dag dispatch (time 7): send s0 mb3 bkt=0
[36m(PiperActor pid=1939903)[0m 2026-04-01 22:01:14,852 - piper_actor - DEBUG - exec_send key ((0, 0), 3) to peer pp rank 1
[36m(PiperActor pid=1939903)[0m 2026-04-01 22:01:14,853 - piper_actor - DEBUG - run_dag dispatch (time 7): recv s2 mb2 bkt=0
[36m(PiperActor pid=1939903)[0m 2026-04-01 22:01:14,853 - piper_actor - DEBUG - exec_recv key ((2, 0), 2) from peer pp rank 1
[36m(PiperActor pid=1939903)[0m 2026-04-01 22:01:14,853 - piper_actor - DEBUG - run_dag dispatch (time 8): forward s2 mb2 bkt=0
[36m(PiperActor pid=1939912)[0m 2026-04-01 22:01:14,892 - piper_actor - DEBUG - run_dag dispatch (time 7): recv s1 mb3 bkt=0
[36m(PiperActor pid=1939912)[0m 2026-04-01 22:01:14,892 - piper_actor - DEBUG - exec_recv key ((1, 0), 3) from peer pp rank 0
[36m(PiperActor pid=1939912)[0m 2026-04-01 22:01:14,893 - piper_actor - DEBUG - run_dag dispatch (time 7): send s1 mb2 bkt=0
[36m(PiperActor pid=1939912)[0m 2026-04-01 22:01:14,893 - piper_actor - DEBUG - exec_send key ((1, 0), 2) to peer pp rank 0
[36m(PiperActor pid=1939912)[0m 2026-04-01 22:01:14,893 - piper_actor - DEBUG - run_dag dispatch (time 8): forward s1 mb3 bkt=0
[36m(PiperActor pid=1939912)[0m 2026-04-01 22:01:14,904 - piper_actor - DEBUG - run_dag dispatch (time 8): recv s1 mb1 bkt=0
[36m(PiperActor pid=1939912)[0m 2026-04-01 22:01:14,905 - piper_actor - DEBUG - exec_recv key (None, 1) from peer pp rank 0
[36m(PiperActor pid=1939912)[0m 2026-04-01 22:01:14,905 - piper_actor - DEBUG - run_dag dispatch (time 8): send s1 mb0 bkt=0
[36m(PiperActor pid=1939912)[0m 2026-04-01 22:01:14,905 - piper_actor - DEBUG - exec_send key (None, 0) to peer pp rank 0
[36m(PiperActor pid=1939912)[0m 2026-04-01 22:01:14,905 - piper_actor - DEBUG - run_dag dispatch (time 9): backward s1 mb1 bkt=0
[36m(PiperActor pid=1939908)[0m 2026-04-01 22:01:14,887 - piper_actor - DEBUG - run_dag dispatch (time 8): send s2 mb1 bkt=0
[36m(PiperActor pid=1939908)[0m 2026-04-01 22:01:14,887 - piper_actor - DEBUG - exec_send key (None, 1) to peer pp rank 1
[36m(PiperActor pid=1939908)[0m 2026-04-01 22:01:14,887 - piper_actor - DEBUG - run_dag dispatch (time 8): recv s0 mb0 bkt=0
[36m(PiperActor pid=1939908)[0m 2026-04-01 22:01:14,887 - piper_actor - DEBUG - exec_recv key (None, 0) from peer pp rank 1
[36m(PiperActor pid=1939908)[0m 2026-04-01 22:01:14,888 - piper_actor - DEBUG - run_dag dispatch (time 9): backward s0 mb0 bkt=0
[36m(PiperActor pid=1939917)[0m 2026-04-01 22:01:14,888 - piper_actor - DEBUG - run_dag dispatch (time 7): recv s1 mb3 bkt=0
[36m(PiperActor pid=1939917)[0m 2026-04-01 22:01:14,888 - piper_actor - DEBUG - exec_recv key ((1, 0), 3) from peer pp rank 0
[36m(PiperActor pid=1939917)[0m 2026-04-01 22:01:14,889 - piper_actor - DEBUG - run_dag dispatch (time 7): send s1 mb2 bkt=0
[36m(PiperActor pid=1939917)[0m 2026-04-01 22:01:14,889 - piper_actor - DEBUG - exec_send key ((1, 0), 2) to peer pp rank 0
[36m(PiperActor pid=1939917)[0m 2026-04-01 22:01:14,889 - piper_actor - DEBUG - run_dag dispatch (time 8): forward s1 mb3 bkt=0
[36m(PiperActor pid=1939917)[0m 2026-04-01 22:01:14,904 - piper_actor - DEBUG - run_dag dispatch (time 8): recv s1 mb1 bkt=0
[36m(PiperActor pid=1939917)[0m 2026-04-01 22:01:14,904 - piper_actor - DEBUG - exec_recv key (None, 1) from peer pp rank 0
[36m(PiperActor pid=1939917)[0m 2026-04-01 22:01:14,904 - piper_actor - DEBUG - run_dag dispatch (time 8): send s1 mb0 bkt=0
[36m(PiperActor pid=1939917)[0m 2026-04-01 22:01:14,904 - piper_actor - DEBUG - exec_send key (None, 0) to peer pp rank 0
[36m(PiperActor pid=1939917)[0m 2026-04-01 22:01:14,905 - piper_actor - DEBUG - run_dag dispatch (time 9): backward s1 mb1 bkt=0
[36m(PiperActor pid=1939903)[0m 2026-04-01 22:01:14,888 - piper_actor - DEBUG - run_dag dispatch (time 8): send s2 mb1 bkt=0
[36m(PiperActor pid=1939903)[0m 2026-04-01 22:01:14,888 - piper_actor - DEBUG - exec_send key (None, 1) to peer pp rank 1
[36m(PiperActor pid=1939903)[0m 2026-04-01 22:01:14,889 - piper_actor - DEBUG - run_dag dispatch (time 8): recv s0 mb0 bkt=0
[36m(PiperActor pid=1939903)[0m 2026-04-01 22:01:14,889 - piper_actor - DEBUG - exec_recv key (None, 0) from peer pp rank 1
[36m(PiperActor pid=1939903)[0m 2026-04-01 22:01:14,889 - piper_actor - DEBUG - run_dag dispatch (time 9): backward s0 mb0 bkt=0
[36m(PiperActor pid=1939912)[0m 2026-04-01 22:01:14,936 - piper_actor - DEBUG - run_dag dispatch (time 9): recv s3 mb2 bkt=0
[36m(PiperActor pid=1939912)[0m 2026-04-01 22:01:14,937 - piper_actor - DEBUG - exec_recv key ((3, 0), 2) from peer pp rank 0
[36m(PiperActor pid=1939912)[0m 2026-04-01 22:01:14,937 - piper_actor - DEBUG - run_dag dispatch (time 9): send s1 mb3 bkt=0
[36m(PiperActor pid=1939912)[0m 2026-04-01 22:01:14,937 - piper_actor - DEBUG - exec_send key ((1, 0), 3) to peer pp rank 0
[36m(PiperActor pid=1939912)[0m 2026-04-01 22:01:14,938 - piper_actor - DEBUG - run_dag dispatch (time 10): forward s3 mb2 bkt=0
[36m(PiperActor pid=1939912)[0m 2026-04-01 22:01:14,952 - piper_actor - DEBUG - run_dag dispatch (time 10): send s1 mb1 bkt=0
[36m(PiperActor pid=1939912)[0m 2026-04-01 22:01:14,952 - piper_actor - DEBUG - exec_send key (None, 1) to peer pp rank 0
[36m(PiperActor pid=1939912)[0m 2026-04-01 22:01:14,952 - piper_actor - DEBUG - run_dag dispatch (time 11): backward s3 mb2 bkt=0
[36m(PiperActor pid=1939908)[0m 2026-04-01 22:01:14,925 - piper_actor - DEBUG - run_dag dispatch (time 9): send s2 mb2 bkt=0
[36m(PiperActor pid=1939908)[0m 2026-04-01 22:01:14,925 - piper_actor - DEBUG - exec_send key ((2, 0), 2) to peer pp rank 1
[36m(PiperActor pid=1939908)[0m 2026-04-01 22:01:14,925 - piper_actor - DEBUG - run_dag dispatch (time 9): recv s2 mb3 bkt=0
[36m(PiperActor pid=1939908)[0m 2026-04-01 22:01:14,926 - piper_actor - DEBUG - exec_recv key ((2, 0), 3) from peer pp rank 1
[36m(PiperActor pid=1939908)[0m 2026-04-01 22:01:14,926 - piper_actor - DEBUG - run_dag dispatch (time 10): forward s2 mb3 bkt=0
[36m(PiperActor pid=1939908)[0m 2026-04-01 22:01:14,944 - piper_actor - DEBUG - run_dag dispatch (time 10): recv s0 mb1 bkt=0
[36m(PiperActor pid=1939908)[0m 2026-04-01 22:01:14,944 - piper_actor - DEBUG - exec_recv key (None, 1) from peer pp rank 1
[36m(PiperActor pid=1939908)[0m 2026-04-01 22:01:14,944 - piper_actor - DEBUG - run_dag dispatch (time 11): backward s0 mb1 bkt=0
[36m(PiperActor pid=1939917)[0m 2026-04-01 22:01:14,938 - piper_actor - DEBUG - run_dag dispatch (time 9): recv s3 mb2 bkt=0
[36m(PiperActor pid=1939917)[0m 2026-04-01 22:01:14,940 - piper_actor - DEBUG - exec_recv key ((3, 0), 2) from peer pp rank 0
[36m(PiperActor pid=1939917)[0m 2026-04-01 22:01:14,940 - piper_actor - DEBUG - run_dag dispatch (time 9): send s1 mb3 bkt=0
[36m(PiperActor pid=1939917)[0m 2026-04-01 22:01:14,940 - piper_actor - DEBUG - exec_send key ((1, 0), 3) to peer pp rank 0
[36m(PiperActor pid=1939917)[0m 2026-04-01 22:01:14,941 - piper_actor - DEBUG - run_dag dispatch (time 10): forward s3 mb2 bkt=0
[36m(PiperActor pid=1939917)[0m 2026-04-01 22:01:14,953 - piper_actor - DEBUG - run_dag dispatch (time 10): send s1 mb1 bkt=0
[36m(PiperActor pid=1939917)[0m 2026-04-01 22:01:14,953 - piper_actor - DEBUG - exec_send key (None, 1) to peer pp rank 0
[36m(PiperActor pid=1939917)[0m 2026-04-01 22:01:14,954 - piper_actor - DEBUG - run_dag dispatch (time 11): backward s3 mb2 bkt=0
[36m(PiperActor pid=1939903)[0m 2026-04-01 22:01:14,926 - piper_actor - DEBUG - run_dag dispatch (time 9): send s2 mb2 bkt=0
[36m(PiperActor pid=1939903)[0m 2026-04-01 22:01:14,927 - piper_actor - DEBUG - exec_send key ((2, 0), 2) to peer pp rank 1
[36m(PiperActor pid=1939903)[0m 2026-04-01 22:01:14,927 - piper_actor - DEBUG - run_dag dispatch (time 9): recv s2 mb3 bkt=0
[36m(PiperActor pid=1939903)[0m 2026-04-01 22:01:14,927 - piper_actor - DEBUG - exec_recv key ((2, 0), 3) from peer pp rank 1
[36m(PiperActor pid=1939903)[0m 2026-04-01 22:01:14,928 - piper_actor - DEBUG - run_dag dispatch (time 10): forward s2 mb3 bkt=0
[36m(PiperActor pid=1939903)[0m 2026-04-01 22:01:14,945 - piper_actor - DEBUG - run_dag dispatch (time 10): recv s0 mb1 bkt=0
[36m(PiperActor pid=1939903)[0m 2026-04-01 22:01:14,946 - piper_actor - DEBUG - exec_recv key (None, 1) from peer pp rank 1
[36m(PiperActor pid=1939903)[0m 2026-04-01 22:01:14,946 - piper_actor - DEBUG - run_dag dispatch (time 11): backward s0 mb1 bkt=0
[36m(PiperActor pid=1939912)[0m 2026-04-01 22:01:14,984 - piper_actor - DEBUG - run_dag dispatch (time 11): recv s3 mb3 bkt=0
[36m(PiperActor pid=1939912)[0m 2026-04-01 22:01:14,985 - piper_actor - DEBUG - exec_recv key ((3, 0), 3) from peer pp rank 0
[36m(PiperActor pid=1939912)[0m 2026-04-01 22:01:14,985 - piper_actor - DEBUG - run_dag dispatch (time 12): forward s3 mb3 bkt=0
[36m(PiperActor pid=1939908)[0m 2026-04-01 22:01:14,981 - piper_actor - DEBUG - run_dag dispatch (time 11): send s2 mb3 bkt=0
[36m(PiperActor pid=1939908)[0m 2026-04-01 22:01:14,981 - piper_actor - DEBUG - exec_send key ((2, 0), 3) to peer pp rank 1
[36m(PiperActor pid=1939908)[0m 2026-04-01 22:01:14,982 - piper_actor - DEBUG - run_dag dispatch (time 11): recv s2 mb2 bkt=0
[36m(PiperActor pid=1939908)[0m 2026-04-01 22:01:14,982 - piper_actor - DEBUG - exec_recv key (None, 2) from peer pp rank 1
[36m(PiperActor pid=1939908)[0m 2026-04-01 22:01:14,982 - piper_actor - DEBUG - run_dag dispatch (time 12): backward s2 mb2 bkt=0
[36m(PiperActor pid=1939917)[0m 2026-04-01 22:01:14,985 - piper_actor - DEBUG - run_dag dispatch (time 11): recv s3 mb3 bkt=0
[36m(PiperActor pid=1939917)[0m 2026-04-01 22:01:14,985 - piper_actor - DEBUG - exec_recv key ((3, 0), 3) from peer pp rank 0
[36m(PiperActor pid=1939917)[0m 2026-04-01 22:01:14,986 - piper_actor - DEBUG - run_dag dispatch (time 12): forward s3 mb3 bkt=0
[36m(PiperActor pid=1939903)[0m 2026-04-01 22:01:14,983 - piper_actor - DEBUG - run_dag dispatch (time 11): send s2 mb3 bkt=0
[36m(PiperActor pid=1939903)[0m 2026-04-01 22:01:14,983 - piper_actor - DEBUG - exec_send key ((2, 0), 3) to peer pp rank 1
[36m(PiperActor pid=1939903)[0m 2026-04-01 22:01:14,984 - piper_actor - DEBUG - run_dag dispatch (time 11): recv s2 mb2 bkt=0
[36m(PiperActor pid=1939903)[0m 2026-04-01 22:01:14,984 - piper_actor - DEBUG - exec_recv key (None, 2) from peer pp rank 1
[36m(PiperActor pid=1939903)[0m 2026-04-01 22:01:14,984 - piper_actor - DEBUG - run_dag dispatch (time 12): backward s2 mb2 bkt=0
[36m(PiperActor pid=1939912)[0m 2026-04-01 22:01:15,025 - piper_actor - DEBUG - run_dag dispatch (time 12): send s3 mb2 bkt=0
[36m(PiperActor pid=1939912)[0m 2026-04-01 22:01:15,026 - piper_actor - DEBUG - exec_send key (None, 2) to peer pp rank 0
[36m(PiperActor pid=1939912)[0m 2026-04-01 22:01:15,026 - piper_actor - DEBUG - run_dag dispatch (time 13): backward s3 mb3 bkt=0
[36m(PiperActor pid=1939908)[0m 2026-04-01 22:01:15,018 - piper_actor - DEBUG - run_dag dispatch (time 12): recv s2 mb3 bkt=0
[36m(PiperActor pid=1939908)[0m 2026-04-01 22:01:15,018 - piper_actor - DEBUG - exec_recv key (None, 3) from peer pp rank 1
[36m(PiperActor pid=1939908)[0m 2026-04-01 22:01:15,019 - piper_actor - DEBUG - run_dag dispatch (time 13): backward s2 mb3 bkt=0
[36m(PiperActor pid=1939917)[0m 2026-04-01 22:01:15,026 - piper_actor - DEBUG - run_dag dispatch (time 12): send s3 mb2 bkt=0
[36m(PiperActor pid=1939917)[0m 2026-04-01 22:01:15,026 - piper_actor - DEBUG - exec_send key (None, 2) to peer pp rank 0
[36m(PiperActor pid=1939917)[0m 2026-04-01 22:01:15,027 - piper_actor - DEBUG - run_dag dispatch (time 13): backward s3 mb3 bkt=0
[36m(PiperActor pid=1939903)[0m 2026-04-01 22:01:15,026 - piper_actor - DEBUG - run_dag dispatch (time 12): recv s2 mb3 bkt=0
[36m(PiperActor pid=1939903)[0m 2026-04-01 22:01:15,026 - piper_actor - DEBUG - exec_recv key (None, 3) from peer pp rank 1
[36m(PiperActor pid=1939903)[0m 2026-04-01 22:01:15,027 - piper_actor - DEBUG - run_dag dispatch (time 13): backward s2 mb3 bkt=0
[36m(PiperActor pid=1939912)[0m 2026-04-01 22:01:15,057 - piper_actor - DEBUG - run_dag dispatch (time 13): recv s1 mb2 bkt=0
[36m(PiperActor pid=1939912)[0m 2026-04-01 22:01:15,058 - piper_actor - DEBUG - exec_recv key (None, 2) from peer pp rank 0
[36m(PiperActor pid=1939912)[0m 2026-04-01 22:01:15,058 - piper_actor - DEBUG - run_dag dispatch (time 14): backward s1 mb2 bkt=0
[36m(PiperActor pid=1939908)[0m 2026-04-01 22:01:15,073 - piper_actor - DEBUG - run_dag dispatch (time 13): send s2 mb2 bkt=0
[36m(PiperActor pid=1939908)[0m 2026-04-01 22:01:15,074 - piper_actor - DEBUG - exec_send key (None, 2) to peer pp rank 1
[36m(PiperActor pid=1939908)[0m 2026-04-01 22:01:15,074 - piper_actor - DEBUG - run_dag dispatch (time 13): recv s0 mb2 bkt=0
[36m(PiperActor pid=1939908)[0m 2026-04-01 22:01:15,075 - piper_actor - DEBUG - exec_recv key (None, 2) from peer pp rank 1
[36m(PiperActor pid=1939908)[0m 2026-04-01 22:01:15,075 - piper_actor - DEBUG - run_dag dispatch (time 14): backward s0 mb2 bkt=0
[36m(PiperActor pid=1939917)[0m 2026-04-01 22:01:15,058 - piper_actor - DEBUG - run_dag dispatch (time 13): recv s1 mb2 bkt=0
[36m(PiperActor pid=1939917)[0m 2026-04-01 22:01:15,059 - piper_actor - DEBUG - exec_recv key (None, 2) from peer pp rank 0
[36m(PiperActor pid=1939917)[0m 2026-04-01 22:01:15,059 - piper_actor - DEBUG - run_dag dispatch (time 14): backward s1 mb2 bkt=0
[36m(PiperActor pid=1939903)[0m 2026-04-01 22:01:15,074 - piper_actor - DEBUG - run_dag dispatch (time 13): send s2 mb2 bkt=0
[36m(PiperActor pid=1939903)[0m 2026-04-01 22:01:15,074 - piper_actor - DEBUG - exec_send key (None, 2) to peer pp rank 1
[36m(PiperActor pid=1939903)[0m 2026-04-01 22:01:15,075 - piper_actor - DEBUG - run_dag dispatch (time 13): recv s0 mb2 bkt=0
[36m(PiperActor pid=1939903)[0m 2026-04-01 22:01:15,075 - piper_actor - DEBUG - exec_recv key (None, 2) from peer pp rank 1
[36m(PiperActor pid=1939903)[0m 2026-04-01 22:01:15,075 - piper_actor - DEBUG - run_dag dispatch (time 14): backward s0 mb2 bkt=0
[36m(PiperActor pid=1939912)[0m 2026-04-01 22:01:15,115 - piper_actor - DEBUG - run_dag dispatch (time 14): recv s1 mb3 bkt=0
[36m(PiperActor pid=1939912)[0m 2026-04-01 22:01:15,115 - piper_actor - DEBUG - exec_recv key (None, 3) from peer pp rank 0
[36m(PiperActor pid=1939912)[0m 2026-04-01 22:01:15,116 - piper_actor - DEBUG - run_dag dispatch (time 14): send s3 mb3 bkt=0
[36m(PiperActor pid=1939912)[0m 2026-04-01 22:01:15,116 - piper_actor - DEBUG - exec_send key (None, 3) to peer pp rank 0
[36m(PiperActor pid=1939912)[0m 2026-04-01 22:01:15,116 - piper_actor - DEBUG - run_dag dispatch (time 14): reduce_scatter s3 mb3 bkt=0
[36m(PiperActor pid=1939912)[0m 2026-04-01 22:01:15,117 - piper_actor - DEBUG - run_dag dispatch (time 15): backward s1 mb3 bkt=0
[36m(PiperActor pid=1939917)[0m 2026-04-01 22:01:15,115 - piper_actor - DEBUG - run_dag dispatch (time 14): recv s1 mb3 bkt=0
[36m(PiperActor pid=1939917)[0m 2026-04-01 22:01:15,115 - piper_actor - DEBUG - exec_recv key (None, 3) from peer pp rank 0
[36m(PiperActor pid=1939917)[0m 2026-04-01 22:01:15,116 - piper_actor - DEBUG - run_dag dispatch (time 14): send s3 mb3 bkt=0
[36m(PiperActor pid=1939917)[0m 2026-04-01 22:01:15,116 - piper_actor - DEBUG - exec_send key (None, 3) to peer pp rank 0
[36m(PiperActor pid=1939917)[0m 2026-04-01 22:01:15,117 - piper_actor - DEBUG - run_dag dispatch (time 14): reduce_scatter s3 mb3 bkt=0
[36m(PiperActor pid=1939917)[0m 2026-04-01 22:01:15,117 - piper_actor - DEBUG - run_dag dispatch (time 15): backward s1 mb3 bkt=0
[36m(PiperActor pid=1939912)[0m 2026-04-01 22:01:15,152 - piper_actor - DEBUG - run_dag dispatch (time 15): send s1 mb2 bkt=0
[36m(PiperActor pid=1939912)[0m 2026-04-01 22:01:15,153 - piper_actor - DEBUG - exec_send key (None, 2) to peer pp rank 0
[36m(PiperActor pid=1939912)[0m 2026-04-01 22:01:15,153 - piper_actor - DEBUG - run_dag dispatch (time 16): update s1 mb3 bkt=0
[36m(PiperActor pid=1939908)[0m 2026-04-01 22:01:15,151 - piper_actor - DEBUG - run_dag dispatch (time 14): send s2 mb3 bkt=0
[36m(PiperActor pid=1939908)[0m 2026-04-01 22:01:15,151 - piper_actor - DEBUG - exec_send key (None, 3) to peer pp rank 1
[36m(PiperActor pid=1939908)[0m 2026-04-01 22:01:15,152 - piper_actor - DEBUG - run_dag dispatch (time 14): recv s0 mb3 bkt=0
[36m(PiperActor pid=1939908)[0m 2026-04-01 22:01:15,152 - piper_actor - DEBUG - exec_recv key (None, 3) from peer pp rank 1
[36m(PiperActor pid=1939908)[0m 2026-04-01 22:01:15,152 - piper_actor - DEBUG - run_dag dispatch (time 14): reduce_scatter s2 mb3 bkt=0
[36m(PiperActor pid=1939908)[0m 2026-04-01 22:01:15,153 - piper_actor - DEBUG - run_dag dispatch (time 15): backward s0 mb3 bkt=0
[36m(PiperActor pid=1939917)[0m 2026-04-01 22:01:15,152 - piper_actor - DEBUG - run_dag dispatch (time 15): send s1 mb2 bkt=0
[36m(PiperActor pid=1939917)[0m 2026-04-01 22:01:15,153 - piper_actor - DEBUG - exec_send key (None, 2) to peer pp rank 0
[36m(PiperActor pid=1939917)[0m 2026-04-01 22:01:15,154 - piper_actor - DEBUG - run_dag dispatch (time 16): update s1 mb3 bkt=0
[36m(PiperActor pid=1939903)[0m 2026-04-01 22:01:15,152 - piper_actor - DEBUG - run_dag dispatch (time 14): send s2 mb3 bkt=0
[36m(PiperActor pid=1939903)[0m 2026-04-01 22:01:15,152 - piper_actor - DEBUG - exec_send key (None, 3) to peer pp rank 1
[36m(PiperActor pid=1939903)[0m 2026-04-01 22:01:15,153 - piper_actor - DEBUG - run_dag dispatch (time 14): recv s0 mb3 bkt=0
[36m(PiperActor pid=1939903)[0m 2026-04-01 22:01:15,153 - piper_actor - DEBUG - exec_recv key (None, 3) from peer pp rank 1
[36m(PiperActor pid=1939903)[0m 2026-04-01 22:01:15,154 - piper_actor - DEBUG - run_dag dispatch (time 14): reduce_scatter s2 mb3 bkt=0
[36m(PiperActor pid=1939903)[0m 2026-04-01 22:01:15,154 - piper_actor - DEBUG - run_dag dispatch (time 15): backward s0 mb3 bkt=0
[36m(PiperActor pid=1939912)[0m 2026-04-01 22:01:15,208 - piper_actor - DEBUG - run_dag dispatch (time 16): send s1 mb3 bkt=0
[36m(PiperActor pid=1939912)[0m 2026-04-01 22:01:15,208 - piper_actor - DEBUG - exec_send key (None, 3) to peer pp rank 0
[36m(PiperActor pid=1939912)[0m 2026-04-01 22:01:15,209 - piper_actor - DEBUG - run_dag dispatch (time 16): reduce_scatter s1 mb3 bkt=0
[36m(PiperActor pid=1939908)[0m 2026-04-01 22:01:15,191 - piper_actor - DEBUG - run_dag dispatch (time 16): update s0 mb3 bkt=0
[36m(PiperActor pid=1939917)[0m 2026-04-01 22:01:15,208 - piper_actor - DEBUG - run_dag dispatch (time 16): send s1 mb3 bkt=0
[36m(PiperActor pid=1939917)[0m 2026-04-01 22:01:15,208 - piper_actor - DEBUG - exec_send key (None, 3) to peer pp rank 0
[36m(PiperActor pid=1939917)[0m 2026-04-01 22:01:15,209 - piper_actor - DEBUG - run_dag dispatch (time 16): reduce_scatter s1 mb3 bkt=0
[36m(PiperActor pid=1939903)[0m 2026-04-01 22:01:15,192 - piper_actor - DEBUG - run_dag dispatch (time 16): update s0 mb3 bkt=0
[36m(PiperActor pid=1939908)[0m 2026-04-01 22:01:15,251 - piper_actor - DEBUG - run_dag dispatch (time 16): reduce_scatter s0 mb3 bkt=0
[36m(PiperActor pid=1939908)[0m 2026-04-01 22:01:15,256 - piper_actor - DEBUG - run_dag dispatch (time -20001): all_gather s2 mb0 bkt=0
[36m(PiperActor pid=1939917)[0m 2026-04-01 22:01:15,257 - piper_actor - DEBUG - run_dag dispatch (time -20001): all_gather s3 mb0 bkt=0
[36m(PiperActor pid=1939903)[0m 2026-04-01 22:01:15,251 - piper_actor - DEBUG - run_dag dispatch (time 16): reduce_scatter s0 mb3 bkt=0
[36m(PiperActor pid=1939903)[0m 2026-04-01 22:01:15,257 - piper_actor - DEBUG - run_dag dispatch (time -20001): all_gather s2 mb0 bkt=0
[36m(PiperActor pid=1939903)[0m 2026-04-01 22:01:15,257 - piper_actor - DEBUG - run_dag dispatch (time -20000): all_gather s0 mb0 bkt=0
[36m(PiperActor pid=1939903)[0m 2026-04-01 22:01:15,258 - piper_actor - DEBUG - run_dag dispatch (time 0): forward s0 mb0 bkt=0
[36m(PiperActor pid=1939912)[0m 2026-04-01 22:01:15,257 - piper_actor - DEBUG - run_dag dispatch (time -20001): all_gather s3 mb0 bkt=0
[36m(PiperActor pid=1939912)[0m 2026-04-01 22:01:15,257 - piper_actor - DEBUG - run_dag dispatch (time -20000): all_gather s1 mb0 bkt=0
[36m(PiperActor pid=1939912)[0m 2026-04-01 22:01:15,258 - piper_actor - DEBUG - run_dag dispatch (time -1): recv s1 mb0 bkt=0
[36m(PiperActor pid=1939912)[0m 2026-04-01 22:01:15,258 - piper_actor - DEBUG - exec_recv key ((1, 0), 0) from peer pp rank 0
[36m(PiperActor pid=1939912)[0m 2026-04-01 22:01:15,258 - piper_actor - DEBUG - run_dag dispatch (time 0): forward s1 mb0 bkt=0
[36m(PiperActor pid=1939912)[0m 2026-04-01 22:01:15,269 - piper_actor - DEBUG - run_dag dispatch (time 0): recv s1 mb1 bkt=0
[36m(PiperActor pid=1939912)[0m 2026-04-01 22:01:15,270 - piper_actor - DEBUG - exec_recv key ((1, 0), 1) from peer pp rank 0
[36m(PiperActor pid=1939912)[0m 2026-04-01 22:01:15,270 - piper_actor - DEBUG - run_dag dispatch (time 1): forward s1 mb1 bkt=0
[36m(PiperActor pid=1939912)[0m 2026-04-01 22:01:15,281 - piper_actor - DEBUG - run_dag dispatch (time 1): recv s3 mb0 bkt=0
[36m(PiperActor pid=1939912)[0m 2026-04-01 22:01:15,281 - piper_actor - DEBUG - exec_recv key ((3, 0), 0) from peer pp rank 0
[36m(PiperActor pid=1939912)[0m 2026-04-01 22:01:15,281 - piper_actor - DEBUG - run_dag dispatch (time 1): send s1 mb0 bkt=0
[36m(PiperActor pid=1939912)[0m 2026-04-01 22:01:15,281 - piper_actor - DEBUG - exec_send key ((1, 0), 0) to peer pp rank 0
[36m(PiperActor pid=1939912)[0m 2026-04-01 22:01:15,281 - piper_actor - DEBUG - run_dag dispatch (time 2): forward s3 mb0 bkt=0
[36m(PiperActor pid=1939912)[0m 2026-04-01 22:01:15,292 - piper_actor - DEBUG - run_dag dispatch (time 2): send s1 mb1 bkt=0
[36m(PiperActor pid=1939912)[0m 2026-04-01 22:01:15,292 - piper_actor - DEBUG - exec_send key ((1, 0), 1) to peer pp rank 0
[36m(PiperActor pid=1939912)[0m 2026-04-01 22:01:15,293 - piper_actor - DEBUG - run_dag dispatch (time 3): backward s3 mb0 bkt=0
[36m(PiperActor pid=1939908)[0m 2026-04-01 22:01:15,257 - piper_actor - DEBUG - run_dag dispatch (time -20000): all_gather s0 mb0 bkt=0
[36m(PiperActor pid=1939908)[0m 2026-04-01 22:01:15,257 - piper_actor - DEBUG - run_dag dispatch (time 0): forward s0 mb0 bkt=0
[36m(PiperActor pid=1939908)[0m 2026-04-01 22:01:15,268 - piper_actor - DEBUG - run_dag dispatch (time 1): forward s0 mb1 bkt=0
[36m(PiperActor pid=1939908)[0m 2026-04-01 22:01:15,279 - piper_actor - DEBUG - run_dag dispatch (time 1): send s0 mb0 bkt=0
[36m(PiperActor pid=1939908)[0m 2026-04-01 22:01:15,279 - piper_actor - DEBUG - exec_send key ((0, 0), 0) to peer pp rank 1
[36m(PiperActor pid=1939908)[0m 2026-04-01 22:01:15,280 - piper_actor - DEBUG - run_dag dispatch (time 1): recv s2 mb0 bkt=0
[36m(PiperActor pid=1939908)[0m 2026-04-01 22:01:15,280 - piper_actor - DEBUG - exec_recv key ((2, 0), 0) from peer pp rank 1
[36m(PiperActor pid=1939908)[0m 2026-04-01 22:01:15,280 - piper_actor - DEBUG - run_dag dispatch (time 2): forward s2 mb0 bkt=0
[36m(PiperActor pid=1939908)[0m 2026-04-01 22:01:15,290 - piper_actor - DEBUG - run_dag dispatch (time 2): send s0 mb1 bkt=0
[36m(PiperActor pid=1939908)[0m 2026-04-01 22:01:15,290 - piper_actor - DEBUG - exec_send key ((0, 0), 1) to peer pp rank 1
[36m(PiperActor pid=1939908)[0m 2026-04-01 22:01:15,291 - piper_actor - DEBUG - run_dag dispatch (time 2): recv s2 mb1 bkt=0
[36m(PiperActor pid=1939908)[0m 2026-04-01 22:01:15,291 - piper_actor - DEBUG - exec_recv key ((2, 0), 1) from peer pp rank 1
[36m(PiperActor pid=1939908)[0m 2026-04-01 22:01:15,291 - piper_actor - DEBUG - run_dag dispatch (time 3): forward s2 mb1 bkt=0
[36m(PiperActor pid=1939917)[0m 2026-04-01 22:01:15,258 - piper_actor - DEBUG - run_dag dispatch (time -20000): all_gather s1 mb0 bkt=0
[36m(PiperActor pid=1939917)[0m 2026-04-01 22:01:15,258 - piper_actor - DEBUG - run_dag dispatch (time -1): recv s1 mb0 bkt=0
[36m(PiperActor pid=1939917)[0m 2026-04-01 22:01:15,258 - piper_actor - DEBUG - exec_recv key ((1, 0), 0) from peer pp rank 0
[36m(PiperActor pid=1939917)[0m 2026-04-01 22:01:15,259 - piper_actor - DEBUG - run_dag dispatch (time 0): forward s1 mb0 bkt=0
[36m(PiperActor pid=1939917)[0m 2026-04-01 22:01:15,270 - piper_actor - DEBUG - run_dag dispatch (time 0): recv s1 mb1 bkt=0
[36m(PiperActor pid=1939917)[0m 2026-04-01 22:01:15,271 - piper_actor - DEBUG - exec_recv key ((1, 0), 1) from peer pp rank 0
[36m(PiperActor pid=1939917)[0m 2026-04-01 22:01:15,271 - piper_actor - DEBUG - run_dag dispatch (time 1): forward s1 mb1 bkt=0
[36m(PiperActor pid=1939917)[0m 2026-04-01 22:01:15,282 - piper_actor - DEBUG - run_dag dispatch (time 1): recv s3 mb0 bkt=0
[36m(PiperActor pid=1939917)[0m 2026-04-01 22:01:15,282 - piper_actor - DEBUG - exec_recv key ((3, 0), 0) from peer pp rank 0
[36m(PiperActor pid=1939917)[0m 2026-04-01 22:01:15,282 - piper_actor - DEBUG - run_dag dispatch (time 1): send s1 mb0 bkt=0
[36m(PiperActor pid=1939917)[0m 2026-04-01 22:01:15,283 - piper_actor - DEBUG - exec_send key ((1, 0), 0) to peer pp rank 0
[36m(PiperActor pid=1939917)[0m 2026-04-01 22:01:15,283 - piper_actor - DEBUG - run_dag dispatch (time 2): forward s3 mb0 bkt=0
[36m(PiperActor pid=1939917)[0m 2026-04-01 22:01:15,294 - piper_actor - DEBUG - run_dag dispatch (time 2): send s1 mb1 bkt=0
[36m(PiperActor pid=1939917)[0m 2026-04-01 22:01:15,294 - piper_actor - DEBUG - exec_send key ((1, 0), 1) to peer pp rank 0
[36m(PiperActor pid=1939917)[0m 2026-04-01 22:01:15,294 - piper_actor - DEBUG - run_dag dispatch (time 3): backward s3 mb0 bkt=0
[36m(PiperActor pid=1939903)[0m 2026-04-01 22:01:15,269 - piper_actor - DEBUG - run_dag dispatch (time 1): forward s0 mb1 bkt=0
[36m(PiperActor pid=1939903)[0m 2026-04-01 22:01:15,280 - piper_actor - DEBUG - run_dag dispatch (time 1): send s0 mb0 bkt=0
[36m(PiperActor pid=1939903)[0m 2026-04-01 22:01:15,280 - piper_actor - DEBUG - exec_send key ((0, 0), 0) to peer pp rank 1
[36m(PiperActor pid=1939903)[0m 2026-04-01 22:01:15,281 - piper_actor - DEBUG - run_dag dispatch (time 1): recv s2 mb0 bkt=0
[36m(PiperActor pid=1939903)[0m 2026-04-01 22:01:15,281 - piper_actor - DEBUG - exec_recv key ((2, 0), 0) from peer pp rank 1
[36m(PiperActor pid=1939903)[0m 2026-04-01 22:01:15,281 - piper_actor - DEBUG - run_dag dispatch (time 2): forward s2 mb0 bkt=0
[36m(PiperActor pid=1939903)[0m 2026-04-01 22:01:15,292 - piper_actor - DEBUG - run_dag dispatch (time 2): send s0 mb1 bkt=0
[36m(PiperActor pid=1939903)[0m 2026-04-01 22:01:15,292 - piper_actor - DEBUG - exec_send key ((0, 0), 1) to peer pp rank 1
[36m(PiperActor pid=1939903)[0m 2026-04-01 22:01:15,292 - piper_actor - DEBUG - run_dag dispatch (time 2): recv s2 mb1 bkt=0
[36m(PiperActor pid=1939903)[0m 2026-04-01 22:01:15,292 - piper_actor - DEBUG - exec_recv key ((2, 0), 1) from peer pp rank 1
[36m(PiperActor pid=1939903)[0m 2026-04-01 22:01:15,293 - piper_actor - DEBUG - run_dag dispatch (time 3): forward s2 mb1 bkt=0
[36m(PiperActor pid=1939912)[0m 2026-04-01 22:01:15,324 - piper_actor - DEBUG - run_dag dispatch (time 3): recv s3 mb1 bkt=0
[36m(PiperActor pid=1939912)[0m 2026-04-01 22:01:15,324 - piper_actor - DEBUG - exec_recv key ((3, 0), 1) from peer pp rank 0
[36m(PiperActor pid=1939912)[0m 2026-04-01 22:01:15,325 - piper_actor - DEBUG - run_dag dispatch (time 4): forward s3 mb1 bkt=0
[36m(PiperActor pid=1939908)[0m 2026-04-01 22:01:15,301 - piper_actor - DEBUG - run_dag dispatch (time 3): send s2 mb0 bkt=0
[36m(PiperActor pid=1939908)[0m 2026-04-01 22:01:15,302 - piper_actor - DEBUG - exec_send key ((2, 0), 0) to peer pp rank 1
[36m(PiperActor pid=1939908)[0m 2026-04-01 22:01:15,302 - piper_actor - DEBUG - run_dag dispatch (time 4): forward s0 mb2 bkt=0
[36m(PiperActor pid=1939908)[0m 2026-04-01 22:01:15,312 - piper_actor - DEBUG - run_dag dispatch (time 4): send s2 mb1 bkt=0
[36m(PiperActor pid=1939908)[0m 2026-04-01 22:01:15,312 - piper_actor - DEBUG - exec_send key ((2, 0), 1) to peer pp rank 1
[36m(PiperActor pid=1939908)[0m 2026-04-01 22:01:15,313 - piper_actor - DEBUG - run_dag dispatch (time 4): recv s2 mb0 bkt=0
[36m(PiperActor pid=1939908)[0m 2026-04-01 22:01:15,313 - piper_actor - DEBUG - exec_recv key (None, 0) from peer pp rank 1
[36m(PiperActor pid=1939908)[0m 2026-04-01 22:01:15,313 - piper_actor - DEBUG - run_dag dispatch (time 5): backward s2 mb0 bkt=0
[36m(PiperActor pid=1939917)[0m 2026-04-01 22:01:15,325 - piper_actor - DEBUG - run_dag dispatch (time 3): recv s3 mb1 bkt=0
[36m(PiperActor pid=1939917)[0m 2026-04-01 22:01:15,325 - piper_actor - DEBUG - exec_recv key ((3, 0), 1) from peer pp rank 0
[36m(PiperActor pid=1939917)[0m 2026-04-01 22:01:15,326 - piper_actor - DEBUG - run_dag dispatch (time 4): forward s3 mb1 bkt=0
[36m(PiperActor pid=1939903)[0m 2026-04-01 22:01:15,303 - piper_actor - DEBUG - run_dag dispatch (time 3): send s2 mb0 bkt=0
[36m(PiperActor pid=1939903)[0m 2026-04-01 22:01:15,303 - piper_actor - DEBUG - exec_send key ((2, 0), 0) to peer pp rank 1
[36m(PiperActor pid=1939903)[0m 2026-04-01 22:01:15,304 - piper_actor - DEBUG - run_dag dispatch (time 4): forward s0 mb2 bkt=0
[36m(PiperActor pid=1939903)[0m 2026-04-01 22:01:15,314 - piper_actor - DEBUG - run_dag dispatch (time 4): send s2 mb1 bkt=0
[36m(PiperActor pid=1939903)[0m 2026-04-01 22:01:15,314 - piper_actor - DEBUG - exec_send key ((2, 0), 1) to peer pp rank 1
[36m(PiperActor pid=1939903)[0m 2026-04-01 22:01:15,315 - piper_actor - DEBUG - run_dag dispatch (time 4): recv s2 mb0 bkt=0
[36m(PiperActor pid=1939903)[0m 2026-04-01 22:01:15,315 - piper_actor - DEBUG - exec_recv key (None, 0) from peer pp rank 1
[36m(PiperActor pid=1939903)[0m 2026-04-01 22:01:15,315 - piper_actor - DEBUG - run_dag dispatch (time 5): backward s2 mb0 bkt=0
[36m(PiperActor pid=1939912)[0m 2026-04-01 22:01:15,365 - piper_actor - DEBUG - run_dag dispatch (time 4): send s3 mb0 bkt=0
[36m(PiperActor pid=1939912)[0m 2026-04-01 22:01:15,365 - piper_actor - DEBUG - exec_send key (None, 0) to peer pp rank 0
[36m(PiperActor pid=1939912)[0m 2026-04-01 22:01:15,366 - piper_actor - DEBUG - run_dag dispatch (time 5): backward s3 mb1 bkt=0
[36m(PiperActor pid=1939908)[0m 2026-04-01 22:01:15,340 - piper_actor - DEBUG - run_dag dispatch (time 5): send s0 mb2 bkt=0
[36m(PiperActor pid=1939908)[0m 2026-04-01 22:01:15,340 - piper_actor - DEBUG - exec_send key ((0, 0), 2) to peer pp rank 1
[36m(PiperActor pid=1939908)[0m 2026-04-01 22:01:15,340 - piper_actor - DEBUG - run_dag dispatch (time 6): forward s0 mb3 bkt=0
[36m(PiperActor pid=1939917)[0m 2026-04-01 22:01:15,366 - piper_actor - DEBUG - run_dag dispatch (time 4): send s3 mb0 bkt=0
[36m(PiperActor pid=1939917)[0m 2026-04-01 22:01:15,366 - piper_actor - DEBUG - exec_send key (None, 0) to peer pp rank 0
[36m(PiperActor pid=1939917)[0m 2026-04-01 22:01:15,367 - piper_actor - DEBUG - run_dag dispatch (time 5): backward s3 mb1 bkt=0
[36m(PiperActor pid=1939903)[0m 2026-04-01 22:01:15,342 - piper_actor - DEBUG - run_dag dispatch (time 5): send s0 mb2 bkt=0
[36m(PiperActor pid=1939903)[0m 2026-04-01 22:01:15,342 - piper_actor - DEBUG - exec_send key ((0, 0), 2) to peer pp rank 1
[36m(PiperActor pid=1939903)[0m 2026-04-01 22:01:15,342 - piper_actor - DEBUG - run_dag dispatch (time 6): forward s0 mb3 bkt=0
[36m(PiperActor pid=1939912)[0m 2026-04-01 22:01:15,397 - piper_actor - DEBUG - run_dag dispatch (time 5): recv s1 mb2 bkt=0
[36m(PiperActor pid=1939912)[0m 2026-04-01 22:01:15,397 - piper_actor - DEBUG - exec_recv key ((1, 0), 2) from peer pp rank 0
[36m(PiperActor pid=1939912)[0m 2026-04-01 22:01:15,398 - piper_actor - DEBUG - run_dag dispatch (time 6): forward s1 mb2 bkt=0
[36m(PiperActor pid=1939908)[0m 2026-04-01 22:01:15,395 - piper_actor - DEBUG - run_dag dispatch (time 6): send s2 mb0 bkt=0
[36m(PiperActor pid=1939908)[0m 2026-04-01 22:01:15,395 - piper_actor - DEBUG - exec_send key (None, 0) to peer pp rank 1
[36m(PiperActor pid=1939908)[0m 2026-04-01 22:01:15,395 - piper_actor - DEBUG - run_dag dispatch (time 6): recv s2 mb1 bkt=0
[36m(PiperActor pid=1939908)[0m 2026-04-01 22:01:15,395 - piper_actor - DEBUG - exec_recv key (None, 1) from peer pp rank 1
[36m(PiperActor pid=1939908)[0m 2026-04-01 22:01:15,396 - piper_actor - DEBUG - run_dag dispatch (time 7): backward s2 mb1 bkt=0
[36m(PiperActor pid=1939917)[0m 2026-04-01 22:01:15,398 - piper_actor - DEBUG - run_dag dispatch (time 5): recv s1 mb2 bkt=0
[36m(PiperActor pid=1939917)[0m 2026-04-01 22:01:15,398 - piper_actor - DEBUG - exec_recv key ((1, 0), 2) from peer pp rank 0
[36m(PiperActor pid=1939917)[0m 2026-04-01 22:01:15,399 - piper_actor - DEBUG - run_dag dispatch (time 6): forward s1 mb2 bkt=0
[36m(PiperActor pid=1939903)[0m 2026-04-01 22:01:15,395 - piper_actor - DEBUG - run_dag dispatch (time 6): send s2 mb0 bkt=0
[36m(PiperActor pid=1939903)[0m 2026-04-01 22:01:15,395 - piper_actor - DEBUG - exec_send key (None, 0) to peer pp rank 1
[36m(PiperActor pid=1939903)[0m 2026-04-01 22:01:15,396 - piper_actor - DEBUG - run_dag dispatch (time 6): recv s2 mb1 bkt=0
[36m(PiperActor pid=1939903)[0m 2026-04-01 22:01:15,396 - piper_actor - DEBUG - exec_recv key (None, 1) from peer pp rank 1
[36m(PiperActor pid=1939903)[0m 2026-04-01 22:01:15,396 - piper_actor - DEBUG - run_dag dispatch (time 7): backward s2 mb1 bkt=0
[36m(PiperActor pid=1939912)[0m 2026-04-01 22:01:15,436 - piper_actor - DEBUG - run_dag dispatch (time 6): recv s1 mb0 bkt=0
[36m(PiperActor pid=1939912)[0m 2026-04-01 22:01:15,437 - piper_actor - DEBUG - exec_recv key (None, 0) from peer pp rank 0
[36m(PiperActor pid=1939912)[0m 2026-04-01 22:01:15,437 - piper_actor - DEBUG - run_dag dispatch (time 6): send s3 mb1 bkt=0
[36m(PiperActor pid=1939912)[0m 2026-04-01 22:01:15,437 - piper_actor - DEBUG - exec_send key (None, 1) to peer pp rank 0
[36m(PiperActor pid=1939912)[0m 2026-04-01 22:01:15,437 - piper_actor - DEBUG - run_dag dispatch (time 7): backward s1 mb0 bkt=0
[36m(PiperActor pid=1939908)[0m 2026-04-01 22:01:15,430 - piper_actor - DEBUG - run_dag dispatch (time 7): send s0 mb3 bkt=0
[36m(PiperActor pid=1939908)[0m 2026-04-01 22:01:15,430 - piper_actor - DEBUG - exec_send key ((0, 0), 3) to peer pp rank 1
[36m(PiperActor pid=1939908)[0m 2026-04-01 22:01:15,430 - piper_actor - DEBUG - run_dag dispatch (time 7): recv s2 mb2 bkt=0
[36m(PiperActor pid=1939908)[0m 2026-04-01 22:01:15,431 - piper_actor - DEBUG - exec_recv key ((2, 0), 2) from peer pp rank 1
[36m(PiperActor pid=1939908)[0m 2026-04-01 22:01:15,431 - piper_actor - DEBUG - run_dag dispatch (time 8): forward s2 mb2 bkt=0
[36m(PiperActor pid=1939917)[0m 2026-04-01 22:01:15,436 - piper_actor - DEBUG - run_dag dispatch (time 6): recv s1 mb0 bkt=0
[36m(PiperActor pid=1939917)[0m 2026-04-01 22:01:15,436 - piper_actor - DEBUG - exec_recv key (None, 0) from peer pp rank 0
[36m(PiperActor pid=1939917)[0m 2026-04-01 22:01:15,437 - piper_actor - DEBUG - run_dag dispatch (time 6): send s3 mb1 bkt=0
[36m(PiperActor pid=1939917)[0m 2026-04-01 22:01:15,437 - piper_actor - DEBUG - exec_send key (None, 1) to peer pp rank 0
[36m(PiperActor pid=1939917)[0m 2026-04-01 22:01:15,437 - piper_actor - DEBUG - run_dag dispatch (time 7): backward s1 mb0 bkt=0
[36m(PiperActor pid=1939917)[0m 2026-04-01 22:01:15,467 - piper_actor - DEBUG - run_dag dispatch (time 7): recv s1 mb3 bkt=0
[36m(PiperActor pid=1939917)[0m 2026-04-01 22:01:15,467 - piper_actor - DEBUG - exec_recv key ((1, 0), 3) from peer pp rank 0
[36m(PiperActor pid=1939917)[0m 2026-04-01 22:01:15,468 - piper_actor - DEBUG - run_dag dispatch (time 7): send s1 mb2 bkt=0
[36m(PiperActor pid=1939917)[0m 2026-04-01 22:01:15,468 - piper_actor - DEBUG - exec_send key ((1, 0), 2) to peer pp rank 0
[36m(PiperActor pid=1939903)[0m 2026-04-01 22:01:15,431 - piper_actor - DEBUG - run_dag dispatch (time 7): send s0 mb3 bkt=0
[36m(PiperActor pid=1939903)[0m 2026-04-01 22:01:15,431 - piper_actor - DEBUG - exec_send key ((0, 0), 3) to peer pp rank 1
[36m(PiperActor pid=1939903)[0m 2026-04-01 22:01:15,432 - piper_actor - DEBUG - run_dag dispatch (time 7): recv s2 mb2 bkt=0
[36m(PiperActor pid=1939903)[0m 2026-04-01 22:01:15,432 - piper_actor - DEBUG - exec_recv key ((2, 0), 2) from peer pp rank 1
[36m(PiperActor pid=1939903)[0m 2026-04-01 22:01:15,432 - piper_actor - DEBUG - run_dag dispatch (time 8): forward s2 mb2 bkt=0
[36m(PiperActor pid=1939903)[0m 2026-04-01 22:01:15,466 - piper_actor - DEBUG - run_dag dispatch (time 8): send s2 mb1 bkt=0
[36m(PiperActor pid=1939903)[0m 2026-04-01 22:01:15,467 - piper_actor - DEBUG - exec_send key (None, 1) to peer pp rank 1
[36m(PiperActor pid=1939903)[0m 2026-04-01 22:01:15,467 - piper_actor - DEBUG - run_dag dispatch (time 8): recv s0 mb0 bkt=0
[36m(PiperActor pid=1939903)[0m 2026-04-01 22:01:15,467 - piper_actor - DEBUG - exec_recv key (None, 0) from peer pp rank 1
[36m(PiperActor pid=1939903)[0m 2026-04-01 22:01:15,468 - piper_actor - DEBUG - run_dag dispatch (time 9): backward s0 mb0 bkt=0
[36m(PiperActor pid=1939912)[0m 2026-04-01 22:01:15,467 - piper_actor - DEBUG - run_dag dispatch (time 7): recv s1 mb3 bkt=0
[36m(PiperActor pid=1939912)[0m 2026-04-01 22:01:15,468 - piper_actor - DEBUG - exec_recv key ((1, 0), 3) from peer pp rank 0
[36m(PiperActor pid=1939912)[0m 2026-04-01 22:01:15,468 - piper_actor - DEBUG - run_dag dispatch (time 7): send s1 mb2 bkt=0
[36m(PiperActor pid=1939912)[0m 2026-04-01 22:01:15,469 - piper_actor - DEBUG - exec_send key ((1, 0), 2) to peer pp rank 0
[36m(PiperActor pid=1939912)[0m 2026-04-01 22:01:15,469 - piper_actor - DEBUG - run_dag dispatch (time 8): forward s1 mb3 bkt=0
[36m(PiperActor pid=1939912)[0m 2026-04-01 22:01:15,483 - piper_actor - DEBUG - run_dag dispatch (time 8): recv s1 mb1 bkt=0
[36m(PiperActor pid=1939912)[0m 2026-04-01 22:01:15,483 - piper_actor - DEBUG - exec_recv key (None, 1) from peer pp rank 0
[36m(PiperActor pid=1939912)[0m 2026-04-01 22:01:15,484 - piper_actor - DEBUG - run_dag dispatch (time 8): send s1 mb0 bkt=0
[36m(PiperActor pid=1939912)[0m 2026-04-01 22:01:15,484 - piper_actor - DEBUG - exec_send key (None, 0) to peer pp rank 0
[36m(PiperActor pid=1939912)[0m 2026-04-01 22:01:15,484 - piper_actor - DEBUG - run_dag dispatch (time 9): backward s1 mb1 bkt=0
[36m(PiperActor pid=1939908)[0m 2026-04-01 22:01:15,467 - piper_actor - DEBUG - run_dag dispatch (time 8): send s2 mb1 bkt=0
[36m(PiperActor pid=1939908)[0m 2026-04-01 22:01:15,467 - piper_actor - DEBUG - exec_send key (None, 1) to peer pp rank 1
[36m(PiperActor pid=1939908)[0m 2026-04-01 22:01:15,468 - piper_actor - DEBUG - run_dag dispatch (time 8): recv s0 mb0 bkt=0
[36m(PiperActor pid=1939908)[0m 2026-04-01 22:01:15,468 - piper_actor - DEBUG - exec_recv key (None, 0) from peer pp rank 1
[36m(PiperActor pid=1939908)[0m 2026-04-01 22:01:15,468 - piper_actor - DEBUG - run_dag dispatch (time 9): backward s0 mb0 bkt=0
[36m(PiperActor pid=1939908)[0m 2026-04-01 22:01:15,505 - piper_actor - DEBUG - run_dag dispatch (time 9): send s2 mb2 bkt=0
[36m(PiperActor pid=1939908)[0m 2026-04-01 22:01:15,505 - piper_actor - DEBUG - exec_send key ((2, 0), 2) to peer pp rank 1
[36m(PiperActor pid=1939908)[0m 2026-04-01 22:01:15,505 - piper_actor - DEBUG - run_dag dispatch (time 9): recv s2 mb3 bkt=0
[36m(PiperActor pid=1939908)[0m 2026-04-01 22:01:15,505 - piper_actor - DEBUG - exec_recv key ((2, 0), 3) from peer pp rank 1
[36m(PiperActor pid=1939908)[0m 2026-04-01 22:01:15,506 - piper_actor - DEBUG - run_dag dispatch (time 10): forward s2 mb3 bkt=0
[36m(PiperActor pid=1939917)[0m 2026-04-01 22:01:15,468 - piper_actor - DEBUG - run_dag dispatch (time 8): forward s1 mb3 bkt=0
[36m(PiperActor pid=1939917)[0m 2026-04-01 22:01:15,482 - piper_actor - DEBUG - run_dag dispatch (time 8): recv s1 mb1 bkt=0
[36m(PiperActor pid=1939917)[0m 2026-04-01 22:01:15,482 - piper_actor - DEBUG - exec_recv key (None, 1) from peer pp rank 0
[36m(PiperActor pid=1939917)[0m 2026-04-01 22:01:15,483 - piper_actor - DEBUG - run_dag dispatch (time 8): send s1 mb0 bkt=0
[36m(PiperActor pid=1939917)[0m 2026-04-01 22:01:15,483 - piper_actor - DEBUG - exec_send key (None, 0) to peer pp rank 0
[36m(PiperActor pid=1939917)[0m 2026-04-01 22:01:15,483 - piper_actor - DEBUG - run_dag dispatch (time 9): backward s1 mb1 bkt=0
[36m(PiperActor pid=1939903)[0m 2026-04-01 22:01:15,505 - piper_actor - DEBUG - run_dag dispatch (time 9): send s2 mb2 bkt=0
[36m(PiperActor pid=1939903)[0m 2026-04-01 22:01:15,505 - piper_actor - DEBUG - exec_send key ((2, 0), 2) to peer pp rank 1
[36m(PiperActor pid=1939903)[0m 2026-04-01 22:01:15,506 - piper_actor - DEBUG - run_dag dispatch (time 9): recv s2 mb3 bkt=0
[36m(PiperActor pid=1939903)[0m 2026-04-01 22:01:15,506 - piper_actor - DEBUG - exec_recv key ((2, 0), 3) from peer pp rank 1
[36m(PiperActor pid=1939903)[0m 2026-04-01 22:01:15,506 - piper_actor - DEBUG - run_dag dispatch (time 10): forward s2 mb3 bkt=0
[36m(PiperActor pid=1939912)[0m 2026-04-01 22:01:15,517 - piper_actor - DEBUG - run_dag dispatch (time 9): recv s3 mb2 bkt=0
[36m(PiperActor pid=1939912)[0m 2026-04-01 22:01:15,518 - piper_actor - DEBUG - exec_recv key ((3, 0), 2) from peer pp rank 0
[36m(PiperActor pid=1939912)[0m 2026-04-01 22:01:15,518 - piper_actor - DEBUG - run_dag dispatch (time 9): send s1 mb3 bkt=0
[36m(PiperActor pid=1939912)[0m 2026-04-01 22:01:15,518 - piper_actor - DEBUG - exec_send key ((1, 0), 3) to peer pp rank 0
[36m(PiperActor pid=1939912)[0m 2026-04-01 22:01:15,519 - piper_actor - DEBUG - run_dag dispatch (time 10): forward s3 mb2 bkt=0
[36m(PiperActor pid=1939912)[0m 2026-04-01 22:01:15,533 - piper_actor - DEBUG - run_dag dispatch (time 10): send s1 mb1 bkt=0
[36m(PiperActor pid=1939912)[0m 2026-04-01 22:01:15,533 - piper_actor - DEBUG - exec_send key (None, 1) to peer pp rank 0
[36m(PiperActor pid=1939912)[0m 2026-04-01 22:01:15,534 - piper_actor - DEBUG - run_dag dispatch (time 11): backward s3 mb2 bkt=0
[36m(PiperActor pid=1939908)[0m 2026-04-01 22:01:15,524 - piper_actor - DEBUG - run_dag dispatch (time 10): recv s0 mb1 bkt=0
[36m(PiperActor pid=1939908)[0m 2026-04-01 22:01:15,524 - piper_actor - DEBUG - exec_recv key (None, 1) from peer pp rank 1
[36m(PiperActor pid=1939908)[0m 2026-04-01 22:01:15,525 - piper_actor - DEBUG - run_dag dispatch (time 11): backward s0 mb1 bkt=0
[36m(PiperActor pid=1939917)[0m 2026-04-01 22:01:15,516 - piper_actor - DEBUG - run_dag dispatch (time 9): recv s3 mb2 bkt=0
[36m(PiperActor pid=1939917)[0m 2026-04-01 22:01:15,517 - piper_actor - DEBUG - exec_recv key ((3, 0), 2) from peer pp rank 0
[36m(PiperActor pid=1939917)[0m 2026-04-01 22:01:15,517 - piper_actor - DEBUG - run_dag dispatch (time 9): send s1 mb3 bkt=0
[36m(PiperActor pid=1939917)[0m 2026-04-01 22:01:15,517 - piper_actor - DEBUG - exec_send key ((1, 0), 3) to peer pp rank 0
[36m(PiperActor pid=1939917)[0m 2026-04-01 22:01:15,517 - piper_actor - DEBUG - run_dag dispatch (time 10): forward s3 mb2 bkt=0
[36m(PiperActor pid=1939917)[0m 2026-04-01 22:01:15,532 - piper_actor - DEBUG - run_dag dispatch (time 10): send s1 mb1 bkt=0
[36m(PiperActor pid=1939917)[0m 2026-04-01 22:01:15,532 - piper_actor - DEBUG - exec_send key (None, 1) to peer pp rank 0
[36m(PiperActor pid=1939917)[0m 2026-04-01 22:01:15,532 - piper_actor - DEBUG - run_dag dispatch (time 11): backward s3 mb2 bkt=0
[36m(PiperActor pid=1939903)[0m 2026-04-01 22:01:15,524 - piper_actor - DEBUG - run_dag dispatch (time 10): recv s0 mb1 bkt=0
[36m(PiperActor pid=1939903)[0m 2026-04-01 22:01:15,524 - piper_actor - DEBUG - exec_recv key (None, 1) from peer pp rank 1
[36m(PiperActor pid=1939903)[0m 2026-04-01 22:01:15,525 - piper_actor - DEBUG - run_dag dispatch (time 11): backward s0 mb1 bkt=0
[36m(PiperActor pid=1939912)[0m 2026-04-01 22:01:15,566 - piper_actor - DEBUG - run_dag dispatch (time 11): recv s3 mb3 bkt=0
[36m(PiperActor pid=1939912)[0m 2026-04-01 22:01:15,566 - piper_actor - DEBUG - exec_recv key ((3, 0), 3) from peer pp rank 0
[36m(PiperActor pid=1939912)[0m 2026-04-01 22:01:15,567 - piper_actor - DEBUG - run_dag dispatch (time 12): forward s3 mb3 bkt=0
[36m(PiperActor pid=1939908)[0m 2026-04-01 22:01:15,561 - piper_actor - DEBUG - run_dag dispatch (time 11): send s2 mb3 bkt=0
[36m(PiperActor pid=1939908)[0m 2026-04-01 22:01:15,561 - piper_actor - DEBUG - exec_send key ((2, 0), 3) to peer pp rank 1
[36m(PiperActor pid=1939908)[0m 2026-04-01 22:01:15,562 - piper_actor - DEBUG - run_dag dispatch (time 11): recv s2 mb2 bkt=0
[36m(PiperActor pid=1939908)[0m 2026-04-01 22:01:15,562 - piper_actor - DEBUG - exec_recv key (None, 2) from peer pp rank 1
[36m(PiperActor pid=1939908)[0m 2026-04-01 22:01:15,563 - piper_actor - DEBUG - run_dag dispatch (time 12): backward s2 mb2 bkt=0
[36m(PiperActor pid=1939917)[0m 2026-04-01 22:01:15,564 - piper_actor - DEBUG - run_dag dispatch (time 11): recv s3 mb3 bkt=0
[36m(PiperActor pid=1939917)[0m 2026-04-01 22:01:15,564 - piper_actor - DEBUG - exec_recv key ((3, 0), 3) from peer pp rank 0
[36m(PiperActor pid=1939917)[0m 2026-04-01 22:01:15,565 - piper_actor - DEBUG - run_dag dispatch (time 12): forward s3 mb3 bkt=0
[36m(PiperActor pid=1939903)[0m 2026-04-01 22:01:15,561 - piper_actor - DEBUG - run_dag dispatch (time 11): send s2 mb3 bkt=0
[36m(PiperActor pid=1939903)[0m 2026-04-01 22:01:15,562 - piper_actor - DEBUG - exec_send key ((2, 0), 3) to peer pp rank 1
[36m(PiperActor pid=1939903)[0m 2026-04-01 22:01:15,562 - piper_actor - DEBUG - run_dag dispatch (time 11): recv s2 mb2 bkt=0
[36m(PiperActor pid=1939903)[0m 2026-04-01 22:01:15,562 - piper_actor - DEBUG - exec_recv key (None, 2) from peer pp rank 1
[36m(PiperActor pid=1939903)[0m 2026-04-01 22:01:15,563 - piper_actor - DEBUG - run_dag dispatch (time 12): backward s2 mb2 bkt=0
[36m(PiperActor pid=1939912)[0m 2026-04-01 22:01:15,606 - piper_actor - DEBUG - run_dag dispatch (time 12): send s3 mb2 bkt=0
[36m(PiperActor pid=1939912)[0m 2026-04-01 22:01:15,606 - piper_actor - DEBUG - exec_send key (None, 2) to peer pp rank 0
[36m(PiperActor pid=1939912)[0m 2026-04-01 22:01:15,607 - piper_actor - DEBUG - run_dag dispatch (time 13): backward s3 mb3 bkt=0
[36m(PiperActor pid=1939908)[0m 2026-04-01 22:01:15,597 - piper_actor - DEBUG - run_dag dispatch (time 12): recv s2 mb3 bkt=0
[36m(PiperActor pid=1939908)[0m 2026-04-01 22:01:15,598 - piper_actor - DEBUG - exec_recv key (None, 3) from peer pp rank 1
[36m(PiperActor pid=1939908)[0m 2026-04-01 22:01:15,598 - piper_actor - DEBUG - run_dag dispatch (time 13): backward s2 mb3 bkt=0
[36m(PiperActor pid=1939917)[0m 2026-04-01 22:01:15,605 - piper_actor - DEBUG - run_dag dispatch (time 12): send s3 mb2 bkt=0
[36m(PiperActor pid=1939917)[0m 2026-04-01 22:01:15,605 - piper_actor - DEBUG - exec_send key (None, 2) to peer pp rank 0
[36m(PiperActor pid=1939917)[0m 2026-04-01 22:01:15,606 - piper_actor - DEBUG - run_dag dispatch (time 13): backward s3 mb3 bkt=0
[36m(PiperActor pid=1939903)[0m 2026-04-01 22:01:15,598 - piper_actor - DEBUG - run_dag dispatch (time 12): recv s2 mb3 bkt=0
[36m(PiperActor pid=1939903)[0m 2026-04-01 22:01:15,598 - piper_actor - DEBUG - exec_recv key (None, 3) from peer pp rank 1
[36m(PiperActor pid=1939903)[0m 2026-04-01 22:01:15,599 - piper_actor - DEBUG - run_dag dispatch (time 13): backward s2 mb3 bkt=0
[36m(PiperActor pid=1939912)[0m 2026-04-01 22:01:15,638 - piper_actor - DEBUG - run_dag dispatch (time 13): recv s1 mb2 bkt=0
[36m(PiperActor pid=1939912)[0m 2026-04-01 22:01:15,639 - piper_actor - DEBUG - exec_recv key (None, 2) from peer pp rank 0
[36m(PiperActor pid=1939912)[0m 2026-04-01 22:01:15,639 - piper_actor - DEBUG - run_dag dispatch (time 14): backward s1 mb2 bkt=0
[36m(PiperActor pid=1939908)[0m 2026-04-01 22:01:15,653 - piper_actor - DEBUG - run_dag dispatch (time 13): send s2 mb2 bkt=0
[36m(PiperActor pid=1939908)[0m 2026-04-01 22:01:15,654 - piper_actor - DEBUG - exec_send key (None, 2) to peer pp rank 1
[36m(PiperActor pid=1939908)[0m 2026-04-01 22:01:15,654 - piper_actor - DEBUG - run_dag dispatch (time 13): recv s0 mb2 bkt=0
[36m(PiperActor pid=1939908)[0m 2026-04-01 22:01:15,654 - piper_actor - DEBUG - exec_recv key (None, 2) from peer pp rank 1
[36m(PiperActor pid=1939908)[0m 2026-04-01 22:01:15,654 - piper_actor - DEBUG - run_dag dispatch (time 14): backward s0 mb2 bkt=0
[36m(PiperActor pid=1939917)[0m 2026-04-01 22:01:15,637 - piper_actor - DEBUG - run_dag dispatch (time 13): recv s1 mb2 bkt=0
[36m(PiperActor pid=1939917)[0m 2026-04-01 22:01:15,637 - piper_actor - DEBUG - exec_recv key (None, 2) from peer pp rank 0
[36m(PiperActor pid=1939917)[0m 2026-04-01 22:01:15,638 - piper_actor - DEBUG - run_dag dispatch (time 14): backward s1 mb2 bkt=0
[36m(PiperActor pid=1939903)[0m 2026-04-01 22:01:15,653 - piper_actor - DEBUG - run_dag dispatch (time 13): send s2 mb2 bkt=0
[36m(PiperActor pid=1939903)[0m 2026-04-01 22:01:15,653 - piper_actor - DEBUG - exec_send key (None, 2) to peer pp rank 1
[36m(PiperActor pid=1939903)[0m 2026-04-01 22:01:15,654 - piper_actor - DEBUG - run_dag dispatch (time 13): recv s0 mb2 bkt=0
[36m(PiperActor pid=1939903)[0m 2026-04-01 22:01:15,654 - piper_actor - DEBUG - exec_recv key (None, 2) from peer pp rank 1
[36m(PiperActor pid=1939903)[0m 2026-04-01 22:01:15,654 - piper_actor - DEBUG - run_dag dispatch (time 14): backward s0 mb2 bkt=0
[36m(PiperActor pid=1939912)[0m 2026-04-01 22:01:15,696 - piper_actor - DEBUG - run_dag dispatch (time 14): recv s1 mb3 bkt=0
[36m(PiperActor pid=1939912)[0m 2026-04-01 22:01:15,697 - piper_actor - DEBUG - exec_recv key (None, 3) from peer pp rank 0
[36m(PiperActor pid=1939912)[0m 2026-04-01 22:01:15,697 - piper_actor - DEBUG - run_dag dispatch (time 14): send s3 mb3 bkt=0
[36m(PiperActor pid=1939912)[0m 2026-04-01 22:01:15,697 - piper_actor - DEBUG - exec_send key (None, 3) to peer pp rank 0
[36m(PiperActor pid=1939912)[0m 2026-04-01 22:01:15,698 - piper_actor - DEBUG - run_dag dispatch (time 14): reduce_scatter s3 mb3 bkt=0
[36m(PiperActor pid=1939912)[0m 2026-04-01 22:01:15,698 - piper_actor - DEBUG - run_dag dispatch (time 15): backward s1 mb3 bkt=0
[36m(PiperActor pid=1939917)[0m 2026-04-01 22:01:15,694 - piper_actor - DEBUG - run_dag dispatch (time 14): recv s1 mb3 bkt=0
[36m(PiperActor pid=1939917)[0m 2026-04-01 22:01:15,695 - piper_actor - DEBUG - exec_recv key (None, 3) from peer pp rank 0
[36m(PiperActor pid=1939917)[0m 2026-04-01 22:01:15,695 - piper_actor - DEBUG - run_dag dispatch (time 14): send s3 mb3 bkt=0
[36m(PiperActor pid=1939917)[0m 2026-04-01 22:01:15,696 - piper_actor - DEBUG - exec_send key (None, 3) to peer pp rank 0
[36m(PiperActor pid=1939917)[0m 2026-04-01 22:01:15,696 - piper_actor - DEBUG - run_dag dispatch (time 14): reduce_scatter s3 mb3 bkt=0
[36m(PiperActor pid=1939917)[0m 2026-04-01 22:01:15,696 - piper_actor - DEBUG - run_dag dispatch (time 15): backward s1 mb3 bkt=0
[36m(PiperActor pid=1939912)[0m 2026-04-01 22:01:15,733 - piper_actor - DEBUG - run_dag dispatch (time 15): send s1 mb2 bkt=0
[36m(PiperActor pid=1939912)[0m 2026-04-01 22:01:15,734 - piper_actor - DEBUG - exec_send key (None, 2) to peer pp rank 0
[36m(PiperActor pid=1939912)[0m 2026-04-01 22:01:15,734 - piper_actor - DEBUG - run_dag dispatch (time 16): update s1 mb3 bkt=0
[36m(PiperActor pid=1939908)[0m 2026-04-01 22:01:15,733 - piper_actor - DEBUG - run_dag dispatch (time 14): send s2 mb3 bkt=0
[36m(PiperActor pid=1939908)[0m 2026-04-01 22:01:15,733 - piper_actor - DEBUG - exec_send key (None, 3) to peer pp rank 1
[36m(PiperActor pid=1939908)[0m 2026-04-01 22:01:15,734 - piper_actor - DEBUG - run_dag dispatch (time 14): recv s0 mb3 bkt=0
[36m(PiperActor pid=1939908)[0m 2026-04-01 22:01:15,734 - piper_actor - DEBUG - exec_recv key (None, 3) from peer pp rank 1
[36m(PiperActor pid=1939908)[0m 2026-04-01 22:01:15,734 - piper_actor - DEBUG - run_dag dispatch (time 14): reduce_scatter s2 mb3 bkt=0
[36m(PiperActor pid=1939908)[0m 2026-04-01 22:01:15,735 - piper_actor - DEBUG - run_dag dispatch (time 15): backward s0 mb3 bkt=0
[36m(PiperActor pid=1939917)[0m 2026-04-01 22:01:15,732 - piper_actor - DEBUG - run_dag dispatch (time 15): send s1 mb2 bkt=0
[36m(PiperActor pid=1939917)[0m 2026-04-01 22:01:15,732 - piper_actor - DEBUG - exec_send key (None, 2) to peer pp rank 0
[36m(PiperActor pid=1939917)[0m 2026-04-01 22:01:15,733 - piper_actor - DEBUG - run_dag dispatch (time 16): update s1 mb3 bkt=0
[36m(PiperActor pid=1939903)[0m 2026-04-01 22:01:15,731 - piper_actor - DEBUG - run_dag dispatch (time 14): send s2 mb3 bkt=0
[36m(PiperActor pid=1939903)[0m 2026-04-01 22:01:15,732 - piper_actor - DEBUG - exec_send key (None, 3) to peer pp rank 1
[36m(PiperActor pid=1939903)[0m 2026-04-01 22:01:15,732 - piper_actor - DEBUG - run_dag dispatch (time 14): recv s0 mb3 bkt=0
[36m(PiperActor pid=1939903)[0m 2026-04-01 22:01:15,732 - piper_actor - DEBUG - exec_recv key (None, 3) from peer pp rank 1
[36m(PiperActor pid=1939903)[0m 2026-04-01 22:01:15,733 - piper_actor - DEBUG - run_dag dispatch (time 14): reduce_scatter s2 mb3 bkt=0
[36m(PiperActor pid=1939903)[0m 2026-04-01 22:01:15,733 - piper_actor - DEBUG - run_dag dispatch (time 15): backward s0 mb3 bkt=0
[36m(PiperActor pid=1939912)[0m 2026-04-01 22:01:15,789 - piper_actor - DEBUG - run_dag dispatch (time 16): send s1 mb3 bkt=0
[36m(PiperActor pid=1939912)[0m 2026-04-01 22:01:15,789 - piper_actor - DEBUG - exec_send key (None, 3) to peer pp rank 0
[36m(PiperActor pid=1939912)[0m 2026-04-01 22:01:15,790 - piper_actor - DEBUG - run_dag dispatch (time 16): reduce_scatter s1 mb3 bkt=0
[36m(PiperActor pid=1939908)[0m 2026-04-01 22:01:15,772 - piper_actor - DEBUG - run_dag dispatch (time 16): update s0 mb3 bkt=0
[36m(PiperActor pid=1939917)[0m 2026-04-01 22:01:15,787 - piper_actor - DEBUG - run_dag dispatch (time 16): send s1 mb3 bkt=0
[36m(PiperActor pid=1939917)[0m 2026-04-01 22:01:15,787 - piper_actor - DEBUG - exec_send key (None, 3) to peer pp rank 0
[36m(PiperActor pid=1939917)[0m 2026-04-01 22:01:15,788 - piper_actor - DEBUG - run_dag dispatch (time 16): reduce_scatter s1 mb3 bkt=0
[36m(PiperActor pid=1939903)[0m 2026-04-01 22:01:15,772 - piper_actor - DEBUG - run_dag dispatch (time 16): update s0 mb3 bkt=0
[36m(run_dp_rank pid=1920336)[0m rank 0 iter time= 0.58209 ± 0.00147 s (5 samples)
[36m(run_dp_rank pid=1920336)[0m rank 0 throughput= 28146.728 tokens/s
[36m(run_dp_rank pid=1920336)[0m rank 0 peak_memory= 35.650 GiB
[36m(run_dp_rank pid=1920336)[0m rank 1 peak_memory= 35.927 GiB
[36m(run_dp_rank pid=1920336)[0m Memory breakdown (after 1st timed iter):
[36m(run_dp_rank pid=1920336)[0m   rank 0  allocated=11.821 GiB  reserved=40.371 GiB  params=3.359 GiB  grads=3.359 GiB  shard=1.680 GiB  other(acts+optim)=5.103 GiB
[36m(run_dp_rank pid=1920336)[0m   rank 1  allocated=13.778 GiB  reserved=39.703 GiB  params=3.359 GiB  grads=3.359 GiB  shard=1.680 GiB  other(acts+optim)=7.060 GiB
[36m(run_dp_rank pid=1920336)[0m Running 3 tracing iterations...
[36m(run_dp_rank pid=1920352)[0m rank 1 iter time= 0.58098 ± 0.00247 s (5 samples)
[36m(run_dp_rank pid=1920352)[0m rank 1 throughput= 28200.552 tokens/s
[36m(run_dp_rank pid=1920352)[0m rank 2 peak_memory= 35.650 GiB
[36m(run_dp_rank pid=1920352)[0m rank 3 peak_memory= 35.927 GiB
[36m(run_dp_rank pid=1920352)[0m Memory breakdown (after 1st timed iter):
[36m(run_dp_rank pid=1920352)[0m   rank 2  allocated=11.821 GiB  reserved=40.371 GiB  params=3.359 GiB  grads=3.359 GiB  shard=1.680 GiB  other(acts+optim)=5.103 GiB
[36m(run_dp_rank pid=1920352)[0m   rank 3  allocated=13.778 GiB  reserved=39.703 GiB  params=3.359 GiB  grads=3.359 GiB  shard=1.680 GiB  other(acts+optim)=7.060 GiB
[36m(run_dp_rank pid=1920352)[0m Running 3 tracing iterations...
[36m(PiperActor pid=1939912)[0m 2026-04-01 22:01:15,839 - piper_actor - INFO - Actor 1: Tracing enabled
[36m(PiperActor pid=1939912)[0m 2026-04-01 22:01:15,842 - piper_actor - DEBUG - run_dag dispatch (time -20001): all_gather s3 mb0 bkt=0
[36m(PiperActor pid=1939908)[0m 2026-04-01 22:01:15,832 - piper_actor - DEBUG - run_dag dispatch (time 16): reduce_scatter s0 mb3 bkt=0
[36m(PiperActor pid=1939908)[0m 2026-04-01 22:01:15,839 - piper_actor - INFO - Actor 0: Tracing enabled
[36m(PiperActor pid=1939908)[0m 2026-04-01 22:01:15,842 - piper_actor - DEBUG - run_dag dispatch (time -20001): all_gather s2 mb0 bkt=0
[36m(PiperActor pid=1939908)[0m 2026-04-01 22:01:15,842 - piper_actor - DEBUG - run_dag dispatch (time -20000): all_gather s0 mb0 bkt=0
[36m(PiperActor pid=1939908)[0m 2026-04-01 22:01:15,843 - piper_actor - DEBUG - run_dag dispatch (time 0): forward s0 mb0 bkt=0
[36m(PiperActor pid=1939917)[0m 2026-04-01 22:01:15,837 - piper_actor - INFO - Actor 3: Tracing enabled
[36m(PiperActor pid=1939917)[0m 2026-04-01 22:01:15,841 - piper_actor - DEBUG - run_dag dispatch (time -20001): all_gather s3 mb0 bkt=0
[36m(PiperActor pid=1939917)[0m 2026-04-01 22:01:15,841 - piper_actor - DEBUG - run_dag dispatch (time -20000): all_gather s1 mb0 bkt=0
[36m(PiperActor pid=1939917)[0m 2026-04-01 22:01:15,842 - piper_actor - DEBUG - run_dag dispatch (time -1): recv s1 mb0 bkt=0
[36m(PiperActor pid=1939917)[0m 2026-04-01 22:01:15,842 - piper_actor - DEBUG - exec_recv key ((1, 0), 0) from peer pp rank 0
[36m(PiperActor pid=1939917)[0m 2026-04-01 22:01:15,842 - piper_actor - DEBUG - run_dag dispatch (time 0): forward s1 mb0 bkt=0
[36m(PiperActor pid=1939903)[0m 2026-04-01 22:01:15,830 - piper_actor - DEBUG - run_dag dispatch (time 16): reduce_scatter s0 mb3 bkt=0
[36m(PiperActor pid=1939903)[0m 2026-04-01 22:01:15,837 - piper_actor - INFO - Actor 2: Tracing enabled
[36m(PiperActor pid=1939903)[0m 2026-04-01 22:01:15,841 - piper_actor - DEBUG - run_dag dispatch (time -20001): all_gather s2 mb0 bkt=0
[36m(PiperActor pid=1939903)[0m 2026-04-01 22:01:15,841 - piper_actor - DEBUG - run_dag dispatch (time -20000): all_gather s0 mb0 bkt=0
[36m(PiperActor pid=1939903)[0m 2026-04-01 22:01:15,842 - piper_actor - DEBUG - run_dag dispatch (time 0): forward s0 mb0 bkt=0
[36m(PiperActor pid=1939912)[0m 2026-04-01 22:01:15,843 - piper_actor - DEBUG - run_dag dispatch (time -20000): all_gather s1 mb0 bkt=0
[36m(PiperActor pid=1939912)[0m 2026-04-01 22:01:15,843 - piper_actor - DEBUG - run_dag dispatch (time -1): recv s1 mb0 bkt=0
[36m(PiperActor pid=1939912)[0m 2026-04-01 22:01:15,843 - piper_actor - DEBUG - exec_recv key ((1, 0), 0) from peer pp rank 0
[36m(PiperActor pid=1939912)[0m 2026-04-01 22:01:15,844 - piper_actor - DEBUG - run_dag dispatch (time 0): forward s1 mb0 bkt=0
[36m(PiperActor pid=1939912)[0m 2026-04-01 22:01:15,855 - piper_actor - DEBUG - run_dag dispatch (time 0): recv s1 mb1 bkt=0
[36m(PiperActor pid=1939912)[0m 2026-04-01 22:01:15,856 - piper_actor - DEBUG - exec_recv key ((1, 0), 1) from peer pp rank 0
[36m(PiperActor pid=1939912)[0m 2026-04-01 22:01:15,856 - piper_actor - DEBUG - run_dag dispatch (time 1): forward s1 mb1 bkt=0
[36m(PiperActor pid=1939912)[0m 2026-04-01 22:01:15,866 - piper_actor - DEBUG - run_dag dispatch (time 1): recv s3 mb0 bkt=0
[36m(PiperActor pid=1939912)[0m 2026-04-01 22:01:15,867 - piper_actor - DEBUG - exec_recv key ((3, 0), 0) from peer pp rank 0
[36m(PiperActor pid=1939912)[0m 2026-04-01 22:01:15,867 - piper_actor - DEBUG - run_dag dispatch (time 1): send s1 mb0 bkt=0
[36m(PiperActor pid=1939912)[0m 2026-04-01 22:01:15,867 - piper_actor - DEBUG - exec_send key ((1, 0), 0) to peer pp rank 0
[36m(PiperActor pid=1939912)[0m 2026-04-01 22:01:15,867 - piper_actor - DEBUG - run_dag dispatch (time 2): forward s3 mb0 bkt=0
[36m(PiperActor pid=1939912)[0m 2026-04-01 22:01:15,878 - piper_actor - DEBUG - run_dag dispatch (time 2): send s1 mb1 bkt=0
[36m(PiperActor pid=1939912)[0m 2026-04-01 22:01:15,878 - piper_actor - DEBUG - exec_send key ((1, 0), 1) to peer pp rank 0
[36m(PiperActor pid=1939912)[0m 2026-04-01 22:01:15,879 - piper_actor - DEBUG - run_dag dispatch (time 3): backward s3 mb0 bkt=0
[36m(PiperActor pid=1939908)[0m 2026-04-01 22:01:15,855 - piper_actor - DEBUG - run_dag dispatch (time 1): forward s0 mb1 bkt=0
[36m(PiperActor pid=1939908)[0m 2026-04-01 22:01:15,866 - piper_actor - DEBUG - run_dag dispatch (time 1): send s0 mb0 bkt=0
[36m(PiperActor pid=1939908)[0m 2026-04-01 22:01:15,866 - piper_actor - DEBUG - exec_send key ((0, 0), 0) to peer pp rank 1
[36m(PiperActor pid=1939908)[0m 2026-04-01 22:01:15,866 - piper_actor - DEBUG - run_dag dispatch (time 1): recv s2 mb0 bkt=0
[36m(PiperActor pid=1939908)[0m 2026-04-01 22:01:15,866 - piper_actor - DEBUG - exec_recv key ((2, 0), 0) from peer pp rank 1
[36m(PiperActor pid=1939908)[0m 2026-04-01 22:01:15,867 - piper_actor - DEBUG - run_dag dispatch (time 2): forward s2 mb0 bkt=0
[36m(PiperActor pid=1939908)[0m 2026-04-01 22:01:15,877 - piper_actor - DEBUG - run_dag dispatch (time 2): send s0 mb1 bkt=0
[36m(PiperActor pid=1939908)[0m 2026-04-01 22:01:15,877 - piper_actor - DEBUG - exec_send key ((0, 0), 1) to peer pp rank 1
[36m(PiperActor pid=1939908)[0m 2026-04-01 22:01:15,878 - piper_actor - DEBUG - run_dag dispatch (time 2): recv s2 mb1 bkt=0
[36m(PiperActor pid=1939908)[0m 2026-04-01 22:01:15,878 - piper_actor - DEBUG - exec_recv key ((2, 0), 1) from peer pp rank 1
[36m(PiperActor pid=1939908)[0m 2026-04-01 22:01:15,878 - piper_actor - DEBUG - run_dag dispatch (time 3): forward s2 mb1 bkt=0
[36m(PiperActor pid=1939917)[0m 2026-04-01 22:01:15,854 - piper_actor - DEBUG - run_dag dispatch (time 0): recv s1 mb1 bkt=0
[36m(PiperActor pid=1939917)[0m 2026-04-01 22:01:15,854 - piper_actor - DEBUG - exec_recv key ((1, 0), 1) from peer pp rank 0
[36m(PiperActor pid=1939917)[0m 2026-04-01 22:01:15,855 - piper_actor - DEBUG - run_dag dispatch (time 1): forward s1 mb1 bkt=0
[36m(PiperActor pid=1939917)[0m 2026-04-01 22:01:15,866 - piper_actor - DEBUG - run_dag dispatch (time 1): recv s3 mb0 bkt=0
[36m(PiperActor pid=1939917)[0m 2026-04-01 22:01:15,866 - piper_actor - DEBUG - exec_recv key ((3, 0), 0) from peer pp rank 0
[36m(PiperActor pid=1939917)[0m 2026-04-01 22:01:15,866 - piper_actor - DEBUG - run_dag dispatch (time 1): send s1 mb0 bkt=0
[36m(PiperActor pid=1939917)[0m 2026-04-01 22:01:15,867 - piper_actor - DEBUG - exec_send key ((1, 0), 0) to peer pp rank 0
[36m(PiperActor pid=1939917)[0m 2026-04-01 22:01:15,867 - piper_actor - DEBUG - run_dag dispatch (time 2): forward s3 mb0 bkt=0
[36m(PiperActor pid=1939917)[0m 2026-04-01 22:01:15,878 - piper_actor - DEBUG - run_dag dispatch (time 2): send s1 mb1 bkt=0
[36m(PiperActor pid=1939917)[0m 2026-04-01 22:01:15,878 - piper_actor - DEBUG - exec_send key ((1, 0), 1) to peer pp rank 0
[36m(PiperActor pid=1939917)[0m 2026-04-01 22:01:15,879 - piper_actor - DEBUG - run_dag dispatch (time 3): backward s3 mb0 bkt=0
[36m(PiperActor pid=1939903)[0m 2026-04-01 22:01:15,855 - piper_actor - DEBUG - run_dag dispatch (time 1): forward s0 mb1 bkt=0
[36m(PiperActor pid=1939903)[0m 2026-04-01 22:01:15,866 - piper_actor - DEBUG - run_dag dispatch (time 1): send s0 mb0 bkt=0
[36m(PiperActor pid=1939903)[0m 2026-04-01 22:01:15,866 - piper_actor - DEBUG - exec_send key ((0, 0), 0) to peer pp rank 1
[36m(PiperActor pid=1939903)[0m 2026-04-01 22:01:15,866 - piper_actor - DEBUG - run_dag dispatch (time 1): recv s2 mb0 bkt=0
[36m(PiperActor pid=1939903)[0m 2026-04-01 22:01:15,867 - piper_actor - DEBUG - exec_recv key ((2, 0), 0) from peer pp rank 1
[36m(PiperActor pid=1939903)[0m 2026-04-01 22:01:15,867 - piper_actor - DEBUG - run_dag dispatch (time 2): forward s2 mb0 bkt=0
[36m(PiperActor pid=1939903)[0m 2026-04-01 22:01:15,877 - piper_actor - DEBUG - run_dag dispatch (time 2): send s0 mb1 bkt=0
[36m(PiperActor pid=1939903)[0m 2026-04-01 22:01:15,878 - piper_actor - DEBUG - exec_send key ((0, 0), 1) to peer pp rank 1
[36m(PiperActor pid=1939903)[0m 2026-04-01 22:01:15,878 - piper_actor - DEBUG - run_dag dispatch (time 2): recv s2 mb1 bkt=0
[36m(PiperActor pid=1939903)[0m 2026-04-01 22:01:15,878 - piper_actor - DEBUG - exec_recv key ((2, 0), 1) from peer pp rank 1
[36m(PiperActor pid=1939903)[0m 2026-04-01 22:01:15,878 - piper_actor - DEBUG - run_dag dispatch (time 3): forward s2 mb1 bkt=0
[36m(PiperActor pid=1939912)[0m 2026-04-01 22:01:15,910 - piper_actor - DEBUG - run_dag dispatch (time 3): recv s3 mb1 bkt=0
[36m(PiperActor pid=1939912)[0m 2026-04-01 22:01:15,911 - piper_actor - DEBUG - exec_recv key ((3, 0), 1) from peer pp rank 0
[36m(PiperActor pid=1939912)[0m 2026-04-01 22:01:15,911 - piper_actor - DEBUG - run_dag dispatch (time 4): forward s3 mb1 bkt=0
[36m(PiperActor pid=1939908)[0m 2026-04-01 22:01:15,888 - piper_actor - DEBUG - run_dag dispatch (time 3): send s2 mb0 bkt=0
[36m(PiperActor pid=1939908)[0m 2026-04-01 22:01:15,889 - piper_actor - DEBUG - exec_send key ((2, 0), 0) to peer pp rank 1
[36m(PiperActor pid=1939908)[0m 2026-04-01 22:01:15,889 - piper_actor - DEBUG - run_dag dispatch (time 4): forward s0 mb2 bkt=0
[36m(PiperActor pid=1939908)[0m 2026-04-01 22:01:15,899 - piper_actor - DEBUG - run_dag dispatch (time 4): send s2 mb1 bkt=0
[36m(PiperActor pid=1939908)[0m 2026-04-01 22:01:15,899 - piper_actor - DEBUG - exec_send key ((2, 0), 1) to peer pp rank 1
[36m(PiperActor pid=1939908)[0m 2026-04-01 22:01:15,900 - piper_actor - DEBUG - run_dag dispatch (time 4): recv s2 mb0 bkt=0
[36m(PiperActor pid=1939908)[0m 2026-04-01 22:01:15,900 - piper_actor - DEBUG - exec_recv key (None, 0) from peer pp rank 1
[36m(PiperActor pid=1939908)[0m 2026-04-01 22:01:15,900 - piper_actor - DEBUG - run_dag dispatch (time 5): backward s2 mb0 bkt=0
[36m(PiperActor pid=1939908)[0m 2026-04-01 22:01:15,927 - piper_actor - DEBUG - run_dag dispatch (time 5): send s0 mb2 bkt=0
[36m(PiperActor pid=1939908)[0m 2026-04-01 22:01:15,927 - piper_actor - DEBUG - exec_send key ((0, 0), 2) to peer pp rank 1
[36m(PiperActor pid=1939908)[0m 2026-04-01 22:01:15,928 - piper_actor - DEBUG - run_dag dispatch (time 6): forward s0 mb3 bkt=0
[36m(PiperActor pid=1939917)[0m 2026-04-01 22:01:15,911 - piper_actor - DEBUG - run_dag dispatch (time 3): recv s3 mb1 bkt=0
[36m(PiperActor pid=1939917)[0m 2026-04-01 22:01:15,911 - piper_actor - DEBUG - exec_recv key ((3, 0), 1) from peer pp rank 0
[36m(PiperActor pid=1939917)[0m 2026-04-01 22:01:15,912 - piper_actor - DEBUG - run_dag dispatch (time 4): forward s3 mb1 bkt=0
[36m(PiperActor pid=1939903)[0m 2026-04-01 22:01:15,889 - piper_actor - DEBUG - run_dag dispatch (time 3): send s2 mb0 bkt=0
[36m(PiperActor pid=1939903)[0m 2026-04-01 22:01:15,889 - piper_actor - DEBUG - exec_send key ((2, 0), 0) to peer pp rank 1
[36m(PiperActor pid=1939903)[0m 2026-04-01 22:01:15,889 - piper_actor - DEBUG - run_dag dispatch (time 4): forward s0 mb2 bkt=0
[36m(PiperActor pid=1939903)[0m 2026-04-01 22:01:15,900 - piper_actor - DEBUG - run_dag dispatch (time 4): send s2 mb1 bkt=0
[36m(PiperActor pid=1939903)[0m 2026-04-01 22:01:15,900 - piper_actor - DEBUG - exec_send key ((2, 0), 1) to peer pp rank 1
[36m(PiperActor pid=1939903)[0m 2026-04-01 22:01:15,901 - piper_actor - DEBUG - run_dag dispatch (time 4): recv s2 mb0 bkt=0
[36m(PiperActor pid=1939903)[0m 2026-04-01 22:01:15,901 - piper_actor - DEBUG - exec_recv key (None, 0) from peer pp rank 1
[36m(PiperActor pid=1939903)[0m 2026-04-01 22:01:15,901 - piper_actor - DEBUG - run_dag dispatch (time 5): backward s2 mb0 bkt=0
[36m(PiperActor pid=1939903)[0m 2026-04-01 22:01:15,927 - piper_actor - DEBUG - run_dag dispatch (time 5): send s0 mb2 bkt=0
[36m(PiperActor pid=1939903)[0m 2026-04-01 22:01:15,928 - piper_actor - DEBUG - exec_send key ((0, 0), 2) to peer pp rank 1
[36m(PiperActor pid=1939903)[0m 2026-04-01 22:01:15,928 - piper_actor - DEBUG - run_dag dispatch (time 6): forward s0 mb3 bkt=0
[36m(PiperActor pid=1939912)[0m 2026-04-01 22:01:15,952 - piper_actor - DEBUG - run_dag dispatch (time 4): send s3 mb0 bkt=0
[36m(PiperActor pid=1939912)[0m 2026-04-01 22:01:15,952 - piper_actor - DEBUG - exec_send key (None, 0) to peer pp rank 0
[36m(PiperActor pid=1939912)[0m 2026-04-01 22:01:15,953 - piper_actor - DEBUG - run_dag dispatch (time 5): backward s3 mb1 bkt=0
[36m(PiperActor pid=1939917)[0m 2026-04-01 22:01:15,952 - piper_actor - DEBUG - run_dag dispatch (time 4): send s3 mb0 bkt=0
[36m(PiperActor pid=1939917)[0m 2026-04-01 22:01:15,952 - piper_actor - DEBUG - exec_send key (None, 0) to peer pp rank 0
[36m(PiperActor pid=1939917)[0m 2026-04-01 22:01:15,953 - piper_actor - DEBUG - run_dag dispatch (time 5): backward s3 mb1 bkt=0
[36m(PiperActor pid=1939912)[0m 2026-04-01 22:01:15,984 - piper_actor - DEBUG - run_dag dispatch (time 5): recv s1 mb2 bkt=0
[36m(PiperActor pid=1939912)[0m 2026-04-01 22:01:15,984 - piper_actor - DEBUG - exec_recv key ((1, 0), 2) from peer pp rank 0
[36m(PiperActor pid=1939912)[0m 2026-04-01 22:01:15,985 - piper_actor - DEBUG - run_dag dispatch (time 6): forward s1 mb2 bkt=0
[36m(PiperActor pid=1939908)[0m 2026-04-01 22:01:15,982 - piper_actor - DEBUG - run_dag dispatch (time 6): send s2 mb0 bkt=0
[36m(PiperActor pid=1939908)[0m 2026-04-01 22:01:15,982 - piper_actor - DEBUG - exec_send key (None, 0) to peer pp rank 1
[36m(PiperActor pid=1939908)[0m 2026-04-01 22:01:15,982 - piper_actor - DEBUG - run_dag dispatch (time 6): recv s2 mb1 bkt=0
[36m(PiperActor pid=1939908)[0m 2026-04-01 22:01:15,982 - piper_actor - DEBUG - exec_recv key (None, 1) from peer pp rank 1
[36m(PiperActor pid=1939908)[0m 2026-04-01 22:01:15,983 - piper_actor - DEBUG - run_dag dispatch (time 7): backward s2 mb1 bkt=0
[36m(PiperActor pid=1939917)[0m 2026-04-01 22:01:15,991 - piper_actor - DEBUG - run_dag dispatch (time 5): recv s1 mb2 bkt=0
[36m(PiperActor pid=1939917)[0m 2026-04-01 22:01:15,992 - piper_actor - DEBUG - exec_recv key ((1, 0), 2) from peer pp rank 0
[36m(PiperActor pid=1939917)[0m 2026-04-01 22:01:15,992 - piper_actor - DEBUG - run_dag dispatch (time 6): forward s1 mb2 bkt=0
[36m(PiperActor pid=1939903)[0m 2026-04-01 22:01:15,982 - piper_actor - DEBUG - run_dag dispatch (time 6): send s2 mb0 bkt=0
[36m(PiperActor pid=1939903)[0m 2026-04-01 22:01:15,982 - piper_actor - DEBUG - exec_send key (None, 0) to peer pp rank 1
[36m(PiperActor pid=1939903)[0m 2026-04-01 22:01:15,983 - piper_actor - DEBUG - run_dag dispatch (time 6): recv s2 mb1 bkt=0
[36m(PiperActor pid=1939903)[0m 2026-04-01 22:01:15,983 - piper_actor - DEBUG - exec_recv key (None, 1) from peer pp rank 1
[36m(PiperActor pid=1939903)[0m 2026-04-01 22:01:15,983 - piper_actor - DEBUG - run_dag dispatch (time 7): backward s2 mb1 bkt=0
[36m(PiperActor pid=1939912)[0m 2026-04-01 22:01:16,024 - piper_actor - DEBUG - run_dag dispatch (time 6): recv s1 mb0 bkt=0
[36m(PiperActor pid=1939912)[0m 2026-04-01 22:01:16,024 - piper_actor - DEBUG - exec_recv key (None, 0) from peer pp rank 0
[36m(PiperActor pid=1939912)[0m 2026-04-01 22:01:16,024 - piper_actor - DEBUG - run_dag dispatch (time 6): send s3 mb1 bkt=0
[36m(PiperActor pid=1939912)[0m 2026-04-01 22:01:16,024 - piper_actor - DEBUG - exec_send key (None, 1) to peer pp rank 0
[36m(PiperActor pid=1939912)[0m 2026-04-01 22:01:16,025 - piper_actor - DEBUG - run_dag dispatch (time 7): backward s1 mb0 bkt=0
[36m(PiperActor pid=1939908)[0m 2026-04-01 22:01:16,017 - piper_actor - DEBUG - run_dag dispatch (time 7): send s0 mb3 bkt=0
[36m(PiperActor pid=1939908)[0m 2026-04-01 22:01:16,018 - piper_actor - DEBUG - exec_send key ((0, 0), 3) to peer pp rank 1
[36m(PiperActor pid=1939908)[0m 2026-04-01 22:01:16,018 - piper_actor - DEBUG - run_dag dispatch (time 7): recv s2 mb2 bkt=0
[36m(PiperActor pid=1939908)[0m 2026-04-01 22:01:16,018 - piper_actor - DEBUG - exec_recv key ((2, 0), 2) from peer pp rank 1
[36m(PiperActor pid=1939908)[0m 2026-04-01 22:01:16,019 - piper_actor - DEBUG - run_dag dispatch (time 8): forward s2 mb2 bkt=0
[36m(PiperActor pid=1939917)[0m 2026-04-01 22:01:16,024 - piper_actor - DEBUG - run_dag dispatch (time 6): recv s1 mb0 bkt=0
[36m(PiperActor pid=1939917)[0m 2026-04-01 22:01:16,024 - piper_actor - DEBUG - exec_recv key (None, 0) from peer pp rank 0
[36m(PiperActor pid=1939917)[0m 2026-04-01 22:01:16,024 - piper_actor - DEBUG - run_dag dispatch (time 6): send s3 mb1 bkt=0
[36m(PiperActor pid=1939917)[0m 2026-04-01 22:01:16,024 - piper_actor - DEBUG - exec_send key (None, 1) to peer pp rank 0
[36m(PiperActor pid=1939917)[0m 2026-04-01 22:01:16,025 - piper_actor - DEBUG - run_dag dispatch (time 7): backward s1 mb0 bkt=0
[36m(PiperActor pid=1939903)[0m 2026-04-01 22:01:16,017 - piper_actor - DEBUG - run_dag dispatch (time 7): send s0 mb3 bkt=0
[36m(PiperActor pid=1939903)[0m 2026-04-01 22:01:16,018 - piper_actor - DEBUG - exec_send key ((0, 0), 3) to peer pp rank 1
[36m(PiperActor pid=1939903)[0m 2026-04-01 22:01:16,018 - piper_actor - DEBUG - run_dag dispatch (time 7): recv s2 mb2 bkt=0
[36m(PiperActor pid=1939903)[0m 2026-04-01 22:01:16,018 - piper_actor - DEBUG - exec_recv key ((2, 0), 2) from peer pp rank 1
[36m(PiperActor pid=1939903)[0m 2026-04-01 22:01:16,019 - piper_actor - DEBUG - run_dag dispatch (time 8): forward s2 mb2 bkt=0
[36m(PiperActor pid=1939903)[0m 2026-04-01 22:01:16,054 - piper_actor - DEBUG - run_dag dispatch (time 8): send s2 mb1 bkt=0
[36m(PiperActor pid=1939903)[0m 2026-04-01 22:01:16,054 - piper_actor - DEBUG - exec_send key (None, 1) to peer pp rank 1
[36m(PiperActor pid=1939903)[0m 2026-04-01 22:01:16,055 - piper_actor - DEBUG - run_dag dispatch (time 8): recv s0 mb0 bkt=0
[36m(PiperActor pid=1939912)[0m 2026-04-01 22:01:16,054 - piper_actor - DEBUG - run_dag dispatch (time 7): recv s1 mb3 bkt=0
[36m(PiperActor pid=1939912)[0m 2026-04-01 22:01:16,055 - piper_actor - DEBUG - exec_recv key ((1, 0), 3) from peer pp rank 0
[36m(PiperActor pid=1939912)[0m 2026-04-01 22:01:16,055 - piper_actor - DEBUG - run_dag dispatch (time 7): send s1 mb2 bkt=0
[36m(PiperActor pid=1939912)[0m 2026-04-01 22:01:16,055 - piper_actor - DEBUG - exec_send key ((1, 0), 2) to peer pp rank 0
[36m(PiperActor pid=1939912)[0m 2026-04-01 22:01:16,056 - piper_actor - DEBUG - run_dag dispatch (time 8): forward s1 mb3 bkt=0
[36m(PiperActor pid=1939912)[0m 2026-04-01 22:01:16,070 - piper_actor - DEBUG - run_dag dispatch (time 8): recv s1 mb1 bkt=0
[36m(PiperActor pid=1939912)[0m 2026-04-01 22:01:16,070 - piper_actor - DEBUG - exec_recv key (None, 1) from peer pp rank 0
[36m(PiperActor pid=1939912)[0m 2026-04-01 22:01:16,070 - piper_actor - DEBUG - run_dag dispatch (time 8): send s1 mb0 bkt=0
[36m(PiperActor pid=1939912)[0m 2026-04-01 22:01:16,070 - piper_actor - DEBUG - exec_send key (None, 0) to peer pp rank 0
[36m(PiperActor pid=1939912)[0m 2026-04-01 22:01:16,071 - piper_actor - DEBUG - run_dag dispatch (time 9): backward s1 mb1 bkt=0
[36m(PiperActor pid=1939908)[0m 2026-04-01 22:01:16,054 - piper_actor - DEBUG - run_dag dispatch (time 8): send s2 mb1 bkt=0
[36m(PiperActor pid=1939908)[0m 2026-04-01 22:01:16,054 - piper_actor - DEBUG - exec_send key (None, 1) to peer pp rank 1
[36m(PiperActor pid=1939908)[0m 2026-04-01 22:01:16,055 - piper_actor - DEBUG - run_dag dispatch (time 8): recv s0 mb0 bkt=0
[36m(PiperActor pid=1939908)[0m 2026-04-01 22:01:16,055 - piper_actor - DEBUG - exec_recv key (None, 0) from peer pp rank 1
[36m(PiperActor pid=1939908)[0m 2026-04-01 22:01:16,056 - piper_actor - DEBUG - run_dag dispatch (time 9): backward s0 mb0 bkt=0
[36m(PiperActor pid=1939908)[0m 2026-04-01 22:01:16,092 - piper_actor - DEBUG - run_dag dispatch (time 9): send s2 mb2 bkt=0
[36m(PiperActor pid=1939908)[0m 2026-04-01 22:01:16,092 - piper_actor - DEBUG - exec_send key ((2, 0), 2) to peer pp rank 1
[36m(PiperActor pid=1939908)[0m 2026-04-01 22:01:16,093 - piper_actor - DEBUG - run_dag dispatch (time 9): recv s2 mb3 bkt=0
[36m(PiperActor pid=1939908)[0m 2026-04-01 22:01:16,093 - piper_actor - DEBUG - exec_recv key ((2, 0), 3) from peer pp rank 1
[36m(PiperActor pid=1939908)[0m 2026-04-01 22:01:16,093 - piper_actor - DEBUG - run_dag dispatch (time 10): forward s2 mb3 bkt=0
[36m(PiperActor pid=1939917)[0m 2026-04-01 22:01:16,054 - piper_actor - DEBUG - run_dag dispatch (time 7): recv s1 mb3 bkt=0
[36m(PiperActor pid=1939917)[0m 2026-04-01 22:01:16,055 - piper_actor - DEBUG - exec_recv key ((1, 0), 3) from peer pp rank 0
[36m(PiperActor pid=1939917)[0m 2026-04-01 22:01:16,055 - piper_actor - DEBUG - run_dag dispatch (time 7): send s1 mb2 bkt=0
[36m(PiperActor pid=1939917)[0m 2026-04-01 22:01:16,055 - piper_actor - DEBUG - exec_send key ((1, 0), 2) to peer pp rank 0
[36m(PiperActor pid=1939917)[0m 2026-04-01 22:01:16,056 - piper_actor - DEBUG - run_dag dispatch (time 8): forward s1 mb3 bkt=0
[36m(PiperActor pid=1939917)[0m 2026-04-01 22:01:16,070 - piper_actor - DEBUG - run_dag dispatch (time 8): recv s1 mb1 bkt=0
[36m(PiperActor pid=1939917)[0m 2026-04-01 22:01:16,070 - piper_actor - DEBUG - exec_recv key (None, 1) from peer pp rank 0
[36m(PiperActor pid=1939917)[0m 2026-04-01 22:01:16,070 - piper_actor - DEBUG - run_dag dispatch (time 8): send s1 mb0 bkt=0
[36m(PiperActor pid=1939917)[0m 2026-04-01 22:01:16,070 - piper_actor - DEBUG - exec_send key (None, 0) to peer pp rank 0
[36m(PiperActor pid=1939917)[0m 2026-04-01 22:01:16,071 - piper_actor - DEBUG - run_dag dispatch (time 9): backward s1 mb1 bkt=0
[36m(PiperActor pid=1939903)[0m 2026-04-01 22:01:16,055 - piper_actor - DEBUG - exec_recv key (None, 0) from peer pp rank 1
[36m(PiperActor pid=1939903)[0m 2026-04-01 22:01:16,055 - piper_actor - DEBUG - run_dag dispatch (time 9): backward s0 mb0 bkt=0
[36m(PiperActor pid=1939903)[0m 2026-04-01 22:01:16,092 - piper_actor - DEBUG - run_dag dispatch (time 9): send s2 mb2 bkt=0
[36m(PiperActor pid=1939903)[0m 2026-04-01 22:01:16,093 - piper_actor - DEBUG - exec_send key ((2, 0), 2) to peer pp rank 1
[36m(PiperActor pid=1939903)[0m 2026-04-01 22:01:16,093 - piper_actor - DEBUG - run_dag dispatch (time 9): recv s2 mb3 bkt=0
[36m(PiperActor pid=1939903)[0m 2026-04-01 22:01:16,093 - piper_actor - DEBUG - exec_recv key ((2, 0), 3) from peer pp rank 1
[36m(PiperActor pid=1939903)[0m 2026-04-01 22:01:16,094 - piper_actor - DEBUG - run_dag dispatch (time 10): forward s2 mb3 bkt=0
[36m(PiperActor pid=1939912)[0m 2026-04-01 22:01:16,104 - piper_actor - DEBUG - run_dag dispatch (time 9): recv s3 mb2 bkt=0
[36m(PiperActor pid=1939912)[0m 2026-04-01 22:01:16,104 - piper_actor - DEBUG - exec_recv key ((3, 0), 2) from peer pp rank 0
[36m(PiperActor pid=1939912)[0m 2026-04-01 22:01:16,105 - piper_actor - DEBUG - run_dag dispatch (time 9): send s1 mb3 bkt=0
[36m(PiperActor pid=1939912)[0m 2026-04-01 22:01:16,105 - piper_actor - DEBUG - exec_send key ((1, 0), 3) to peer pp rank 0
[36m(PiperActor pid=1939912)[0m 2026-04-01 22:01:16,105 - piper_actor - DEBUG - run_dag dispatch (time 10): forward s3 mb2 bkt=0
[36m(PiperActor pid=1939912)[0m 2026-04-01 22:01:16,120 - piper_actor - DEBUG - run_dag dispatch (time 10): send s1 mb1 bkt=0
[36m(PiperActor pid=1939912)[0m 2026-04-01 22:01:16,120 - piper_actor - DEBUG - exec_send key (None, 1) to peer pp rank 0
[36m(PiperActor pid=1939912)[0m 2026-04-01 22:01:16,121 - piper_actor - DEBUG - run_dag dispatch (time 11): backward s3 mb2 bkt=0
[36m(PiperActor pid=1939908)[0m 2026-04-01 22:01:16,112 - piper_actor - DEBUG - run_dag dispatch (time 10): recv s0 mb1 bkt=0
[36m(PiperActor pid=1939908)[0m 2026-04-01 22:01:16,112 - piper_actor - DEBUG - exec_recv key (None, 1) from peer pp rank 1
[36m(PiperActor pid=1939908)[0m 2026-04-01 22:01:16,112 - piper_actor - DEBUG - run_dag dispatch (time 11): backward s0 mb1 bkt=0
[36m(PiperActor pid=1939917)[0m 2026-04-01 22:01:16,104 - piper_actor - DEBUG - run_dag dispatch (time 9): recv s3 mb2 bkt=0
[36m(PiperActor pid=1939917)[0m 2026-04-01 22:01:16,104 - piper_actor - DEBUG - exec_recv key ((3, 0), 2) from peer pp rank 0
[36m(PiperActor pid=1939917)[0m 2026-04-01 22:01:16,105 - piper_actor - DEBUG - run_dag dispatch (time 9): send s1 mb3 bkt=0
[36m(PiperActor pid=1939917)[0m 2026-04-01 22:01:16,105 - piper_actor - DEBUG - exec_send key ((1, 0), 3) to peer pp rank 0
[36m(PiperActor pid=1939917)[0m 2026-04-01 22:01:16,105 - piper_actor - DEBUG - run_dag dispatch (time 10): forward s3 mb2 bkt=0
[36m(PiperActor pid=1939917)[0m 2026-04-01 22:01:16,120 - piper_actor - DEBUG - run_dag dispatch (time 10): send s1 mb1 bkt=0
[36m(PiperActor pid=1939917)[0m 2026-04-01 22:01:16,120 - piper_actor - DEBUG - exec_send key (None, 1) to peer pp rank 0
[36m(PiperActor pid=1939917)[0m 2026-04-01 22:01:16,120 - piper_actor - DEBUG - run_dag dispatch (time 11): backward s3 mb2 bkt=0
[36m(PiperActor pid=1939903)[0m 2026-04-01 22:01:16,112 - piper_actor - DEBUG - run_dag dispatch (time 10): recv s0 mb1 bkt=0
[36m(PiperActor pid=1939903)[0m 2026-04-01 22:01:16,112 - piper_actor - DEBUG - exec_recv key (None, 1) from peer pp rank 1
[36m(PiperActor pid=1939903)[0m 2026-04-01 22:01:16,113 - piper_actor - DEBUG - run_dag dispatch (time 11): backward s0 mb1 bkt=0
[36m(PiperActor pid=1939912)[0m 2026-04-01 22:01:16,152 - piper_actor - DEBUG - run_dag dispatch (time 11): recv s3 mb3 bkt=0
[36m(PiperActor pid=1939912)[0m 2026-04-01 22:01:16,153 - piper_actor - DEBUG - exec_recv key ((3, 0), 3) from peer pp rank 0
[36m(PiperActor pid=1939912)[0m 2026-04-01 22:01:16,153 - piper_actor - DEBUG - run_dag dispatch (time 12): forward s3 mb3 bkt=0
[36m(PiperActor pid=1939908)[0m 2026-04-01 22:01:16,148 - piper_actor - DEBUG - run_dag dispatch (time 11): send s2 mb3 bkt=0
[36m(PiperActor pid=1939908)[0m 2026-04-01 22:01:16,149 - piper_actor - DEBUG - exec_send key ((2, 0), 3) to peer pp rank 1
[36m(PiperActor pid=1939908)[0m 2026-04-01 22:01:16,149 - piper_actor - DEBUG - run_dag dispatch (time 11): recv s2 mb2 bkt=0
[36m(PiperActor pid=1939908)[0m 2026-04-01 22:01:16,149 - piper_actor - DEBUG - exec_recv key (None, 2) from peer pp rank 1
[36m(PiperActor pid=1939908)[0m 2026-04-01 22:01:16,150 - piper_actor - DEBUG - run_dag dispatch (time 12): backward s2 mb2 bkt=0
[36m(PiperActor pid=1939917)[0m 2026-04-01 22:01:16,151 - piper_actor - DEBUG - run_dag dispatch (time 11): recv s3 mb3 bkt=0
[36m(PiperActor pid=1939917)[0m 2026-04-01 22:01:16,152 - piper_actor - DEBUG - exec_recv key ((3, 0), 3) from peer pp rank 0
[36m(PiperActor pid=1939917)[0m 2026-04-01 22:01:16,152 - piper_actor - DEBUG - run_dag dispatch (time 12): forward s3 mb3 bkt=0
[36m(PiperActor pid=1939903)[0m 2026-04-01 22:01:16,149 - piper_actor - DEBUG - run_dag dispatch (time 11): send s2 mb3 bkt=0
[36m(PiperActor pid=1939903)[0m 2026-04-01 22:01:16,149 - piper_actor - DEBUG - exec_send key ((2, 0), 3) to peer pp rank 1
[36m(PiperActor pid=1939903)[0m 2026-04-01 22:01:16,150 - piper_actor - DEBUG - run_dag dispatch (time 11): recv s2 mb2 bkt=0
[36m(PiperActor pid=1939903)[0m 2026-04-01 22:01:16,150 - piper_actor - DEBUG - exec_recv key (None, 2) from peer pp rank 1
[36m(PiperActor pid=1939903)[0m 2026-04-01 22:01:16,150 - piper_actor - DEBUG - run_dag dispatch (time 12): backward s2 mb2 bkt=0
[36m(PiperActor pid=1939912)[0m 2026-04-01 22:01:16,193 - piper_actor - DEBUG - run_dag dispatch (time 12): send s3 mb2 bkt=0
[36m(PiperActor pid=1939912)[0m 2026-04-01 22:01:16,194 - piper_actor - DEBUG - exec_send key (None, 2) to peer pp rank 0
[36m(PiperActor pid=1939912)[0m 2026-04-01 22:01:16,194 - piper_actor - DEBUG - run_dag dispatch (time 13): backward s3 mb3 bkt=0
[36m(PiperActor pid=1939908)[0m 2026-04-01 22:01:16,185 - piper_actor - DEBUG - run_dag dispatch (time 12): recv s2 mb3 bkt=0
[36m(PiperActor pid=1939908)[0m 2026-04-01 22:01:16,185 - piper_actor - DEBUG - exec_recv key (None, 3) from peer pp rank 1
[36m(PiperActor pid=1939908)[0m 2026-04-01 22:01:16,185 - piper_actor - DEBUG - run_dag dispatch (time 13): backward s2 mb3 bkt=0
[36m(PiperActor pid=1939917)[0m 2026-04-01 22:01:16,192 - piper_actor - DEBUG - run_dag dispatch (time 12): send s3 mb2 bkt=0
[36m(PiperActor pid=1939917)[0m 2026-04-01 22:01:16,193 - piper_actor - DEBUG - exec_send key (None, 2) to peer pp rank 0
[36m(PiperActor pid=1939917)[0m 2026-04-01 22:01:16,193 - piper_actor - DEBUG - run_dag dispatch (time 13): backward s3 mb3 bkt=0
[36m(PiperActor pid=1939903)[0m 2026-04-01 22:01:16,185 - piper_actor - DEBUG - run_dag dispatch (time 12): recv s2 mb3 bkt=0
[36m(PiperActor pid=1939903)[0m 2026-04-01 22:01:16,186 - piper_actor - DEBUG - exec_recv key (None, 3) from peer pp rank 1
[36m(PiperActor pid=1939903)[0m 2026-04-01 22:01:16,186 - piper_actor - DEBUG - run_dag dispatch (time 13): backward s2 mb3 bkt=0
[36m(PiperActor pid=1939912)[0m 2026-04-01 22:01:16,226 - piper_actor - DEBUG - run_dag dispatch (time 13): recv s1 mb2 bkt=0
[36m(PiperActor pid=1939912)[0m 2026-04-01 22:01:16,226 - piper_actor - DEBUG - exec_recv key (None, 2) from peer pp rank 0
[36m(PiperActor pid=1939912)[0m 2026-04-01 22:01:16,227 - piper_actor - DEBUG - run_dag dispatch (time 14): backward s1 mb2 bkt=0
[36m(PiperActor pid=1939908)[0m 2026-04-01 22:01:16,241 - piper_actor - DEBUG - run_dag dispatch (time 13): send s2 mb2 bkt=0
[36m(PiperActor pid=1939908)[0m 2026-04-01 22:01:16,241 - piper_actor - DEBUG - exec_send key (None, 2) to peer pp rank 1
[36m(PiperActor pid=1939908)[0m 2026-04-01 22:01:16,242 - piper_actor - DEBUG - run_dag dispatch (time 13): recv s0 mb2 bkt=0
[36m(PiperActor pid=1939908)[0m 2026-04-01 22:01:16,242 - piper_actor - DEBUG - exec_recv key (None, 2) from peer pp rank 1
[36m(PiperActor pid=1939908)[0m 2026-04-01 22:01:16,242 - piper_actor - DEBUG - run_dag dispatch (time 14): backward s0 mb2 bkt=0
[36m(PiperActor pid=1939917)[0m 2026-04-01 22:01:16,225 - piper_actor - DEBUG - run_dag dispatch (time 13): recv s1 mb2 bkt=0
[36m(PiperActor pid=1939917)[0m 2026-04-01 22:01:16,225 - piper_actor - DEBUG - exec_recv key (None, 2) from peer pp rank 0
[36m(PiperActor pid=1939917)[0m 2026-04-01 22:01:16,226 - piper_actor - DEBUG - run_dag dispatch (time 14): backward s1 mb2 bkt=0
[36m(PiperActor pid=1939903)[0m 2026-04-01 22:01:16,240 - piper_actor - DEBUG - run_dag dispatch (time 13): send s2 mb2 bkt=0
[36m(PiperActor pid=1939903)[0m 2026-04-01 22:01:16,240 - piper_actor - DEBUG - exec_send key (None, 2) to peer pp rank 1
[36m(PiperActor pid=1939903)[0m 2026-04-01 22:01:16,241 - piper_actor - DEBUG - run_dag dispatch (time 13): recv s0 mb2 bkt=0
[36m(PiperActor pid=1939903)[0m 2026-04-01 22:01:16,241 - piper_actor - DEBUG - exec_recv key (None, 2) from peer pp rank 1
[36m(PiperActor pid=1939903)[0m 2026-04-01 22:01:16,241 - piper_actor - DEBUG - run_dag dispatch (time 14): backward s0 mb2 bkt=0
[36m(PiperActor pid=1939912)[0m 2026-04-01 22:01:16,284 - piper_actor - DEBUG - run_dag dispatch (time 14): recv s1 mb3 bkt=0
[36m(PiperActor pid=1939912)[0m 2026-04-01 22:01:16,284 - piper_actor - DEBUG - exec_recv key (None, 3) from peer pp rank 0
[36m(PiperActor pid=1939912)[0m 2026-04-01 22:01:16,285 - piper_actor - DEBUG - run_dag dispatch (time 14): send s3 mb3 bkt=0
[36m(PiperActor pid=1939912)[0m 2026-04-01 22:01:16,285 - piper_actor - DEBUG - exec_send key (None, 3) to peer pp rank 0
[36m(PiperActor pid=1939912)[0m 2026-04-01 22:01:16,285 - piper_actor - DEBUG - run_dag dispatch (time 14): reduce_scatter s3 mb3 bkt=0
[36m(PiperActor pid=1939912)[0m 2026-04-01 22:01:16,286 - piper_actor - DEBUG - run_dag dispatch (time 15): backward s1 mb3 bkt=0
[36m(PiperActor pid=1939917)[0m 2026-04-01 22:01:16,282 - piper_actor - DEBUG - run_dag dispatch (time 14): recv s1 mb3 bkt=0
[36m(PiperActor pid=1939917)[0m 2026-04-01 22:01:16,283 - piper_actor - DEBUG - exec_recv key (None, 3) from peer pp rank 0
[36m(PiperActor pid=1939917)[0m 2026-04-01 22:01:16,283 - piper_actor - DEBUG - run_dag dispatch (time 14): send s3 mb3 bkt=0
[36m(PiperActor pid=1939917)[0m 2026-04-01 22:01:16,283 - piper_actor - DEBUG - exec_send key (None, 3) to peer pp rank 0
[36m(PiperActor pid=1939917)[0m 2026-04-01 22:01:16,284 - piper_actor - DEBUG - run_dag dispatch (time 14): reduce_scatter s3 mb3 bkt=0
[36m(PiperActor pid=1939917)[0m 2026-04-01 22:01:16,284 - piper_actor - DEBUG - run_dag dispatch (time 15): backward s1 mb3 bkt=0
[36m(PiperActor pid=1939912)[0m 2026-04-01 22:01:16,321 - piper_actor - DEBUG - run_dag dispatch (time 15): send s1 mb2 bkt=0
[36m(PiperActor pid=1939912)[0m 2026-04-01 22:01:16,322 - piper_actor - DEBUG - exec_send key (None, 2) to peer pp rank 0
[36m(PiperActor pid=1939912)[0m 2026-04-01 22:01:16,323 - piper_actor - DEBUG - run_dag dispatch (time 16): update s1 mb3 bkt=0
[36m(PiperActor pid=1939908)[0m 2026-04-01 22:01:16,320 - piper_actor - DEBUG - run_dag dispatch (time 14): send s2 mb3 bkt=0
[36m(PiperActor pid=1939908)[0m 2026-04-01 22:01:16,321 - piper_actor - DEBUG - exec_send key (None, 3) to peer pp rank 1
[36m(PiperActor pid=1939908)[0m 2026-04-01 22:01:16,321 - piper_actor - DEBUG - run_dag dispatch (time 14): recv s0 mb3 bkt=0
[36m(PiperActor pid=1939908)[0m 2026-04-01 22:01:16,321 - piper_actor - DEBUG - exec_recv key (None, 3) from peer pp rank 1
[36m(PiperActor pid=1939908)[0m 2026-04-01 22:01:16,322 - piper_actor - DEBUG - run_dag dispatch (time 14): reduce_scatter s2 mb3 bkt=0
[36m(PiperActor pid=1939908)[0m 2026-04-01 22:01:16,322 - piper_actor - DEBUG - run_dag dispatch (time 15): backward s0 mb3 bkt=0
[36m(PiperActor pid=1939917)[0m 2026-04-01 22:01:16,320 - piper_actor - DEBUG - run_dag dispatch (time 15): send s1 mb2 bkt=0
[36m(PiperActor pid=1939917)[0m 2026-04-01 22:01:16,320 - piper_actor - DEBUG - exec_send key (None, 2) to peer pp rank 0
[36m(PiperActor pid=1939917)[0m 2026-04-01 22:01:16,321 - piper_actor - DEBUG - run_dag dispatch (time 16): update s1 mb3 bkt=0
[36m(PiperActor pid=1939903)[0m 2026-04-01 22:01:16,318 - piper_actor - DEBUG - run_dag dispatch (time 14): send s2 mb3 bkt=0
[36m(PiperActor pid=1939903)[0m 2026-04-01 22:01:16,319 - piper_actor - DEBUG - exec_send key (None, 3) to peer pp rank 1
[36m(PiperActor pid=1939903)[0m 2026-04-01 22:01:16,319 - piper_actor - DEBUG - run_dag dispatch (time 14): recv s0 mb3 bkt=0
[36m(PiperActor pid=1939903)[0m 2026-04-01 22:01:16,320 - piper_actor - DEBUG - exec_recv key (None, 3) from peer pp rank 1
[36m(PiperActor pid=1939903)[0m 2026-04-01 22:01:16,320 - piper_actor - DEBUG - run_dag dispatch (time 14): reduce_scatter s2 mb3 bkt=0
[36m(PiperActor pid=1939903)[0m 2026-04-01 22:01:16,320 - piper_actor - DEBUG - run_dag dispatch (time 15): backward s0 mb3 bkt=0
[36m(PiperActor pid=1939912)[0m 2026-04-01 22:01:16,377 - piper_actor - DEBUG - run_dag dispatch (time 16): send s1 mb3 bkt=0
[36m(PiperActor pid=1939912)[0m 2026-04-01 22:01:16,378 - piper_actor - DEBUG - exec_send key (None, 3) to peer pp rank 0
[36m(PiperActor pid=1939912)[0m 2026-04-01 22:01:16,378 - piper_actor - DEBUG - run_dag dispatch (time 16): reduce_scatter s1 mb3 bkt=0
[36m(PiperActor pid=1939908)[0m 2026-04-01 22:01:16,361 - piper_actor - DEBUG - run_dag dispatch (time 16): update s0 mb3 bkt=0
[36m(PiperActor pid=1939917)[0m 2026-04-01 22:01:16,375 - piper_actor - DEBUG - run_dag dispatch (time 16): send s1 mb3 bkt=0
[36m(PiperActor pid=1939917)[0m 2026-04-01 22:01:16,376 - piper_actor - DEBUG - exec_send key (None, 3) to peer pp rank 0
[36m(PiperActor pid=1939917)[0m 2026-04-01 22:01:16,376 - piper_actor - DEBUG - run_dag dispatch (time 16): reduce_scatter s1 mb3 bkt=0
[36m(PiperActor pid=1939903)[0m 2026-04-01 22:01:16,360 - piper_actor - DEBUG - run_dag dispatch (time 16): update s0 mb3 bkt=0
[36m(PiperActor pid=1939908)[0m 2026-04-01 22:01:16,420 - piper_actor - DEBUG - run_dag dispatch (time 16): reduce_scatter s0 mb3 bkt=0
[36m(PiperActor pid=1939903)[0m 2026-04-01 22:01:16,418 - piper_actor - DEBUG - run_dag dispatch (time 16): reduce_scatter s0 mb3 bkt=0
[36m(PiperActor pid=1939912)[0m 2026-04-01 22:01:17,435 - piper_actor - DEBUG - run_dag dispatch (time -20001): all_gather s3 mb0 bkt=0
[36m(PiperActor pid=1939912)[0m 2026-04-01 22:01:17,436 - piper_actor - DEBUG - run_dag dispatch (time -20000): all_gather s1 mb0 bkt=0
[36m(PiperActor pid=1939912)[0m 2026-04-01 22:01:17,436 - piper_actor - DEBUG - run_dag dispatch (time -1): recv s1 mb0 bkt=0
[36m(PiperActor pid=1939912)[0m 2026-04-01 22:01:17,436 - piper_actor - DEBUG - exec_recv key ((1, 0), 0) from peer pp rank 0
[36m(PiperActor pid=1939912)[0m 2026-04-01 22:01:17,437 - piper_actor - DEBUG - run_dag dispatch (time 0): forward s1 mb0 bkt=0
[36m(PiperActor pid=1939912)[0m 2026-04-01 22:01:17,448 - piper_actor - DEBUG - run_dag dispatch (time 0): recv s1 mb1 bkt=0
[36m(PiperActor pid=1939912)[0m 2026-04-01 22:01:17,448 - piper_actor - DEBUG - exec_recv key ((1, 0), 1) from peer pp rank 0
[36m(PiperActor pid=1939912)[0m 2026-04-01 22:01:17,448 - piper_actor - DEBUG - run_dag dispatch (time 1): forward s1 mb1 bkt=0
[36m(PiperActor pid=1939908)[0m 2026-04-01 22:01:17,435 - piper_actor - DEBUG - run_dag dispatch (time -20001): all_gather s2 mb0 bkt=0
[36m(PiperActor pid=1939908)[0m 2026-04-01 22:01:17,436 - piper_actor - DEBUG - run_dag dispatch (time -20000): all_gather s0 mb0 bkt=0
[36m(PiperActor pid=1939908)[0m 2026-04-01 22:01:17,436 - piper_actor - DEBUG - run_dag dispatch (time 0): forward s0 mb0 bkt=0
[36m(PiperActor pid=1939908)[0m 2026-04-01 22:01:17,448 - piper_actor - DEBUG - run_dag dispatch (time 1): forward s0 mb1 bkt=0
[36m(PiperActor pid=1939917)[0m 2026-04-01 22:01:17,435 - piper_actor - DEBUG - run_dag dispatch (time -20001): all_gather s3 mb0 bkt=0
[36m(PiperActor pid=1939917)[0m 2026-04-01 22:01:17,436 - piper_actor - DEBUG - run_dag dispatch (time -20000): all_gather s1 mb0 bkt=0
[36m(PiperActor pid=1939917)[0m 2026-04-01 22:01:17,436 - piper_actor - DEBUG - run_dag dispatch (time -1): recv s1 mb0 bkt=0
[36m(PiperActor pid=1939917)[0m 2026-04-01 22:01:17,437 - piper_actor - DEBUG - exec_recv key ((1, 0), 0) from peer pp rank 0
[36m(PiperActor pid=1939917)[0m 2026-04-01 22:01:17,437 - piper_actor - DEBUG - run_dag dispatch (time 0): forward s1 mb0 bkt=0
[36m(PiperActor pid=1939917)[0m 2026-04-01 22:01:17,448 - piper_actor - DEBUG - run_dag dispatch (time 0): recv s1 mb1 bkt=0
[36m(PiperActor pid=1939917)[0m 2026-04-01 22:01:17,449 - piper_actor - DEBUG - exec_recv key ((1, 0), 1) from peer pp rank 0
[36m(PiperActor pid=1939917)[0m 2026-04-01 22:01:17,449 - piper_actor - DEBUG - run_dag dispatch (time 1): forward s1 mb1 bkt=0
[36m(PiperActor pid=1939903)[0m 2026-04-01 22:01:17,436 - piper_actor - DEBUG - run_dag dispatch (time -20001): all_gather s2 mb0 bkt=0
[36m(PiperActor pid=1939903)[0m 2026-04-01 22:01:17,437 - piper_actor - DEBUG - run_dag dispatch (time -20000): all_gather s0 mb0 bkt=0
[36m(PiperActor pid=1939903)[0m 2026-04-01 22:01:17,437 - piper_actor - DEBUG - run_dag dispatch (time 0): forward s0 mb0 bkt=0
[36m(PiperActor pid=1939903)[0m 2026-04-01 22:01:17,449 - piper_actor - DEBUG - run_dag dispatch (time 1): forward s0 mb1 bkt=0
[36m(PiperActor pid=1939912)[0m 2026-04-01 22:01:17,460 - piper_actor - DEBUG - run_dag dispatch (time 1): recv s3 mb0 bkt=0
[36m(PiperActor pid=1939912)[0m 2026-04-01 22:01:17,460 - piper_actor - DEBUG - exec_recv key ((3, 0), 0) from peer pp rank 0
[36m(PiperActor pid=1939912)[0m 2026-04-01 22:01:17,460 - piper_actor - DEBUG - run_dag dispatch (time 1): send s1 mb0 bkt=0
[36m(PiperActor pid=1939912)[0m 2026-04-01 22:01:17,460 - piper_actor - DEBUG - exec_send key ((1, 0), 0) to peer pp rank 0
[36m(PiperActor pid=1939912)[0m 2026-04-01 22:01:17,461 - piper_actor - DEBUG - run_dag dispatch (time 2): forward s3 mb0 bkt=0
[36m(PiperActor pid=1939912)[0m 2026-04-01 22:01:17,472 - piper_actor - DEBUG - run_dag dispatch (time 2): send s1 mb1 bkt=0
[36m(PiperActor pid=1939912)[0m 2026-04-01 22:01:17,472 - piper_actor - DEBUG - exec_send key ((1, 0), 1) to peer pp rank 0
[36m(PiperActor pid=1939912)[0m 2026-04-01 22:01:17,472 - piper_actor - DEBUG - run_dag dispatch (time 3): backward s3 mb0 bkt=0
[36m(PiperActor pid=1939908)[0m 2026-04-01 22:01:17,459 - piper_actor - DEBUG - run_dag dispatch (time 1): send s0 mb0 bkt=0
[36m(PiperActor pid=1939908)[0m 2026-04-01 22:01:17,459 - piper_actor - DEBUG - exec_send key ((0, 0), 0) to peer pp rank 1
[36m(PiperActor pid=1939908)[0m 2026-04-01 22:01:17,459 - piper_actor - DEBUG - run_dag dispatch (time 1): recv s2 mb0 bkt=0
[36m(PiperActor pid=1939908)[0m 2026-04-01 22:01:17,459 - piper_actor - DEBUG - exec_recv key ((2, 0), 0) from peer pp rank 1
[36m(PiperActor pid=1939908)[0m 2026-04-01 22:01:17,460 - piper_actor - DEBUG - run_dag dispatch (time 2): forward s2 mb0 bkt=0
[36m(PiperActor pid=1939908)[0m 2026-04-01 22:01:17,470 - piper_actor - DEBUG - run_dag dispatch (time 2): send s0 mb1 bkt=0
[36m(PiperActor pid=1939908)[0m 2026-04-01 22:01:17,470 - piper_actor - DEBUG - exec_send key ((0, 0), 1) to peer pp rank 1
[36m(PiperActor pid=1939908)[0m 2026-04-01 22:01:17,471 - piper_actor - DEBUG - run_dag dispatch (time 2): recv s2 mb1 bkt=0
[36m(PiperActor pid=1939908)[0m 2026-04-01 22:01:17,471 - piper_actor - DEBUG - exec_recv key ((2, 0), 1) from peer pp rank 1
[36m(PiperActor pid=1939908)[0m 2026-04-01 22:01:17,471 - piper_actor - DEBUG - run_dag dispatch (time 3): forward s2 mb1 bkt=0
[36m(PiperActor pid=1939908)[0m 2026-04-01 22:01:17,482 - piper_actor - DEBUG - run_dag dispatch (time 3): send s2 mb0 bkt=0
[36m(PiperActor pid=1939908)[0m 2026-04-01 22:01:17,482 - piper_actor - DEBUG - exec_send key ((2, 0), 0) to peer pp rank 1
[36m(PiperActor pid=1939908)[0m 2026-04-01 22:01:17,482 - piper_actor - DEBUG - run_dag dispatch (time 4): forward s0 mb2 bkt=0
[36m(PiperActor pid=1939908)[0m 2026-04-01 22:01:17,493 - piper_actor - DEBUG - run_dag dispatch (time 4): send s2 mb1 bkt=0
[36m(PiperActor pid=1939908)[0m 2026-04-01 22:01:17,493 - piper_actor - DEBUG - exec_send key ((2, 0), 1) to peer pp rank 1
[36m(PiperActor pid=1939908)[0m 2026-04-01 22:01:17,493 - piper_actor - DEBUG - run_dag dispatch (time 4): recv s2 mb0 bkt=0
[36m(PiperActor pid=1939908)[0m 2026-04-01 22:01:17,493 - piper_actor - DEBUG - exec_recv key (None, 0) from peer pp rank 1
[36m(PiperActor pid=1939908)[0m 2026-04-01 22:01:17,494 - piper_actor - DEBUG - run_dag dispatch (time 5): backward s2 mb0 bkt=0
[36m(PiperActor pid=1939917)[0m 2026-04-01 22:01:17,460 - piper_actor - DEBUG - run_dag dispatch (time 1): recv s3 mb0 bkt=0
[36m(PiperActor pid=1939917)[0m 2026-04-01 22:01:17,460 - piper_actor - DEBUG - exec_recv key ((3, 0), 0) from peer pp rank 0
[36m(PiperActor pid=1939917)[0m 2026-04-01 22:01:17,461 - piper_actor - DEBUG - run_dag dispatch (time 1): send s1 mb0 bkt=0
[36m(PiperActor pid=1939917)[0m 2026-04-01 22:01:17,461 - piper_actor - DEBUG - exec_send key ((1, 0), 0) to peer pp rank 0
[36m(PiperActor pid=1939917)[0m 2026-04-01 22:01:17,461 - piper_actor - DEBUG - run_dag dispatch (time 2): forward s3 mb0 bkt=0
[36m(PiperActor pid=1939917)[0m 2026-04-01 22:01:17,472 - piper_actor - DEBUG - run_dag dispatch (time 2): send s1 mb1 bkt=0
[36m(PiperActor pid=1939917)[0m 2026-04-01 22:01:17,472 - piper_actor - DEBUG - exec_send key ((1, 0), 1) to peer pp rank 0
[36m(PiperActor pid=1939917)[0m 2026-04-01 22:01:17,472 - piper_actor - DEBUG - run_dag dispatch (time 3): backward s3 mb0 bkt=0
[36m(PiperActor pid=1939903)[0m 2026-04-01 22:01:17,460 - piper_actor - DEBUG - run_dag dispatch (time 1): send s0 mb0 bkt=0
[36m(PiperActor pid=1939903)[0m 2026-04-01 22:01:17,460 - piper_actor - DEBUG - exec_send key ((0, 0), 0) to peer pp rank 1
[36m(PiperActor pid=1939903)[0m 2026-04-01 22:01:17,461 - piper_actor - DEBUG - run_dag dispatch (time 1): recv s2 mb0 bkt=0
[36m(PiperActor pid=1939903)[0m 2026-04-01 22:01:17,461 - piper_actor - DEBUG - exec_recv key ((2, 0), 0) from peer pp rank 1
[36m(PiperActor pid=1939903)[0m 2026-04-01 22:01:17,462 - piper_actor - DEBUG - run_dag dispatch (time 2): forward s2 mb0 bkt=0
[36m(PiperActor pid=1939903)[0m 2026-04-01 22:01:17,472 - piper_actor - DEBUG - run_dag dispatch (time 2): send s0 mb1 bkt=0
[36m(PiperActor pid=1939903)[0m 2026-04-01 22:01:17,473 - piper_actor - DEBUG - exec_send key ((0, 0), 1) to peer pp rank 1
[36m(PiperActor pid=1939903)[0m 2026-04-01 22:01:17,473 - piper_actor - DEBUG - run_dag dispatch (time 2): recv s2 mb1 bkt=0
[36m(PiperActor pid=1939903)[0m 2026-04-01 22:01:17,473 - piper_actor - DEBUG - exec_recv key ((2, 0), 1) from peer pp rank 1
[36m(PiperActor pid=1939903)[0m 2026-04-01 22:01:17,473 - piper_actor - DEBUG - run_dag dispatch (time 3): forward s2 mb1 bkt=0
[36m(PiperActor pid=1939903)[0m 2026-04-01 22:01:17,484 - piper_actor - DEBUG - run_dag dispatch (time 3): send s2 mb0 bkt=0
[36m(PiperActor pid=1939903)[0m 2026-04-01 22:01:17,484 - piper_actor - DEBUG - exec_send key ((2, 0), 0) to peer pp rank 1
[36m(PiperActor pid=1939903)[0m 2026-04-01 22:01:17,485 - piper_actor - DEBUG - run_dag dispatch (time 4): forward s0 mb2 bkt=0
[36m(PiperActor pid=1939903)[0m 2026-04-01 22:01:17,495 - piper_actor - DEBUG - run_dag dispatch (time 4): send s2 mb1 bkt=0
[36m(PiperActor pid=1939903)[0m 2026-04-01 22:01:17,495 - piper_actor - DEBUG - exec_send key ((2, 0), 1) to peer pp rank 1
[36m(PiperActor pid=1939903)[0m 2026-04-01 22:01:17,496 - piper_actor - DEBUG - run_dag dispatch (time 4): recv s2 mb0 bkt=0
[36m(PiperActor pid=1939903)[0m 2026-04-01 22:01:17,496 - piper_actor - DEBUG - exec_recv key (None, 0) from peer pp rank 1
[36m(PiperActor pid=1939903)[0m 2026-04-01 22:01:17,496 - piper_actor - DEBUG - run_dag dispatch (time 5): backward s2 mb0 bkt=0
[36m(PiperActor pid=1939912)[0m 2026-04-01 22:01:17,503 - piper_actor - DEBUG - run_dag dispatch (time 3): recv s3 mb1 bkt=0
[36m(PiperActor pid=1939912)[0m 2026-04-01 22:01:17,504 - piper_actor - DEBUG - exec_recv key ((3, 0), 1) from peer pp rank 0
[36m(PiperActor pid=1939912)[0m 2026-04-01 22:01:17,504 - piper_actor - DEBUG - run_dag dispatch (time 4): forward s3 mb1 bkt=0
[36m(PiperActor pid=1939908)[0m 2026-04-01 22:01:17,520 - piper_actor - DEBUG - run_dag dispatch (time 5): send s0 mb2 bkt=0
[36m(PiperActor pid=1939908)[0m 2026-04-01 22:01:17,520 - piper_actor - DEBUG - exec_send key ((0, 0), 2) to peer pp rank 1
[36m(PiperActor pid=1939908)[0m 2026-04-01 22:01:17,520 - piper_actor - DEBUG - run_dag dispatch (time 6): forward s0 mb3 bkt=0
[36m(PiperActor pid=1939917)[0m 2026-04-01 22:01:17,505 - piper_actor - DEBUG - run_dag dispatch (time 3): recv s3 mb1 bkt=0
[36m(PiperActor pid=1939917)[0m 2026-04-01 22:01:17,506 - piper_actor - DEBUG - exec_recv key ((3, 0), 1) from peer pp rank 0
[36m(PiperActor pid=1939917)[0m 2026-04-01 22:01:17,506 - piper_actor - DEBUG - run_dag dispatch (time 4): forward s3 mb1 bkt=0
[36m(PiperActor pid=1939903)[0m 2026-04-01 22:01:17,522 - piper_actor - DEBUG - run_dag dispatch (time 5): send s0 mb2 bkt=0
[36m(PiperActor pid=1939903)[0m 2026-04-01 22:01:17,522 - piper_actor - DEBUG - exec_send key ((0, 0), 2) to peer pp rank 1
[36m(PiperActor pid=1939903)[0m 2026-04-01 22:01:17,522 - piper_actor - DEBUG - run_dag dispatch (time 6): forward s0 mb3 bkt=0
[36m(PiperActor pid=1939912)[0m 2026-04-01 22:01:17,545 - piper_actor - DEBUG - run_dag dispatch (time 4): send s3 mb0 bkt=0
[36m(PiperActor pid=1939912)[0m 2026-04-01 22:01:17,545 - piper_actor - DEBUG - exec_send key (None, 0) to peer pp rank 0
[36m(PiperActor pid=1939912)[0m 2026-04-01 22:01:17,546 - piper_actor - DEBUG - run_dag dispatch (time 5): backward s3 mb1 bkt=0
[36m(PiperActor pid=1939912)[0m 2026-04-01 22:01:17,577 - piper_actor - DEBUG - run_dag dispatch (time 5): recv s1 mb2 bkt=0
[36m(PiperActor pid=1939912)[0m 2026-04-01 22:01:17,577 - piper_actor - DEBUG - exec_recv key ((1, 0), 2) from peer pp rank 0
[36m(PiperActor pid=1939908)[0m 2026-04-01 22:01:17,574 - piper_actor - DEBUG - run_dag dispatch (time 6): send s2 mb0 bkt=0
[36m(PiperActor pid=1939908)[0m 2026-04-01 22:01:17,574 - piper_actor - DEBUG - exec_send key (None, 0) to peer pp rank 1
[36m(PiperActor pid=1939908)[0m 2026-04-01 22:01:17,575 - piper_actor - DEBUG - run_dag dispatch (time 6): recv s2 mb1 bkt=0
[36m(PiperActor pid=1939908)[0m 2026-04-01 22:01:17,575 - piper_actor - DEBUG - exec_recv key (None, 1) from peer pp rank 1
[36m(PiperActor pid=1939908)[0m 2026-04-01 22:01:17,575 - piper_actor - DEBUG - run_dag dispatch (time 7): backward s2 mb1 bkt=0
[36m(PiperActor pid=1939917)[0m 2026-04-01 22:01:17,546 - piper_actor - DEBUG - run_dag dispatch (time 4): send s3 mb0 bkt=0
[36m(PiperActor pid=1939917)[0m 2026-04-01 22:01:17,547 - piper_actor - DEBUG - exec_send key (None, 0) to peer pp rank 0
[36m(PiperActor pid=1939917)[0m 2026-04-01 22:01:17,547 - piper_actor - DEBUG - run_dag dispatch (time 5): backward s3 mb1 bkt=0
[36m(PiperActor pid=1939917)[0m 2026-04-01 22:01:17,578 - piper_actor - DEBUG - run_dag dispatch (time 5): recv s1 mb2 bkt=0
[36m(PiperActor pid=1939917)[0m 2026-04-01 22:01:17,578 - piper_actor - DEBUG - exec_recv key ((1, 0), 2) from peer pp rank 0
[36m(PiperActor pid=1939917)[0m 2026-04-01 22:01:17,579 - piper_actor - DEBUG - run_dag dispatch (time 6): forward s1 mb2 bkt=0
[36m(PiperActor pid=1939903)[0m 2026-04-01 22:01:17,576 - piper_actor - DEBUG - run_dag dispatch (time 6): send s2 mb0 bkt=0
[36m(PiperActor pid=1939903)[0m 2026-04-01 22:01:17,576 - piper_actor - DEBUG - exec_send key (None, 0) to peer pp rank 1
[36m(PiperActor pid=1939903)[0m 2026-04-01 22:01:17,576 - piper_actor - DEBUG - run_dag dispatch (time 6): recv s2 mb1 bkt=0
[36m(PiperActor pid=1939903)[0m 2026-04-01 22:01:17,577 - piper_actor - DEBUG - exec_recv key (None, 1) from peer pp rank 1
[36m(PiperActor pid=1939903)[0m 2026-04-01 22:01:17,577 - piper_actor - DEBUG - run_dag dispatch (time 7): backward s2 mb1 bkt=0
[36m(PiperActor pid=1939912)[0m 2026-04-01 22:01:17,578 - piper_actor - DEBUG - run_dag dispatch (time 6): forward s1 mb2 bkt=0
[36m(PiperActor pid=1939912)[0m 2026-04-01 22:01:17,616 - piper_actor - DEBUG - run_dag dispatch (time 6): recv s1 mb0 bkt=0
[36m(PiperActor pid=1939912)[0m 2026-04-01 22:01:17,616 - piper_actor - DEBUG - exec_recv key (None, 0) from peer pp rank 0
[36m(PiperActor pid=1939912)[0m 2026-04-01 22:01:17,617 - piper_actor - DEBUG - run_dag dispatch (time 6): send s3 mb1 bkt=0
[36m(PiperActor pid=1939912)[0m 2026-04-01 22:01:17,617 - piper_actor - DEBUG - exec_send key (None, 1) to peer pp rank 0
[36m(PiperActor pid=1939912)[0m 2026-04-01 22:01:17,617 - piper_actor - DEBUG - run_dag dispatch (time 7): backward s1 mb0 bkt=0
[36m(PiperActor pid=1939908)[0m 2026-04-01 22:01:17,610 - piper_actor - DEBUG - run_dag dispatch (time 7): send s0 mb3 bkt=0
[36m(PiperActor pid=1939908)[0m 2026-04-01 22:01:17,610 - piper_actor - DEBUG - exec_send key ((0, 0), 3) to peer pp rank 1
[36m(PiperActor pid=1939908)[0m 2026-04-01 22:01:17,611 - piper_actor - DEBUG - run_dag dispatch (time 7): recv s2 mb2 bkt=0
[36m(PiperActor pid=1939908)[0m 2026-04-01 22:01:17,611 - piper_actor - DEBUG - exec_recv key ((2, 0), 2) from peer pp rank 1
[36m(PiperActor pid=1939908)[0m 2026-04-01 22:01:17,611 - piper_actor - DEBUG - run_dag dispatch (time 8): forward s2 mb2 bkt=0
[36m(PiperActor pid=1939917)[0m 2026-04-01 22:01:17,617 - piper_actor - DEBUG - run_dag dispatch (time 6): recv s1 mb0 bkt=0
[36m(PiperActor pid=1939917)[0m 2026-04-01 22:01:17,617 - piper_actor - DEBUG - exec_recv key (None, 0) from peer pp rank 0
[36m(PiperActor pid=1939917)[0m 2026-04-01 22:01:17,617 - piper_actor - DEBUG - run_dag dispatch (time 6): send s3 mb1 bkt=0
[36m(PiperActor pid=1939917)[0m 2026-04-01 22:01:17,617 - piper_actor - DEBUG - exec_send key (None, 1) to peer pp rank 0
[36m(PiperActor pid=1939917)[0m 2026-04-01 22:01:17,618 - piper_actor - DEBUG - run_dag dispatch (time 7): backward s1 mb0 bkt=0
[36m(PiperActor pid=1939903)[0m 2026-04-01 22:01:17,611 - piper_actor - DEBUG - run_dag dispatch (time 7): send s0 mb3 bkt=0
[36m(PiperActor pid=1939903)[0m 2026-04-01 22:01:17,611 - piper_actor - DEBUG - exec_send key ((0, 0), 3) to peer pp rank 1
[36m(PiperActor pid=1939903)[0m 2026-04-01 22:01:17,612 - piper_actor - DEBUG - run_dag dispatch (time 7): recv s2 mb2 bkt=0
[36m(PiperActor pid=1939903)[0m 2026-04-01 22:01:17,612 - piper_actor - DEBUG - exec_recv key ((2, 0), 2) from peer pp rank 1
[36m(PiperActor pid=1939903)[0m 2026-04-01 22:01:17,612 - piper_actor - DEBUG - run_dag dispatch (time 8): forward s2 mb2 bkt=0
[36m(PiperActor pid=1939912)[0m 2026-04-01 22:01:17,647 - piper_actor - DEBUG - run_dag dispatch (time 7): recv s1 mb3 bkt=0
[36m(PiperActor pid=1939912)[0m 2026-04-01 22:01:17,648 - piper_actor - DEBUG - exec_recv key ((1, 0), 3) from peer pp rank 0
[36m(PiperActor pid=1939912)[0m 2026-04-01 22:01:17,648 - piper_actor - DEBUG - run_dag dispatch (time 7): send s1 mb2 bkt=0
[36m(PiperActor pid=1939912)[0m 2026-04-01 22:01:17,648 - piper_actor - DEBUG - exec_send key ((1, 0), 2) to peer pp rank 0
[36m(PiperActor pid=1939912)[0m 2026-04-01 22:01:17,648 - piper_actor - DEBUG - run_dag dispatch (time 8): forward s1 mb3 bkt=0
[36m(PiperActor pid=1939908)[0m 2026-04-01 22:01:17,647 - piper_actor - DEBUG - run_dag dispatch (time 8): send s2 mb1 bkt=0
[36m(PiperActor pid=1939908)[0m 2026-04-01 22:01:17,647 - piper_actor - DEBUG - exec_send key (None, 1) to peer pp rank 1
[36m(PiperActor pid=1939908)[0m 2026-04-01 22:01:17,647 - piper_actor - DEBUG - run_dag dispatch (time 8): recv s0 mb0 bkt=0
[36m(PiperActor pid=1939908)[0m 2026-04-01 22:01:17,648 - piper_actor - DEBUG - exec_recv key (None, 0) from peer pp rank 1
[36m(PiperActor pid=1939908)[0m 2026-04-01 22:01:17,648 - piper_actor - DEBUG - run_dag dispatch (time 9): backward s0 mb0 bkt=0
[36m(PiperActor pid=1939917)[0m 2026-04-01 22:01:17,648 - piper_actor - DEBUG - run_dag dispatch (time 7): recv s1 mb3 bkt=0
[36m(PiperActor pid=1939917)[0m 2026-04-01 22:01:17,648 - piper_actor - DEBUG - exec_recv key ((1, 0), 3) from peer pp rank 0
[36m(PiperActor pid=1939917)[0m 2026-04-01 22:01:17,649 - piper_actor - DEBUG - run_dag dispatch (time 7): send s1 mb2 bkt=0
[36m(PiperActor pid=1939917)[0m 2026-04-01 22:01:17,649 - piper_actor - DEBUG - exec_send key ((1, 0), 2) to peer pp rank 0
[36m(PiperActor pid=1939917)[0m 2026-04-01 22:01:17,649 - piper_actor - DEBUG - run_dag dispatch (time 8): forward s1 mb3 bkt=0
[36m(PiperActor pid=1939903)[0m 2026-04-01 22:01:17,648 - piper_actor - DEBUG - run_dag dispatch (time 8): send s2 mb1 bkt=0
[36m(PiperActor pid=1939903)[0m 2026-04-01 22:01:17,648 - piper_actor - DEBUG - exec_send key (None, 1) to peer pp rank 1
[36m(PiperActor pid=1939903)[0m 2026-04-01 22:01:17,648 - piper_actor - DEBUG - run_dag dispatch (time 8): recv s0 mb0 bkt=0
[36m(PiperActor pid=1939903)[0m 2026-04-01 22:01:17,648 - piper_actor - DEBUG - exec_recv key (None, 0) from peer pp rank 1
[36m(PiperActor pid=1939903)[0m 2026-04-01 22:01:17,649 - piper_actor - DEBUG - run_dag dispatch (time 9): backward s0 mb0 bkt=0
[36m(PiperActor pid=1939912)[0m 2026-04-01 22:01:17,663 - piper_actor - DEBUG - run_dag dispatch (time 8): recv s1 mb1 bkt=0
[36m(PiperActor pid=1939912)[0m 2026-04-01 22:01:17,663 - piper_actor - DEBUG - exec_recv key (None, 1) from peer pp rank 0
[36m(PiperActor pid=1939912)[0m 2026-04-01 22:01:17,663 - piper_actor - DEBUG - run_dag dispatch (time 8): send s1 mb0 bkt=0
[36m(PiperActor pid=1939912)[0m 2026-04-01 22:01:17,663 - piper_actor - DEBUG - exec_send key (None, 0) to peer pp rank 0
[36m(PiperActor pid=1939912)[0m 2026-04-01 22:01:17,663 - piper_actor - DEBUG - run_dag dispatch (time 9): backward s1 mb1 bkt=0
[36m(PiperActor pid=1939912)[0m 2026-04-01 22:01:17,697 - piper_actor - DEBUG - run_dag dispatch (time 9): recv s3 mb2 bkt=0
[36m(PiperActor pid=1939912)[0m 2026-04-01 22:01:17,697 - piper_actor - DEBUG - exec_recv key ((3, 0), 2) from peer pp rank 0
[36m(PiperActor pid=1939912)[0m 2026-04-01 22:01:17,698 - piper_actor - DEBUG - run_dag dispatch (time 9): send s1 mb3 bkt=0
[36m(PiperActor pid=1939912)[0m 2026-04-01 22:01:17,698 - piper_actor - DEBUG - exec_send key ((1, 0), 3) to peer pp rank 0
[36m(PiperActor pid=1939908)[0m 2026-04-01 22:01:17,685 - piper_actor - DEBUG - run_dag dispatch (time 9): send s2 mb2 bkt=0
[36m(PiperActor pid=1939908)[0m 2026-04-01 22:01:17,685 - piper_actor - DEBUG - exec_send key ((2, 0), 2) to peer pp rank 1
[36m(PiperActor pid=1939908)[0m 2026-04-01 22:01:17,685 - piper_actor - DEBUG - run_dag dispatch (time 9): recv s2 mb3 bkt=0
[36m(PiperActor pid=1939908)[0m 2026-04-01 22:01:17,685 - piper_actor - DEBUG - exec_recv key ((2, 0), 3) from peer pp rank 1
[36m(PiperActor pid=1939908)[0m 2026-04-01 22:01:17,686 - piper_actor - DEBUG - run_dag dispatch (time 10): forward s2 mb3 bkt=0
[36m(PiperActor pid=1939917)[0m 2026-04-01 22:01:17,663 - piper_actor - DEBUG - run_dag dispatch (time 8): recv s1 mb1 bkt=0
[36m(PiperActor pid=1939917)[0m 2026-04-01 22:01:17,664 - piper_actor - DEBUG - exec_recv key (None, 1) from peer pp rank 0
[36m(PiperActor pid=1939917)[0m 2026-04-01 22:01:17,664 - piper_actor - DEBUG - run_dag dispatch (time 8): send s1 mb0 bkt=0
[36m(PiperActor pid=1939917)[0m 2026-04-01 22:01:17,664 - piper_actor - DEBUG - exec_send key (None, 0) to peer pp rank 0
[36m(PiperActor pid=1939917)[0m 2026-04-01 22:01:17,664 - piper_actor - DEBUG - run_dag dispatch (time 9): backward s1 mb1 bkt=0
[36m(PiperActor pid=1939917)[0m 2026-04-01 22:01:17,698 - piper_actor - DEBUG - run_dag dispatch (time 9): recv s3 mb2 bkt=0
[36m(PiperActor pid=1939917)[0m 2026-04-01 22:01:17,699 - piper_actor - DEBUG - exec_recv key ((3, 0), 2) from peer pp rank 0
[36m(PiperActor pid=1939917)[0m 2026-04-01 22:01:17,699 - piper_actor - DEBUG - run_dag dispatch (time 9): send s1 mb3 bkt=0
[36m(PiperActor pid=1939917)[0m 2026-04-01 22:01:17,699 - piper_actor - DEBUG - exec_send key ((1, 0), 3) to peer pp rank 0
[36m(PiperActor pid=1939917)[0m 2026-04-01 22:01:17,699 - piper_actor - DEBUG - run_dag dispatch (time 10): forward s3 mb2 bkt=0
[36m(PiperActor pid=1939903)[0m 2026-04-01 22:01:17,685 - piper_actor - DEBUG - run_dag dispatch (time 9): send s2 mb2 bkt=0
[36m(PiperActor pid=1939903)[0m 2026-04-01 22:01:17,686 - piper_actor - DEBUG - exec_send key ((2, 0), 2) to peer pp rank 1
[36m(PiperActor pid=1939903)[0m 2026-04-01 22:01:17,686 - piper_actor - DEBUG - run_dag dispatch (time 9): recv s2 mb3 bkt=0
[36m(PiperActor pid=1939903)[0m 2026-04-01 22:01:17,686 - piper_actor - DEBUG - exec_recv key ((2, 0), 3) from peer pp rank 1
[36m(PiperActor pid=1939903)[0m 2026-04-01 22:01:17,687 - piper_actor - DEBUG - run_dag dispatch (time 10): forward s2 mb3 bkt=0
[36m(PiperActor pid=1939912)[0m 2026-04-01 22:01:17,698 - piper_actor - DEBUG - run_dag dispatch (time 10): forward s3 mb2 bkt=0
[36m(PiperActor pid=1939912)[0m 2026-04-01 22:01:17,713 - piper_actor - DEBUG - run_dag dispatch (time 10): send s1 mb1 bkt=0
[36m(PiperActor pid=1939912)[0m 2026-04-01 22:01:17,713 - piper_actor - DEBUG - exec_send key (None, 1) to peer pp rank 0
[36m(PiperActor pid=1939912)[0m 2026-04-01 22:01:17,713 - piper_actor - DEBUG - run_dag dispatch (time 11): backward s3 mb2 bkt=0
[36m(PiperActor pid=1939908)[0m 2026-04-01 22:01:17,704 - piper_actor - DEBUG - run_dag dispatch (time 10): recv s0 mb1 bkt=0
[36m(PiperActor pid=1939908)[0m 2026-04-01 22:01:17,704 - piper_actor - DEBUG - exec_recv key (None, 1) from peer pp rank 1
[36m(PiperActor pid=1939908)[0m 2026-04-01 22:01:17,705 - piper_actor - DEBUG - run_dag dispatch (time 11): backward s0 mb1 bkt=0
[36m(PiperActor pid=1939917)[0m 2026-04-01 22:01:17,714 - piper_actor - DEBUG - run_dag dispatch (time 10): send s1 mb1 bkt=0
[36m(PiperActor pid=1939917)[0m 2026-04-01 22:01:17,714 - piper_actor - DEBUG - exec_send key (None, 1) to peer pp rank 0
[36m(PiperActor pid=1939917)[0m 2026-04-01 22:01:17,714 - piper_actor - DEBUG - run_dag dispatch (time 11): backward s3 mb2 bkt=0
[36m(PiperActor pid=1939903)[0m 2026-04-01 22:01:17,705 - piper_actor - DEBUG - run_dag dispatch (time 10): recv s0 mb1 bkt=0
[36m(PiperActor pid=1939903)[0m 2026-04-01 22:01:17,706 - piper_actor - DEBUG - exec_recv key (None, 1) from peer pp rank 1
[36m(PiperActor pid=1939903)[0m 2026-04-01 22:01:17,706 - piper_actor - DEBUG - run_dag dispatch (time 11): backward s0 mb1 bkt=0
[36m(PiperActor pid=1939912)[0m 2026-04-01 22:01:17,745 - piper_actor - DEBUG - run_dag dispatch (time 11): recv s3 mb3 bkt=0
[36m(PiperActor pid=1939912)[0m 2026-04-01 22:01:17,745 - piper_actor - DEBUG - exec_recv key ((3, 0), 3) from peer pp rank 0
[36m(PiperActor pid=1939912)[0m 2026-04-01 22:01:17,746 - piper_actor - DEBUG - run_dag dispatch (time 12): forward s3 mb3 bkt=0
[36m(PiperActor pid=1939908)[0m 2026-04-01 22:01:17,741 - piper_actor - DEBUG - run_dag dispatch (time 11): send s2 mb3 bkt=0
[36m(PiperActor pid=1939908)[0m 2026-04-01 22:01:17,741 - piper_actor - DEBUG - exec_send key ((2, 0), 3) to peer pp rank 1
[36m(PiperActor pid=1939908)[0m 2026-04-01 22:01:17,742 - piper_actor - DEBUG - run_dag dispatch (time 11): recv s2 mb2 bkt=0
[36m(PiperActor pid=1939908)[0m 2026-04-01 22:01:17,742 - piper_actor - DEBUG - exec_recv key (None, 2) from peer pp rank 1
[36m(PiperActor pid=1939908)[0m 2026-04-01 22:01:17,742 - piper_actor - DEBUG - run_dag dispatch (time 12): backward s2 mb2 bkt=0
[36m(PiperActor pid=1939908)[0m 2026-04-01 22:01:17,778 - piper_actor - DEBUG - run_dag dispatch (time 12): recv s2 mb3 bkt=0
[36m(PiperActor pid=1939908)[0m 2026-04-01 22:01:17,778 - piper_actor - DEBUG - exec_recv key (None, 3) from peer pp rank 1
[36m(PiperActor pid=1939908)[0m 2026-04-01 22:01:17,778 - piper_actor - DEBUG - run_dag dispatch (time 13): backward s2 mb3 bkt=0
[36m(PiperActor pid=1939917)[0m 2026-04-01 22:01:17,746 - piper_actor - DEBUG - run_dag dispatch (time 11): recv s3 mb3 bkt=0
[36m(PiperActor pid=1939917)[0m 2026-04-01 22:01:17,747 - piper_actor - DEBUG - exec_recv key ((3, 0), 3) from peer pp rank 0
[36m(PiperActor pid=1939917)[0m 2026-04-01 22:01:17,747 - piper_actor - DEBUG - run_dag dispatch (time 12): forward s3 mb3 bkt=0
[36m(PiperActor pid=1939903)[0m 2026-04-01 22:01:17,742 - piper_actor - DEBUG - run_dag dispatch (time 11): send s2 mb3 bkt=0
[36m(PiperActor pid=1939903)[0m 2026-04-01 22:01:17,743 - piper_actor - DEBUG - exec_send key ((2, 0), 3) to peer pp rank 1
[36m(PiperActor pid=1939903)[0m 2026-04-01 22:01:17,743 - piper_actor - DEBUG - run_dag dispatch (time 11): recv s2 mb2 bkt=0
[36m(PiperActor pid=1939903)[0m 2026-04-01 22:01:17,743 - piper_actor - DEBUG - exec_recv key (None, 2) from peer pp rank 1
[36m(PiperActor pid=1939903)[0m 2026-04-01 22:01:17,744 - piper_actor - DEBUG - run_dag dispatch (time 12): backward s2 mb2 bkt=0
[36m(PiperActor pid=1939903)[0m 2026-04-01 22:01:17,779 - piper_actor - DEBUG - run_dag dispatch (time 12): recv s2 mb3 bkt=0
[36m(PiperActor pid=1939903)[0m 2026-04-01 22:01:17,779 - piper_actor - DEBUG - exec_recv key (None, 3) from peer pp rank 1
[36m(PiperActor pid=1939903)[0m 2026-04-01 22:01:17,780 - piper_actor - DEBUG - run_dag dispatch (time 13): backward s2 mb3 bkt=0
[36m(PiperActor pid=1939912)[0m 2026-04-01 22:01:17,786 - piper_actor - DEBUG - run_dag dispatch (time 12): send s3 mb2 bkt=0
[36m(PiperActor pid=1939912)[0m 2026-04-01 22:01:17,786 - piper_actor - DEBUG - exec_send key (None, 2) to peer pp rank 0
[36m(PiperActor pid=1939912)[0m 2026-04-01 22:01:17,787 - piper_actor - DEBUG - run_dag dispatch (time 13): backward s3 mb3 bkt=0
[36m(PiperActor pid=1939917)[0m 2026-04-01 22:01:17,787 - piper_actor - DEBUG - run_dag dispatch (time 12): send s3 mb2 bkt=0
[36m(PiperActor pid=1939917)[0m 2026-04-01 22:01:17,787 - piper_actor - DEBUG - exec_send key (None, 2) to peer pp rank 0
[36m(PiperActor pid=1939917)[0m 2026-04-01 22:01:17,787 - piper_actor - DEBUG - run_dag dispatch (time 13): backward s3 mb3 bkt=0
[36m(PiperActor pid=1939912)[0m 2026-04-01 22:01:17,818 - piper_actor - DEBUG - run_dag dispatch (time 13): recv s1 mb2 bkt=0
[36m(PiperActor pid=1939912)[0m 2026-04-01 22:01:17,819 - piper_actor - DEBUG - exec_recv key (None, 2) from peer pp rank 0
[36m(PiperActor pid=1939912)[0m 2026-04-01 22:01:17,820 - piper_actor - DEBUG - run_dag dispatch (time 14): backward s1 mb2 bkt=0
[36m(PiperActor pid=1939908)[0m 2026-04-01 22:01:17,834 - piper_actor - DEBUG - run_dag dispatch (time 13): send s2 mb2 bkt=0
[36m(PiperActor pid=1939908)[0m 2026-04-01 22:01:17,834 - piper_actor - DEBUG - exec_send key (None, 2) to peer pp rank 1
[36m(PiperActor pid=1939908)[0m 2026-04-01 22:01:17,835 - piper_actor - DEBUG - run_dag dispatch (time 13): recv s0 mb2 bkt=0
[36m(PiperActor pid=1939908)[0m 2026-04-01 22:01:17,835 - piper_actor - DEBUG - exec_recv key (None, 2) from peer pp rank 1
[36m(PiperActor pid=1939908)[0m 2026-04-01 22:01:17,835 - piper_actor - DEBUG - run_dag dispatch (time 14): backward s0 mb2 bkt=0
[36m(PiperActor pid=1939917)[0m 2026-04-01 22:01:17,819 - piper_actor - DEBUG - run_dag dispatch (time 13): recv s1 mb2 bkt=0
[36m(PiperActor pid=1939917)[0m 2026-04-01 22:01:17,820 - piper_actor - DEBUG - exec_recv key (None, 2) from peer pp rank 0
[36m(PiperActor pid=1939917)[0m 2026-04-01 22:01:17,821 - piper_actor - DEBUG - run_dag dispatch (time 14): backward s1 mb2 bkt=0
[36m(PiperActor pid=1939903)[0m 2026-04-01 22:01:17,834 - piper_actor - DEBUG - run_dag dispatch (time 13): send s2 mb2 bkt=0
[36m(PiperActor pid=1939903)[0m 2026-04-01 22:01:17,835 - piper_actor - DEBUG - exec_send key (None, 2) to peer pp rank 1
[36m(PiperActor pid=1939903)[0m 2026-04-01 22:01:17,835 - piper_actor - DEBUG - run_dag dispatch (time 13): recv s0 mb2 bkt=0
[36m(PiperActor pid=1939903)[0m 2026-04-01 22:01:17,835 - piper_actor - DEBUG - exec_recv key (None, 2) from peer pp rank 1
[36m(PiperActor pid=1939903)[0m 2026-04-01 22:01:17,836 - piper_actor - DEBUG - run_dag dispatch (time 14): backward s0 mb2 bkt=0
[36m(PiperActor pid=1939912)[0m 2026-04-01 22:01:17,877 - piper_actor - DEBUG - run_dag dispatch (time 14): recv s1 mb3 bkt=0
[36m(PiperActor pid=1939912)[0m 2026-04-01 22:01:17,877 - piper_actor - DEBUG - exec_recv key (None, 3) from peer pp rank 0
[36m(PiperActor pid=1939912)[0m 2026-04-01 22:01:17,878 - piper_actor - DEBUG - run_dag dispatch (time 14): send s3 mb3 bkt=0
[36m(PiperActor pid=1939912)[0m 2026-04-01 22:01:17,878 - piper_actor - DEBUG - exec_send key (None, 3) to peer pp rank 0
[36m(PiperActor pid=1939912)[0m 2026-04-01 22:01:17,878 - piper_actor - DEBUG - run_dag dispatch (time 14): reduce_scatter s3 mb3 bkt=0
[36m(PiperActor pid=1939912)[0m 2026-04-01 22:01:17,879 - piper_actor - DEBUG - run_dag dispatch (time 15): backward s1 mb3 bkt=0
[36m(PiperActor pid=1939917)[0m 2026-04-01 22:01:17,877 - piper_actor - DEBUG - run_dag dispatch (time 14): recv s1 mb3 bkt=0
[36m(PiperActor pid=1939917)[0m 2026-04-01 22:01:17,878 - piper_actor - DEBUG - exec_recv key (None, 3) from peer pp rank 0
[36m(PiperActor pid=1939917)[0m 2026-04-01 22:01:17,878 - piper_actor - DEBUG - run_dag dispatch (time 14): send s3 mb3 bkt=0
[36m(PiperActor pid=1939917)[0m 2026-04-01 22:01:17,879 - piper_actor - DEBUG - exec_send key (None, 3) to peer pp rank 0
[36m(PiperActor pid=1939917)[0m 2026-04-01 22:01:17,879 - piper_actor - DEBUG - run_dag dispatch (time 14): reduce_scatter s3 mb3 bkt=0
[36m(PiperActor pid=1939917)[0m 2026-04-01 22:01:17,880 - piper_actor - DEBUG - run_dag dispatch (time 15): backward s1 mb3 bkt=0
[36m(PiperActor pid=1939912)[0m 2026-04-01 22:01:17,914 - piper_actor - DEBUG - run_dag dispatch (time 15): send s1 mb2 bkt=0
[36m(PiperActor pid=1939912)[0m 2026-04-01 22:01:17,914 - piper_actor - DEBUG - exec_send key (None, 2) to peer pp rank 0
[36m(PiperActor pid=1939912)[0m 2026-04-01 22:01:17,915 - piper_actor - DEBUG - run_dag dispatch (time 16): update s1 mb3 bkt=0
[36m(PiperActor pid=1939908)[0m 2026-04-01 22:01:17,913 - piper_actor - DEBUG - run_dag dispatch (time 14): send s2 mb3 bkt=0
[36m(PiperActor pid=1939908)[0m 2026-04-01 22:01:17,914 - piper_actor - DEBUG - exec_send key (None, 3) to peer pp rank 1
[36m(PiperActor pid=1939908)[0m 2026-04-01 22:01:17,914 - piper_actor - DEBUG - run_dag dispatch (time 14): recv s0 mb3 bkt=0
[36m(PiperActor pid=1939908)[0m 2026-04-01 22:01:17,915 - piper_actor - DEBUG - exec_recv key (None, 3) from peer pp rank 1
[36m(PiperActor pid=1939908)[0m 2026-04-01 22:01:17,915 - piper_actor - DEBUG - run_dag dispatch (time 14): reduce_scatter s2 mb3 bkt=0
[36m(PiperActor pid=1939908)[0m 2026-04-01 22:01:17,915 - piper_actor - DEBUG - run_dag dispatch (time 15): backward s0 mb3 bkt=0
[36m(PiperActor pid=1939917)[0m 2026-04-01 22:01:17,914 - piper_actor - DEBUG - run_dag dispatch (time 15): send s1 mb2 bkt=0
[36m(PiperActor pid=1939917)[0m 2026-04-01 22:01:17,914 - piper_actor - DEBUG - exec_send key (None, 2) to peer pp rank 0
[36m(PiperActor pid=1939917)[0m 2026-04-01 22:01:17,915 - piper_actor - DEBUG - run_dag dispatch (time 16): update s1 mb3 bkt=0
[36m(PiperActor pid=1939903)[0m 2026-04-01 22:01:17,913 - piper_actor - DEBUG - run_dag dispatch (time 14): send s2 mb3 bkt=0
[36m(PiperActor pid=1939903)[0m 2026-04-01 22:01:17,913 - piper_actor - DEBUG - exec_send key (None, 3) to peer pp rank 1
[36m(PiperActor pid=1939903)[0m 2026-04-01 22:01:17,914 - piper_actor - DEBUG - run_dag dispatch (time 14): recv s0 mb3 bkt=0
[36m(PiperActor pid=1939903)[0m 2026-04-01 22:01:17,914 - piper_actor - DEBUG - exec_recv key (None, 3) from peer pp rank 1
[36m(PiperActor pid=1939903)[0m 2026-04-01 22:01:17,914 - piper_actor - DEBUG - run_dag dispatch (time 14): reduce_scatter s2 mb3 bkt=0
[36m(PiperActor pid=1939903)[0m 2026-04-01 22:01:17,915 - piper_actor - DEBUG - run_dag dispatch (time 15): backward s0 mb3 bkt=0
[36m(PiperActor pid=1939912)[0m 2026-04-01 22:01:17,970 - piper_actor - DEBUG - run_dag dispatch (time 16): send s1 mb3 bkt=0
[36m(PiperActor pid=1939912)[0m 2026-04-01 22:01:17,970 - piper_actor - DEBUG - exec_send key (None, 3) to peer pp rank 0
[36m(PiperActor pid=1939912)[0m 2026-04-01 22:01:17,970 - piper_actor - DEBUG - run_dag dispatch (time 16): reduce_scatter s1 mb3 bkt=0
[36m(PiperActor pid=1939908)[0m 2026-04-01 22:01:17,954 - piper_actor - DEBUG - run_dag dispatch (time 16): update s0 mb3 bkt=0
[36m(PiperActor pid=1939917)[0m 2026-04-01 22:01:17,969 - piper_actor - DEBUG - run_dag dispatch (time 16): send s1 mb3 bkt=0
[36m(PiperActor pid=1939917)[0m 2026-04-01 22:01:17,969 - piper_actor - DEBUG - exec_send key (None, 3) to peer pp rank 0
[36m(PiperActor pid=1939917)[0m 2026-04-01 22:01:17,970 - piper_actor - DEBUG - run_dag dispatch (time 16): reduce_scatter s1 mb3 bkt=0
[36m(PiperActor pid=1939903)[0m 2026-04-01 22:01:17,953 - piper_actor - DEBUG - run_dag dispatch (time 16): update s0 mb3 bkt=0
[36m(PiperActor pid=1939908)[0m 2026-04-01 22:01:18,013 - piper_actor - DEBUG - run_dag dispatch (time 16): reduce_scatter s0 mb3 bkt=0
[36m(PiperActor pid=1939903)[0m 2026-04-01 22:01:18,012 - piper_actor - DEBUG - run_dag dispatch (time 16): reduce_scatter s0 mb3 bkt=0
[36m(PiperActor pid=1939912)[0m 2026-04-01 22:01:19,028 - piper_actor - DEBUG - run_dag dispatch (time -20001): all_gather s3 mb0 bkt=0
[36m(PiperActor pid=1939912)[0m 2026-04-01 22:01:19,029 - piper_actor - DEBUG - run_dag dispatch (time -20000): all_gather s1 mb0 bkt=0
[36m(PiperActor pid=1939912)[0m 2026-04-01 22:01:19,029 - piper_actor - DEBUG - run_dag dispatch (time -1): recv s1 mb0 bkt=0
[36m(PiperActor pid=1939912)[0m 2026-04-01 22:01:19,029 - piper_actor - DEBUG - exec_recv key ((1, 0), 0) from peer pp rank 0
[36m(PiperActor pid=1939912)[0m 2026-04-01 22:01:19,029 - piper_actor - DEBUG - run_dag dispatch (time 0): forward s1 mb0 bkt=0
[36m(PiperActor pid=1939912)[0m 2026-04-01 22:01:19,041 - piper_actor - DEBUG - run_dag dispatch (time 0): recv s1 mb1 bkt=0
[36m(PiperActor pid=1939912)[0m 2026-04-01 22:01:19,041 - piper_actor - DEBUG - exec_recv key ((1, 0), 1) from peer pp rank 0
[36m(PiperActor pid=1939912)[0m 2026-04-01 22:01:19,041 - piper_actor - DEBUG - run_dag dispatch (time 1): forward s1 mb1 bkt=0
[36m(PiperActor pid=1939912)[0m 2026-04-01 22:01:19,052 - piper_actor - DEBUG - run_dag dispatch (time 1): recv s3 mb0 bkt=0
[36m(PiperActor pid=1939912)[0m 2026-04-01 22:01:19,052 - piper_actor - DEBUG - exec_recv key ((3, 0), 0) from peer pp rank 0
[36m(PiperActor pid=1939912)[0m 2026-04-01 22:01:19,053 - piper_actor - DEBUG - run_dag dispatch (time 1): send s1 mb0 bkt=0
[36m(PiperActor pid=1939912)[0m 2026-04-01 22:01:19,053 - piper_actor - DEBUG - exec_send key ((1, 0), 0) to peer pp rank 0
[36m(PiperActor pid=1939912)[0m 2026-04-01 22:01:19,053 - piper_actor - DEBUG - run_dag dispatch (time 2): forward s3 mb0 bkt=0
[36m(PiperActor pid=1939912)[0m 2026-04-01 22:01:19,063 - piper_actor - DEBUG - run_dag dispatch (time 2): send s1 mb1 bkt=0
[36m(PiperActor pid=1939912)[0m 2026-04-01 22:01:19,064 - piper_actor - DEBUG - exec_send key ((1, 0), 1) to peer pp rank 0
[36m(PiperActor pid=1939912)[0m 2026-04-01 22:01:19,064 - piper_actor - DEBUG - run_dag dispatch (time 3): backward s3 mb0 bkt=0
[36m(PiperActor pid=1939908)[0m 2026-04-01 22:01:19,027 - piper_actor - DEBUG - run_dag dispatch (time -20001): all_gather s2 mb0 bkt=0
[36m(PiperActor pid=1939908)[0m 2026-04-01 22:01:19,028 - piper_actor - DEBUG - run_dag dispatch (time -20000): all_gather s0 mb0 bkt=0
[36m(PiperActor pid=1939908)[0m 2026-04-01 22:01:19,029 - piper_actor - DEBUG - run_dag dispatch (time 0): forward s0 mb0 bkt=0
[36m(PiperActor pid=1939908)[0m 2026-04-01 22:01:19,041 - piper_actor - DEBUG - run_dag dispatch (time 1): forward s0 mb1 bkt=0
[36m(PiperActor pid=1939908)[0m 2026-04-01 22:01:19,051 - piper_actor - DEBUG - run_dag dispatch (time 1): send s0 mb0 bkt=0
[36m(PiperActor pid=1939908)[0m 2026-04-01 22:01:19,052 - piper_actor - DEBUG - exec_send key ((0, 0), 0) to peer pp rank 1
[36m(PiperActor pid=1939908)[0m 2026-04-01 22:01:19,052 - piper_actor - DEBUG - run_dag dispatch (time 1): recv s2 mb0 bkt=0
[36m(PiperActor pid=1939908)[0m 2026-04-01 22:01:19,052 - piper_actor - DEBUG - exec_recv key ((2, 0), 0) from peer pp rank 1
[36m(PiperActor pid=1939908)[0m 2026-04-01 22:01:19,052 - piper_actor - DEBUG - run_dag dispatch (time 2): forward s2 mb0 bkt=0
[36m(PiperActor pid=1939908)[0m 2026-04-01 22:01:19,063 - piper_actor - DEBUG - run_dag dispatch (time 2): send s0 mb1 bkt=0
[36m(PiperActor pid=1939908)[0m 2026-04-01 22:01:19,063 - piper_actor - DEBUG - exec_send key ((0, 0), 1) to peer pp rank 1
[36m(PiperActor pid=1939908)[0m 2026-04-01 22:01:19,064 - piper_actor - DEBUG - run_dag dispatch (time 2): recv s2 mb1 bkt=0
[36m(PiperActor pid=1939908)[0m 2026-04-01 22:01:19,064 - piper_actor - DEBUG - exec_recv key ((2, 0), 1) from peer pp rank 1
[36m(PiperActor pid=1939908)[0m 2026-04-01 22:01:19,064 - piper_actor - DEBUG - run_dag dispatch (time 3): forward s2 mb1 bkt=0
[36m(PiperActor pid=1939908)[0m 2026-04-01 22:01:19,074 - piper_actor - DEBUG - run_dag dispatch (time 3): send s2 mb0 bkt=0
[36m(PiperActor pid=1939908)[0m 2026-04-01 22:01:19,075 - piper_actor - DEBUG - exec_send key ((2, 0), 0) to peer pp rank 1
[36m(PiperActor pid=1939908)[0m 2026-04-01 22:01:19,075 - piper_actor - DEBUG - run_dag dispatch (time 4): forward s0 mb2 bkt=0
[36m(PiperActor pid=1939908)[0m 2026-04-01 22:01:19,085 - piper_actor - DEBUG - run_dag dispatch (time 4): send s2 mb1 bkt=0
[36m(PiperActor pid=1939908)[0m 2026-04-01 22:01:19,086 - piper_actor - DEBUG - exec_send key ((2, 0), 1) to peer pp rank 1
[36m(PiperActor pid=1939908)[0m 2026-04-01 22:01:19,086 - piper_actor - DEBUG - run_dag dispatch (time 4): recv s2 mb0 bkt=0
[36m(PiperActor pid=1939908)[0m 2026-04-01 22:01:19,086 - piper_actor - DEBUG - exec_recv key (None, 0) from peer pp rank 1
[36m(PiperActor pid=1939908)[0m 2026-04-01 22:01:19,086 - piper_actor - DEBUG - run_dag dispatch (time 5): backward s2 mb0 bkt=0
[36m(PiperActor pid=1939917)[0m 2026-04-01 22:01:19,028 - piper_actor - DEBUG - run_dag dispatch (time -20001): all_gather s3 mb0 bkt=0
[36m(PiperActor pid=1939917)[0m 2026-04-01 22:01:19,029 - piper_actor - DEBUG - run_dag dispatch (time -20000): all_gather s1 mb0 bkt=0
[36m(PiperActor pid=1939917)[0m 2026-04-01 22:01:19,029 - piper_actor - DEBUG - run_dag dispatch (time -1): recv s1 mb0 bkt=0
[36m(PiperActor pid=1939917)[0m 2026-04-01 22:01:19,030 - piper_actor - DEBUG - exec_recv key ((1, 0), 0) from peer pp rank 0
[36m(PiperActor pid=1939917)[0m 2026-04-01 22:01:19,030 - piper_actor - DEBUG - run_dag dispatch (time 0): forward s1 mb0 bkt=0
[36m(PiperActor pid=1939917)[0m 2026-04-01 22:01:19,042 - piper_actor - DEBUG - run_dag dispatch (time 0): recv s1 mb1 bkt=0
[36m(PiperActor pid=1939917)[0m 2026-04-01 22:01:19,042 - piper_actor - DEBUG - exec_recv key ((1, 0), 1) from peer pp rank 0
[36m(PiperActor pid=1939917)[0m 2026-04-01 22:01:19,043 - piper_actor - DEBUG - run_dag dispatch (time 1): forward s1 mb1 bkt=0
[36m(PiperActor pid=1939917)[0m 2026-04-01 22:01:19,054 - piper_actor - DEBUG - run_dag dispatch (time 1): recv s3 mb0 bkt=0
[36m(PiperActor pid=1939917)[0m 2026-04-01 22:01:19,054 - piper_actor - DEBUG - exec_recv key ((3, 0), 0) from peer pp rank 0
[36m(PiperActor pid=1939917)[0m 2026-04-01 22:01:19,054 - piper_actor - DEBUG - run_dag dispatch (time 1): send s1 mb0 bkt=0
[36m(PiperActor pid=1939917)[0m 2026-04-01 22:01:19,054 - piper_actor - DEBUG - exec_send key ((1, 0), 0) to peer pp rank 0
[36m(PiperActor pid=1939917)[0m 2026-04-01 22:01:19,054 - piper_actor - DEBUG - run_dag dispatch (time 2): forward s3 mb0 bkt=0
[36m(PiperActor pid=1939917)[0m 2026-04-01 22:01:19,066 - piper_actor - DEBUG - run_dag dispatch (time 2): send s1 mb1 bkt=0
[36m(PiperActor pid=1939917)[0m 2026-04-01 22:01:19,066 - piper_actor - DEBUG - exec_send key ((1, 0), 1) to peer pp rank 0
[36m(PiperActor pid=1939917)[0m 2026-04-01 22:01:19,066 - piper_actor - DEBUG - run_dag dispatch (time 3): backward s3 mb0 bkt=0
[36m(PiperActor pid=1939903)[0m 2026-04-01 22:01:19,029 - piper_actor - DEBUG - run_dag dispatch (time -20001): all_gather s2 mb0 bkt=0
[36m(PiperActor pid=1939903)[0m 2026-04-01 22:01:19,030 - piper_actor - DEBUG - run_dag dispatch (time -20000): all_gather s0 mb0 bkt=0
[36m(PiperActor pid=1939903)[0m 2026-04-01 22:01:19,030 - piper_actor - DEBUG - run_dag dispatch (time 0): forward s0 mb0 bkt=0
[36m(PiperActor pid=1939903)[0m 2026-04-01 22:01:19,043 - piper_actor - DEBUG - run_dag dispatch (time 1): forward s0 mb1 bkt=0
[36m(PiperActor pid=1939903)[0m 2026-04-01 22:01:19,058 - piper_actor - DEBUG - run_dag dispatch (time 1): send s0 mb0 bkt=0
[36m(PiperActor pid=1939903)[0m 2026-04-01 22:01:19,060 - piper_actor - DEBUG - exec_send key ((0, 0), 0) to peer pp rank 1
[36m(PiperActor pid=1939903)[0m 2026-04-01 22:01:19,061 - piper_actor - DEBUG - run_dag dispatch (time 1): recv s2 mb0 bkt=0
[36m(PiperActor pid=1939903)[0m 2026-04-01 22:01:19,061 - piper_actor - DEBUG - exec_recv key ((2, 0), 0) from peer pp rank 1
[36m(PiperActor pid=1939903)[0m 2026-04-01 22:01:19,062 - piper_actor - DEBUG - run_dag dispatch (time 2): forward s2 mb0 bkt=0
[36m(PiperActor pid=1939903)[0m 2026-04-01 22:01:19,073 - piper_actor - DEBUG - run_dag dispatch (time 2): send s0 mb1 bkt=0
[36m(PiperActor pid=1939903)[0m 2026-04-01 22:01:19,073 - piper_actor - DEBUG - exec_send key ((0, 0), 1) to peer pp rank 1
[36m(PiperActor pid=1939903)[0m 2026-04-01 22:01:19,073 - piper_actor - DEBUG - run_dag dispatch (time 2): recv s2 mb1 bkt=0
[36m(PiperActor pid=1939903)[0m 2026-04-01 22:01:19,073 - piper_actor - DEBUG - exec_recv key ((2, 0), 1) from peer pp rank 1
[36m(PiperActor pid=1939903)[0m 2026-04-01 22:01:19,074 - piper_actor - DEBUG - run_dag dispatch (time 3): forward s2 mb1 bkt=0
[36m(PiperActor pid=1939903)[0m 2026-04-01 22:01:19,084 - piper_actor - DEBUG - run_dag dispatch (time 3): send s2 mb0 bkt=0
[36m(PiperActor pid=1939903)[0m 2026-04-01 22:01:19,084 - piper_actor - DEBUG - exec_send key ((2, 0), 0) to peer pp rank 1
[36m(PiperActor pid=1939903)[0m 2026-04-01 22:01:19,085 - piper_actor - DEBUG - run_dag dispatch (time 4): forward s0 mb2 bkt=0
[36m(PiperActor pid=1939903)[0m 2026-04-01 22:01:19,095 - piper_actor - DEBUG - run_dag dispatch (time 4): send s2 mb1 bkt=0
[36m(PiperActor pid=1939903)[0m 2026-04-01 22:01:19,095 - piper_actor - DEBUG - exec_send key ((2, 0), 1) to peer pp rank 1
[36m(PiperActor pid=1939903)[0m 2026-04-01 22:01:19,096 - piper_actor - DEBUG - run_dag dispatch (time 4): recv s2 mb0 bkt=0
[36m(PiperActor pid=1939903)[0m 2026-04-01 22:01:19,096 - piper_actor - DEBUG - exec_recv key (None, 0) from peer pp rank 1
[36m(PiperActor pid=1939912)[0m 2026-04-01 22:01:19,096 - piper_actor - DEBUG - run_dag dispatch (time 3): recv s3 mb1 bkt=0
[36m(PiperActor pid=1939912)[0m 2026-04-01 22:01:19,097 - piper_actor - DEBUG - exec_recv key ((3, 0), 1) from peer pp rank 0
[36m(PiperActor pid=1939912)[0m 2026-04-01 22:01:19,097 - piper_actor - DEBUG - run_dag dispatch (time 4): forward s3 mb1 bkt=0
[36m(PiperActor pid=1939908)[0m 2026-04-01 22:01:19,113 - piper_actor - DEBUG - run_dag dispatch (time 5): send s0 mb2 bkt=0
[36m(PiperActor pid=1939908)[0m 2026-04-01 22:01:19,113 - piper_actor - DEBUG - exec_send key ((0, 0), 2) to peer pp rank 1
[36m(PiperActor pid=1939908)[0m 2026-04-01 22:01:19,114 - piper_actor - DEBUG - run_dag dispatch (time 6): forward s0 mb3 bkt=0
[36m(PiperActor pid=1939917)[0m 2026-04-01 22:01:19,105 - piper_actor - DEBUG - run_dag dispatch (time 3): recv s3 mb1 bkt=0
[36m(PiperActor pid=1939917)[0m 2026-04-01 22:01:19,106 - piper_actor - DEBUG - exec_recv key ((3, 0), 1) from peer pp rank 0
[36m(PiperActor pid=1939917)[0m 2026-04-01 22:01:19,106 - piper_actor - DEBUG - run_dag dispatch (time 4): forward s3 mb1 bkt=0
[36m(PiperActor pid=1939903)[0m 2026-04-01 22:01:19,096 - piper_actor - DEBUG - run_dag dispatch (time 5): backward s2 mb0 bkt=0
[36m(PiperActor pid=1939903)[0m 2026-04-01 22:01:19,122 - piper_actor - DEBUG - run_dag dispatch (time 5): send s0 mb2 bkt=0
[36m(PiperActor pid=1939903)[0m 2026-04-01 22:01:19,123 - piper_actor - DEBUG - exec_send key ((0, 0), 2) to peer pp rank 1
[36m(PiperActor pid=1939903)[0m 2026-04-01 22:01:19,123 - piper_actor - DEBUG - run_dag dispatch (time 6): forward s0 mb3 bkt=0
[36m(PiperActor pid=1939912)[0m 2026-04-01 22:01:19,138 - piper_actor - DEBUG - run_dag dispatch (time 4): send s3 mb0 bkt=0
[36m(PiperActor pid=1939912)[0m 2026-04-01 22:01:19,138 - piper_actor - DEBUG - exec_send key (None, 0) to peer pp rank 0
[36m(PiperActor pid=1939912)[0m 2026-04-01 22:01:19,138 - piper_actor - DEBUG - run_dag dispatch (time 5): backward s3 mb1 bkt=0
[36m(PiperActor pid=1939912)[0m 2026-04-01 22:01:19,170 - piper_actor - DEBUG - run_dag dispatch (time 5): recv s1 mb2 bkt=0
[36m(PiperActor pid=1939912)[0m 2026-04-01 22:01:19,170 - piper_actor - DEBUG - exec_recv key ((1, 0), 2) from peer pp rank 0
[36m(PiperActor pid=1939912)[0m 2026-04-01 22:01:19,171 - piper_actor - DEBUG - run_dag dispatch (time 6): forward s1 mb2 bkt=0
[36m(PiperActor pid=1939908)[0m 2026-04-01 22:01:19,168 - piper_actor - DEBUG - run_dag dispatch (time 6): send s2 mb0 bkt=0
[36m(PiperActor pid=1939908)[0m 2026-04-01 22:01:19,168 - piper_actor - DEBUG - exec_send key (None, 0) to peer pp rank 1
[36m(PiperActor pid=1939908)[0m 2026-04-01 22:01:19,168 - piper_actor - DEBUG - run_dag dispatch (time 6): recv s2 mb1 bkt=0
[36m(PiperActor pid=1939908)[0m 2026-04-01 22:01:19,168 - piper_actor - DEBUG - exec_recv key (None, 1) from peer pp rank 1
[36m(PiperActor pid=1939908)[0m 2026-04-01 22:01:19,169 - piper_actor - DEBUG - run_dag dispatch (time 7): backward s2 mb1 bkt=0
[36m(PiperActor pid=1939917)[0m 2026-04-01 22:01:19,146 - piper_actor - DEBUG - run_dag dispatch (time 4): send s3 mb0 bkt=0
[36m(PiperActor pid=1939917)[0m 2026-04-01 22:01:19,147 - piper_actor - DEBUG - exec_send key (None, 0) to peer pp rank 0
[36m(PiperActor pid=1939917)[0m 2026-04-01 22:01:19,147 - piper_actor - DEBUG - run_dag dispatch (time 5): backward s3 mb1 bkt=0
[36m(PiperActor pid=1939903)[0m 2026-04-01 22:01:19,175 - piper_actor - DEBUG - run_dag dispatch (time 6): send s2 mb0 bkt=0
[36m(PiperActor pid=1939903)[0m 2026-04-01 22:01:19,176 - piper_actor - DEBUG - exec_send key (None, 0) to peer pp rank 1
[36m(PiperActor pid=1939903)[0m 2026-04-01 22:01:19,176 - piper_actor - DEBUG - run_dag dispatch (time 6): recv s2 mb1 bkt=0
[36m(PiperActor pid=1939903)[0m 2026-04-01 22:01:19,176 - piper_actor - DEBUG - exec_recv key (None, 1) from peer pp rank 1
[36m(PiperActor pid=1939903)[0m 2026-04-01 22:01:19,177 - piper_actor - DEBUG - run_dag dispatch (time 7): backward s2 mb1 bkt=0
[36m(PiperActor pid=1939912)[0m 2026-04-01 22:01:19,210 - piper_actor - DEBUG - run_dag dispatch (time 6): recv s1 mb0 bkt=0
[36m(PiperActor pid=1939912)[0m 2026-04-01 22:01:19,210 - piper_actor - DEBUG - exec_recv key (None, 0) from peer pp rank 0
[36m(PiperActor pid=1939912)[0m 2026-04-01 22:01:19,210 - piper_actor - DEBUG - run_dag dispatch (time 6): send s3 mb1 bkt=0
[36m(PiperActor pid=1939912)[0m 2026-04-01 22:01:19,210 - piper_actor - DEBUG - exec_send key (None, 1) to peer pp rank 0
[36m(PiperActor pid=1939912)[0m 2026-04-01 22:01:19,211 - piper_actor - DEBUG - run_dag dispatch (time 7): backward s1 mb0 bkt=0
[36m(PiperActor pid=1939908)[0m 2026-04-01 22:01:19,204 - piper_actor - DEBUG - run_dag dispatch (time 7): send s0 mb3 bkt=0
[36m(PiperActor pid=1939908)[0m 2026-04-01 22:01:19,204 - piper_actor - DEBUG - exec_send key ((0, 0), 3) to peer pp rank 1
[36m(PiperActor pid=1939908)[0m 2026-04-01 22:01:19,204 - piper_actor - DEBUG - run_dag dispatch (time 7): recv s2 mb2 bkt=0
[36m(PiperActor pid=1939908)[0m 2026-04-01 22:01:19,204 - piper_actor - DEBUG - exec_recv key ((2, 0), 2) from peer pp rank 1
[36m(PiperActor pid=1939908)[0m 2026-04-01 22:01:19,205 - piper_actor - DEBUG - run_dag dispatch (time 8): forward s2 mb2 bkt=0
[36m(PiperActor pid=1939917)[0m 2026-04-01 22:01:19,179 - piper_actor - DEBUG - run_dag dispatch (time 5): recv s1 mb2 bkt=0
[36m(PiperActor pid=1939917)[0m 2026-04-01 22:01:19,180 - piper_actor - DEBUG - exec_recv key ((1, 0), 2) from peer pp rank 0
[36m(PiperActor pid=1939917)[0m 2026-04-01 22:01:19,180 - piper_actor - DEBUG - run_dag dispatch (time 6): forward s1 mb2 bkt=0
[36m(PiperActor pid=1939917)[0m 2026-04-01 22:01:19,216 - piper_actor - DEBUG - run_dag dispatch (time 6): recv s1 mb0 bkt=0
[36m(PiperActor pid=1939917)[0m 2026-04-01 22:01:19,217 - piper_actor - DEBUG - exec_recv key (None, 0) from peer pp rank 0
[36m(PiperActor pid=1939917)[0m 2026-04-01 22:01:19,217 - piper_actor - DEBUG - run_dag dispatch (time 6): send s3 mb1 bkt=0
[36m(PiperActor pid=1939917)[0m 2026-04-01 22:01:19,217 - piper_actor - DEBUG - exec_send key (None, 1) to peer pp rank 0
[36m(PiperActor pid=1939917)[0m 2026-04-01 22:01:19,217 - piper_actor - DEBUG - run_dag dispatch (time 7): backward s1 mb0 bkt=0
[36m(PiperActor pid=1939903)[0m 2026-04-01 22:01:19,212 - piper_actor - DEBUG - run_dag dispatch (time 7): send s0 mb3 bkt=0
[36m(PiperActor pid=1939903)[0m 2026-04-01 22:01:19,212 - piper_actor - DEBUG - exec_send key ((0, 0), 3) to peer pp rank 1
[36m(PiperActor pid=1939903)[0m 2026-04-01 22:01:19,213 - piper_actor - DEBUG - run_dag dispatch (time 7): recv s2 mb2 bkt=0
[36m(PiperActor pid=1939903)[0m 2026-04-01 22:01:19,213 - piper_actor - DEBUG - exec_recv key ((2, 0), 2) from peer pp rank 1
[36m(PiperActor pid=1939903)[0m 2026-04-01 22:01:19,213 - piper_actor - DEBUG - run_dag dispatch (time 8): forward s2 mb2 bkt=0
[36m(PiperActor pid=1939912)[0m 2026-04-01 22:01:19,240 - piper_actor - DEBUG - run_dag dispatch (time 7): recv s1 mb3 bkt=0
[36m(PiperActor pid=1939912)[0m 2026-04-01 22:01:19,241 - piper_actor - DEBUG - exec_recv key ((1, 0), 3) from peer pp rank 0
[36m(PiperActor pid=1939912)[0m 2026-04-01 22:01:19,241 - piper_actor - DEBUG - run_dag dispatch (time 7): send s1 mb2 bkt=0
[36m(PiperActor pid=1939912)[0m 2026-04-01 22:01:19,241 - piper_actor - DEBUG - exec_send key ((1, 0), 2) to peer pp rank 0
[36m(PiperActor pid=1939912)[0m 2026-04-01 22:01:19,242 - piper_actor - DEBUG - run_dag dispatch (time 8): forward s1 mb3 bkt=0
[36m(PiperActor pid=1939912)[0m 2026-04-01 22:01:19,256 - piper_actor - DEBUG - run_dag dispatch (time 8): recv s1 mb1 bkt=0
[36m(PiperActor pid=1939912)[0m 2026-04-01 22:01:19,256 - piper_actor - DEBUG - exec_recv key (None, 1) from peer pp rank 0
[36m(PiperActor pid=1939912)[0m 2026-04-01 22:01:19,256 - piper_actor - DEBUG - run_dag dispatch (time 8): send s1 mb0 bkt=0
[36m(PiperActor pid=1939912)[0m 2026-04-01 22:01:19,256 - piper_actor - DEBUG - exec_send key (None, 0) to peer pp rank 0
[36m(PiperActor pid=1939912)[0m 2026-04-01 22:01:19,257 - piper_actor - DEBUG - run_dag dispatch (time 9): backward s1 mb1 bkt=0
[36m(PiperActor pid=1939908)[0m 2026-04-01 22:01:19,240 - piper_actor - DEBUG - run_dag dispatch (time 8): send s2 mb1 bkt=0
[36m(PiperActor pid=1939908)[0m 2026-04-01 22:01:19,240 - piper_actor - DEBUG - exec_send key (None, 1) to peer pp rank 1
[36m(PiperActor pid=1939908)[0m 2026-04-01 22:01:19,241 - piper_actor - DEBUG - run_dag dispatch (time 8): recv s0 mb0 bkt=0
[36m(PiperActor pid=1939908)[0m 2026-04-01 22:01:19,241 - piper_actor - DEBUG - exec_recv key (None, 0) from peer pp rank 1
[36m(PiperActor pid=1939908)[0m 2026-04-01 22:01:19,241 - piper_actor - DEBUG - run_dag dispatch (time 9): backward s0 mb0 bkt=0
[36m(PiperActor pid=1939917)[0m 2026-04-01 22:01:19,248 - piper_actor - DEBUG - run_dag dispatch (time 7): recv s1 mb3 bkt=0
[36m(PiperActor pid=1939917)[0m 2026-04-01 22:01:19,248 - piper_actor - DEBUG - exec_recv key ((1, 0), 3) from peer pp rank 0
[36m(PiperActor pid=1939917)[0m 2026-04-01 22:01:19,249 - piper_actor - DEBUG - run_dag dispatch (time 7): send s1 mb2 bkt=0
[36m(PiperActor pid=1939917)[0m 2026-04-01 22:01:19,249 - piper_actor - DEBUG - exec_send key ((1, 0), 2) to peer pp rank 0
[36m(PiperActor pid=1939917)[0m 2026-04-01 22:01:19,249 - piper_actor - DEBUG - run_dag dispatch (time 8): forward s1 mb3 bkt=0
[36m(PiperActor pid=1939903)[0m 2026-04-01 22:01:19,247 - piper_actor - DEBUG - run_dag dispatch (time 8): send s2 mb1 bkt=0
[36m(PiperActor pid=1939903)[0m 2026-04-01 22:01:19,247 - piper_actor - DEBUG - exec_send key (None, 1) to peer pp rank 1
[36m(PiperActor pid=1939903)[0m 2026-04-01 22:01:19,248 - piper_actor - DEBUG - run_dag dispatch (time 8): recv s0 mb0 bkt=0
[36m(PiperActor pid=1939903)[0m 2026-04-01 22:01:19,248 - piper_actor - DEBUG - exec_recv key (None, 0) from peer pp rank 1
[36m(PiperActor pid=1939903)[0m 2026-04-01 22:01:19,248 - piper_actor - DEBUG - run_dag dispatch (time 9): backward s0 mb0 bkt=0
[36m(PiperActor pid=1939912)[0m 2026-04-01 22:01:19,290 - piper_actor - DEBUG - run_dag dispatch (time 9): recv s3 mb2 bkt=0
[36m(PiperActor pid=1939912)[0m 2026-04-01 22:01:19,290 - piper_actor - DEBUG - exec_recv key ((3, 0), 2) from peer pp rank 0
[36m(PiperActor pid=1939912)[0m 2026-04-01 22:01:19,291 - piper_actor - DEBUG - run_dag dispatch (time 9): send s1 mb3 bkt=0
[36m(PiperActor pid=1939912)[0m 2026-04-01 22:01:19,291 - piper_actor - DEBUG - exec_send key ((1, 0), 3) to peer pp rank 0
[36m(PiperActor pid=1939912)[0m 2026-04-01 22:01:19,291 - piper_actor - DEBUG - run_dag dispatch (time 10): forward s3 mb2 bkt=0
[36m(PiperActor pid=1939908)[0m 2026-04-01 22:01:19,278 - piper_actor - DEBUG - run_dag dispatch (time 9): send s2 mb2 bkt=0
[36m(PiperActor pid=1939908)[0m 2026-04-01 22:01:19,279 - piper_actor - DEBUG - exec_send key ((2, 0), 2) to peer pp rank 1
[36m(PiperActor pid=1939908)[0m 2026-04-01 22:01:19,279 - piper_actor - DEBUG - run_dag dispatch (time 9): recv s2 mb3 bkt=0
[36m(PiperActor pid=1939908)[0m 2026-04-01 22:01:19,279 - piper_actor - DEBUG - exec_recv key ((2, 0), 3) from peer pp rank 1
[36m(PiperActor pid=1939908)[0m 2026-04-01 22:01:19,280 - piper_actor - DEBUG - run_dag dispatch (time 10): forward s2 mb3 bkt=0
[36m(PiperActor pid=1939908)[0m 2026-04-01 22:01:19,297 - piper_actor - DEBUG - run_dag dispatch (time 10): recv s0 mb1 bkt=0
[36m(PiperActor pid=1939908)[0m 2026-04-01 22:01:19,298 - piper_actor - DEBUG - exec_recv key (None, 1) from peer pp rank 1
[36m(PiperActor pid=1939908)[0m 2026-04-01 22:01:19,298 - piper_actor - DEBUG - run_dag dispatch (time 11): backward s0 mb1 bkt=0
[36m(PiperActor pid=1939917)[0m 2026-04-01 22:01:19,263 - piper_actor - DEBUG - run_dag dispatch (time 8): recv s1 mb1 bkt=0
[36m(PiperActor pid=1939917)[0m 2026-04-01 22:01:19,263 - piper_actor - DEBUG - exec_recv key (None, 1) from peer pp rank 0
[36m(PiperActor pid=1939917)[0m 2026-04-01 22:01:19,264 - piper_actor - DEBUG - run_dag dispatch (time 8): send s1 mb0 bkt=0
[36m(PiperActor pid=1939917)[0m 2026-04-01 22:01:19,264 - piper_actor - DEBUG - exec_send key (None, 0) to peer pp rank 0
[36m(PiperActor pid=1939917)[0m 2026-04-01 22:01:19,264 - piper_actor - DEBUG - run_dag dispatch (time 9): backward s1 mb1 bkt=0
[36m(PiperActor pid=1939917)[0m 2026-04-01 22:01:19,297 - piper_actor - DEBUG - run_dag dispatch (time 9): recv s3 mb2 bkt=0
[36m(PiperActor pid=1939917)[0m 2026-04-01 22:01:19,298 - piper_actor - DEBUG - exec_recv key ((3, 0), 2) from peer pp rank 0
[36m(PiperActor pid=1939917)[0m 2026-04-01 22:01:19,298 - piper_actor - DEBUG - run_dag dispatch (time 9): send s1 mb3 bkt=0
[36m(PiperActor pid=1939917)[0m 2026-04-01 22:01:19,299 - piper_actor - DEBUG - exec_send key ((1, 0), 3) to peer pp rank 0
[36m(PiperActor pid=1939917)[0m 2026-04-01 22:01:19,299 - piper_actor - DEBUG - run_dag dispatch (time 10): forward s3 mb2 bkt=0
[36m(PiperActor pid=1939903)[0m 2026-04-01 22:01:19,286 - piper_actor - DEBUG - run_dag dispatch (time 9): send s2 mb2 bkt=0
[36m(PiperActor pid=1939903)[0m 2026-04-01 22:01:19,286 - piper_actor - DEBUG - exec_send key ((2, 0), 2) to peer pp rank 1
[36m(PiperActor pid=1939903)[0m 2026-04-01 22:01:19,287 - piper_actor - DEBUG - run_dag dispatch (time 9): recv s2 mb3 bkt=0
[36m(PiperActor pid=1939903)[0m 2026-04-01 22:01:19,287 - piper_actor - DEBUG - exec_recv key ((2, 0), 3) from peer pp rank 1
[36m(PiperActor pid=1939903)[0m 2026-04-01 22:01:19,287 - piper_actor - DEBUG - run_dag dispatch (time 10): forward s2 mb3 bkt=0
[36m(PiperActor pid=1939912)[0m 2026-04-01 22:01:19,306 - piper_actor - DEBUG - run_dag dispatch (time 10): send s1 mb1 bkt=0
[36m(PiperActor pid=1939912)[0m 2026-04-01 22:01:19,306 - piper_actor - DEBUG - exec_send key (None, 1) to peer pp rank 0
[36m(PiperActor pid=1939912)[0m 2026-04-01 22:01:19,306 - piper_actor - DEBUG - run_dag dispatch (time 11): backward s3 mb2 bkt=0
[36m(PiperActor pid=1939912)[0m 2026-04-01 22:01:19,338 - piper_actor - DEBUG - run_dag dispatch (time 11): recv s3 mb3 bkt=0
[36m(PiperActor pid=1939912)[0m 2026-04-01 22:01:19,338 - piper_actor - DEBUG - exec_recv key ((3, 0), 3) from peer pp rank 0
[36m(PiperActor pid=1939912)[0m 2026-04-01 22:01:19,339 - piper_actor - DEBUG - run_dag dispatch (time 12): forward s3 mb3 bkt=0
[36m(PiperActor pid=1939908)[0m 2026-04-01 22:01:19,335 - piper_actor - DEBUG - run_dag dispatch (time 11): send s2 mb3 bkt=0
[36m(PiperActor pid=1939908)[0m 2026-04-01 22:01:19,335 - piper_actor - DEBUG - exec_send key ((2, 0), 3) to peer pp rank 1
[36m(PiperActor pid=1939908)[0m 2026-04-01 22:01:19,336 - piper_actor - DEBUG - run_dag dispatch (time 11): recv s2 mb2 bkt=0
[36m(PiperActor pid=1939908)[0m 2026-04-01 22:01:19,336 - piper_actor - DEBUG - exec_recv key (None, 2) from peer pp rank 1
[36m(PiperActor pid=1939908)[0m 2026-04-01 22:01:19,336 - piper_actor - DEBUG - run_dag dispatch (time 12): backward s2 mb2 bkt=0
[36m(PiperActor pid=1939917)[0m 2026-04-01 22:01:19,313 - piper_actor - DEBUG - run_dag dispatch (time 10): send s1 mb1 bkt=0
[36m(PiperActor pid=1939917)[0m 2026-04-01 22:01:19,313 - piper_actor - DEBUG - exec_send key (None, 1) to peer pp rank 0
[36m(PiperActor pid=1939917)[0m 2026-04-01 22:01:19,314 - piper_actor - DEBUG - run_dag dispatch (time 11): backward s3 mb2 bkt=0
[36m(PiperActor pid=1939903)[0m 2026-04-01 22:01:19,305 - piper_actor - DEBUG - run_dag dispatch (time 10): recv s0 mb1 bkt=0
[36m(PiperActor pid=1939903)[0m 2026-04-01 22:01:19,305 - piper_actor - DEBUG - exec_recv key (None, 1) from peer pp rank 1
[36m(PiperActor pid=1939903)[0m 2026-04-01 22:01:19,306 - piper_actor - DEBUG - run_dag dispatch (time 11): backward s0 mb1 bkt=0
[36m(PiperActor pid=1939908)[0m 2026-04-01 22:01:19,371 - piper_actor - DEBUG - run_dag dispatch (time 12): recv s2 mb3 bkt=0
[36m(PiperActor pid=1939908)[0m 2026-04-01 22:01:19,371 - piper_actor - DEBUG - exec_recv key (None, 3) from peer pp rank 1
[36m(PiperActor pid=1939908)[0m 2026-04-01 22:01:19,372 - piper_actor - DEBUG - run_dag dispatch (time 13): backward s2 mb3 bkt=0
[36m(PiperActor pid=1939917)[0m 2026-04-01 22:01:19,345 - piper_actor - DEBUG - run_dag dispatch (time 11): recv s3 mb3 bkt=0
[36m(PiperActor pid=1939917)[0m 2026-04-01 22:01:19,346 - piper_actor - DEBUG - exec_recv key ((3, 0), 3) from peer pp rank 0
[36m(PiperActor pid=1939917)[0m 2026-04-01 22:01:19,346 - piper_actor - DEBUG - run_dag dispatch (time 12): forward s3 mb3 bkt=0
[36m(PiperActor pid=1939903)[0m 2026-04-01 22:01:19,343 - piper_actor - DEBUG - run_dag dispatch (time 11): send s2 mb3 bkt=0
[36m(PiperActor pid=1939903)[0m 2026-04-01 22:01:19,343 - piper_actor - DEBUG - exec_send key ((2, 0), 3) to peer pp rank 1
[36m(PiperActor pid=1939903)[0m 2026-04-01 22:01:19,343 - piper_actor - DEBUG - run_dag dispatch (time 11): recv s2 mb2 bkt=0
[36m(PiperActor pid=1939903)[0m 2026-04-01 22:01:19,344 - piper_actor - DEBUG - exec_recv key (None, 2) from peer pp rank 1
[36m(PiperActor pid=1939903)[0m 2026-04-01 22:01:19,344 - piper_actor - DEBUG - run_dag dispatch (time 12): backward s2 mb2 bkt=0
[36m(PiperActor pid=1939903)[0m 2026-04-01 22:01:19,379 - piper_actor - DEBUG - run_dag dispatch (time 12): recv s2 mb3 bkt=0
[36m(PiperActor pid=1939903)[0m 2026-04-01 22:01:19,379 - piper_actor - DEBUG - exec_recv key (None, 3) from peer pp rank 1
[36m(PiperActor pid=1939903)[0m 2026-04-01 22:01:19,380 - piper_actor - DEBUG - run_dag dispatch (time 13): backward s2 mb3 bkt=0
[36m(PiperActor pid=1939912)[0m 2026-04-01 22:01:19,379 - piper_actor - DEBUG - run_dag dispatch (time 12): send s3 mb2 bkt=0
[36m(PiperActor pid=1939912)[0m 2026-04-01 22:01:19,379 - piper_actor - DEBUG - exec_send key (None, 2) to peer pp rank 0
[36m(PiperActor pid=1939912)[0m 2026-04-01 22:01:19,380 - piper_actor - DEBUG - run_dag dispatch (time 13): backward s3 mb3 bkt=0
[36m(PiperActor pid=1939912)[0m 2026-04-01 22:01:19,412 - piper_actor - DEBUG - run_dag dispatch (time 13): recv s1 mb2 bkt=0
[36m(PiperActor pid=1939912)[0m 2026-04-01 22:01:19,412 - piper_actor - DEBUG - exec_recv key (None, 2) from peer pp rank 0
[36m(PiperActor pid=1939912)[0m 2026-04-01 22:01:19,413 - piper_actor - DEBUG - run_dag dispatch (time 14): backward s1 mb2 bkt=0
[36m(PiperActor pid=1939917)[0m 2026-04-01 22:01:19,386 - piper_actor - DEBUG - run_dag dispatch (time 12): send s3 mb2 bkt=0
[36m(PiperActor pid=1939917)[0m 2026-04-01 22:01:19,387 - piper_actor - DEBUG - exec_send key (None, 2) to peer pp rank 0
[36m(PiperActor pid=1939917)[0m 2026-04-01 22:01:19,387 - piper_actor - DEBUG - run_dag dispatch (time 13): backward s3 mb3 bkt=0
[36m(PiperActor pid=1939917)[0m 2026-04-01 22:01:19,418 - piper_actor - DEBUG - run_dag dispatch (time 13): recv s1 mb2 bkt=0
[36m(PiperActor pid=1939917)[0m 2026-04-01 22:01:19,419 - piper_actor - DEBUG - exec_recv key (None, 2) from peer pp rank 0
[36m(PiperActor pid=1939917)[0m 2026-04-01 22:01:19,419 - piper_actor - DEBUG - run_dag dispatch (time 14): backward s1 mb2 bkt=0
[36m(PiperActor pid=1939908)[0m 2026-04-01 22:01:19,427 - piper_actor - DEBUG - run_dag dispatch (time 13): send s2 mb2 bkt=0
[36m(PiperActor pid=1939908)[0m 2026-04-01 22:01:19,428 - piper_actor - DEBUG - exec_send key (None, 2) to peer pp rank 1
[36m(PiperActor pid=1939908)[0m 2026-04-01 22:01:19,428 - piper_actor - DEBUG - run_dag dispatch (time 13): recv s0 mb2 bkt=0
[36m(PiperActor pid=1939908)[0m 2026-04-01 22:01:19,428 - piper_actor - DEBUG - exec_recv key (None, 2) from peer pp rank 1
[36m(PiperActor pid=1939908)[0m 2026-04-01 22:01:19,429 - piper_actor - DEBUG - run_dag dispatch (time 14): backward s0 mb2 bkt=0
[36m(PiperActor pid=1939903)[0m 2026-04-01 22:01:19,434 - piper_actor - DEBUG - run_dag dispatch (time 13): send s2 mb2 bkt=0
[36m(PiperActor pid=1939903)[0m 2026-04-01 22:01:19,435 - piper_actor - DEBUG - exec_send key (None, 2) to peer pp rank 1
[36m(PiperActor pid=1939903)[0m 2026-04-01 22:01:19,435 - piper_actor - DEBUG - run_dag dispatch (time 13): recv s0 mb2 bkt=0
[36m(PiperActor pid=1939903)[0m 2026-04-01 22:01:19,435 - piper_actor - DEBUG - exec_recv key (None, 2) from peer pp rank 1
[36m(PiperActor pid=1939903)[0m 2026-04-01 22:01:19,436 - piper_actor - DEBUG - run_dag dispatch (time 14): backward s0 mb2 bkt=0
[36m(PiperActor pid=1939912)[0m 2026-04-01 22:01:19,469 - piper_actor - DEBUG - run_dag dispatch (time 14): recv s1 mb3 bkt=0
[36m(PiperActor pid=1939912)[0m 2026-04-01 22:01:19,470 - piper_actor - DEBUG - exec_recv key (None, 3) from peer pp rank 0
[36m(PiperActor pid=1939912)[0m 2026-04-01 22:01:19,471 - piper_actor - DEBUG - run_dag dispatch (time 14): send s3 mb3 bkt=0
[36m(PiperActor pid=1939912)[0m 2026-04-01 22:01:19,471 - piper_actor - DEBUG - exec_send key (None, 3) to peer pp rank 0
[36m(PiperActor pid=1939912)[0m 2026-04-01 22:01:19,471 - piper_actor - DEBUG - run_dag dispatch (time 14): reduce_scatter s3 mb3 bkt=0
[36m(PiperActor pid=1939912)[0m 2026-04-01 22:01:19,471 - piper_actor - DEBUG - run_dag dispatch (time 15): backward s1 mb3 bkt=0
[36m(PiperActor pid=1939917)[0m 2026-04-01 22:01:19,476 - piper_actor - DEBUG - run_dag dispatch (time 14): recv s1 mb3 bkt=0
[36m(PiperActor pid=1939917)[0m 2026-04-01 22:01:19,476 - piper_actor - DEBUG - exec_recv key (None, 3) from peer pp rank 0
[36m(PiperActor pid=1939917)[0m 2026-04-01 22:01:19,477 - piper_actor - DEBUG - run_dag dispatch (time 14): send s3 mb3 bkt=0
[36m(PiperActor pid=1939917)[0m 2026-04-01 22:01:19,477 - piper_actor - DEBUG - exec_send key (None, 3) to peer pp rank 0
[36m(PiperActor pid=1939917)[0m 2026-04-01 22:01:19,477 - piper_actor - DEBUG - run_dag dispatch (time 14): reduce_scatter s3 mb3 bkt=0
[36m(PiperActor pid=1939917)[0m 2026-04-01 22:01:19,478 - piper_actor - DEBUG - run_dag dispatch (time 15): backward s1 mb3 bkt=0
[36m(PiperActor pid=1939912)[0m 2026-04-01 22:01:19,507 - piper_actor - DEBUG - run_dag dispatch (time 15): send s1 mb2 bkt=0
[36m(PiperActor pid=1939912)[0m 2026-04-01 22:01:19,508 - piper_actor - DEBUG - exec_send key (None, 2) to peer pp rank 0
[36m(PiperActor pid=1939912)[0m 2026-04-01 22:01:19,508 - piper_actor - DEBUG - run_dag dispatch (time 16): update s1 mb3 bkt=0
[36m(PiperActor pid=1939908)[0m 2026-04-01 22:01:19,506 - piper_actor - DEBUG - run_dag dispatch (time 14): send s2 mb3 bkt=0
[36m(PiperActor pid=1939908)[0m 2026-04-01 22:01:19,507 - piper_actor - DEBUG - exec_send key (None, 3) to peer pp rank 1
[36m(PiperActor pid=1939908)[0m 2026-04-01 22:01:19,507 - piper_actor - DEBUG - run_dag dispatch (time 14): recv s0 mb3 bkt=0
[36m(PiperActor pid=1939908)[0m 2026-04-01 22:01:19,507 - piper_actor - DEBUG - exec_recv key (None, 3) from peer pp rank 1
[36m(PiperActor pid=1939908)[0m 2026-04-01 22:01:19,508 - piper_actor - DEBUG - run_dag dispatch (time 14): reduce_scatter s2 mb3 bkt=0
[36m(PiperActor pid=1939908)[0m 2026-04-01 22:01:19,508 - piper_actor - DEBUG - run_dag dispatch (time 15): backward s0 mb3 bkt=0
[36m(PiperActor pid=1939917)[0m 2026-04-01 22:01:19,513 - piper_actor - DEBUG - run_dag dispatch (time 15): send s1 mb2 bkt=0
[36m(PiperActor pid=1939917)[0m 2026-04-01 22:01:19,514 - piper_actor - DEBUG - exec_send key (None, 2) to peer pp rank 0
[36m(PiperActor pid=1939917)[0m 2026-04-01 22:01:19,514 - piper_actor - DEBUG - run_dag dispatch (time 16): update s1 mb3 bkt=0
[36m(PiperActor pid=1939903)[0m 2026-04-01 22:01:19,513 - piper_actor - DEBUG - run_dag dispatch (time 14): send s2 mb3 bkt=0
[36m(PiperActor pid=1939903)[0m 2026-04-01 22:01:19,514 - piper_actor - DEBUG - exec_send key (None, 3) to peer pp rank 1
[36m(PiperActor pid=1939903)[0m 2026-04-01 22:01:19,514 - piper_actor - DEBUG - run_dag dispatch (time 14): recv s0 mb3 bkt=0
[36m(PiperActor pid=1939903)[0m 2026-04-01 22:01:19,514 - piper_actor - DEBUG - exec_recv key (None, 3) from peer pp rank 1
[36m(PiperActor pid=1939903)[0m 2026-04-01 22:01:19,515 - piper_actor - DEBUG - run_dag dispatch (time 14): reduce_scatter s2 mb3 bkt=0
[36m(PiperActor pid=1939903)[0m 2026-04-01 22:01:19,515 - piper_actor - DEBUG - run_dag dispatch (time 15): backward s0 mb3 bkt=0
[36m(PiperActor pid=1939912)[0m 2026-04-01 22:01:19,563 - piper_actor - DEBUG - run_dag dispatch (time 16): send s1 mb3 bkt=0
[36m(PiperActor pid=1939912)[0m 2026-04-01 22:01:19,563 - piper_actor - DEBUG - exec_send key (None, 3) to peer pp rank 0
[36m(PiperActor pid=1939912)[0m 2026-04-01 22:01:19,564 - piper_actor - DEBUG - run_dag dispatch (time 16): reduce_scatter s1 mb3 bkt=0
[36m(PiperActor pid=1939908)[0m 2026-04-01 22:01:19,547 - piper_actor - DEBUG - run_dag dispatch (time 16): update s0 mb3 bkt=0
[36m(PiperActor pid=1939917)[0m 2026-04-01 22:01:19,569 - piper_actor - DEBUG - run_dag dispatch (time 16): send s1 mb3 bkt=0
[36m(PiperActor pid=1939917)[0m 2026-04-01 22:01:19,569 - piper_actor - DEBUG - exec_send key (None, 3) to peer pp rank 0
[36m(PiperActor pid=1939917)[0m 2026-04-01 22:01:19,570 - piper_actor - DEBUG - run_dag dispatch (time 16): reduce_scatter s1 mb3 bkt=0
[36m(PiperActor pid=1939903)[0m 2026-04-01 22:01:19,553 - piper_actor - DEBUG - run_dag dispatch (time 16): update s0 mb3 bkt=0
[36m(PiperActor pid=1939908)[0m 2026-04-01 22:01:19,606 - piper_actor - DEBUG - run_dag dispatch (time 16): reduce_scatter s0 mb3 bkt=0
[36m(PiperActor pid=1939903)[0m 2026-04-01 22:01:19,612 - piper_actor - DEBUG - run_dag dispatch (time 16): reduce_scatter s0 mb3 bkt=0
[36m(run_dp_rank pid=1920336)[0m rank 0 all_gather time= 3.584 ± 0.516 ms (6 samples)
[36m(run_dp_rank pid=1920336)[0m rank 0 forward time= 19.729 ± 1.000 ms (24 samples)
[36m(run_dp_rank pid=1920336)[0m rank 0 p2p_send time= 0.171 ± 0.094 ms (36 samples)
[36m(run_dp_rank pid=1920336)[0m rank 0 p2p_recv time= 42.149 ± 23.195 ms (36 samples)
[36m(run_dp_rank pid=1920336)[0m rank 0 backward time= 35.928 ± 2.225 ms (24 samples)
[36m(run_dp_rank pid=1920336)[0m rank 0 reduce_scatter time= 6.113 ± 3.844 ms (6 samples)
[36m(run_dp_rank pid=1920336)[0m rank 0 backward_sync time= 0.003 ± 0.000 ms (3 samples)
[36m(run_dp_rank pid=1920336)[0m rank 0 optim_step time= 11.920 ± 0.008 ms (3 samples)
[36m(run_dp_rank pid=1920336)[0m rank 1 all_gather time= 3.238 ± 0.788 ms (6 samples)
[36m(run_dp_rank pid=1920336)[0m rank 1 p2p_recv time= 15.939 ± 14.268 ms (36 samples)
[36m(run_dp_rank pid=1920336)[0m rank 1 forward time= 20.825 ± 3.153 ms (24 samples)
[36m(run_dp_rank pid=1920336)[0m rank 1 p2p_send time= 0.237 ± 0.117 ms (36 samples)
[36m(run_dp_rank pid=1920336)[0m rank 1 backward time= 41.550 ± 9.340 ms (24 samples)
[36m(run_dp_rank pid=1920336)[0m rank 1 reduce_scatter time= 6.243 ± 3.244 ms (6 samples)
[36m(run_dp_rank pid=1920336)[0m rank 1 backward_sync time= 0.003 ± 0.000 ms (3 samples)
[36m(run_dp_rank pid=1920336)[0m rank 1 optim_step time= 11.442 ± 0.027 ms (3 samples)
[36m(run_dp_rank pid=1920352)[0m rank 2 all_gather time= 3.314 ± 0.505 ms (6 samples)
[36m(run_dp_rank pid=1920352)[0m rank 2 forward time= 19.594 ± 0.956 ms (24 samples)
[36m(run_dp_rank pid=1920352)[0m rank 2 p2p_send time= 0.200 ± 0.146 ms (36 samples)
[36m(run_dp_rank pid=1920352)[0m rank 2 p2p_recv time= 41.805 ± 22.871 ms (36 samples)
[36m(run_dp_rank pid=1920352)[0m rank 2 backward time= 36.184 ± 2.234 ms (24 samples)
[36m(run_dp_rank pid=1920352)[0m rank 2 reduce_scatter time= 4.335 ± 1.181 ms (6 samples)
[36m(run_dp_rank pid=1920352)[0m rank 2 backward_sync time= 0.003 ± 0.000 ms (3 samples)
[36m(run_dp_rank pid=1920352)[0m rank 2 optim_step time= 11.322 ± 0.010 ms (3 samples)
[36m(run_dp_rank pid=1920352)[0m rank 3 all_gather time= 3.370 ± 1.055 ms (6 samples)
[36m(run_dp_rank pid=1920352)[0m rank 3 p2p_recv time= 16.305 ± 14.606 ms (36 samples)
[36m(run_dp_rank pid=1920352)[0m rank 3 forward time= 20.674 ± 3.035 ms (24 samples)
[36m(run_dp_rank pid=1920352)[0m rank 3 p2p_send time= 0.237 ± 0.118 ms (36 samples)
[36m(run_dp_rank pid=1920352)[0m rank 3 backward time= 41.374 ± 9.287 ms (24 samples)
[36m(run_dp_rank pid=1920352)[0m rank 3 reduce_scatter time= 5.071 ± 1.751 ms (6 samples)
[36m(run_dp_rank pid=1920352)[0m rank 3 backward_sync time= 0.003 ± 0.000 ms (3 samples)
[36m(run_dp_rank pid=1920352)[0m rank 3 optim_step time= 11.142 ± 0.020 ms (3 samples)
[36m(run_dp_rank pid=1920336)[0m Ray timeline saved to: out/llama-dag-pp2-dp2-interleaved-1f1b-zero2-20260401_220120
[36m(run_dp_rank pid=1920352)[0m Ray timeline saved to: out/llama-dag-pp2-dp2-interleaved-1f1b-zero2-20260401_220120
