Namespace(model='3b', schedule='interleaved-1f1b', dp=2, pp=2, batch_size=16, mbs=4, seq_len=256, warmup=2, iters=5, trace_iters=3, tracing=True, naive_grad_sync=False, activation_checkpointing=False, bucketing=False, bucket_size=26214400, zero_stage=3, nsight=True, no_render_dag=True, no_nvtx=False, mem_debug=True)
2026-04-07 03:12:44,021	INFO worker.py:2007 -- Started a local Ray instance.
/m-coriander/coriander/wxdeng/conda-envs/piper_ref/lib/python3.10/site-packages/ray/_private/worker.py:2046: FutureWarning: Tip: In future versions of Ray, Ray will no longer override accelerator visible devices env var if num_gpus=0 or num_gpus=None (default). To enable this behavior and turn off this error message, set RAY_ACCEL_ENV_VAR_OVERRIDE_ON_ZERO=0
  warnings.warn(
{'placement_group_id': 'cd65ef5dfd0e6d87f2547b00ce0a01000000', 'name': '', 'bundles': {0: {'GPU': 2.0, 'CPU': 2.0}, 1: {'CPU': 2.0, 'GPU': 2.0}}, 'bundles_to_node_id': {0: '52c5495f19effbbf66a7f9cf4aa44ed685ed7d78ee2de6602788aa4b', 1: '52c5495f19effbbf66a7f9cf4aa44ed685ed7d78ee2de6602788aa4b'}, 'strategy': 'PACK', 'state': 'CREATED', 'stats': {'end_to_end_creation_latency_ms': 3.229, 'scheduling_latency_ms': 3.053, 'scheduling_attempt': 1, 'highest_retry_delay_ms': 0.0, 'scheduling_state': 'FINISHED'}}
[36m(run_dp_rank pid=2795262)[0m 2026-04-07 03:12:58,513 - piper_coordinator - DEBUG - Running DP rank 1 of 2 with 10.158.48.71:38799 as master address
[36m(run_dp_rank pid=2795262)[0m Namespace(model='3b', schedule='interleaved-1f1b', dp=2, pp=2, batch_size=16, mbs=4, seq_len=256, warmup=1, iters=1, trace_iters=3, tracing=False, naive_grad_sync=False, activation_checkpointing=False, bucketing=False, bucket_size=26214400, zero_stage=3, nsight=True, no_render_dag=True, no_nvtx=False, mem_debug=True)
[36m(run_dp_rank pid=2795140)[0m Namespace(model='3b', schedule='interleaved-1f1b', dp=2, pp=2, batch_size=16, mbs=4, seq_len=256, warmup=1, iters=1, trace_iters=3, tracing=False, naive_grad_sync=False, activation_checkpointing=False, bucketing=False, bucket_size=26214400, zero_stage=3, nsight=True, no_render_dag=True, no_nvtx=False, mem_debug=True)
[36m(run_dp_rank pid=2795140)[0m 2026-04-07 03:12:58,748 - piper_coordinator - DEBUG - Running DP rank 2 of 2 with 10.158.48.71:38799 as master address
[36m(run_dp_rank pid=2795262)[0m Schedule:
[36m(run_dp_rank pid=2795262)[0m 0:0:f    	0:1:f    	2:0:f    	2:1:f    	 ------ 	0:2:f    	2:0:b    	0:3:f    	2:1:b    	2:2:f    	0:0:b    	2:3:f    	0:1:b    	 ------ 	2:2:b    	2:3:b    	0:2:b    	0:3:b    	
[36m(run_dp_rank pid=2795262)[0m  ------ 	1:0:f    	1:1:f    	3:0:f    	3:0:b    	3:1:f    	3:1:b    	1:2:f    	1:0:b    	1:3:f    	1:1:b    	3:2:f    	3:2:b    	3:3:f    	3:3:b    	1:2:b    	1:3:b    	 ------ 	
[36m(run_dp_rank pid=2795262)[0m 2026-04-07 03:13:01,793 - piper_actor - DEBUG - DP rank 0 created actor Actor(PiperActor, 6316317a0addd9136f5ed3a701000000) global rank 0
[36m(run_dp_rank pid=2795262)[0m 2026-04-07 03:13:01,794 - piper_actor - DEBUG - DP rank 0 created actor Actor(PiperActor, ae4f04525b7fcb2fa67db01a01000000) global rank 1
[36m(run_dp_rank pid=2795140)[0m Schedule:
[36m(run_dp_rank pid=2795140)[0m 0:0:f    	0:1:f    	2:0:f    	2:1:f    	 ------ 	0:2:f    	2:0:b    	0:3:f    	2:1:b    	2:2:f    	0:0:b    	2:3:f    	0:1:b    	 ------ 	2:2:b    	2:3:b    	0:2:b    	0:3:b    	
[36m(run_dp_rank pid=2795140)[0m  ------ 	1:0:f    	1:1:f    	3:0:f    	3:0:b    	3:1:f    	3:1:b    	1:2:f    	1:0:b    	1:3:f    	1:1:b    	3:2:f    	3:2:b    	3:3:f    	3:3:b    	1:2:b    	1:3:b    	 ------ 	
[36m(run_dp_rank pid=2795140)[0m 2026-04-07 03:13:02,034 - piper_actor - DEBUG - DP rank 1 created actor Actor(PiperActor, cd14934478b018642ea7d16901000000) global rank 2
[36m(run_dp_rank pid=2795140)[0m 2026-04-07 03:13:02,035 - piper_actor - DEBUG - DP rank 1 created actor Actor(PiperActor, 5ce2c9aeca26fb86fc8c4c7401000000) global rank 3
[36m(PiperActor pid=2832391)[0m 2026-04-07 03:14:28,659 - piper_actor - DEBUG - Initializing Ray actor 0 GPU 4
[36m(PiperActor pid=2832380)[0m 2026-04-07 03:14:29,534 - piper_actor - DEBUG - Initializing Ray actor 1 GPU 5
[33m(raylet)[0m [2026-04-07 03:14:32,297 E 2794991 2794991] (raylet) worker_pool.cc:586: Some workers of the worker process(2829840) have not registered within the timeout. The process is still alive, probably it's hanging during start.
[36m(pid=2832382)[0m [2026-04-07 03:14:33,576 E 2832382 2832382] core_worker_process.cc:224: Failed to register worker to Raylet: Invalid: Invalid: Unknown worker worker_id=89a7772a2aa75380a58d7a48767db1d5841588ea135955dc062191a0
[33m(raylet)[0m WARNING: GPU initialization took too long. Please run the NVIDIA persistence daemon.
[33m(raylet)[0m For more information, visit the following page:
[33m(raylet)[0m https://docs.nvidia.com/deploy/driver-persistence/index.html#persistence-daemon
[33m(raylet)[0m 
[36m(PiperActor pid=2832398)[0m 2026-04-07 03:14:34,887 - piper_actor - DEBUG - Initializing Ray actor 2 GPU 6
[36m(run_dp_rank pid=2795262)[0m 2026-04-07 03:14:36,014 - piper_compile - DEBUG - Master address for process groups: 10.158.48.71:56311
[36m(PiperActor pid=2832391)[0m 2026-04-07 03:14:36,017 - piper_actor - INFO - Actor 0 using GPU 4, master addr 10.158.48.71:56311
[36m(run_dp_rank pid=2795140)[0m 2026-04-07 03:14:36,177 - piper_compile - DEBUG - Master address for process groups: 10.158.48.71:56311
[36m(PiperActor pid=2832380)[0m 2026-04-07 03:14:36,213 - piper_actor - INFO - Actor 1 using GPU 5, master addr 10.158.48.71:56311
[36m(PiperActor pid=2832380)[0m 2026-04-07 03:14:38,018 - piper_actor - DEBUG - Actor 1 has GPU 5, joined the global process group
[36m(PiperActor pid=2832380)[0m 2026-04-07 03:14:38,020 - piper_actor - DEBUG - Global rank 1 joined its dp group 1 along with ranks [1, 3]
[36m(PiperActor pid=2832380)[0m 2026-04-07 03:14:38,022 - piper_actor - INFO - Global rank 1 warmed up pp communicators
[36m(PiperActor pid=2832398)[0m 2026-04-07 03:14:39,418 - piper_actor - INFO - Actor 2 using GPU 6, master addr 10.158.48.71:56311
[36m(PiperActor pid=2832398)[0m 2026-04-07 03:14:40,142 - piper_actor - DEBUG - Actor 2 has GPU 6, joined the global process group
[36m(PiperActor pid=2832398)[0m 2026-04-07 03:14:40,144 - piper_actor - DEBUG - Global rank 2 joined its dp group 0 along with ranks [0, 2]
[36m(PiperActor pid=2832398)[0m 2026-04-07 03:14:40,146 - piper_actor - INFO - Global rank 2 warmed up pp communicators
[36m(PiperActor pid=2840256)[0m 2026-04-07 03:15:13,427 - piper_actor - DEBUG - Initializing Ray actor 3 GPU 7
[36m(PiperActor pid=2840256)[0m 2026-04-07 03:15:17,778 - piper_actor - INFO - Actor 3 using GPU 7, master addr 10.158.48.71:56311
[36m(PiperActor pid=2832391)[0m 2026-04-07 03:15:18,602 - piper_actor - DEBUG - Actor 0 has GPU 4, joined the global process group
[36m(PiperActor pid=2832391)[0m 2026-04-07 03:15:18,605 - piper_actor - DEBUG - Global rank 0 joined its dp group 0 along with ranks [0, 2]
[36m(PiperActor pid=2832391)[0m 2026-04-07 03:15:18,607 - piper_actor - INFO - Global rank 0 warmed up pp communicators
[36m(PiperActor pid=2840256)[0m 2026-04-07 03:15:18,597 - piper_actor - DEBUG - Actor 3 has GPU 7, joined the global process group
[36m(PiperActor pid=2840256)[0m 2026-04-07 03:15:18,599 - piper_actor - DEBUG - Global rank 3 joined its dp group 1 along with ranks [1, 3]
[36m(PiperActor pid=2840256)[0m 2026-04-07 03:15:18,601 - piper_actor - INFO - Global rank 3 warmed up pp communicators
[36m(run_dp_rank pid=2795262)[0m Model size: 3607 M parameters (6.72 GB), dtype: torch.bfloat16
[36m(run_dp_rank pid=2795140)[0m 2026-04-07 03:15:19,284 - piper_compile - INFO - DP rank 1 waiting for dp_rank=0 to finish compiling...
[36m(run_dp_rank pid=2795262)[0m 2026-04-07 03:15:24,387 - piper_backend - DEBUG - Graph has stage annotations: True
[36m(run_dp_rank pid=2795262)[0m 2026-04-07 03:15:24,389 - piper_graph_transform - DEBUG - Found stage nodes in graph
[36m(PiperActor pid=2832391)[0m 2026-04-07 03:15:25,099 - piper_actor - DEBUG - Loading stage 0 (1 module(s)) on actor 0
[36m(PiperActor pid=2832380)[0m 2026-04-07 03:15:25,297 - piper_actor - DEBUG - Loading stage 1 (1 module(s)) on actor 1
[36m(PiperActor pid=2832380)[0m 2026-04-07 03:15:28,272 - piper_actor - DEBUG - Actor 1 imported and initialized Triton kernel modules
[36m(PiperActor pid=2832380)[0m 2026-04-07 03:15:28,272 - piper_actor - DEBUG - Manually registering Triton kernel at index 0 on actor 1...
[36m(PiperActor pid=2832391)[0m 2026-04-07 03:15:28,491 - piper_actor - DEBUG - Actor 0 imported and initialized Triton kernel modules
[36m(PiperActor pid=2832391)[0m 2026-04-07 03:15:28,491 - piper_actor - DEBUG - Manually registering Triton kernel at index 0 on actor 0...
[36m(PiperActor pid=2832380)[0m 2026-04-07 03:15:29,945 - piper_actor - DEBUG - Actor 1 registered kernel at id_to_kernel[0] (copied from index 0)
[36m(PiperActor pid=2832380)[0m 2026-04-07 03:15:29,996 - piper_actor - DEBUG - _replace_meta_constants: No meta device tensors found to replace! (checked 0 submodules)
[36m(PiperActor pid=2832380)[0m 2026-04-07 03:15:29,996 - piper_actor - DEBUG - Stage 1 module 0 input indices: [0]
[36m(PiperActor pid=2832391)[0m 2026-04-07 03:15:30,517 - piper_actor - DEBUG - Actor 0 registered kernel at id_to_kernel[0] (copied from index 0)
[36m(PiperActor pid=2832391)[0m 2026-04-07 03:15:30,568 - piper_actor - DEBUG - _replace_meta_constants: No meta device tensors found to replace! (checked 0 submodules)
[36m(PiperActor pid=2832391)[0m 2026-04-07 03:15:30,568 - piper_actor - DEBUG - Stage 0 module 0 input indices: [1]
[36m(PiperActor pid=2832380)[0m 2026-04-07 03:15:30,587 - piper_actor - DEBUG - Loading stage 3 (1 module(s)) on actor 1
[36m(PiperActor pid=2832380)[0m 2026-04-07 03:15:30,587 - piper_actor - DEBUG - Actor 1 imported and initialized Triton kernel modules
[36m(PiperActor pid=2832380)[0m 2026-04-07 03:15:30,587 - piper_actor - DEBUG - Manually registering Triton kernel at index 0 on actor 1...
[36m(PiperActor pid=2832380)[0m 2026-04-07 03:15:30,617 - piper_actor - DEBUG - Actor 1 registered kernel at id_to_kernel[0] (copied from index 0)
[36m(PiperActor pid=2832391)[0m 2026-04-07 03:15:30,633 - piper_actor - DEBUG - Loading stage 2 (1 module(s)) on actor 0
[36m(PiperActor pid=2832391)[0m 2026-04-07 03:15:30,634 - piper_actor - DEBUG - Actor 0 imported and initialized Triton kernel modules
[36m(PiperActor pid=2832391)[0m 2026-04-07 03:15:30,634 - piper_actor - DEBUG - Manually registering Triton kernel at index 0 on actor 0...
[36m(PiperActor pid=2832380)[0m 2026-04-07 03:15:30,670 - piper_actor - DEBUG - _replace_meta_constants: No meta device tensors found to replace! (checked 0 submodules)
[36m(PiperActor pid=2832380)[0m 2026-04-07 03:15:30,670 - piper_actor - DEBUG - Stage 3 module 0 input indices: [0]
[36m(PiperActor pid=2832391)[0m 2026-04-07 03:15:30,725 - piper_actor - DEBUG - Actor 0 registered kernel at id_to_kernel[0] (copied from index 0)
[36m(PiperActor pid=2832391)[0m 2026-04-07 03:15:30,776 - piper_actor - DEBUG - _replace_meta_constants: No meta device tensors found to replace! (checked 0 submodules)
[36m(PiperActor pid=2832391)[0m 2026-04-07 03:15:30,776 - piper_actor - DEBUG - Stage 2 module 0 input indices: [0]
[36m(run_dp_rank pid=2795262)[0m 2026-04-07 03:15:30,975 - piper_backend - DEBUG - Built task DAG: 34 nodes, 28 data edges, 32 temporal edges
[36m(run_dp_rank pid=2795262)[0m 2026-04-07 03:15:30,976 - piper_backend - DEBUG - Inserted ALL_REDUCE nodes for DP gradient sync
[36m(run_dp_rank pid=2795262)[0m 2026-04-07 03:15:30,976 - piper_backend - DEBUG - Inserted ZeRO-3 collective nodes
[36m(run_dp_rank pid=2795262)[0m 2026-04-07 03:15:30,990 - piper_graph_transform - WARNING - graphviz Python package not installed; skipping DAG visualisation
[36m(run_dp_rank pid=2795262)[0m 2026-04-07 03:15:30,990 - piper_graph_transform - WARNING - graphviz Python package not installed; skipping DAG visualisation
[36m(run_dp_rank pid=2795262)[0m 2026-04-07 03:15:30,995 - piper_backend - DEBUG - Loaded per-rank DAGs onto 2 actors
[36m(run_dp_rank pid=2795262)[0m === DAG text: interleaved-1f1b zero3 ===
[36m(run_dp_rank pid=2795262)[0m   [r0 t=    -2 alloc_full_params  s0mb0 bkt=-1]
[36m(run_dp_rank pid=2795262)[0m   [r0 t=    -1 all_gather         s0mb0]
[36m(run_dp_rank pid=2795262)[0m   [r0 t=     0 forward            s0mb0]
[36m(run_dp_rank pid=2795262)[0m       data  --> [r0 t=     4 send               s0mb0]
[36m(run_dp_rank pid=2795262)[0m       temp  --> [r0 t=     4 forward            s0mb1]
[36m(run_dp_rank pid=2795262)[0m   [r0 t=     4 forward            s0mb1]
[36m(run_dp_rank pid=2795262)[0m       data  --> [r0 t=     8 send               s0mb1]
[36m(run_dp_rank pid=2795262)[0m       temp  --> [r0 t=     8 forward            s2mb0]
[36m(run_dp_rank pid=2795262)[0m   [r0 t=     4 send               s0mb0]
[36m(run_dp_rank pid=2795262)[0m   [r0 t=     4 recv               s2mb0]
[36m(run_dp_rank pid=2795262)[0m       data  --> [r0 t=     8 forward            s2mb0]
[36m(run_dp_rank pid=2795262)[0m   [r0 t=     5 free_full_params   s0mb0 bkt=-1]
[36m(run_dp_rank pid=2795262)[0m   [r0 t=     6 alloc_full_params  s2mb0 bkt=-1]
[36m(run_dp_rank pid=2795262)[0m   [r0 t=     7 all_gather         s2mb0]
[36m(run_dp_rank pid=2795262)[0m   [r0 t=     8 forward            s2mb0]
[36m(run_dp_rank pid=2795262)[0m       data  --> [r0 t=    12 send               s2mb0]
[36m(run_dp_rank pid=2795262)[0m       temp  --> [r0 t=    12 forward            s2mb1]
[36m(run_dp_rank pid=2795262)[0m   [r0 t=     8 send               s0mb1]
[36m(run_dp_rank pid=2795262)[0m   [r0 t=     8 recv               s2mb1]
[36m(run_dp_rank pid=2795262)[0m       data  --> [r0 t=    12 forward            s2mb1]
[36m(run_dp_rank pid=2795262)[0m   [r0 t=    12 forward            s2mb1]
[36m(run_dp_rank pid=2795262)[0m       data  --> [r0 t=    16 send               s2mb1]
[36m(run_dp_rank pid=2795262)[0m       temp  --> [r0 t=    16 forward            s0mb2]
[36m(run_dp_rank pid=2795262)[0m   [r0 t=    12 send               s2mb0]
[36m(run_dp_rank pid=2795262)[0m   [r0 t=    13 free_full_params   s2mb0 bkt=-1]
[36m(run_dp_rank pid=2795262)[0m   [r0 t=    14 alloc_full_params  s0mb0 bkt=-1]
[36m(run_dp_rank pid=2795262)[0m   [r0 t=    15 all_gather         s0mb0]
[36m(run_dp_rank pid=2795262)[0m   [r0 t=    16 forward            s0mb2]
[36m(run_dp_rank pid=2795262)[0m       data  --> [r0 t=    20 send               s0mb2]
[36m(run_dp_rank pid=2795262)[0m       temp  --> [r0 t=    20 backward           s2mb0]
[36m(run_dp_rank pid=2795262)[0m   [r0 t=    16 send               s2mb1]
[36m(run_dp_rank pid=2795262)[0m   [r0 t=    16 recv               s2mb0]
[36m(run_dp_rank pid=2795262)[0m       data  --> [r0 t=    20 backward           s2mb0]
[36m(run_dp_rank pid=2795262)[0m   [r0 t=    17 free_full_params   s0mb0 bkt=-1]
[36m(run_dp_rank pid=2795262)[0m   [r0 t=    18 alloc_full_params  s2mb0 bkt=-1]
[36m(run_dp_rank pid=2795262)[0m   [r0 t=    19 all_gather         s2mb0]
[36m(run_dp_rank pid=2795262)[0m   [r0 t=    19 alloc_full_grads   s2mb0 bkt=-1]
[36m(run_dp_rank pid=2795262)[0m   [r0 t=    20 backward           s2mb0]
[36m(run_dp_rank pid=2795262)[0m       data  --> [r0 t=    24 send               s2mb0]
[36m(run_dp_rank pid=2795262)[0m       data  --> [r0 t=    20 reduce_scatter     s2mb0]
[36m(run_dp_rank pid=2795262)[0m       temp  --> [r0 t=    24 forward            s0mb3]
[36m(run_dp_rank pid=2795262)[0m   [r0 t=    20 send               s0mb2]
[36m(run_dp_rank pid=2795262)[0m   [r0 t=    20 reduce_scatter     s2mb0]
[36m(run_dp_rank pid=2795262)[0m   [r0 t=    20 free_full_grads    s2mb0 bkt=-1]
[36m(run_dp_rank pid=2795262)[0m   [r0 t=    21 free_full_params   s2mb0 bkt=-1]
[36m(run_dp_rank pid=2795262)[0m   [r0 t=    22 alloc_full_params  s0mb0 bkt=-1]
[36m(run_dp_rank pid=2795262)[0m   [r0 t=    23 all_gather         s0mb0]
[36m(run_dp_rank pid=2795262)[0m   [r0 t=    24 forward            s0mb3]
[36m(run_dp_rank pid=2795262)[0m       data  --> [r0 t=    28 send               s0mb3]
[36m(run_dp_rank pid=2795262)[0m       temp  --> [r0 t=    28 backward           s2mb1]
[36m(run_dp_rank pid=2795262)[0m   [r0 t=    24 send               s2mb0]
[36m(run_dp_rank pid=2795262)[0m   [r0 t=    24 recv               s2mb1]
[36m(run_dp_rank pid=2795262)[0m       data  --> [r0 t=    28 backward           s2mb1]
[36m(run_dp_rank pid=2795262)[0m   [r0 t=    25 free_full_params   s0mb0 bkt=-1]
[36m(run_dp_rank pid=2795262)[0m   [r0 t=    26 alloc_full_params  s2mb0 bkt=-1]
[36m(run_dp_rank pid=2795262)[0m   [r0 t=    27 all_gather         s2mb0]
[36m(run_dp_rank pid=2795262)[0m   [r0 t=    27 alloc_full_grads   s2mb0 bkt=-1]
[36m(run_dp_rank pid=2795262)[0m   [r0 t=    28 backward           s2mb1]
[36m(run_dp_rank pid=2795262)[0m       data  --> [r0 t=    32 send               s2mb1]
[36m(run_dp_rank pid=2795262)[0m       data  --> [r0 t=    28 reduce_scatter     s2mb1]
[36m(run_dp_rank pid=2795262)[0m       temp  --> [r0 t=    32 forward            s2mb2]
[36m(run_dp_rank pid=2795262)[0m   [r0 t=    28 send               s0mb3]
[36m(run_dp_rank pid=2795262)[0m   [r0 t=    28 recv               s2mb2]
[36m(run_dp_rank pid=2795262)[0m       data  --> [r0 t=    32 forward            s2mb2]
[36m(run_dp_rank pid=2795262)[0m   [r0 t=    28 reduce_scatter     s2mb1]
[36m(run_dp_rank pid=2795262)[0m   [r0 t=    28 free_full_grads    s2mb0 bkt=-1]
[36m(run_dp_rank pid=2795262)[0m   [r0 t=    32 forward            s2mb2]
[36m(run_dp_rank pid=2795262)[0m       data  --> [r0 t=    36 send               s2mb2]
[36m(run_dp_rank pid=2795262)[0m       temp  --> [r0 t=    36 backward           s0mb0]
[36m(run_dp_rank pid=2795262)[0m   [r0 t=    32 send               s2mb1]
[36m(run_dp_rank pid=2795262)[0m   [r0 t=    32 recv               s0mb0]
[36m(run_dp_rank pid=2795262)[0m       data  --> [r0 t=    36 backward           s0mb0]
[36m(run_dp_rank pid=2795262)[0m   [r0 t=    33 free_full_params   s2mb0 bkt=-1]
[36m(run_dp_rank pid=2795262)[0m   [r0 t=    34 alloc_full_params  s0mb0 bkt=-1]
[36m(run_dp_rank pid=2795262)[0m   [r0 t=    35 all_gather         s0mb0]
[36m(run_dp_rank pid=2795262)[0m   [r0 t=    35 alloc_full_grads   s0mb0 bkt=-1]
[36m(run_dp_rank pid=2795262)[0m   [r0 t=    36 backward           s0mb0]
[36m(run_dp_rank pid=2795262)[0m       data  --> [r0 t=    36 reduce_scatter     s0mb0]
[36m(run_dp_rank pid=2795262)[0m       temp  --> [r0 t=    40 forward            s2mb3]
[36m(run_dp_rank pid=2795262)[0m   [r0 t=    36 send               s2mb2]
[36m(run_dp_rank pid=2795262)[0m   [r0 t=    36 recv               s2mb3]
[36m(run_dp_rank pid=2795262)[0m       data  --> [r0 t=    40 forward            s2mb3]
[36m(run_dp_rank pid=2795262)[0m   [r0 t=    36 reduce_scatter     s0mb0]
[36m(run_dp_rank pid=2795262)[0m   [r0 t=    36 free_full_grads    s0mb0 bkt=-1]
[36m(run_dp_rank pid=2795262)[0m   [r0 t=    37 free_full_params   s0mb0 bkt=-1]
[36m(run_dp_rank pid=2795262)[0m   [r0 t=    38 alloc_full_params  s2mb0 bkt=-1]
[36m(run_dp_rank pid=2795262)[0m   [r0 t=    39 all_gather         s2mb0]
[36m(run_dp_rank pid=2795262)[0m   [r0 t=    40 forward            s2mb3]
[36m(run_dp_rank pid=2795262)[0m       data  --> [r0 t=    44 send               s2mb3]
[36m(run_dp_rank pid=2795262)[0m       temp  --> [r0 t=    44 backward           s0mb1]
[36m(run_dp_rank pid=2795262)[0m   [r0 t=    40 recv               s0mb1]
[36m(run_dp_rank pid=2795262)[0m       data  --> [r0 t=    44 backward           s0mb1]
[36m(run_dp_rank pid=2795262)[0m   [r0 t=    41 free_full_params   s2mb0 bkt=-1]
[36m(run_dp_rank pid=2795262)[0m   [r0 t=    42 alloc_full_params  s0mb0 bkt=-1]
[36m(run_dp_rank pid=2795262)[0m   [r0 t=    43 all_gather         s0mb0]
[36m(run_dp_rank pid=2795262)[0m   [r0 t=    43 alloc_full_grads   s0mb0 bkt=-1]
[36m(run_dp_rank pid=2795262)[0m   [r0 t=    44 backward           s0mb1]
[36m(run_dp_rank pid=2795262)[0m       data  --> [r0 t=    44 reduce_scatter     s0mb1]
[36m(run_dp_rank pid=2795262)[0m       temp  --> [r0 t=    48 backward           s2mb2]
[36m(run_dp_rank pid=2795262)[0m   [r0 t=    44 send               s2mb3]
[36m(run_dp_rank pid=2795262)[0m   [r0 t=    44 recv               s2mb2]
[36m(run_dp_rank pid=2795262)[0m       data  --> [r0 t=    48 backward           s2mb2]
[36m(run_dp_rank pid=2795262)[0m   [r0 t=    44 reduce_scatter     s0mb1]
[36m(run_dp_rank pid=2795262)[0m   [r0 t=    44 free_full_grads    s0mb0 bkt=-1]
[36m(run_dp_rank pid=2795262)[0m   [r0 t=    45 free_full_params   s0mb0 bkt=-1]
[36m(run_dp_rank pid=2795262)[0m   [r0 t=    46 alloc_full_params  s2mb0 bkt=-1]
[36m(run_dp_rank pid=2795262)[0m   [r0 t=    47 all_gather         s2mb0]
[36m(run_dp_rank pid=2795262)[0m   [r0 t=    47 alloc_full_grads   s2mb0 bkt=-1]
[36m(run_dp_rank pid=2795262)[0m   [r0 t=    48 backward           s2mb2]
[36m(run_dp_rank pid=2795262)[0m       data  --> [r0 t=    52 send               s2mb2]
[36m(run_dp_rank pid=2795262)[0m       temp  --> [r0 t=    52 backward           s2mb3]
[36m(run_dp_rank pid=2795262)[0m   [r0 t=    48 recv               s2mb3]
[36m(run_dp_rank pid=2795262)[0m       data  --> [r0 t=    52 backward           s2mb3]
[36m(run_dp_rank pid=2795262)[0m   [r0 t=    52 backward           s2mb3]
[36m(run_dp_rank pid=2795262)[0m       data  --> [r0 t=    56 send               s2mb3]
[36m(run_dp_rank pid=2795262)[0m       data  --> [r0 t=    52 reduce_scatter     s2mb3]
[36m(run_dp_rank pid=2795262)[0m       temp  --> [r0 t=    56 backward           s0mb2]
[36m(run_dp_rank pid=2795262)[0m   [r0 t=    52 send               s2mb2]
[36m(run_dp_rank pid=2795262)[0m   [r0 t=    52 recv               s0mb2]
[36m(run_dp_rank pid=2795262)[0m       data  --> [r0 t=    56 backward           s0mb2]
[36m(run_dp_rank pid=2795262)[0m   [r0 t=    52 reduce_scatter     s2mb3]
[36m(run_dp_rank pid=2795262)[0m   [r0 t=    52 free_full_grads    s2mb0 bkt=-1]
[36m(run_dp_rank pid=2795262)[0m   [r0 t=    53 free_full_params   s2mb0 bkt=-1]
[36m(run_dp_rank pid=2795262)[0m   [r0 t=    54 alloc_full_params  s0mb0 bkt=-1]
[36m(run_dp_rank pid=2795262)[0m   [r0 t=    55 all_gather         s0mb0]
[36m(run_dp_rank pid=2795262)[0m   [r0 t=    55 alloc_full_grads   s0mb0 bkt=-1]
[36m(run_dp_rank pid=2795262)[0m   [r0 t=    56 backward           s0mb2]
[36m(run_dp_rank pid=2795262)[0m       temp  --> [r0 t=    60 backward           s0mb3]
[36m(run_dp_rank pid=2795262)[0m   [r0 t=    56 send               s2mb3]
[36m(run_dp_rank pid=2795262)[0m   [r0 t=    56 recv               s0mb3]
[36m(run_dp_rank pid=2795262)[0m       data  --> [r0 t=    60 backward           s0mb3]
[36m(run_dp_rank pid=2795262)[0m   [r0 t=    60 backward           s0mb3]
[36m(run_dp_rank pid=2795262)[0m       data  --> [r0 t=    60 reduce_scatter     s0mb3]
[36m(run_dp_rank pid=2795262)[0m       temp  --> [r0 t=    64 update             s0mb3]
[36m(run_dp_rank pid=2795262)[0m   [r0 t=    60 reduce_scatter     s0mb3]
[36m(run_dp_rank pid=2795262)[0m   [r0 t=    60 free_full_grads    s0mb0 bkt=-1]
[36m(run_dp_rank pid=2795262)[0m   [r0 t=    61 free_full_params   s0mb0 bkt=-1]
[36m(run_dp_rank pid=2795262)[0m   [r0 t=    64 update             s0mb3]
[36m(run_dp_rank pid=2795262)[0m   [r1 t=    -4 recv               s1mb0]
[36m(run_dp_rank pid=2795262)[0m       data  --> [r1 t=     0 forward            s1mb0]
[36m(run_dp_rank pid=2795262)[0m   [r1 t=    -2 alloc_full_params  s1mb0 bkt=-1]
[36m(run_dp_rank pid=2795262)[0m   [r1 t=    -1 all_gather         s1mb0]
[36m(run_dp_rank pid=2795262)[0m   [r1 t=     0 forward            s1mb0]
[36m(run_dp_rank pid=2795262)[0m       data  --> [r1 t=     4 send               s1mb0]
[36m(run_dp_rank pid=2795262)[0m       temp  --> [r1 t=     4 forward            s1mb1]
[36m(run_dp_rank pid=2795262)[0m   [r1 t=     0 recv               s1mb1]
[36m(run_dp_rank pid=2795262)[0m       data  --> [r1 t=     4 forward            s1mb1]
[36m(run_dp_rank pid=2795262)[0m   [r1 t=     4 forward            s1mb1]
[36m(run_dp_rank pid=2795262)[0m       data  --> [r1 t=     8 send               s1mb1]
[36m(run_dp_rank pid=2795262)[0m       temp  --> [r1 t=     8 forward            s3mb0]
[36m(run_dp_rank pid=2795262)[0m   [r1 t=     4 recv               s3mb0]
[36m(run_dp_rank pid=2795262)[0m       data  --> [r1 t=     8 forward            s3mb0]
[36m(run_dp_rank pid=2795262)[0m   [r1 t=     4 send               s1mb0]
[36m(run_dp_rank pid=2795262)[0m   [r1 t=     5 free_full_params   s1mb0 bkt=-1]
[36m(run_dp_rank pid=2795262)[0m   [r1 t=     6 alloc_full_params  s3mb0 bkt=-1]
[36m(run_dp_rank pid=2795262)[0m   [r1 t=     7 all_gather         s3mb0]
[36m(run_dp_rank pid=2795262)[0m   [r1 t=     8 forward            s3mb0]
[36m(run_dp_rank pid=2795262)[0m       data  --> [r1 t=    12 backward           s3mb0]
[36m(run_dp_rank pid=2795262)[0m       temp  --> [r1 t=    12 backward           s3mb0]
[36m(run_dp_rank pid=2795262)[0m   [r1 t=     8 send               s1mb1]
[36m(run_dp_rank pid=2795262)[0m   [r1 t=    11 alloc_full_grads   s3mb0 bkt=-1]
[36m(run_dp_rank pid=2795262)[0m   [r1 t=    12 backward           s3mb0]
[36m(run_dp_rank pid=2795262)[0m       data  --> [r1 t=    16 send               s3mb0]
[36m(run_dp_rank pid=2795262)[0m       data  --> [r1 t=    12 reduce_scatter     s3mb0]
[36m(run_dp_rank pid=2795262)[0m       temp  --> [r1 t=    16 forward            s3mb1]
[36m(run_dp_rank pid=2795262)[0m   [r1 t=    12 recv               s3mb1]
[36m(run_dp_rank pid=2795262)[0m       data  --> [r1 t=    16 forward            s3mb1]
[36m(run_dp_rank pid=2795262)[0m   [r1 t=    12 reduce_scatter     s3mb0]
[36m(run_dp_rank pid=2795262)[0m   [r1 t=    12 free_full_grads    s3mb0 bkt=-1]
[36m(run_dp_rank pid=2795262)[0m   [r1 t=    16 forward            s3mb1]
[36m(run_dp_rank pid=2795262)[0m       data  --> [r1 t=    20 backward           s3mb1]
[36m(run_dp_rank pid=2795262)[0m       temp  --> [r1 t=    20 backward           s3mb1]
[36m(run_dp_rank pid=2795262)[0m   [r1 t=    16 send               s3mb0]
[36m(run_dp_rank pid=2795262)[0m   [r1 t=    19 alloc_full_grads   s3mb0 bkt=-1]
[36m(run_dp_rank pid=2795262)[0m   [r1 t=    20 backward           s3mb1]
[36m(run_dp_rank pid=2795262)[0m       data  --> [r1 t=    24 send               s3mb1]
[36m(run_dp_rank pid=2795262)[0m       data  --> [r1 t=    20 reduce_scatter     s3mb1]
[36m(run_dp_rank pid=2795262)[0m       temp  --> [r1 t=    24 forward            s1mb2]
[36m(run_dp_rank pid=2795262)[0m   [r1 t=    20 recv               s1mb2]
[36m(run_dp_rank pid=2795262)[0m       data  --> [r1 t=    24 forward            s1mb2]
[36m(run_dp_rank pid=2795262)[0m   [r1 t=    20 reduce_scatter     s3mb1]
[36m(run_dp_rank pid=2795262)[0m   [r1 t=    20 free_full_grads    s3mb0 bkt=-1]
[36m(run_dp_rank pid=2795262)[0m   [r1 t=    21 free_full_params   s3mb0 bkt=-1]
[36m(run_dp_rank pid=2795262)[0m   [r1 t=    22 alloc_full_params  s1mb0 bkt=-1]
[36m(run_dp_rank pid=2795262)[0m   [r1 t=    23 all_gather         s1mb0]
[36m(run_dp_rank pid=2795262)[0m   [r1 t=    24 forward            s1mb2]
[36m(run_dp_rank pid=2795262)[0m       data  --> [r1 t=    28 send               s1mb2]
[36m(run_dp_rank pid=2795262)[0m       temp  --> [r1 t=    28 backward           s1mb0]
[36m(run_dp_rank pid=2795262)[0m   [r1 t=    24 recv               s1mb0]
[36m(run_dp_rank pid=2795262)[0m       data  --> [r1 t=    28 backward           s1mb0]
[36m(run_dp_rank pid=2795262)[0m   [r1 t=    24 send               s3mb1]
[36m(run_dp_rank pid=2795262)[0m   [r1 t=    27 alloc_full_grads   s1mb0 bkt=-1]
[36m(run_dp_rank pid=2795262)[0m   [r1 t=    28 backward           s1mb0]
[36m(run_dp_rank pid=2795262)[0m       data  --> [r1 t=    32 send               s1mb0]
[36m(run_dp_rank pid=2795262)[0m       data  --> [r1 t=    28 reduce_scatter     s1mb0]
[36m(run_dp_rank pid=2795262)[0m       temp  --> [r1 t=    32 forward            s1mb3]
[36m(run_dp_rank pid=2795262)[0m   [r1 t=    28 recv               s1mb3]
[36m(run_dp_rank pid=2795262)[0m       data  --> [r1 t=    32 forward            s1mb3]
[36m(run_dp_rank pid=2795262)[0m   [r1 t=    28 send               s1mb2]
[36m(run_dp_rank pid=2795262)[0m   [r1 t=    28 reduce_scatter     s1mb0]
[36m(run_dp_rank pid=2795262)[0m   [r1 t=    28 free_full_grads    s1mb0 bkt=-1]
[36m(run_dp_rank pid=2795262)[0m   [r1 t=    32 forward            s1mb3]
[36m(run_dp_rank pid=2795262)[0m       data  --> [r1 t=    36 send               s1mb3]
[36m(run_dp_rank pid=2795262)[0m       temp  --> [r1 t=    36 backward           s1mb1]
[36m(run_dp_rank pid=2795262)[0m   [r1 t=    32 recv               s1mb1]
[36m(run_dp_rank pid=2795262)[0m       data  --> [r1 t=    36 backward           s1mb1]
[36m(run_dp_rank pid=2795262)[0m   [r1 t=    32 send               s1mb0]
[36m(run_dp_rank pid=2795262)[0m   [r1 t=    35 alloc_full_grads   s1mb0 bkt=-1]
[36m(run_dp_rank pid=2795262)[0m   [r1 t=    36 backward           s1mb1]
[36m(run_dp_rank pid=2795262)[0m       data  --> [r1 t=    40 send               s1mb1]
[36m(run_dp_rank pid=2795262)[0m       data  --> [r1 t=    36 reduce_scatter     s1mb1]
[36m(run_dp_rank pid=2795262)[0m       temp  --> [r1 t=    40 forward            s3mb2]
[36m(run_dp_rank pid=2795262)[0m   [r1 t=    36 recv               s3mb2]
[36m(run_dp_rank pid=2795262)[0m       data  --> [r1 t=    40 forward            s3mb2]
[36m(run_dp_rank pid=2795262)[0m   [r1 t=    36 send               s1mb3]
[36m(run_dp_rank pid=2795262)[0m   [r1 t=    36 reduce_scatter     s1mb1]
[36m(run_dp_rank pid=2795262)[0m   [r1 t=    36 free_full_grads    s1mb0 bkt=-1]
[36m(run_dp_rank pid=2795262)[0m   [r1 t=    37 free_full_params   s1mb0 bkt=-1]
[36m(run_dp_rank pid=2795262)[0m   [r1 t=    38 alloc_full_params  s3mb0 bkt=-1]
[36m(run_dp_rank pid=2795262)[0m   [r1 t=    39 all_gather         s3mb0]
[36m(run_dp_rank pid=2795262)[0m   [r1 t=    40 forward            s3mb2]
[36m(run_dp_rank pid=2795262)[0m       data  --> [r1 t=    44 backward           s3mb2]
[36m(run_dp_rank pid=2795262)[0m       temp  --> [r1 t=    44 backward           s3mb2]
[36m(run_dp_rank pid=2795262)[0m   [r1 t=    40 send               s1mb1]
[36m(run_dp_rank pid=2795262)[0m   [r1 t=    43 alloc_full_grads   s3mb0 bkt=-1]
[36m(run_dp_rank pid=2795262)[0m   [r1 t=    44 backward           s3mb2]
[36m(run_dp_rank pid=2795262)[0m       data  --> [r1 t=    48 send               s3mb2]
[36m(run_dp_rank pid=2795262)[0m       data  --> [r1 t=    44 reduce_scatter     s3mb2]
[36m(run_dp_rank pid=2795262)[0m       temp  --> [r1 t=    48 forward            s3mb3]
[36m(run_dp_rank pid=2795262)[0m   [r1 t=    44 recv               s3mb3]
[36m(run_dp_rank pid=2795262)[0m       data  --> [r1 t=    48 forward            s3mb3]
[36m(run_dp_rank pid=2795262)[0m   [r1 t=    44 reduce_scatter     s3mb2]
[36m(run_dp_rank pid=2795262)[0m   [r1 t=    44 free_full_grads    s3mb0 bkt=-1]
[36m(run_dp_rank pid=2795262)[0m   [r1 t=    48 forward            s3mb3]
[36m(run_dp_rank pid=2795262)[0m       data  --> [r1 t=    52 backward           s3mb3]
[36m(run_dp_rank pid=2795262)[0m       temp  --> [r1 t=    52 backward           s3mb3]
[36m(run_dp_rank pid=2795262)[0m   [r1 t=    48 send               s3mb2]
[36m(run_dp_rank pid=2795262)[0m   [r1 t=    51 alloc_full_grads   s3mb0 bkt=-1]
[36m(run_dp_rank pid=2795262)[0m   [r1 t=    52 backward           s3mb3]
[36m(run_dp_rank pid=2795262)[0m       data  --> [r1 t=    56 send               s3mb3]
[36m(run_dp_rank pid=2795262)[0m       data  --> [r1 t=    52 reduce_scatter     s3mb3]
[36m(run_dp_rank pid=2795262)[0m       temp  --> [r1 t=    56 backward           s1mb2]
[36m(run_dp_rank pid=2795262)[0m   [r1 t=    52 recv               s1mb2]
[36m(run_dp_rank pid=2795262)[0m       data  --> [r1 t=    56 backward           s1mb2]
[36m(run_dp_rank pid=2795262)[0m   [r1 t=    52 reduce_scatter     s3mb3]
[36m(run_dp_rank pid=2795262)[0m   [r1 t=    52 free_full_grads    s3mb0 bkt=-1]
[36m(run_dp_rank pid=2795262)[0m   [r1 t=    53 free_full_params   s3mb0 bkt=-1]
[36m(run_dp_rank pid=2795262)[0m   [r1 t=    54 alloc_full_params  s1mb0 bkt=-1]
[36m(run_dp_rank pid=2795262)[0m   [r1 t=    55 all_gather         s1mb0]
[36m(run_dp_rank pid=2795262)[0m   [r1 t=    55 alloc_full_grads   s1mb0 bkt=-1]
[36m(run_dp_rank pid=2795262)[0m   [r1 t=    56 backward           s1mb2]
[36m(run_dp_rank pid=2795262)[0m       data  --> [r1 t=    60 send               s1mb2]
[36m(run_dp_rank pid=2795262)[0m       temp  --> [r1 t=    60 backward           s1mb3]
[36m(run_dp_rank pid=2795262)[0m   [r1 t=    56 recv               s1mb3]
[36m(run_dp_rank pid=2795262)[0m       data  --> [r1 t=    60 backward           s1mb3]
[36m(run_dp_rank pid=2795262)[0m   [r1 t=    56 send               s3mb3]
[36m(run_dp_rank pid=2795262)[0m   [r1 t=    60 backward           s1mb3]
[36m(run_dp_rank pid=2795262)[0m       data  --> [r1 t=    64 send               s1mb3]
[36m(run_dp_rank pid=2795262)[0m       data  --> [r1 t=    60 reduce_scatter     s1mb3]
[36m(run_dp_rank pid=2795262)[0m       temp  --> [r1 t=    64 update             s1mb3]
[36m(run_dp_rank pid=2795262)[0m   [r1 t=    60 send               s1mb2]
[36m(run_dp_rank pid=2795262)[0m   [r1 t=    60 reduce_scatter     s1mb3]
[36m(run_dp_rank pid=2795262)[0m   [r1 t=    60 free_full_grads    s1mb0 bkt=-1]
[36m(run_dp_rank pid=2795262)[0m   [r1 t=    61 free_full_params   s1mb0 bkt=-1]
[36m(run_dp_rank pid=2795262)[0m   [r1 t=    64 update             s1mb3]
[36m(run_dp_rank pid=2795262)[0m   [r1 t=    64 send               s1mb3]
[36m(run_dp_rank pid=2795262)[0m ========================================
[36m(run_dp_rank pid=2795262)[0m === Per-rank execution schedules: interleaved-1f1b zero3 ===
[36m(run_dp_rank pid=2795262)[0m   -- Rank 0 --
[36m(run_dp_rank pid=2795262)[0m        0  [r0 t=    -2 alloc_full_params  s0mb0 bkt=-1]
[36m(run_dp_rank pid=2795262)[0m        1  [r0 t=    -1 all_gather         s0mb0]
[36m(run_dp_rank pid=2795262)[0m        2  [r0 t=     0 forward            s0mb0]
[36m(run_dp_rank pid=2795262)[0m        3  [r0 t=     4 forward            s0mb1]
[36m(run_dp_rank pid=2795262)[0m        4  [r0 t=     4 send               s0mb0]
[36m(run_dp_rank pid=2795262)[0m        5  [r0 t=     4 recv               s2mb0]
[36m(run_dp_rank pid=2795262)[0m        6  [r0 t=     5 free_full_params   s0mb0 bkt=-1]
[36m(run_dp_rank pid=2795262)[0m        7  [r0 t=     6 alloc_full_params  s2mb0 bkt=-1]
[36m(run_dp_rank pid=2795262)[0m        8  [r0 t=     7 all_gather         s2mb0]
[36m(run_dp_rank pid=2795262)[0m        9  [r0 t=     8 forward            s2mb0]
[36m(run_dp_rank pid=2795262)[0m       10  [r0 t=     8 send               s0mb1]
[36m(run_dp_rank pid=2795262)[0m       11  [r0 t=     8 recv               s2mb1]
[36m(run_dp_rank pid=2795262)[0m       12  [r0 t=    12 forward            s2mb1]
[36m(run_dp_rank pid=2795262)[0m       13  [r0 t=    12 send               s2mb0]
[36m(run_dp_rank pid=2795262)[0m       14  [r0 t=    13 free_full_params   s2mb0 bkt=-1]
[36m(run_dp_rank pid=2795262)[0m       15  [r0 t=    14 alloc_full_params  s0mb0 bkt=-1]
[36m(run_dp_rank pid=2795262)[0m       16  [r0 t=    15 all_gather         s0mb0]
[36m(run_dp_rank pid=2795262)[0m       17  [r0 t=    16 forward            s0mb2]
[36m(run_dp_rank pid=2795262)[0m       18  [r0 t=    16 send               s2mb1]
[36m(run_dp_rank pid=2795262)[0m       19  [r0 t=    16 recv               s2mb0]
[36m(run_dp_rank pid=2795262)[0m       20  [r0 t=    17 free_full_params   s0mb0 bkt=-1]
[36m(run_dp_rank pid=2795262)[0m       21  [r0 t=    18 alloc_full_params  s2mb0 bkt=-1]
[36m(run_dp_rank pid=2795262)[0m       22  [r0 t=    19 all_gather         s2mb0]
[36m(run_dp_rank pid=2795262)[0m       23  [r0 t=    19 alloc_full_grads   s2mb0 bkt=-1]
[36m(run_dp_rank pid=2795262)[0m       24  [r0 t=    20 backward           s2mb0]
[36m(run_dp_rank pid=2795262)[0m       25  [r0 t=    20 send               s0mb2]
[36m(run_dp_rank pid=2795262)[0m       26  [r0 t=    20 reduce_scatter     s2mb0]
[36m(run_dp_rank pid=2795262)[0m       27  [r0 t=    20 free_full_grads    s2mb0 bkt=-1]
[36m(run_dp_rank pid=2795262)[0m       28  [r0 t=    21 free_full_params   s2mb0 bkt=-1]
[36m(run_dp_rank pid=2795262)[0m       29  [r0 t=    22 alloc_full_params  s0mb0 bkt=-1]
[36m(run_dp_rank pid=2795262)[0m       30  [r0 t=    23 all_gather         s0mb0]
[36m(run_dp_rank pid=2795262)[0m       31  [r0 t=    24 forward            s0mb3]
[36m(run_dp_rank pid=2795262)[0m       32  [r0 t=    24 send               s2mb0]
[36m(run_dp_rank pid=2795262)[0m       33  [r0 t=    24 recv               s2mb1]
[36m(run_dp_rank pid=2795262)[0m       34  [r0 t=    25 free_full_params   s0mb0 bkt=-1]
[36m(run_dp_rank pid=2795262)[0m       35  [r0 t=    26 alloc_full_params  s2mb0 bkt=-1]
[36m(run_dp_rank pid=2795262)[0m       36  [r0 t=    27 all_gather         s2mb0]
[36m(run_dp_rank pid=2795262)[0m       37  [r0 t=    27 alloc_full_grads   s2mb0 bkt=-1]
[36m(run_dp_rank pid=2795262)[0m       38  [r0 t=    28 backward           s2mb1]
[36m(run_dp_rank pid=2795262)[0m       39  [r0 t=    28 send               s0mb3]
[36m(run_dp_rank pid=2795262)[0m       40  [r0 t=    28 recv               s2mb2]
[36m(run_dp_rank pid=2795262)[0m       41  [r0 t=    28 reduce_scatter     s2mb1]
[36m(run_dp_rank pid=2795262)[0m       42  [r0 t=    28 free_full_grads    s2mb0 bkt=-1]
[36m(run_dp_rank pid=2795262)[0m       43  [r0 t=    32 forward            s2mb2]
[36m(run_dp_rank pid=2795262)[0m       44  [r0 t=    32 send               s2mb1]
[36m(run_dp_rank pid=2795262)[0m       45  [r0 t=    32 recv               s0mb0]
[36m(run_dp_rank pid=2795262)[0m       46  [r0 t=    33 free_full_params   s2mb0 bkt=-1]
[36m(run_dp_rank pid=2795262)[0m       47  [r0 t=    34 alloc_full_params  s0mb0 bkt=-1]
[36m(run_dp_rank pid=2795262)[0m       48  [r0 t=    35 all_gather         s0mb0]
[36m(run_dp_rank pid=2795262)[0m       49  [r0 t=    35 alloc_full_grads   s0mb0 bkt=-1]
[36m(run_dp_rank pid=2795262)[0m       50  [r0 t=    36 backward           s0mb0]
[36m(run_dp_rank pid=2795262)[0m       51  [r0 t=    36 send               s2mb2]
[36m(run_dp_rank pid=2795262)[0m       52  [r0 t=    36 recv               s2mb3]
[36m(run_dp_rank pid=2795262)[0m       53  [r0 t=    36 reduce_scatter     s0mb0]
[36m(run_dp_rank pid=2795262)[0m       54  [r0 t=    36 free_full_grads    s0mb0 bkt=-1]
[36m(run_dp_rank pid=2795262)[0m       55  [r0 t=    37 free_full_params   s0mb0 bkt=-1]
[36m(run_dp_rank pid=2795262)[0m       56  [r0 t=    38 alloc_full_params  s2mb0 bkt=-1]
[36m(run_dp_rank pid=2795262)[0m       57  [r0 t=    39 all_gather         s2mb0]
[36m(run_dp_rank pid=2795262)[0m       58  [r0 t=    40 forward            s2mb3]
[36m(run_dp_rank pid=2795262)[0m       59  [r0 t=    40 recv               s0mb1]
[36m(run_dp_rank pid=2795262)[0m       60  [r0 t=    41 free_full_params   s2mb0 bkt=-1]
[36m(run_dp_rank pid=2795262)[0m       61  [r0 t=    42 alloc_full_params  s0mb0 bkt=-1]
[36m(run_dp_rank pid=2795262)[0m       62  [r0 t=    43 all_gather         s0mb0]
[36m(run_dp_rank pid=2795262)[0m       63  [r0 t=    43 alloc_full_grads   s0mb0 bkt=-1]
[36m(run_dp_rank pid=2795262)[0m       64  [r0 t=    44 backward           s0mb1]
[36m(run_dp_rank pid=2795262)[0m       65  [r0 t=    44 send               s2mb3]
[36m(run_dp_rank pid=2795262)[0m       66  [r0 t=    44 recv               s2mb2]
[36m(run_dp_rank pid=2795262)[0m       67  [r0 t=    44 reduce_scatter     s0mb1]
[36m(run_dp_rank pid=2795262)[0m       68  [r0 t=    44 free_full_grads    s0mb0 bkt=-1]
[36m(run_dp_rank pid=2795262)[0m       69  [r0 t=    45 free_full_params   s0mb0 bkt=-1]
[36m(run_dp_rank pid=2795262)[0m       70  [r0 t=    46 alloc_full_params  s2mb0 bkt=-1]
[36m(run_dp_rank pid=2795262)[0m       71  [r0 t=    47 all_gather         s2mb0]
[36m(run_dp_rank pid=2795262)[0m       72  [r0 t=    47 alloc_full_grads   s2mb0 bkt=-1]
[36m(run_dp_rank pid=2795262)[0m       73  [r0 t=    48 backward           s2mb2]
[36m(run_dp_rank pid=2795262)[0m       74  [r0 t=    48 recv               s2mb3]
[36m(run_dp_rank pid=2795262)[0m       75  [r0 t=    52 backward           s2mb3]
[36m(run_dp_rank pid=2795262)[0m       76  [r0 t=    52 send               s2mb2]
[36m(run_dp_rank pid=2795262)[0m       77  [r0 t=    52 recv               s0mb2]
[36m(run_dp_rank pid=2795262)[0m       78  [r0 t=    52 reduce_scatter     s2mb3]
[36m(run_dp_rank pid=2795262)[0m       79  [r0 t=    52 free_full_grads    s2mb0 bkt=-1]
[36m(run_dp_rank pid=2795262)[0m       80  [r0 t=    53 free_full_params   s2mb0 bkt=-1]
[36m(run_dp_rank pid=2795262)[0m       81  [r0 t=    54 alloc_full_params  s0mb0 bkt=-1]
[36m(run_dp_rank pid=2795262)[0m       82  [r0 t=    55 all_gather         s0mb0]
[36m(run_dp_rank pid=2795262)[0m       83  [r0 t=    55 alloc_full_grads   s0mb0 bkt=-1]
[36m(run_dp_rank pid=2795262)[0m       84  [r0 t=    56 backward           s0mb2]
[36m(run_dp_rank pid=2795262)[0m       85  [r0 t=    56 send               s2mb3]
[36m(run_dp_rank pid=2795262)[0m       86  [r0 t=    56 recv               s0mb3]
[36m(run_dp_rank pid=2795262)[0m       87  [r0 t=    60 backward           s0mb3]
[36m(run_dp_rank pid=2795262)[0m       88  [r0 t=    60 reduce_scatter     s0mb3]
[36m(run_dp_rank pid=2795262)[0m       89  [r0 t=    60 free_full_grads    s0mb0 bkt=-1]
[36m(run_dp_rank pid=2795262)[0m       90  [r0 t=    61 free_full_params   s0mb0 bkt=-1]
[36m(run_dp_rank pid=2795262)[0m       91  [r0 t=    64 update             s0mb3]
[36m(run_dp_rank pid=2795262)[0m   -- Rank 1 --
[36m(run_dp_rank pid=2795262)[0m        0  [r1 t=    -4 recv               s1mb0]
[36m(run_dp_rank pid=2795262)[0m        1  [r1 t=    -2 alloc_full_params  s1mb0 bkt=-1]
[36m(run_dp_rank pid=2795262)[0m        2  [r1 t=    -1 all_gather         s1mb0]
[36m(run_dp_rank pid=2795262)[0m        3  [r1 t=     0 forward            s1mb0]
[36m(run_dp_rank pid=2795262)[0m        4  [r1 t=     0 recv               s1mb1]
[36m(run_dp_rank pid=2795262)[0m        5  [r1 t=     4 forward            s1mb1]
[36m(run_dp_rank pid=2795262)[0m        6  [r1 t=     4 recv               s3mb0]
[36m(run_dp_rank pid=2795262)[0m        7  [r1 t=     4 send               s1mb0]
[36m(run_dp_rank pid=2795262)[0m        8  [r1 t=     5 free_full_params   s1mb0 bkt=-1]
[36m(run_dp_rank pid=2795262)[0m        9  [r1 t=     6 alloc_full_params  s3mb0 bkt=-1]
[36m(run_dp_rank pid=2795262)[0m       10  [r1 t=     7 all_gather         s3mb0]
[36m(run_dp_rank pid=2795262)[0m       11  [r1 t=     8 forward            s3mb0]
[36m(run_dp_rank pid=2795262)[0m       12  [r1 t=     8 send               s1mb1]
[36m(run_dp_rank pid=2795262)[0m       13  [r1 t=    11 alloc_full_grads   s3mb0 bkt=-1]
[36m(run_dp_rank pid=2795262)[0m       14  [r1 t=    12 backward           s3mb0]
[36m(run_dp_rank pid=2795262)[0m       15  [r1 t=    12 recv               s3mb1]
[36m(run_dp_rank pid=2795262)[0m       16  [r1 t=    12 reduce_scatter     s3mb0]
[36m(run_dp_rank pid=2795262)[0m       17  [r1 t=    12 free_full_grads    s3mb0 bkt=-1]
[36m(run_dp_rank pid=2795262)[0m       18  [r1 t=    16 forward            s3mb1]
[36m(run_dp_rank pid=2795262)[0m       19  [r1 t=    16 send               s3mb0]
[36m(run_dp_rank pid=2795262)[0m       20  [r1 t=    19 alloc_full_grads   s3mb0 bkt=-1]
[36m(run_dp_rank pid=2795262)[0m       21  [r1 t=    20 backward           s3mb1]
[36m(run_dp_rank pid=2795262)[0m       22  [r1 t=    20 recv               s1mb2]
[36m(run_dp_rank pid=2795262)[0m       23  [r1 t=    20 reduce_scatter     s3mb1]
[36m(run_dp_rank pid=2795262)[0m       24  [r1 t=    20 free_full_grads    s3mb0 bkt=-1]
[36m(run_dp_rank pid=2795262)[0m       25  [r1 t=    21 free_full_params   s3mb0 bkt=-1]
[36m(run_dp_rank pid=2795262)[0m       26  [r1 t=    22 alloc_full_params  s1mb0 bkt=-1]
[36m(run_dp_rank pid=2795262)[0m       27  [r1 t=    23 all_gather         s1mb0]
[36m(run_dp_rank pid=2795262)[0m       28  [r1 t=    24 forward            s1mb2]
[36m(run_dp_rank pid=2795262)[0m       29  [r1 t=    24 recv               s1mb0]
[36m(run_dp_rank pid=2795262)[0m       30  [r1 t=    24 send               s3mb1]
[36m(run_dp_rank pid=2795262)[0m       31  [r1 t=    27 alloc_full_grads   s1mb0 bkt=-1]
[36m(run_dp_rank pid=2795262)[0m       32  [r1 t=    28 backward           s1mb0]
[36m(run_dp_rank pid=2795262)[0m       33  [r1 t=    28 recv               s1mb3]
[36m(run_dp_rank pid=2795262)[0m       34  [r1 t=    28 send               s1mb2]
[36m(run_dp_rank pid=2795262)[0m       35  [r1 t=    28 reduce_scatter     s1mb0]
[36m(run_dp_rank pid=2795262)[0m       36  [r1 t=    28 free_full_grads    s1mb0 bkt=-1]
[36m(run_dp_rank pid=2795262)[0m       37  [r1 t=    32 forward            s1mb3]
[36m(run_dp_rank pid=2795262)[0m       38  [r1 t=    32 recv               s1mb1]
[36m(run_dp_rank pid=2795262)[0m       39  [r1 t=    32 send               s1mb0]
[36m(run_dp_rank pid=2795262)[0m       40  [r1 t=    35 alloc_full_grads   s1mb0 bkt=-1]
[36m(run_dp_rank pid=2795262)[0m       41  [r1 t=    36 backward           s1mb1]
[36m(run_dp_rank pid=2795262)[0m       42  [r1 t=    36 recv               s3mb2]
[36m(run_dp_rank pid=2795262)[0m       43  [r1 t=    36 send               s1mb3]
[36m(run_dp_rank pid=2795262)[0m       44  [r1 t=    36 reduce_scatter     s1mb1]
[36m(run_dp_rank pid=2795262)[0m       45  [r1 t=    36 free_full_grads    s1mb0 bkt=-1]
[36m(run_dp_rank pid=2795262)[0m       46  [r1 t=    37 free_full_params   s1mb0 bkt=-1]
[36m(run_dp_rank pid=2795262)[0m       47  [r1 t=    38 alloc_full_params  s3mb0 bkt=-1]
[36m(run_dp_rank pid=2795262)[0m       48  [r1 t=    39 all_gather         s3mb0]
[36m(run_dp_rank pid=2795262)[0m       49  [r1 t=    40 forward            s3mb2]
[36m(run_dp_rank pid=2795262)[0m       50  [r1 t=    40 send               s1mb1]
[36m(run_dp_rank pid=2795262)[0m       51  [r1 t=    43 alloc_full_grads   s3mb0 bkt=-1]
[36m(run_dp_rank pid=2795262)[0m       52  [r1 t=    44 backward           s3mb2]
[36m(run_dp_rank pid=2795262)[0m       53  [r1 t=    44 recv               s3mb3]
[36m(run_dp_rank pid=2795262)[0m       54  [r1 t=    44 reduce_scatter     s3mb2]
[36m(run_dp_rank pid=2795262)[0m       55  [r1 t=    44 free_full_grads    s3mb0 bkt=-1]
[36m(run_dp_rank pid=2795262)[0m       56  [r1 t=    48 forward            s3mb3]
[36m(run_dp_rank pid=2795262)[0m       57  [r1 t=    48 send               s3mb2]
[36m(run_dp_rank pid=2795262)[0m       58  [r1 t=    51 alloc_full_grads   s3mb0 bkt=-1]
[36m(run_dp_rank pid=2795262)[0m       59  [r1 t=    52 backward           s3mb3]
[36m(run_dp_rank pid=2795262)[0m       60  [r1 t=    52 recv               s1mb2]
[36m(run_dp_rank pid=2795262)[0m       61  [r1 t=    52 reduce_scatter     s3mb3]
[36m(run_dp_rank pid=2795262)[0m       62  [r1 t=    52 free_full_grads    s3mb0 bkt=-1]
[36m(run_dp_rank pid=2795262)[0m       63  [r1 t=    53 free_full_params   s3mb0 bkt=-1]
[36m(run_dp_rank pid=2795262)[0m       64  [r1 t=    54 alloc_full_params  s1mb0 bkt=-1]
[36m(run_dp_rank pid=2795262)[0m       65  [r1 t=    55 all_gather         s1mb0]
[36m(run_dp_rank pid=2795262)[0m       66  [r1 t=    55 alloc_full_grads   s1mb0 bkt=-1]
[36m(run_dp_rank pid=2795262)[0m       67  [r1 t=    56 backward           s1mb2]
[36m(run_dp_rank pid=2795262)[0m       68  [r1 t=    56 recv               s1mb3]
[36m(run_dp_rank pid=2795262)[0m       69  [r1 t=    56 send               s3mb3]
[36m(run_dp_rank pid=2795262)[0m       70  [r1 t=    60 backward           s1mb3]
[36m(run_dp_rank pid=2795262)[0m       71  [r1 t=    60 send               s1mb2]
[36m(run_dp_rank pid=2795262)[0m       72  [r1 t=    60 reduce_scatter     s1mb3]
[36m(run_dp_rank pid=2795262)[0m       73  [r1 t=    60 free_full_grads    s1mb0 bkt=-1]
[36m(run_dp_rank pid=2795262)[0m       74  [r1 t=    61 free_full_params   s1mb0 bkt=-1]
[36m(run_dp_rank pid=2795262)[0m       75  [r1 t=    64 update             s1mb3]
[36m(run_dp_rank pid=2795262)[0m       76  [r1 t=    64 send               s1mb3]
[36m(run_dp_rank pid=2795262)[0m ============================================================
[36m(run_dp_rank pid=2795262)[0m 2026-04-07 03:15:31,696 - piper_backend - WARNING - Should not directly call compiled module, running non-distributed execution
[36m(run_dp_rank pid=2795262)[0m 2026-04-07 03:15:31,696 - piper_compile - INFO - DP rank 0 stage graphs loaded onto actors.
[36m(run_dp_rank pid=2795262)[0m 2026-04-07 03:15:34,164 - piper_compile - INFO - DP rank 0 published compiled stage data.
[36m(run_dp_rank pid=2795140)[0m 2026-04-07 03:15:34,178 - piper_compile - INFO - DP rank 1 received compiled stage data, loading onto actors...
[36m(PiperActor pid=2832391)[0m 2026-04-07 03:15:34,171 - piper_actor - DEBUG - Actor 0 loaded inputs 1
[36m(PiperActor pid=2832398)[0m 2026-04-07 03:15:34,188 - piper_actor - DEBUG - Loading stage 0 (1 module(s)) on actor 2
[36m(PiperActor pid=2840256)[0m 2026-04-07 03:15:34,195 - piper_actor - DEBUG - Loading stage 1 (1 module(s)) on actor 3
[36m(PiperActor pid=2832398)[0m 2026-04-07 03:15:37,260 - piper_actor - DEBUG - Actor 2 imported and initialized Triton kernel modules
[36m(PiperActor pid=2832398)[0m 2026-04-07 03:15:37,260 - piper_actor - DEBUG - Manually registering Triton kernel at index 0 on actor 2...
[36m(PiperActor pid=2840256)[0m 2026-04-07 03:15:37,360 - piper_actor - DEBUG - Actor 3 imported and initialized Triton kernel modules
[36m(PiperActor pid=2840256)[0m 2026-04-07 03:15:37,360 - piper_actor - DEBUG - Manually registering Triton kernel at index 0 on actor 3...
[36m(PiperActor pid=2832380)[0m 2026-04-07 03:15:39,073 - piper_actor - DEBUG - Actor 1 loaded labels torch.Size([16, 256, 128256])
[36m(PiperActor pid=2832398)[0m 2026-04-07 03:15:38,983 - piper_actor - DEBUG - Actor 2 registered kernel at id_to_kernel[0] (copied from index 0)
[36m(PiperActor pid=2832398)[0m 2026-04-07 03:15:39,036 - piper_actor - DEBUG - _replace_meta_constants: No meta device tensors found to replace! (checked 0 submodules)
[36m(PiperActor pid=2832398)[0m 2026-04-07 03:15:39,036 - piper_actor - DEBUG - Stage 0 module 0 input indices: [1]
[36m(run_dp_rank pid=2795262)[0m 2026-04-07 03:15:39,085 - piper_compile - INFO - DP rank 0 real inputs/labels loaded onto actors.
[36m(run_dp_rank pid=2795262)[0m 2026-04-07 03:15:39,085 - piper_compile - INFO - DP rank 0 done.
[36m(run_dp_rank pid=2795262)[0m Running 1 warmup iterations...
[36m(PiperActor pid=2832391)[0m 2026-04-07 03:15:39,090 - piper_actor - DEBUG - run_dag dispatch (time -2): alloc_full_params s0 mb0 bkt=-1
[36m(PiperActor pid=2832391)[0m 2026-04-07 03:15:39,106 - piper_actor - DEBUG - run_dag dispatch (time -1): all_gather s0 mb0 bkt=0
[36m(PiperActor pid=2832380)[0m 2026-04-07 03:15:39,090 - piper_actor - DEBUG - run_dag dispatch (time -4): recv s1 mb0 bkt=0
[36m(PiperActor pid=2832380)[0m 2026-04-07 03:15:39,091 - piper_actor - DEBUG - exec_recv key ((1, 0), 0) from peer pp rank 0
[36m(PiperActor pid=2832380)[0m [rank1]:[W407 03:15:39.550500804 ProcessGroupNCCL.cpp:4068] Warning: An unbatched P2P op (send/recv) was called on this ProcessGroup with size 2.  In lazy initialization mode, this will result in a new 2-rank NCCL communicator to be created. (function operator())
[36m(PiperActor pid=2832398)[0m 2026-04-07 03:15:39,263 - piper_actor - DEBUG - Loading stage 2 (1 module(s)) on actor 2
[36m(PiperActor pid=2832398)[0m 2026-04-07 03:15:39,264 - piper_actor - DEBUG - Actor 2 imported and initialized Triton kernel modules
[36m(PiperActor pid=2832398)[0m 2026-04-07 03:15:39,264 - piper_actor - DEBUG - Manually registering Triton kernel at index 0 on actor 2...
[36m(PiperActor pid=2840256)[0m 2026-04-07 03:15:39,168 - piper_actor - DEBUG - Actor 3 registered kernel at id_to_kernel[0] (copied from index 0)
[36m(PiperActor pid=2840256)[0m 2026-04-07 03:15:39,219 - piper_actor - DEBUG - _replace_meta_constants: No meta device tensors found to replace! (checked 0 submodules)
[36m(PiperActor pid=2840256)[0m 2026-04-07 03:15:39,219 - piper_actor - DEBUG - Stage 1 module 0 input indices: [0]
[36m(PiperActor pid=2832398)[0m 2026-04-07 03:15:39,917 - piper_actor - DEBUG - Actor 2 registered kernel at id_to_kernel[0] (copied from index 0)
[36m(PiperActor pid=2840256)[0m 2026-04-07 03:15:39,909 - piper_actor - DEBUG - Loading stage 3 (1 module(s)) on actor 3
[36m(PiperActor pid=2840256)[0m 2026-04-07 03:15:39,909 - piper_actor - DEBUG - Actor 3 imported and initialized Triton kernel modules
[36m(PiperActor pid=2840256)[0m 2026-04-07 03:15:39,909 - piper_actor - DEBUG - Manually registering Triton kernel at index 0 on actor 3...
[36m(PiperActor pid=2832398)[0m 2026-04-07 03:15:39,966 - piper_actor - DEBUG - _replace_meta_constants: No meta device tensors found to replace! (checked 0 submodules)
[36m(PiperActor pid=2832398)[0m 2026-04-07 03:15:39,966 - piper_actor - DEBUG - Stage 2 module 0 input indices: [0]
[36m(PiperActor pid=2840256)[0m 2026-04-07 03:15:40,079 - piper_actor - DEBUG - Actor 3 registered kernel at id_to_kernel[0] (copied from index 0)
[36m(PiperActor pid=2840256)[0m 2026-04-07 03:15:40,129 - piper_actor - DEBUG - _replace_meta_constants: No meta device tensors found to replace! (checked 0 submodules)
[36m(PiperActor pid=2840256)[0m 2026-04-07 03:15:40,130 - piper_actor - DEBUG - Stage 3 module 0 input indices: [0]
[36m(run_dp_rank pid=2795140)[0m 2026-04-07 03:15:40,378 - piper_compile - INFO - DP rank 1 stage graphs and DAGs loaded onto actors.
[36m(PiperActor pid=2832398)[0m 2026-04-07 03:15:40,383 - piper_actor - DEBUG - Actor 2 loaded inputs 1
[36m(run_dp_rank pid=2795140)[0m Running 1 warmup iterations...
[36m(run_dp_rank pid=2795140)[0m 2026-04-07 03:15:43,956 - piper_compile - INFO - DP rank 1 real inputs/labels loaded onto actors.
[36m(run_dp_rank pid=2795140)[0m 2026-04-07 03:15:43,957 - piper_compile - INFO - DP rank 1 done.
[36m(PiperActor pid=2832398)[0m 2026-04-07 03:15:43,961 - piper_actor - DEBUG - run_dag dispatch (time -2): alloc_full_params s0 mb0 bkt=-1
[36m(PiperActor pid=2832398)[0m 2026-04-07 03:15:43,978 - piper_actor - DEBUG - run_dag dispatch (time -1): all_gather s0 mb0 bkt=0
[36m(PiperActor pid=2840256)[0m 2026-04-07 03:15:43,945 - piper_actor - DEBUG - Actor 3 loaded labels torch.Size([16, 256, 128256])
[36m(PiperActor pid=2840256)[0m 2026-04-07 03:15:43,962 - piper_actor - DEBUG - run_dag dispatch (time -4): recv s1 mb0 bkt=0
[36m(PiperActor pid=2840256)[0m 2026-04-07 03:15:43,962 - piper_actor - DEBUG - exec_recv key ((1, 0), 0) from peer pp rank 0
[36m(PiperActor pid=2840256)[0m [rank3]:[W407 03:15:43.422222894 ProcessGroupNCCL.cpp:4068] Warning: An unbatched P2P op (send/recv) was called on this ProcessGroup with size 2.  In lazy initialization mode, this will result in a new 2-rank NCCL communicator to be created. (function operator())
[36m(PiperActor pid=2832391)[0m 2026-04-07 03:16:07,854 - piper_actor - DEBUG - run_dag dispatch (time 0): forward s0 mb0 bkt=0
[36m(PiperActor pid=2832398)[0m 2026-04-07 03:16:07,854 - piper_actor - DEBUG - run_dag dispatch (time 0): forward s0 mb0 bkt=0
[36m(PiperActor pid=2832391)[0m 2026-04-07 03:16:08,788 - piper_actor - DEBUG - run_dag dispatch (time 4): forward s0 mb1 bkt=0
[36m(PiperActor pid=2832398)[0m 2026-04-07 03:16:08,789 - piper_actor - DEBUG - run_dag dispatch (time 4): forward s0 mb1 bkt=0
[36m(PiperActor pid=2832391)[0m 2026-04-07 03:16:08,896 - piper_actor - DEBUG - run_dag dispatch (time 4): send s0 mb0 bkt=0
[36m(PiperActor pid=2832391)[0m 2026-04-07 03:16:08,897 - piper_actor - DEBUG - exec_send key ((0, 0), 0) to peer pp rank 1
[36m(PiperActor pid=2832391)[0m [rank0]:[W407 03:16:08.356520501 ProcessGroupNCCL.cpp:4068] Warning: An unbatched P2P op (send/recv) was called on this ProcessGroup with size 2.  In lazy initialization mode, this will result in a new 2-rank NCCL communicator to be created. (function operator())
[36m(PiperActor pid=2832398)[0m 2026-04-07 03:16:08,897 - piper_actor - DEBUG - run_dag dispatch (time 4): send s0 mb0 bkt=0
[36m(PiperActor pid=2832398)[0m 2026-04-07 03:16:08,898 - piper_actor - DEBUG - exec_send key ((0, 0), 0) to peer pp rank 1
[36m(PiperActor pid=2832398)[0m [rank2]:[W407 03:16:08.357221654 ProcessGroupNCCL.cpp:4068] Warning: An unbatched P2P op (send/recv) was called on this ProcessGroup with size 2.  In lazy initialization mode, this will result in a new 2-rank NCCL communicator to be created. (function operator())
[36m(PiperActor pid=2832398)[0m 2026-04-07 03:16:26,274 - piper_actor - DEBUG - run_dag dispatch (time 4): recv s2 mb0 bkt=0
[36m(PiperActor pid=2832398)[0m 2026-04-07 03:16:26,275 - piper_actor - DEBUG - exec_recv key ((2, 0), 0) from peer pp rank 1
[36m(PiperActor pid=2832398)[0m [rank2]:[W407 03:16:26.734261119 ProcessGroupNCCL.cpp:4068] Warning: An unbatched P2P op (send/recv) was called on this ProcessGroup with size 2.  In lazy initialization mode, this will result in a new 2-rank NCCL communicator to be created. (function operator())
[36m(PiperActor pid=2840256)[0m 2026-04-07 03:16:26,290 - piper_actor - DEBUG - run_dag dispatch (time -2): alloc_full_params s1 mb0 bkt=-1
[36m(PiperActor pid=2840256)[0m 2026-04-07 03:16:26,294 - piper_actor - DEBUG - run_dag dispatch (time -1): all_gather s1 mb0 bkt=0
[36m(PiperActor pid=2832391)[0m 2026-04-07 03:16:29,918 - piper_actor - DEBUG - run_dag dispatch (time 4): recv s2 mb0 bkt=0
[36m(PiperActor pid=2832391)[0m 2026-04-07 03:16:29,918 - piper_actor - DEBUG - exec_recv key ((2, 0), 0) from peer pp rank 1
[36m(PiperActor pid=2832391)[0m [rank0]:[W407 03:16:29.378529977 ProcessGroupNCCL.cpp:4068] Warning: An unbatched P2P op (send/recv) was called on this ProcessGroup with size 2.  In lazy initialization mode, this will result in a new 2-rank NCCL communicator to be created. (function operator())
[36m(PiperActor pid=2832380)[0m 2026-04-07 03:16:29,924 - piper_actor - DEBUG - run_dag dispatch (time -2): alloc_full_params s1 mb0 bkt=-1
[36m(PiperActor pid=2832380)[0m 2026-04-07 03:16:29,926 - piper_actor - DEBUG - run_dag dispatch (time -1): all_gather s1 mb0 bkt=0
[36m(PiperActor pid=2832380)[0m 2026-04-07 03:16:45,355 - piper_actor - DEBUG - run_dag dispatch (time 0): forward s1 mb0 bkt=0
[36m(PiperActor pid=2840256)[0m 2026-04-07 03:16:45,354 - piper_actor - DEBUG - run_dag dispatch (time 0): forward s1 mb0 bkt=0
[36m(PiperActor pid=2832380)[0m 2026-04-07 03:16:46,215 - piper_actor - DEBUG - run_dag dispatch (time 0): recv s1 mb1 bkt=0
[36m(PiperActor pid=2832380)[0m 2026-04-07 03:16:46,216 - piper_actor - DEBUG - exec_recv key ((1, 0), 1) from peer pp rank 0
[36m(PiperActor pid=2832380)[0m 2026-04-07 03:16:46,217 - piper_actor - DEBUG - run_dag dispatch (time 4): forward s1 mb1 bkt=0
[36m(PiperActor pid=2832380)[0m 2026-04-07 03:16:46,312 - piper_actor - DEBUG - run_dag dispatch (time 4): recv s3 mb0 bkt=0
[36m(PiperActor pid=2832380)[0m 2026-04-07 03:16:46,313 - piper_actor - DEBUG - exec_recv key ((3, 0), 0) from peer pp rank 0
[36m(PiperActor pid=2832380)[0m 2026-04-07 03:16:46,313 - piper_actor - DEBUG - run_dag dispatch (time 4): send s1 mb0 bkt=0
[36m(PiperActor pid=2832380)[0m 2026-04-07 03:16:46,313 - piper_actor - DEBUG - exec_send key ((1, 0), 0) to peer pp rank 0
[36m(PiperActor pid=2832380)[0m [rank1]:[W407 03:16:46.772858144 ProcessGroupNCCL.cpp:4068] Warning: An unbatched P2P op (send/recv) was called on this ProcessGroup with size 2.  In lazy initialization mode, this will result in a new 2-rank NCCL communicator to be created. (function operator())
[36m(PiperActor pid=2840256)[0m 2026-04-07 03:16:46,219 - piper_actor - DEBUG - run_dag dispatch (time 0): recv s1 mb1 bkt=0
[36m(PiperActor pid=2840256)[0m 2026-04-07 03:16:46,219 - piper_actor - DEBUG - exec_recv key ((1, 0), 1) from peer pp rank 0
[36m(PiperActor pid=2840256)[0m 2026-04-07 03:16:46,220 - piper_actor - DEBUG - run_dag dispatch (time 4): forward s1 mb1 bkt=0
[36m(PiperActor pid=2840256)[0m 2026-04-07 03:16:46,317 - piper_actor - DEBUG - run_dag dispatch (time 4): recv s3 mb0 bkt=0
[36m(PiperActor pid=2840256)[0m 2026-04-07 03:16:46,317 - piper_actor - DEBUG - exec_recv key ((3, 0), 0) from peer pp rank 0
[36m(PiperActor pid=2840256)[0m 2026-04-07 03:16:46,318 - piper_actor - DEBUG - run_dag dispatch (time 4): send s1 mb0 bkt=0
[36m(PiperActor pid=2840256)[0m 2026-04-07 03:16:46,318 - piper_actor - DEBUG - exec_send key ((1, 0), 0) to peer pp rank 0
[36m(PiperActor pid=2840256)[0m [rank3]:[W407 03:16:46.777578474 ProcessGroupNCCL.cpp:4068] Warning: An unbatched P2P op (send/recv) was called on this ProcessGroup with size 2.  In lazy initialization mode, this will result in a new 2-rank NCCL communicator to be created. (function operator())
[36m(PiperActor pid=2832398)[0m 2026-04-07 03:17:02,004 - piper_actor - DEBUG - run_dag dispatch (time 5): free_full_params s0 mb0 bkt=-1
[36m(PiperActor pid=2832398)[0m 2026-04-07 03:17:02,006 - piper_actor - DEBUG - run_dag dispatch (time 6): alloc_full_params s2 mb0 bkt=-1
[36m(PiperActor pid=2832398)[0m 2026-04-07 03:17:02,007 - piper_actor - DEBUG - run_dag dispatch (time 7): all_gather s2 mb0 bkt=0
[36m(PiperActor pid=2832398)[0m 2026-04-07 03:17:02,007 - piper_actor - DEBUG - run_dag dispatch (time 8): forward s2 mb0 bkt=0
[36m(PiperActor pid=2840256)[0m 2026-04-07 03:17:02,004 - piper_actor - DEBUG - run_dag dispatch (time 5): free_full_params s1 mb0 bkt=-1
[36m(PiperActor pid=2840256)[0m 2026-04-07 03:17:02,006 - piper_actor - DEBUG - run_dag dispatch (time 6): alloc_full_params s3 mb0 bkt=-1
[36m(PiperActor pid=2840256)[0m 2026-04-07 03:17:02,020 - piper_actor - DEBUG - run_dag dispatch (time 7): all_gather s3 mb0 bkt=0
[36m(PiperActor pid=2840256)[0m 2026-04-07 03:17:02,020 - piper_actor - DEBUG - run_dag dispatch (time 8): forward s3 mb0 bkt=0
[36m(PiperActor pid=2832398)[0m 2026-04-07 03:17:02,936 - piper_actor - DEBUG - run_dag dispatch (time 8): send s0 mb1 bkt=0
[36m(PiperActor pid=2832398)[0m 2026-04-07 03:17:02,936 - piper_actor - DEBUG - exec_send key ((0, 0), 1) to peer pp rank 1
[36m(PiperActor pid=2832398)[0m 2026-04-07 03:17:02,937 - piper_actor - DEBUG - run_dag dispatch (time 8): recv s2 mb1 bkt=0
[36m(PiperActor pid=2832398)[0m 2026-04-07 03:17:02,937 - piper_actor - DEBUG - exec_recv key ((2, 0), 1) from peer pp rank 1
[36m(PiperActor pid=2832398)[0m 2026-04-07 03:17:02,937 - piper_actor - DEBUG - run_dag dispatch (time 12): forward s2 mb1 bkt=0
[36m(PiperActor pid=2832398)[0m 2026-04-07 03:17:03,207 - piper_actor - DEBUG - run_dag dispatch (time 12): send s2 mb0 bkt=0
[36m(PiperActor pid=2832398)[0m 2026-04-07 03:17:03,207 - piper_actor - DEBUG - exec_send key ((2, 0), 0) to peer pp rank 1
[36m(PiperActor pid=2832398)[0m 2026-04-07 03:17:03,208 - piper_actor - DEBUG - run_dag dispatch (time 13): free_full_params s2 mb0 bkt=-1
[36m(PiperActor pid=2832398)[0m 2026-04-07 03:17:03,208 - piper_actor - DEBUG - run_dag dispatch (time 14): alloc_full_params s0 mb0 bkt=-1
[36m(PiperActor pid=2832398)[0m 2026-04-07 03:17:03,213 - piper_actor - DEBUG - run_dag dispatch (time 15): all_gather s0 mb0 bkt=0
[36m(PiperActor pid=2832398)[0m 2026-04-07 03:17:03,213 - piper_actor - DEBUG - run_dag dispatch (time 16): forward s0 mb2 bkt=0
[36m(PiperActor pid=2832391)[0m 2026-04-07 03:17:04,189 - piper_actor - DEBUG - run_dag dispatch (time 5): free_full_params s0 mb0 bkt=-1
[36m(PiperActor pid=2832391)[0m 2026-04-07 03:17:04,192 - piper_actor - DEBUG - run_dag dispatch (time 6): alloc_full_params s2 mb0 bkt=-1
[36m(PiperActor pid=2832391)[0m 2026-04-07 03:17:04,193 - piper_actor - DEBUG - run_dag dispatch (time 7): all_gather s2 mb0 bkt=0
[36m(PiperActor pid=2832391)[0m 2026-04-07 03:17:04,194 - piper_actor - DEBUG - run_dag dispatch (time 8): forward s2 mb0 bkt=0
[36m(PiperActor pid=2832391)[0m 2026-04-07 03:17:04,246 - piper_actor - DEBUG - run_dag dispatch (time 8): send s0 mb1 bkt=0
[36m(PiperActor pid=2832391)[0m 2026-04-07 03:17:04,246 - piper_actor - DEBUG - exec_send key ((0, 0), 1) to peer pp rank 1
[36m(PiperActor pid=2832391)[0m 2026-04-07 03:17:04,247 - piper_actor - DEBUG - run_dag dispatch (time 8): recv s2 mb1 bkt=0
[36m(PiperActor pid=2832391)[0m 2026-04-07 03:17:04,247 - piper_actor - DEBUG - exec_recv key ((2, 0), 1) from peer pp rank 1
[36m(PiperActor pid=2832391)[0m 2026-04-07 03:17:04,248 - piper_actor - DEBUG - run_dag dispatch (time 12): forward s2 mb1 bkt=0
[36m(PiperActor pid=2832391)[0m 2026-04-07 03:17:04,286 - piper_actor - DEBUG - run_dag dispatch (time 12): send s2 mb0 bkt=0
[36m(PiperActor pid=2832391)[0m 2026-04-07 03:17:04,287 - piper_actor - DEBUG - exec_send key ((2, 0), 0) to peer pp rank 1
[36m(PiperActor pid=2832391)[0m 2026-04-07 03:17:04,287 - piper_actor - DEBUG - run_dag dispatch (time 13): free_full_params s2 mb0 bkt=-1
[36m(PiperActor pid=2832391)[0m 2026-04-07 03:17:04,288 - piper_actor - DEBUG - run_dag dispatch (time 14): alloc_full_params s0 mb0 bkt=-1
[36m(PiperActor pid=2832391)[0m 2026-04-07 03:17:04,289 - piper_actor - DEBUG - run_dag dispatch (time 15): all_gather s0 mb0 bkt=0
[36m(PiperActor pid=2832391)[0m 2026-04-07 03:17:04,290 - piper_actor - DEBUG - run_dag dispatch (time 16): forward s0 mb2 bkt=0
[36m(PiperActor pid=2832380)[0m 2026-04-07 03:17:04,189 - piper_actor - DEBUG - run_dag dispatch (time 5): free_full_params s1 mb0 bkt=-1
[36m(PiperActor pid=2832380)[0m 2026-04-07 03:17:04,191 - piper_actor - DEBUG - run_dag dispatch (time 6): alloc_full_params s3 mb0 bkt=-1
[36m(PiperActor pid=2832380)[0m 2026-04-07 03:17:04,193 - piper_actor - DEBUG - run_dag dispatch (time 7): all_gather s3 mb0 bkt=0
[36m(PiperActor pid=2832380)[0m 2026-04-07 03:17:04,194 - piper_actor - DEBUG - run_dag dispatch (time 8): forward s3 mb0 bkt=0
[36m(PiperActor pid=2832398)[0m 2026-04-07 03:17:04,208 - piper_actor - DEBUG - run_dag dispatch (time 16): send s2 mb1 bkt=0
[36m(PiperActor pid=2832398)[0m 2026-04-07 03:17:04,208 - piper_actor - DEBUG - exec_send key ((2, 0), 1) to peer pp rank 1
[36m(PiperActor pid=2832398)[0m 2026-04-07 03:17:04,209 - piper_actor - DEBUG - run_dag dispatch (time 16): recv s2 mb0 bkt=0
[36m(PiperActor pid=2832398)[0m 2026-04-07 03:17:04,209 - piper_actor - DEBUG - exec_recv key (None, 0) from peer pp rank 1
[36m(PiperActor pid=2832398)[0m 2026-04-07 03:17:04,209 - piper_actor - DEBUG - run_dag dispatch (time 17): free_full_params s0 mb0 bkt=-1
[36m(PiperActor pid=2832398)[0m 2026-04-07 03:17:04,210 - piper_actor - DEBUG - run_dag dispatch (time 18): alloc_full_params s2 mb0 bkt=-1
[36m(PiperActor pid=2832398)[0m 2026-04-07 03:17:04,212 - piper_actor - DEBUG - run_dag dispatch (time 19): all_gather s2 mb0 bkt=0
[36m(PiperActor pid=2832398)[0m 2026-04-07 03:17:04,212 - piper_actor - DEBUG - run_dag dispatch (time 19): alloc_full_grads s2 mb0 bkt=-1
[36m(PiperActor pid=2832398)[0m 2026-04-07 03:17:04,214 - piper_actor - DEBUG - run_dag dispatch (time 20): backward s2 mb0 bkt=0
[36m(PiperActor pid=2840256)[0m 2026-04-07 03:17:04,236 - piper_actor - DEBUG - run_dag dispatch (time 8): send s1 mb1 bkt=0
[36m(PiperActor pid=2840256)[0m 2026-04-07 03:17:04,237 - piper_actor - DEBUG - exec_send key ((1, 0), 1) to peer pp rank 0
[36m(PiperActor pid=2840256)[0m 2026-04-07 03:17:04,237 - piper_actor - DEBUG - run_dag dispatch (time 11): alloc_full_grads s3 mb0 bkt=-1
[36m(PiperActor pid=2840256)[0m 2026-04-07 03:17:04,238 - piper_actor - DEBUG - run_dag dispatch (time 12): backward s3 mb0 bkt=0
[36m(PiperActor pid=2832380)[0m 2026-04-07 03:17:04,322 - piper_actor - DEBUG - run_dag dispatch (time 8): send s1 mb1 bkt=0
[36m(PiperActor pid=2832380)[0m 2026-04-07 03:17:04,322 - piper_actor - DEBUG - exec_send key ((1, 0), 1) to peer pp rank 0
[36m(PiperActor pid=2832380)[0m 2026-04-07 03:17:04,323 - piper_actor - DEBUG - run_dag dispatch (time 11): alloc_full_grads s3 mb0 bkt=-1
[36m(PiperActor pid=2832380)[0m 2026-04-07 03:17:04,324 - piper_actor - DEBUG - run_dag dispatch (time 12): backward s3 mb0 bkt=0
[36m(PiperActor pid=2840256)[0m 2026-04-07 03:17:04,332 - piper_actor - DEBUG - run_dag dispatch (time 12): recv s3 mb1 bkt=0
[36m(PiperActor pid=2840256)[0m 2026-04-07 03:17:04,332 - piper_actor - DEBUG - exec_recv key ((3, 0), 1) from peer pp rank 0
[36m(PiperActor pid=2840256)[0m 2026-04-07 03:17:04,333 - piper_actor - DEBUG - run_dag dispatch (time 12): reduce_scatter s3 mb0 bkt=0
[36m(PiperActor pid=2840256)[0m 2026-04-07 03:17:04,343 - piper_actor - DEBUG - run_dag dispatch (time 12): free_full_grads s3 mb0 bkt=-1
[36m(PiperActor pid=2840256)[0m 2026-04-07 03:17:04,343 - piper_actor - DEBUG - run_dag dispatch (time 16): forward s3 mb1 bkt=0
[36m(PiperActor pid=2832391)[0m 2026-04-07 03:17:04,379 - piper_actor - DEBUG - run_dag dispatch (time 16): send s2 mb1 bkt=0
[36m(PiperActor pid=2832391)[0m 2026-04-07 03:17:04,379 - piper_actor - DEBUG - exec_send key ((2, 0), 1) to peer pp rank 1
[36m(PiperActor pid=2832391)[0m 2026-04-07 03:17:04,380 - piper_actor - DEBUG - run_dag dispatch (time 16): recv s2 mb0 bkt=0
[36m(PiperActor pid=2832391)[0m 2026-04-07 03:17:04,380 - piper_actor - DEBUG - exec_recv key (None, 0) from peer pp rank 1
[36m(PiperActor pid=2832391)[0m 2026-04-07 03:17:04,380 - piper_actor - DEBUG - run_dag dispatch (time 17): free_full_params s0 mb0 bkt=-1
[36m(PiperActor pid=2832391)[0m 2026-04-07 03:17:04,381 - piper_actor - DEBUG - run_dag dispatch (time 18): alloc_full_params s2 mb0 bkt=-1
[36m(PiperActor pid=2832391)[0m 2026-04-07 03:17:04,383 - piper_actor - DEBUG - run_dag dispatch (time 19): all_gather s2 mb0 bkt=0
[36m(PiperActor pid=2832391)[0m 2026-04-07 03:17:04,384 - piper_actor - DEBUG - run_dag dispatch (time 19): alloc_full_grads s2 mb0 bkt=-1
[36m(PiperActor pid=2832391)[0m 2026-04-07 03:17:04,385 - piper_actor - DEBUG - run_dag dispatch (time 20): backward s2 mb0 bkt=0
[36m(PiperActor pid=2840256)[0m 2026-04-07 03:17:04,355 - piper_actor - DEBUG - run_dag dispatch (time 16): send s3 mb0 bkt=0
[36m(PiperActor pid=2840256)[0m 2026-04-07 03:17:04,355 - piper_actor - DEBUG - exec_send key (None, 0) to peer pp rank 0
[36m(PiperActor pid=2840256)[0m 2026-04-07 03:17:04,355 - piper_actor - DEBUG - run_dag dispatch (time 19): alloc_full_grads s3 mb0 bkt=-1
[36m(PiperActor pid=2840256)[0m 2026-04-07 03:17:04,356 - piper_actor - DEBUG - run_dag dispatch (time 20): backward s3 mb1 bkt=0
[36m(PiperActor pid=2832391)[0m 2026-04-07 03:17:04,552 - piper_actor - DEBUG - run_dag dispatch (time 20): send s0 mb2 bkt=0
[36m(PiperActor pid=2832391)[0m 2026-04-07 03:17:04,553 - piper_actor - DEBUG - exec_send key ((0, 0), 2) to peer pp rank 1
[36m(PiperActor pid=2832391)[0m 2026-04-07 03:17:04,554 - piper_actor - DEBUG - run_dag dispatch (time 20): reduce_scatter s2 mb0 bkt=0
[36m(PiperActor pid=2832391)[0m 2026-04-07 03:17:04,558 - piper_actor - DEBUG - run_dag dispatch (time 20): free_full_grads s2 mb0 bkt=-1
[36m(PiperActor pid=2832391)[0m 2026-04-07 03:17:04,558 - piper_actor - DEBUG - run_dag dispatch (time 21): free_full_params s2 mb0 bkt=-1
[36m(PiperActor pid=2832391)[0m 2026-04-07 03:17:04,558 - piper_actor - DEBUG - run_dag dispatch (time 22): alloc_full_params s0 mb0 bkt=-1
[36m(PiperActor pid=2832391)[0m 2026-04-07 03:17:04,563 - piper_actor - DEBUG - run_dag dispatch (time 23): all_gather s0 mb0 bkt=0
[36m(PiperActor pid=2832391)[0m 2026-04-07 03:17:04,564 - piper_actor - DEBUG - run_dag dispatch (time 24): forward s0 mb3 bkt=0
[36m(PiperActor pid=2832380)[0m 2026-04-07 03:17:04,433 - piper_actor - DEBUG - run_dag dispatch (time 12): recv s3 mb1 bkt=0
[36m(PiperActor pid=2832380)[0m 2026-04-07 03:17:04,434 - piper_actor - DEBUG - exec_recv key ((3, 0), 1) from peer pp rank 0
[36m(PiperActor pid=2832380)[0m 2026-04-07 03:17:04,434 - piper_actor - DEBUG - run_dag dispatch (time 12): reduce_scatter s3 mb0 bkt=0
[36m(PiperActor pid=2832380)[0m 2026-04-07 03:17:04,441 - piper_actor - DEBUG - run_dag dispatch (time 12): free_full_grads s3 mb0 bkt=-1
[36m(PiperActor pid=2832380)[0m 2026-04-07 03:17:04,441 - piper_actor - DEBUG - run_dag dispatch (time 16): forward s3 mb1 bkt=0
[36m(PiperActor pid=2832380)[0m 2026-04-07 03:17:04,452 - piper_actor - DEBUG - run_dag dispatch (time 16): send s3 mb0 bkt=0
[36m(PiperActor pid=2832380)[0m 2026-04-07 03:17:04,452 - piper_actor - DEBUG - exec_send key (None, 0) to peer pp rank 0
[36m(PiperActor pid=2832380)[0m 2026-04-07 03:17:04,453 - piper_actor - DEBUG - run_dag dispatch (time 19): alloc_full_grads s3 mb0 bkt=-1
[36m(PiperActor pid=2832380)[0m 2026-04-07 03:17:04,453 - piper_actor - DEBUG - run_dag dispatch (time 20): backward s3 mb1 bkt=0
[36m(PiperActor pid=2832380)[0m 2026-04-07 03:17:04,476 - piper_actor - DEBUG - run_dag dispatch (time 20): recv s1 mb2 bkt=0
[36m(PiperActor pid=2832380)[0m 2026-04-07 03:17:04,477 - piper_actor - DEBUG - exec_recv key ((1, 0), 2) from peer pp rank 0
[36m(PiperActor pid=2832380)[0m 2026-04-07 03:17:04,477 - piper_actor - DEBUG - run_dag dispatch (time 20): reduce_scatter s3 mb1 bkt=0
[36m(PiperActor pid=2832380)[0m 2026-04-07 03:17:04,478 - piper_actor - DEBUG - run_dag dispatch (time 20): free_full_grads s3 mb0 bkt=-1
[36m(PiperActor pid=2832380)[0m 2026-04-07 03:17:04,478 - piper_actor - DEBUG - run_dag dispatch (time 21): free_full_params s3 mb0 bkt=-1
[36m(PiperActor pid=2832380)[0m 2026-04-07 03:17:04,478 - piper_actor - DEBUG - run_dag dispatch (time 22): alloc_full_params s1 mb0 bkt=-1
[36m(PiperActor pid=2832380)[0m 2026-04-07 03:17:04,479 - piper_actor - DEBUG - run_dag dispatch (time 23): all_gather s1 mb0 bkt=0
[36m(PiperActor pid=2832380)[0m 2026-04-07 03:17:04,480 - piper_actor - DEBUG - run_dag dispatch (time 24): forward s1 mb2 bkt=0
[36m(PiperActor pid=2832380)[0m 2026-04-07 03:17:04,493 - piper_actor - DEBUG - run_dag dispatch (time 24): recv s1 mb0 bkt=0
[36m(PiperActor pid=2832380)[0m 2026-04-07 03:17:04,493 - piper_actor - DEBUG - exec_recv key (None, 0) from peer pp rank 0
[36m(PiperActor pid=2832380)[0m 2026-04-07 03:17:04,493 - piper_actor - DEBUG - run_dag dispatch (time 24): send s3 mb1 bkt=0
[36m(PiperActor pid=2832380)[0m 2026-04-07 03:17:04,494 - piper_actor - DEBUG - exec_send key (None, 1) to peer pp rank 0
[36m(PiperActor pid=2832380)[0m 2026-04-07 03:17:04,494 - piper_actor - DEBUG - run_dag dispatch (time 27): alloc_full_grads s1 mb0 bkt=-1
[36m(PiperActor pid=2832380)[0m 2026-04-07 03:17:04,495 - piper_actor - DEBUG - run_dag dispatch (time 28): backward s1 mb0 bkt=0
[36m(PiperActor pid=2832380)[0m 2026-04-07 03:17:04,556 - piper_actor - DEBUG - run_dag dispatch (time 28): recv s1 mb3 bkt=0
[36m(PiperActor pid=2832380)[0m 2026-04-07 03:17:04,556 - piper_actor - DEBUG - exec_recv key ((1, 0), 3) from peer pp rank 0
[36m(PiperActor pid=2832380)[0m 2026-04-07 03:17:04,557 - piper_actor - DEBUG - run_dag dispatch (time 28): send s1 mb2 bkt=0
[36m(PiperActor pid=2832380)[0m 2026-04-07 03:17:04,557 - piper_actor - DEBUG - exec_send key ((1, 0), 2) to peer pp rank 0
[36m(PiperActor pid=2832380)[0m 2026-04-07 03:17:04,557 - piper_actor - DEBUG - run_dag dispatch (time 28): reduce_scatter s1 mb0 bkt=0
[36m(PiperActor pid=2832380)[0m 2026-04-07 03:17:04,558 - piper_actor - DEBUG - run_dag dispatch (time 28): free_full_grads s1 mb0 bkt=-1
[36m(PiperActor pid=2832380)[0m 2026-04-07 03:17:04,558 - piper_actor - DEBUG - run_dag dispatch (time 32): forward s1 mb3 bkt=0
[36m(PiperActor pid=2832398)[0m 2026-04-07 03:17:04,465 - piper_actor - DEBUG - run_dag dispatch (time 20): send s0 mb2 bkt=0
[36m(PiperActor pid=2832398)[0m 2026-04-07 03:17:04,465 - piper_actor - DEBUG - exec_send key ((0, 0), 2) to peer pp rank 1
[36m(PiperActor pid=2832398)[0m 2026-04-07 03:17:04,466 - piper_actor - DEBUG - run_dag dispatch (time 20): reduce_scatter s2 mb0 bkt=0
[36m(PiperActor pid=2832398)[0m 2026-04-07 03:17:04,480 - piper_actor - DEBUG - run_dag dispatch (time 20): free_full_grads s2 mb0 bkt=-1
[36m(PiperActor pid=2832398)[0m 2026-04-07 03:17:04,481 - piper_actor - DEBUG - run_dag dispatch (time 21): free_full_params s2 mb0 bkt=-1
[36m(PiperActor pid=2832398)[0m 2026-04-07 03:17:04,481 - piper_actor - DEBUG - run_dag dispatch (time 22): alloc_full_params s0 mb0 bkt=-1
[36m(PiperActor pid=2832398)[0m 2026-04-07 03:17:04,485 - piper_actor - DEBUG - run_dag dispatch (time 23): all_gather s0 mb0 bkt=0
[36m(PiperActor pid=2832398)[0m 2026-04-07 03:17:04,486 - piper_actor - DEBUG - run_dag dispatch (time 24): forward s0 mb3 bkt=0
[36m(PiperActor pid=2832398)[0m 2026-04-07 03:17:04,497 - piper_actor - DEBUG - run_dag dispatch (time 24): send s2 mb0 bkt=0
[36m(PiperActor pid=2832398)[0m 2026-04-07 03:17:04,497 - piper_actor - DEBUG - exec_send key (None, 0) to peer pp rank 1
[36m(PiperActor pid=2832398)[0m 2026-04-07 03:17:04,497 - piper_actor - DEBUG - run_dag dispatch (time 24): recv s2 mb1 bkt=0
[36m(PiperActor pid=2832398)[0m 2026-04-07 03:17:04,497 - piper_actor - DEBUG - exec_recv key (None, 1) from peer pp rank 1
[36m(PiperActor pid=2832398)[0m 2026-04-07 03:17:04,497 - piper_actor - DEBUG - run_dag dispatch (time 25): free_full_params s0 mb0 bkt=-1
[36m(PiperActor pid=2832398)[0m 2026-04-07 03:17:04,498 - piper_actor - DEBUG - run_dag dispatch (time 26): alloc_full_params s2 mb0 bkt=-1
[36m(PiperActor pid=2832398)[0m 2026-04-07 03:17:04,499 - piper_actor - DEBUG - run_dag dispatch (time 27): all_gather s2 mb0 bkt=0
[36m(PiperActor pid=2832398)[0m 2026-04-07 03:17:04,499 - piper_actor - DEBUG - run_dag dispatch (time 27): alloc_full_grads s2 mb0 bkt=-1
[36m(PiperActor pid=2832398)[0m 2026-04-07 03:17:04,499 - piper_actor - DEBUG - run_dag dispatch (time 28): backward s2 mb1 bkt=0
[36m(PiperActor pid=2832398)[0m 2026-04-07 03:17:04,570 - piper_actor - DEBUG - run_dag dispatch (time 28): send s0 mb3 bkt=0
[36m(PiperActor pid=2832398)[0m 2026-04-07 03:17:04,570 - piper_actor - DEBUG - exec_send key ((0, 0), 3) to peer pp rank 1
[36m(PiperActor pid=2832398)[0m 2026-04-07 03:17:04,571 - piper_actor - DEBUG - run_dag dispatch (time 28): recv s2 mb2 bkt=0
[36m(PiperActor pid=2832398)[0m 2026-04-07 03:17:04,571 - piper_actor - DEBUG - exec_recv key ((2, 0), 2) from peer pp rank 1
[36m(PiperActor pid=2832398)[0m 2026-04-07 03:17:04,571 - piper_actor - DEBUG - run_dag dispatch (time 28): reduce_scatter s2 mb1 bkt=0
[36m(PiperActor pid=2832398)[0m 2026-04-07 03:17:04,572 - piper_actor - DEBUG - run_dag dispatch (time 28): free_full_grads s2 mb0 bkt=-1
[36m(PiperActor pid=2832398)[0m 2026-04-07 03:17:04,572 - piper_actor - DEBUG - run_dag dispatch (time 32): forward s2 mb2 bkt=0
[36m(PiperActor pid=2840256)[0m 2026-04-07 03:17:04,450 - piper_actor - DEBUG - run_dag dispatch (time 20): recv s1 mb2 bkt=0
[36m(PiperActor pid=2840256)[0m 2026-04-07 03:17:04,450 - piper_actor - DEBUG - exec_recv key ((1, 0), 2) from peer pp rank 0
[36m(PiperActor pid=2840256)[0m 2026-04-07 03:17:04,451 - piper_actor - DEBUG - run_dag dispatch (time 20): reduce_scatter s3 mb1 bkt=0
[36m(PiperActor pid=2840256)[0m 2026-04-07 03:17:04,452 - piper_actor - DEBUG - run_dag dispatch (time 20): free_full_grads s3 mb0 bkt=-1
[36m(PiperActor pid=2840256)[0m 2026-04-07 03:17:04,452 - piper_actor - DEBUG - run_dag dispatch (time 21): free_full_params s3 mb0 bkt=-1
[36m(PiperActor pid=2840256)[0m 2026-04-07 03:17:04,452 - piper_actor - DEBUG - run_dag dispatch (time 22): alloc_full_params s1 mb0 bkt=-1
[36m(PiperActor pid=2840256)[0m 2026-04-07 03:17:04,453 - piper_actor - DEBUG - run_dag dispatch (time 23): all_gather s1 mb0 bkt=0
[36m(PiperActor pid=2840256)[0m 2026-04-07 03:17:04,453 - piper_actor - DEBUG - run_dag dispatch (time 24): forward s1 mb2 bkt=0
[36m(PiperActor pid=2840256)[0m 2026-04-07 03:17:04,491 - piper_actor - DEBUG - run_dag dispatch (time 24): recv s1 mb0 bkt=0
[36m(PiperActor pid=2840256)[0m 2026-04-07 03:17:04,492 - piper_actor - DEBUG - exec_recv key (None, 0) from peer pp rank 0
[36m(PiperActor pid=2840256)[0m 2026-04-07 03:17:04,492 - piper_actor - DEBUG - run_dag dispatch (time 24): send s3 mb1 bkt=0
[36m(PiperActor pid=2840256)[0m 2026-04-07 03:17:04,492 - piper_actor - DEBUG - exec_send key (None, 1) to peer pp rank 0
[36m(PiperActor pid=2840256)[0m 2026-04-07 03:17:04,492 - piper_actor - DEBUG - run_dag dispatch (time 27): alloc_full_grads s1 mb0 bkt=-1
[36m(PiperActor pid=2840256)[0m 2026-04-07 03:17:04,493 - piper_actor - DEBUG - run_dag dispatch (time 28): backward s1 mb0 bkt=0
[36m(PiperActor pid=2840256)[0m 2026-04-07 03:17:04,536 - piper_actor - DEBUG - run_dag dispatch (time 28): recv s1 mb3 bkt=0
[36m(PiperActor pid=2840256)[0m 2026-04-07 03:17:04,537 - piper_actor - DEBUG - exec_recv key ((1, 0), 3) from peer pp rank 0
[36m(PiperActor pid=2840256)[0m 2026-04-07 03:17:04,537 - piper_actor - DEBUG - run_dag dispatch (time 28): send s1 mb2 bkt=0
[36m(PiperActor pid=2840256)[0m 2026-04-07 03:17:04,537 - piper_actor - DEBUG - exec_send key ((1, 0), 2) to peer pp rank 0
[36m(PiperActor pid=2840256)[0m 2026-04-07 03:17:04,538 - piper_actor - DEBUG - run_dag dispatch (time 28): reduce_scatter s1 mb0 bkt=0
[36m(PiperActor pid=2840256)[0m 2026-04-07 03:17:04,538 - piper_actor - DEBUG - run_dag dispatch (time 28): free_full_grads s1 mb0 bkt=-1
[36m(PiperActor pid=2840256)[0m 2026-04-07 03:17:04,538 - piper_actor - DEBUG - run_dag dispatch (time 32): forward s1 mb3 bkt=0
[36m(PiperActor pid=2840256)[0m 2026-04-07 03:17:04,556 - piper_actor - DEBUG - run_dag dispatch (time 32): recv s1 mb1 bkt=0
[36m(PiperActor pid=2840256)[0m 2026-04-07 03:17:04,556 - piper_actor - DEBUG - exec_recv key (None, 1) from peer pp rank 0
[36m(PiperActor pid=2840256)[0m 2026-04-07 03:17:04,557 - piper_actor - DEBUG - run_dag dispatch (time 32): send s1 mb0 bkt=0
[36m(PiperActor pid=2840256)[0m 2026-04-07 03:17:04,557 - piper_actor - DEBUG - exec_send key (None, 0) to peer pp rank 0
[36m(PiperActor pid=2840256)[0m 2026-04-07 03:17:04,557 - piper_actor - DEBUG - run_dag dispatch (time 35): alloc_full_grads s1 mb0 bkt=-1
[36m(PiperActor pid=2840256)[0m 2026-04-07 03:17:04,558 - piper_actor - DEBUG - run_dag dispatch (time 36): backward s1 mb1 bkt=0
[36m(PiperActor pid=2832391)[0m 2026-04-07 03:17:04,575 - piper_actor - DEBUG - run_dag dispatch (time 24): send s2 mb0 bkt=0
[36m(PiperActor pid=2832391)[0m 2026-04-07 03:17:04,575 - piper_actor - DEBUG - exec_send key (None, 0) to peer pp rank 1
[36m(PiperActor pid=2832391)[0m 2026-04-07 03:17:04,575 - piper_actor - DEBUG - run_dag dispatch (time 24): recv s2 mb1 bkt=0
[36m(PiperActor pid=2832391)[0m 2026-04-07 03:17:04,575 - piper_actor - DEBUG - exec_recv key (None, 1) from peer pp rank 1
[36m(PiperActor pid=2832391)[0m 2026-04-07 03:17:04,576 - piper_actor - DEBUG - run_dag dispatch (time 25): free_full_params s0 mb0 bkt=-1
[36m(PiperActor pid=2832391)[0m 2026-04-07 03:17:04,576 - piper_actor - DEBUG - run_dag dispatch (time 26): alloc_full_params s2 mb0 bkt=-1
[36m(PiperActor pid=2832391)[0m 2026-04-07 03:17:04,577 - piper_actor - DEBUG - run_dag dispatch (time 27): all_gather s2 mb0 bkt=0
[36m(PiperActor pid=2832391)[0m 2026-04-07 03:17:04,577 - piper_actor - DEBUG - run_dag dispatch (time 27): alloc_full_grads s2 mb0 bkt=-1
[36m(PiperActor pid=2832391)[0m 2026-04-07 03:17:04,578 - piper_actor - DEBUG - run_dag dispatch (time 28): backward s2 mb1 bkt=0
[36m(PiperActor pid=2832391)[0m 2026-04-07 03:17:04,600 - piper_actor - DEBUG - run_dag dispatch (time 28): send s0 mb3 bkt=0
[36m(PiperActor pid=2832391)[0m 2026-04-07 03:17:04,601 - piper_actor - DEBUG - exec_send key ((0, 0), 3) to peer pp rank 1
[36m(PiperActor pid=2832391)[0m 2026-04-07 03:17:04,601 - piper_actor - DEBUG - run_dag dispatch (time 28): recv s2 mb2 bkt=0
[36m(PiperActor pid=2832391)[0m 2026-04-07 03:17:04,601 - piper_actor - DEBUG - exec_recv key ((2, 0), 2) from peer pp rank 1
[36m(PiperActor pid=2832391)[0m 2026-04-07 03:17:04,602 - piper_actor - DEBUG - run_dag dispatch (time 28): reduce_scatter s2 mb1 bkt=0
[36m(PiperActor pid=2832391)[0m 2026-04-07 03:17:04,602 - piper_actor - DEBUG - run_dag dispatch (time 28): free_full_grads s2 mb0 bkt=-1
[36m(PiperActor pid=2832391)[0m 2026-04-07 03:17:04,602 - piper_actor - DEBUG - run_dag dispatch (time 32): forward s2 mb2 bkt=0
[36m(PiperActor pid=2832380)[0m 2026-04-07 03:17:04,578 - piper_actor - DEBUG - run_dag dispatch (time 32): recv s1 mb1 bkt=0
[36m(PiperActor pid=2832380)[0m 2026-04-07 03:17:04,578 - piper_actor - DEBUG - exec_recv key (None, 1) from peer pp rank 0
[36m(PiperActor pid=2832380)[0m 2026-04-07 03:17:04,579 - piper_actor - DEBUG - run_dag dispatch (time 32): send s1 mb0 bkt=0
[36m(PiperActor pid=2832380)[0m 2026-04-07 03:17:04,579 - piper_actor - DEBUG - exec_send key (None, 0) to peer pp rank 0
[36m(PiperActor pid=2832380)[0m 2026-04-07 03:17:04,579 - piper_actor - DEBUG - run_dag dispatch (time 35): alloc_full_grads s1 mb0 bkt=-1
[36m(PiperActor pid=2832380)[0m 2026-04-07 03:17:04,580 - piper_actor - DEBUG - run_dag dispatch (time 36): backward s1 mb1 bkt=0
[36m(PiperActor pid=2832398)[0m 2026-04-07 03:17:04,588 - piper_actor - DEBUG - run_dag dispatch (time 32): send s2 mb1 bkt=0
[36m(PiperActor pid=2832398)[0m 2026-04-07 03:17:04,589 - piper_actor - DEBUG - exec_send key (None, 1) to peer pp rank 1
[36m(PiperActor pid=2832398)[0m 2026-04-07 03:17:04,589 - piper_actor - DEBUG - run_dag dispatch (time 32): recv s0 mb0 bkt=0
[36m(PiperActor pid=2832398)[0m 2026-04-07 03:17:04,589 - piper_actor - DEBUG - exec_recv key (None, 0) from peer pp rank 1
[36m(PiperActor pid=2832398)[0m 2026-04-07 03:17:04,589 - piper_actor - DEBUG - run_dag dispatch (time 33): free_full_params s2 mb0 bkt=-1
[36m(PiperActor pid=2832398)[0m 2026-04-07 03:17:04,590 - piper_actor - DEBUG - run_dag dispatch (time 34): alloc_full_params s0 mb0 bkt=-1
[36m(PiperActor pid=2832391)[0m 2026-04-07 03:17:04,613 - piper_actor - DEBUG - run_dag dispatch (time 32): send s2 mb1 bkt=0
[36m(PiperActor pid=2832391)[0m 2026-04-07 03:17:04,613 - piper_actor - DEBUG - exec_send key (None, 1) to peer pp rank 1
[36m(PiperActor pid=2832391)[0m 2026-04-07 03:17:04,614 - piper_actor - DEBUG - run_dag dispatch (time 32): recv s0 mb0 bkt=0
[36m(PiperActor pid=2832391)[0m 2026-04-07 03:17:04,614 - piper_actor - DEBUG - exec_recv key (None, 0) from peer pp rank 1
[36m(PiperActor pid=2832391)[0m 2026-04-07 03:17:04,614 - piper_actor - DEBUG - run_dag dispatch (time 33): free_full_params s2 mb0 bkt=-1
[36m(PiperActor pid=2832391)[0m 2026-04-07 03:17:04,615 - piper_actor - DEBUG - run_dag dispatch (time 34): alloc_full_params s0 mb0 bkt=-1
[36m(PiperActor pid=2832380)[0m 2026-04-07 03:17:04,618 - piper_actor - DEBUG - run_dag dispatch (time 36): recv s3 mb2 bkt=0
[36m(PiperActor pid=2832380)[0m 2026-04-07 03:17:04,618 - piper_actor - DEBUG - exec_recv key ((3, 0), 2) from peer pp rank 0
[36m(PiperActor pid=2832380)[0m 2026-04-07 03:17:04,618 - piper_actor - DEBUG - run_dag dispatch (time 36): send s1 mb3 bkt=0
[36m(PiperActor pid=2832380)[0m 2026-04-07 03:17:04,619 - piper_actor - DEBUG - exec_send key ((1, 0), 3) to peer pp rank 0
[36m(PiperActor pid=2832380)[0m 2026-04-07 03:17:04,619 - piper_actor - DEBUG - run_dag dispatch (time 36): reduce_scatter s1 mb1 bkt=0
[36m(PiperActor pid=2832380)[0m 2026-04-07 03:17:04,619 - piper_actor - DEBUG - run_dag dispatch (time 36): free_full_grads s1 mb0 bkt=-1
[36m(PiperActor pid=2832380)[0m 2026-04-07 03:17:04,620 - piper_actor - DEBUG - run_dag dispatch (time 37): free_full_params s1 mb0 bkt=-1
[36m(PiperActor pid=2832380)[0m 2026-04-07 03:17:04,620 - piper_actor - DEBUG - run_dag dispatch (time 38): alloc_full_params s3 mb0 bkt=-1
[36m(PiperActor pid=2832380)[0m 2026-04-07 03:17:04,621 - piper_actor - DEBUG - run_dag dispatch (time 39): all_gather s3 mb0 bkt=0
[36m(PiperActor pid=2832380)[0m 2026-04-07 03:17:04,621 - piper_actor - DEBUG - run_dag dispatch (time 40): forward s3 mb2 bkt=0
[36m(PiperActor pid=2832380)[0m 2026-04-07 03:17:04,637 - piper_actor - DEBUG - run_dag dispatch (time 40): send s1 mb1 bkt=0
[36m(PiperActor pid=2832380)[0m 2026-04-07 03:17:04,638 - piper_actor - DEBUG - exec_send key (None, 1) to peer pp rank 0
[36m(PiperActor pid=2832380)[0m 2026-04-07 03:17:04,638 - piper_actor - DEBUG - run_dag dispatch (time 43): alloc_full_grads s3 mb0 bkt=-1
[36m(PiperActor pid=2840256)[0m 2026-04-07 03:17:04,617 - piper_actor - DEBUG - run_dag dispatch (time 36): recv s3 mb2 bkt=0
[36m(PiperActor pid=2840256)[0m 2026-04-07 03:17:04,618 - piper_actor - DEBUG - exec_recv key ((3, 0), 2) from peer pp rank 0
[36m(PiperActor pid=2840256)[0m 2026-04-07 03:17:04,618 - piper_actor - DEBUG - run_dag dispatch (time 36): send s1 mb3 bkt=0
[36m(PiperActor pid=2840256)[0m 2026-04-07 03:17:04,618 - piper_actor - DEBUG - exec_send key ((1, 0), 3) to peer pp rank 0
[36m(PiperActor pid=2840256)[0m 2026-04-07 03:17:04,619 - piper_actor - DEBUG - run_dag dispatch (time 36): reduce_scatter s1 mb1 bkt=0
[36m(PiperActor pid=2840256)[0m 2026-04-07 03:17:04,619 - piper_actor - DEBUG - run_dag dispatch (time 36): free_full_grads s1 mb0 bkt=-1
[36m(PiperActor pid=2840256)[0m 2026-04-07 03:17:04,619 - piper_actor - DEBUG - run_dag dispatch (time 37): free_full_params s1 mb0 bkt=-1
[36m(PiperActor pid=2840256)[0m 2026-04-07 03:17:04,620 - piper_actor - DEBUG - run_dag dispatch (time 38): alloc_full_params s3 mb0 bkt=-1
[36m(PiperActor pid=2840256)[0m 2026-04-07 03:17:04,621 - piper_actor - DEBUG - run_dag dispatch (time 39): all_gather s3 mb0 bkt=0
[36m(PiperActor pid=2840256)[0m 2026-04-07 03:17:04,621 - piper_actor - DEBUG - run_dag dispatch (time 40): forward s3 mb2 bkt=0
[36m(PiperActor pid=2840256)[0m 2026-04-07 03:17:04,637 - piper_actor - DEBUG - run_dag dispatch (time 40): send s1 mb1 bkt=0
[36m(PiperActor pid=2840256)[0m 2026-04-07 03:17:04,638 - piper_actor - DEBUG - exec_send key (None, 1) to peer pp rank 0
[36m(PiperActor pid=2840256)[0m 2026-04-07 03:17:04,638 - piper_actor - DEBUG - run_dag dispatch (time 43): alloc_full_grads s3 mb0 bkt=-1
[36m(PiperActor pid=2832398)[0m 2026-04-07 03:17:04,724 - piper_actor - DEBUG - run_dag dispatch (time 35): all_gather s0 mb0 bkt=0
[36m(PiperActor pid=2832398)[0m 2026-04-07 03:17:04,725 - piper_actor - DEBUG - run_dag dispatch (time 35): alloc_full_grads s0 mb0 bkt=-1
[36m(PiperActor pid=2840256)[0m 2026-04-07 03:17:04,796 - piper_actor - DEBUG - run_dag dispatch (time 44): backward s3 mb2 bkt=0
[36m(PiperActor pid=2832391)[0m 2026-04-07 03:17:04,866 - piper_actor - DEBUG - run_dag dispatch (time 35): all_gather s0 mb0 bkt=0
[36m(PiperActor pid=2832391)[0m 2026-04-07 03:17:04,867 - piper_actor - DEBUG - run_dag dispatch (time 35): alloc_full_grads s0 mb0 bkt=-1
[36m(PiperActor pid=2832380)[0m 2026-04-07 03:17:04,866 - piper_actor - DEBUG - run_dag dispatch (time 44): backward s3 mb2 bkt=0
[36m(PiperActor pid=2832391)[0m 2026-04-07 03:17:05,003 - piper_actor - DEBUG - run_dag dispatch (time 36): backward s0 mb0 bkt=0
[36m(PiperActor pid=2832398)[0m 2026-04-07 03:17:04,933 - piper_actor - DEBUG - run_dag dispatch (time 36): backward s0 mb0 bkt=0
[36m(PiperActor pid=2832398)[0m 2026-04-07 03:17:05,077 - piper_actor - DEBUG - run_dag dispatch (time 36): send s2 mb2 bkt=0
[36m(PiperActor pid=2832398)[0m 2026-04-07 03:17:05,078 - piper_actor - DEBUG - exec_send key ((2, 0), 2) to peer pp rank 1
[36m(PiperActor pid=2832398)[0m 2026-04-07 03:17:05,078 - piper_actor - DEBUG - run_dag dispatch (time 36): recv s2 mb3 bkt=0
[36m(PiperActor pid=2832398)[0m 2026-04-07 03:17:05,079 - piper_actor - DEBUG - exec_recv key ((2, 0), 3) from peer pp rank 1
[36m(PiperActor pid=2832398)[0m 2026-04-07 03:17:05,079 - piper_actor - DEBUG - run_dag dispatch (time 36): reduce_scatter s0 mb0 bkt=0
[36m(PiperActor pid=2840256)[0m 2026-04-07 03:17:05,083 - piper_actor - DEBUG - run_dag dispatch (time 44): recv s3 mb3 bkt=0
[36m(PiperActor pid=2840256)[0m 2026-04-07 03:17:05,083 - piper_actor - DEBUG - exec_recv key ((3, 0), 3) from peer pp rank 0
[36m(PiperActor pid=2840256)[0m 2026-04-07 03:17:05,084 - piper_actor - DEBUG - run_dag dispatch (time 44): reduce_scatter s3 mb2 bkt=0
[36m(PiperActor pid=2840256)[0m 2026-04-07 03:17:05,084 - piper_actor - DEBUG - run_dag dispatch (time 44): free_full_grads s3 mb0 bkt=-1
[36m(PiperActor pid=2840256)[0m 2026-04-07 03:17:05,084 - piper_actor - DEBUG - run_dag dispatch (time 48): forward s3 mb3 bkt=0
[36m(PiperActor pid=2832391)[0m 2026-04-07 03:17:05,152 - piper_actor - DEBUG - run_dag dispatch (time 36): send s2 mb2 bkt=0
[36m(PiperActor pid=2832391)[0m 2026-04-07 03:17:05,153 - piper_actor - DEBUG - exec_send key ((2, 0), 2) to peer pp rank 1
[36m(PiperActor pid=2832391)[0m 2026-04-07 03:17:05,153 - piper_actor - DEBUG - run_dag dispatch (time 36): recv s2 mb3 bkt=0
[36m(PiperActor pid=2832391)[0m 2026-04-07 03:17:05,154 - piper_actor - DEBUG - exec_recv key ((2, 0), 3) from peer pp rank 1
[36m(PiperActor pid=2832391)[0m 2026-04-07 03:17:05,154 - piper_actor - DEBUG - run_dag dispatch (time 36): reduce_scatter s0 mb0 bkt=0
[36m(PiperActor pid=2832391)[0m 2026-04-07 03:17:05,160 - piper_actor - DEBUG - run_dag dispatch (time 36): free_full_grads s0 mb0 bkt=-1
[36m(PiperActor pid=2832391)[0m 2026-04-07 03:17:05,160 - piper_actor - DEBUG - run_dag dispatch (time 37): free_full_params s0 mb0 bkt=-1
[36m(PiperActor pid=2832391)[0m 2026-04-07 03:17:05,160 - piper_actor - DEBUG - run_dag dispatch (time 38): alloc_full_params s2 mb0 bkt=-1
[36m(PiperActor pid=2832391)[0m 2026-04-07 03:17:05,161 - piper_actor - DEBUG - run_dag dispatch (time 39): all_gather s2 mb0 bkt=0
[36m(PiperActor pid=2832391)[0m 2026-04-07 03:17:05,161 - piper_actor - DEBUG - run_dag dispatch (time 40): forward s2 mb3 bkt=0
[36m(PiperActor pid=2832391)[0m 2026-04-07 03:17:05,172 - piper_actor - DEBUG - run_dag dispatch (time 40): recv s0 mb1 bkt=0
[36m(PiperActor pid=2832391)[0m 2026-04-07 03:17:05,172 - piper_actor - DEBUG - exec_recv key (None, 1) from peer pp rank 1
[36m(PiperActor pid=2832391)[0m 2026-04-07 03:17:05,173 - piper_actor - DEBUG - run_dag dispatch (time 41): free_full_params s2 mb0 bkt=-1
[36m(PiperActor pid=2832391)[0m 2026-04-07 03:17:05,173 - piper_actor - DEBUG - run_dag dispatch (time 42): alloc_full_params s0 mb0 bkt=-1
[36m(PiperActor pid=2832391)[0m 2026-04-07 03:17:05,174 - piper_actor - DEBUG - run_dag dispatch (time 43): all_gather s0 mb0 bkt=0
[36m(PiperActor pid=2832391)[0m 2026-04-07 03:17:05,174 - piper_actor - DEBUG - run_dag dispatch (time 43): alloc_full_grads s0 mb0 bkt=-1
[36m(PiperActor pid=2832391)[0m 2026-04-07 03:17:05,175 - piper_actor - DEBUG - run_dag dispatch (time 44): backward s0 mb1 bkt=0
[36m(PiperActor pid=2832391)[0m 2026-04-07 03:17:05,198 - piper_actor - DEBUG - run_dag dispatch (time 44): send s2 mb3 bkt=0
[36m(PiperActor pid=2832391)[0m 2026-04-07 03:17:05,198 - piper_actor - DEBUG - exec_send key ((2, 0), 3) to peer pp rank 1
[36m(PiperActor pid=2832391)[0m 2026-04-07 03:17:05,199 - piper_actor - DEBUG - run_dag dispatch (time 44): recv s2 mb2 bkt=0
[36m(PiperActor pid=2832391)[0m 2026-04-07 03:17:05,199 - piper_actor - DEBUG - exec_recv key (None, 2) from peer pp rank 1
[36m(PiperActor pid=2832391)[0m 2026-04-07 03:17:05,199 - piper_actor - DEBUG - run_dag dispatch (time 44): reduce_scatter s0 mb1 bkt=0
[36m(PiperActor pid=2832391)[0m 2026-04-07 03:17:05,199 - piper_actor - DEBUG - run_dag dispatch (time 44): free_full_grads s0 mb0 bkt=-1
[36m(PiperActor pid=2832391)[0m 2026-04-07 03:17:05,200 - piper_actor - DEBUG - run_dag dispatch (time 45): free_full_params s0 mb0 bkt=-1
[36m(PiperActor pid=2832391)[0m 2026-04-07 03:17:05,200 - piper_actor - DEBUG - run_dag dispatch (time 46): alloc_full_params s2 mb0 bkt=-1
[36m(PiperActor pid=2832391)[0m 2026-04-07 03:17:05,201 - piper_actor - DEBUG - run_dag dispatch (time 47): all_gather s2 mb0 bkt=0
[36m(PiperActor pid=2832391)[0m 2026-04-07 03:17:05,201 - piper_actor - DEBUG - run_dag dispatch (time 47): alloc_full_grads s2 mb0 bkt=-1
[36m(PiperActor pid=2832391)[0m 2026-04-07 03:17:05,202 - piper_actor - DEBUG - run_dag dispatch (time 48): backward s2 mb2 bkt=0
[36m(PiperActor pid=2832391)[0m 2026-04-07 03:17:05,224 - piper_actor - DEBUG - run_dag dispatch (time 48): recv s2 mb3 bkt=0
[36m(PiperActor pid=2832391)[0m 2026-04-07 03:17:05,224 - piper_actor - DEBUG - exec_recv key (None, 3) from peer pp rank 1
[36m(PiperActor pid=2832391)[0m 2026-04-07 03:17:05,225 - piper_actor - DEBUG - run_dag dispatch (time 52): backward s2 mb3 bkt=0
[36m(PiperActor pid=2832391)[0m 2026-04-07 03:17:05,251 - piper_actor - DEBUG - run_dag dispatch (time 52): send s2 mb2 bkt=0
[36m(PiperActor pid=2832391)[0m 2026-04-07 03:17:05,251 - piper_actor - DEBUG - exec_send key (None, 2) to peer pp rank 1
[36m(PiperActor pid=2832391)[0m 2026-04-07 03:17:05,252 - piper_actor - DEBUG - run_dag dispatch (time 52): recv s0 mb2 bkt=0
[36m(PiperActor pid=2832391)[0m 2026-04-07 03:17:05,252 - piper_actor - DEBUG - exec_recv key (None, 2) from peer pp rank 1
[36m(PiperActor pid=2832391)[0m 2026-04-07 03:17:05,252 - piper_actor - DEBUG - run_dag dispatch (time 52): reduce_scatter s2 mb3 bkt=0
[36m(PiperActor pid=2832391)[0m 2026-04-07 03:17:05,253 - piper_actor - DEBUG - run_dag dispatch (time 52): free_full_grads s2 mb0 bkt=-1
[36m(PiperActor pid=2832391)[0m 2026-04-07 03:17:05,253 - piper_actor - DEBUG - run_dag dispatch (time 53): free_full_params s2 mb0 bkt=-1
[36m(PiperActor pid=2832391)[0m 2026-04-07 03:17:05,253 - piper_actor - DEBUG - run_dag dispatch (time 54): alloc_full_params s0 mb0 bkt=-1
[36m(PiperActor pid=2832391)[0m 2026-04-07 03:17:05,254 - piper_actor - DEBUG - run_dag dispatch (time 55): all_gather s0 mb0 bkt=0
[36m(PiperActor pid=2832391)[0m 2026-04-07 03:17:05,255 - piper_actor - DEBUG - run_dag dispatch (time 55): alloc_full_grads s0 mb0 bkt=-1
[36m(PiperActor pid=2832391)[0m 2026-04-07 03:17:05,255 - piper_actor - DEBUG - run_dag dispatch (time 56): backward s0 mb2 bkt=0
[36m(PiperActor pid=2832380)[0m 2026-04-07 03:17:05,159 - piper_actor - DEBUG - run_dag dispatch (time 44): recv s3 mb3 bkt=0
[36m(PiperActor pid=2832380)[0m 2026-04-07 03:17:05,160 - piper_actor - DEBUG - exec_recv key ((3, 0), 3) from peer pp rank 0
[36m(PiperActor pid=2832380)[0m 2026-04-07 03:17:05,161 - piper_actor - DEBUG - run_dag dispatch (time 44): reduce_scatter s3 mb2 bkt=0
[36m(PiperActor pid=2832380)[0m 2026-04-07 03:17:05,161 - piper_actor - DEBUG - run_dag dispatch (time 44): free_full_grads s3 mb0 bkt=-1
[36m(PiperActor pid=2832380)[0m 2026-04-07 03:17:05,162 - piper_actor - DEBUG - run_dag dispatch (time 48): forward s3 mb3 bkt=0
[36m(PiperActor pid=2832380)[0m 2026-04-07 03:17:05,203 - piper_actor - DEBUG - run_dag dispatch (time 48): send s3 mb2 bkt=0
[36m(PiperActor pid=2832380)[0m 2026-04-07 03:17:05,203 - piper_actor - DEBUG - exec_send key (None, 2) to peer pp rank 0
[36m(PiperActor pid=2832380)[0m 2026-04-07 03:17:05,203 - piper_actor - DEBUG - run_dag dispatch (time 51): alloc_full_grads s3 mb0 bkt=-1
[36m(PiperActor pid=2832380)[0m 2026-04-07 03:17:05,204 - piper_actor - DEBUG - run_dag dispatch (time 52): backward s3 mb3 bkt=0
[36m(PiperActor pid=2832380)[0m 2026-04-07 03:17:05,239 - piper_actor - DEBUG - run_dag dispatch (time 52): recv s1 mb2 bkt=0
[36m(PiperActor pid=2832380)[0m 2026-04-07 03:17:05,239 - piper_actor - DEBUG - exec_recv key (None, 2) from peer pp rank 0
[36m(PiperActor pid=2832380)[0m 2026-04-07 03:17:05,240 - piper_actor - DEBUG - run_dag dispatch (time 52): reduce_scatter s3 mb3 bkt=0
[36m(PiperActor pid=2832380)[0m 2026-04-07 03:17:05,240 - piper_actor - DEBUG - run_dag dispatch (time 52): free_full_grads s3 mb0 bkt=-1
[36m(PiperActor pid=2832380)[0m 2026-04-07 03:17:05,241 - piper_actor - DEBUG - run_dag dispatch (time 53): free_full_params s3 mb0 bkt=-1
[36m(PiperActor pid=2832380)[0m 2026-04-07 03:17:05,241 - piper_actor - DEBUG - run_dag dispatch (time 54): alloc_full_params s1 mb0 bkt=-1
[36m(PiperActor pid=2832380)[0m 2026-04-07 03:17:05,242 - piper_actor - DEBUG - run_dag dispatch (time 55): all_gather s1 mb0 bkt=0
[36m(PiperActor pid=2832380)[0m 2026-04-07 03:17:05,242 - piper_actor - DEBUG - run_dag dispatch (time 55): alloc_full_grads s1 mb0 bkt=-1
[36m(PiperActor pid=2832380)[0m 2026-04-07 03:17:05,243 - piper_actor - DEBUG - run_dag dispatch (time 56): backward s1 mb2 bkt=0
[36m(PiperActor pid=2832398)[0m 2026-04-07 03:17:05,147 - piper_actor - DEBUG - run_dag dispatch (time 36): free_full_grads s0 mb0 bkt=-1
[36m(PiperActor pid=2832398)[0m 2026-04-07 03:17:05,147 - piper_actor - DEBUG - run_dag dispatch (time 37): free_full_params s0 mb0 bkt=-1
[36m(PiperActor pid=2832398)[0m 2026-04-07 03:17:05,148 - piper_actor - DEBUG - run_dag dispatch (time 38): alloc_full_params s2 mb0 bkt=-1
[36m(PiperActor pid=2832398)[0m 2026-04-07 03:17:05,149 - piper_actor - DEBUG - run_dag dispatch (time 39): all_gather s2 mb0 bkt=0
[36m(PiperActor pid=2832398)[0m 2026-04-07 03:17:05,149 - piper_actor - DEBUG - run_dag dispatch (time 40): forward s2 mb3 bkt=0
[36m(PiperActor pid=2832398)[0m 2026-04-07 03:17:05,160 - piper_actor - DEBUG - run_dag dispatch (time 40): recv s0 mb1 bkt=0
[36m(PiperActor pid=2832398)[0m 2026-04-07 03:17:05,160 - piper_actor - DEBUG - exec_recv key (None, 1) from peer pp rank 1
[36m(PiperActor pid=2832398)[0m 2026-04-07 03:17:05,161 - piper_actor - DEBUG - run_dag dispatch (time 41): free_full_params s2 mb0 bkt=-1
[36m(PiperActor pid=2832398)[0m 2026-04-07 03:17:05,161 - piper_actor - DEBUG - run_dag dispatch (time 42): alloc_full_params s0 mb0 bkt=-1
[36m(PiperActor pid=2832398)[0m 2026-04-07 03:17:05,162 - piper_actor - DEBUG - run_dag dispatch (time 43): all_gather s0 mb0 bkt=0
[36m(PiperActor pid=2832398)[0m 2026-04-07 03:17:05,162 - piper_actor - DEBUG - run_dag dispatch (time 43): alloc_full_grads s0 mb0 bkt=-1
[36m(PiperActor pid=2832398)[0m 2026-04-07 03:17:05,163 - piper_actor - DEBUG - run_dag dispatch (time 44): backward s0 mb1 bkt=0
[36m(PiperActor pid=2832398)[0m 2026-04-07 03:17:05,186 - piper_actor - DEBUG - run_dag dispatch (time 44): send s2 mb3 bkt=0
[36m(PiperActor pid=2832398)[0m 2026-04-07 03:17:05,186 - piper_actor - DEBUG - exec_send key ((2, 0), 3) to peer pp rank 1
[36m(PiperActor pid=2832398)[0m 2026-04-07 03:17:05,186 - piper_actor - DEBUG - run_dag dispatch (time 44): recv s2 mb2 bkt=0
[36m(PiperActor pid=2832398)[0m 2026-04-07 03:17:05,186 - piper_actor - DEBUG - exec_recv key (None, 2) from peer pp rank 1
[36m(PiperActor pid=2832398)[0m 2026-04-07 03:17:05,187 - piper_actor - DEBUG - run_dag dispatch (time 44): reduce_scatter s0 mb1 bkt=0
[36m(PiperActor pid=2832398)[0m 2026-04-07 03:17:05,187 - piper_actor - DEBUG - run_dag dispatch (time 44): free_full_grads s0 mb0 bkt=-1
[36m(PiperActor pid=2832398)[0m 2026-04-07 03:17:05,187 - piper_actor - DEBUG - run_dag dispatch (time 45): free_full_params s0 mb0 bkt=-1
[36m(PiperActor pid=2832398)[0m 2026-04-07 03:17:05,188 - piper_actor - DEBUG - run_dag dispatch (time 46): alloc_full_params s2 mb0 bkt=-1
[36m(PiperActor pid=2832398)[0m 2026-04-07 03:17:05,189 - piper_actor - DEBUG - run_dag dispatch (time 47): all_gather s2 mb0 bkt=0
[36m(PiperActor pid=2832398)[0m 2026-04-07 03:17:05,189 - piper_actor - DEBUG - run_dag dispatch (time 47): alloc_full_grads s2 mb0 bkt=-1
[36m(PiperActor pid=2832398)[0m 2026-04-07 03:17:05,189 - piper_actor - DEBUG - run_dag dispatch (time 48): backward s2 mb2 bkt=0
[36m(PiperActor pid=2832398)[0m 2026-04-07 03:17:05,211 - piper_actor - DEBUG - run_dag dispatch (time 48): recv s2 mb3 bkt=0
[36m(PiperActor pid=2832398)[0m 2026-04-07 03:17:05,211 - piper_actor - DEBUG - exec_recv key (None, 3) from peer pp rank 1
[36m(PiperActor pid=2832398)[0m 2026-04-07 03:17:05,212 - piper_actor - DEBUG - run_dag dispatch (time 52): backward s2 mb3 bkt=0
[36m(PiperActor pid=2832398)[0m 2026-04-07 03:17:05,244 - piper_actor - DEBUG - run_dag dispatch (time 52): send s2 mb2 bkt=0
[36m(PiperActor pid=2832398)[0m 2026-04-07 03:17:05,245 - piper_actor - DEBUG - exec_send key (None, 2) to peer pp rank 1
[36m(PiperActor pid=2832398)[0m 2026-04-07 03:17:05,245 - piper_actor - DEBUG - run_dag dispatch (time 52): recv s0 mb2 bkt=0
[36m(PiperActor pid=2832398)[0m 2026-04-07 03:17:05,245 - piper_actor - DEBUG - exec_recv key (None, 2) from peer pp rank 1
[36m(PiperActor pid=2832398)[0m 2026-04-07 03:17:05,245 - piper_actor - DEBUG - run_dag dispatch (time 52): reduce_scatter s2 mb3 bkt=0
[36m(PiperActor pid=2832398)[0m 2026-04-07 03:17:05,246 - piper_actor - DEBUG - run_dag dispatch (time 52): free_full_grads s2 mb0 bkt=-1
[36m(PiperActor pid=2832398)[0m 2026-04-07 03:17:05,246 - piper_actor - DEBUG - run_dag dispatch (time 53): free_full_params s2 mb0 bkt=-1
[36m(PiperActor pid=2832398)[0m 2026-04-07 03:17:05,247 - piper_actor - DEBUG - run_dag dispatch (time 54): alloc_full_params s0 mb0 bkt=-1
[36m(PiperActor pid=2832398)[0m 2026-04-07 03:17:05,248 - piper_actor - DEBUG - run_dag dispatch (time 55): all_gather s0 mb0 bkt=0
[36m(PiperActor pid=2832398)[0m 2026-04-07 03:17:05,248 - piper_actor - DEBUG - run_dag dispatch (time 55): alloc_full_grads s0 mb0 bkt=-1
[36m(PiperActor pid=2832398)[0m 2026-04-07 03:17:05,249 - piper_actor - DEBUG - run_dag dispatch (time 56): backward s0 mb2 bkt=0
[36m(PiperActor pid=2840256)[0m 2026-04-07 03:17:05,129 - piper_actor - DEBUG - run_dag dispatch (time 48): send s3 mb2 bkt=0
[36m(PiperActor pid=2840256)[0m 2026-04-07 03:17:05,129 - piper_actor - DEBUG - exec_send key (None, 2) to peer pp rank 0
[36m(PiperActor pid=2840256)[0m 2026-04-07 03:17:05,129 - piper_actor - DEBUG - run_dag dispatch (time 51): alloc_full_grads s3 mb0 bkt=-1
[36m(PiperActor pid=2840256)[0m 2026-04-07 03:17:05,130 - piper_actor - DEBUG - run_dag dispatch (time 52): backward s3 mb3 bkt=0
[36m(PiperActor pid=2840256)[0m 2026-04-07 03:17:05,238 - piper_actor - DEBUG - run_dag dispatch (time 52): recv s1 mb2 bkt=0
[36m(PiperActor pid=2840256)[0m 2026-04-07 03:17:05,239 - piper_actor - DEBUG - exec_recv key (None, 2) from peer pp rank 0
[36m(PiperActor pid=2840256)[0m 2026-04-07 03:17:05,240 - piper_actor - DEBUG - run_dag dispatch (time 52): reduce_scatter s3 mb3 bkt=0
[36m(PiperActor pid=2840256)[0m 2026-04-07 03:17:05,240 - piper_actor - DEBUG - run_dag dispatch (time 52): free_full_grads s3 mb0 bkt=-1
[36m(PiperActor pid=2840256)[0m 2026-04-07 03:17:05,240 - piper_actor - DEBUG - run_dag dispatch (time 53): free_full_params s3 mb0 bkt=-1
[36m(PiperActor pid=2840256)[0m 2026-04-07 03:17:05,241 - piper_actor - DEBUG - run_dag dispatch (time 54): alloc_full_params s1 mb0 bkt=-1
[36m(PiperActor pid=2840256)[0m 2026-04-07 03:17:05,241 - piper_actor - DEBUG - run_dag dispatch (time 55): all_gather s1 mb0 bkt=0
[36m(PiperActor pid=2840256)[0m 2026-04-07 03:17:05,242 - piper_actor - DEBUG - run_dag dispatch (time 55): alloc_full_grads s1 mb0 bkt=-1
[36m(PiperActor pid=2840256)[0m 2026-04-07 03:17:05,242 - piper_actor - DEBUG - run_dag dispatch (time 56): backward s1 mb2 bkt=0
[36m(PiperActor pid=2832380)[0m 2026-04-07 03:17:05,297 - piper_actor - DEBUG - run_dag dispatch (time 56): recv s1 mb3 bkt=0
[36m(PiperActor pid=2832380)[0m 2026-04-07 03:17:05,297 - piper_actor - DEBUG - exec_recv key (None, 3) from peer pp rank 0
[36m(PiperActor pid=2832380)[0m 2026-04-07 03:17:05,298 - piper_actor - DEBUG - run_dag dispatch (time 56): send s3 mb3 bkt=0
[36m(PiperActor pid=2832380)[0m 2026-04-07 03:17:05,298 - piper_actor - DEBUG - exec_send key (None, 3) to peer pp rank 0
[36m(PiperActor pid=2832380)[0m 2026-04-07 03:17:05,298 - piper_actor - DEBUG - run_dag dispatch (time 60): backward s1 mb3 bkt=0
[36m(PiperActor pid=2840256)[0m 2026-04-07 03:17:05,296 - piper_actor - DEBUG - run_dag dispatch (time 56): recv s1 mb3 bkt=0
[36m(PiperActor pid=2840256)[0m 2026-04-07 03:17:05,296 - piper_actor - DEBUG - exec_recv key (None, 3) from peer pp rank 0
[36m(PiperActor pid=2840256)[0m 2026-04-07 03:17:05,296 - piper_actor - DEBUG - run_dag dispatch (time 56): send s3 mb3 bkt=0
[36m(PiperActor pid=2840256)[0m 2026-04-07 03:17:05,297 - piper_actor - DEBUG - exec_send key (None, 3) to peer pp rank 0
[36m(PiperActor pid=2840256)[0m 2026-04-07 03:17:05,297 - piper_actor - DEBUG - run_dag dispatch (time 60): backward s1 mb3 bkt=0
[36m(PiperActor pid=2832391)[0m 2026-04-07 03:17:05,335 - piper_actor - DEBUG - run_dag dispatch (time 56): send s2 mb3 bkt=0
[36m(PiperActor pid=2832391)[0m 2026-04-07 03:17:05,336 - piper_actor - DEBUG - exec_send key (None, 3) to peer pp rank 1
[36m(PiperActor pid=2832391)[0m 2026-04-07 03:17:05,337 - piper_actor - DEBUG - run_dag dispatch (time 56): recv s0 mb3 bkt=0
[36m(PiperActor pid=2832391)[0m 2026-04-07 03:17:05,337 - piper_actor - DEBUG - exec_recv key (None, 3) from peer pp rank 1
[36m(PiperActor pid=2832391)[0m 2026-04-07 03:17:05,337 - piper_actor - DEBUG - run_dag dispatch (time 60): backward s0 mb3 bkt=0
[36m(PiperActor pid=2832380)[0m 2026-04-07 03:17:05,339 - piper_actor - DEBUG - run_dag dispatch (time 60): send s1 mb2 bkt=0
[36m(PiperActor pid=2832380)[0m 2026-04-07 03:17:05,340 - piper_actor - DEBUG - exec_send key (None, 2) to peer pp rank 0
[36m(PiperActor pid=2832380)[0m 2026-04-07 03:17:05,340 - piper_actor - DEBUG - run_dag dispatch (time 60): reduce_scatter s1 mb3 bkt=0
[36m(PiperActor pid=2832380)[0m 2026-04-07 03:17:05,341 - piper_actor - DEBUG - run_dag dispatch (time 60): free_full_grads s1 mb0 bkt=-1
[36m(PiperActor pid=2832380)[0m 2026-04-07 03:17:05,341 - piper_actor - DEBUG - run_dag dispatch (time 61): free_full_params s1 mb0 bkt=-1
[36m(PiperActor pid=2832380)[0m 2026-04-07 03:17:05,342 - piper_actor - DEBUG - run_dag dispatch (time 64): update s1 mb3 bkt=0
[36m(PiperActor pid=2832398)[0m 2026-04-07 03:17:05,334 - piper_actor - DEBUG - run_dag dispatch (time 56): send s2 mb3 bkt=0
[36m(PiperActor pid=2832398)[0m 2026-04-07 03:17:05,334 - piper_actor - DEBUG - exec_send key (None, 3) to peer pp rank 1
[36m(PiperActor pid=2832398)[0m 2026-04-07 03:17:05,335 - piper_actor - DEBUG - run_dag dispatch (time 56): recv s0 mb3 bkt=0
[36m(PiperActor pid=2832398)[0m 2026-04-07 03:17:05,335 - piper_actor - DEBUG - exec_recv key (None, 3) from peer pp rank 1
[36m(PiperActor pid=2832398)[0m 2026-04-07 03:17:05,336 - piper_actor - DEBUG - run_dag dispatch (time 60): backward s0 mb3 bkt=0
[36m(PiperActor pid=2840256)[0m 2026-04-07 03:17:05,338 - piper_actor - DEBUG - run_dag dispatch (time 60): send s1 mb2 bkt=0
[36m(PiperActor pid=2840256)[0m 2026-04-07 03:17:05,339 - piper_actor - DEBUG - exec_send key (None, 2) to peer pp rank 0
[36m(PiperActor pid=2840256)[0m 2026-04-07 03:17:05,339 - piper_actor - DEBUG - run_dag dispatch (time 60): reduce_scatter s1 mb3 bkt=0
[36m(PiperActor pid=2840256)[0m 2026-04-07 03:17:05,340 - piper_actor - DEBUG - run_dag dispatch (time 60): free_full_grads s1 mb0 bkt=-1
[36m(PiperActor pid=2840256)[0m 2026-04-07 03:17:05,340 - piper_actor - DEBUG - run_dag dispatch (time 61): free_full_params s1 mb0 bkt=-1
[36m(PiperActor pid=2840256)[0m 2026-04-07 03:17:05,341 - piper_actor - DEBUG - run_dag dispatch (time 64): update s1 mb3 bkt=0
[36m(PiperActor pid=2832391)[0m 2026-04-07 03:17:05,380 - piper_actor - DEBUG - run_dag dispatch (time 60): reduce_scatter s0 mb3 bkt=0
[36m(PiperActor pid=2832391)[0m 2026-04-07 03:17:05,381 - piper_actor - DEBUG - run_dag dispatch (time 60): free_full_grads s0 mb0 bkt=-1
[36m(PiperActor pid=2832391)[0m 2026-04-07 03:17:05,382 - piper_actor - DEBUG - run_dag dispatch (time 61): free_full_params s0 mb0 bkt=-1
[36m(PiperActor pid=2832391)[0m 2026-04-07 03:17:05,382 - piper_actor - DEBUG - run_dag dispatch (time 64): update s0 mb3 bkt=0
[36m(PiperActor pid=2832398)[0m 2026-04-07 03:17:05,379 - piper_actor - DEBUG - run_dag dispatch (time 60): reduce_scatter s0 mb3 bkt=0
[36m(PiperActor pid=2832398)[0m 2026-04-07 03:17:05,380 - piper_actor - DEBUG - run_dag dispatch (time 60): free_full_grads s0 mb0 bkt=-1
[36m(PiperActor pid=2832398)[0m 2026-04-07 03:17:05,380 - piper_actor - DEBUG - run_dag dispatch (time 61): free_full_params s0 mb0 bkt=-1
[36m(PiperActor pid=2832398)[0m 2026-04-07 03:17:05,381 - piper_actor - DEBUG - run_dag dispatch (time 64): update s0 mb3 bkt=0
[36m(PiperActor pid=2832380)[0m 2026-04-07 03:17:05,446 - piper_actor - DEBUG - run_dag dispatch (time 64): send s1 mb3 bkt=0
[36m(PiperActor pid=2832380)[0m 2026-04-07 03:17:05,447 - piper_actor - DEBUG - exec_send key (None, 3) to peer pp rank 0
[36m(PiperActor pid=2840256)[0m 2026-04-07 03:17:05,445 - piper_actor - DEBUG - run_dag dispatch (time 64): send s1 mb3 bkt=0
[36m(PiperActor pid=2840256)[0m 2026-04-07 03:17:05,445 - piper_actor - DEBUG - exec_send key (None, 3) to peer pp rank 0
[36m(run_dp_rank pid=2795262)[0m Running 1 timed iterations...
[36m(run_dp_rank pid=2795140)[0m Running 1 timed iterations...
[36m(PiperActor pid=2832391)[0m 2026-04-07 03:17:06,572 - piper_actor - DEBUG - run_dag dispatch (time -2): alloc_full_params s0 mb0 bkt=-1
[36m(PiperActor pid=2832391)[0m 2026-04-07 03:17:06,574 - piper_actor - DEBUG - run_dag dispatch (time -1): all_gather s0 mb0 bkt=0
[36m(PiperActor pid=2832391)[0m 2026-04-07 03:17:06,575 - piper_actor - DEBUG - run_dag dispatch (time 0): forward s0 mb0 bkt=0
[36m(PiperActor pid=2832391)[0m 2026-04-07 03:17:06,587 - piper_actor - DEBUG - run_dag dispatch (time 4): forward s0 mb1 bkt=0
[36m(PiperActor pid=2832391)[0m 2026-04-07 03:17:06,600 - piper_actor - DEBUG - run_dag dispatch (time 4): send s0 mb0 bkt=0
[36m(PiperActor pid=2832391)[0m 2026-04-07 03:17:06,600 - piper_actor - DEBUG - exec_send key ((0, 0), 0) to peer pp rank 1
[36m(PiperActor pid=2832391)[0m 2026-04-07 03:17:06,601 - piper_actor - DEBUG - run_dag dispatch (time 4): recv s2 mb0 bkt=0
[36m(PiperActor pid=2832391)[0m 2026-04-07 03:17:06,601 - piper_actor - DEBUG - exec_recv key ((2, 0), 0) from peer pp rank 1
[36m(PiperActor pid=2832391)[0m 2026-04-07 03:17:06,605 - piper_actor - DEBUG - run_dag dispatch (time 5): free_full_params s0 mb0 bkt=-1
[36m(PiperActor pid=2832391)[0m 2026-04-07 03:17:06,606 - piper_actor - DEBUG - run_dag dispatch (time 6): alloc_full_params s2 mb0 bkt=-1
[36m(PiperActor pid=2832391)[0m 2026-04-07 03:17:06,607 - piper_actor - DEBUG - run_dag dispatch (time 7): all_gather s2 mb0 bkt=0
[36m(PiperActor pid=2832380)[0m 2026-04-07 03:17:06,571 - piper_actor - DEBUG - run_dag dispatch (time -4): recv s1 mb0 bkt=0
[36m(PiperActor pid=2832380)[0m 2026-04-07 03:17:06,571 - piper_actor - DEBUG - exec_recv key ((1, 0), 0) from peer pp rank 0
[36m(PiperActor pid=2832380)[0m 2026-04-07 03:17:06,573 - piper_actor - DEBUG - run_dag dispatch (time -2): alloc_full_params s1 mb0 bkt=-1
[36m(PiperActor pid=2832380)[0m 2026-04-07 03:17:06,574 - piper_actor - DEBUG - run_dag dispatch (time -1): all_gather s1 mb0 bkt=0
[36m(PiperActor pid=2832380)[0m 2026-04-07 03:17:06,575 - piper_actor - DEBUG - run_dag dispatch (time 0): forward s1 mb0 bkt=0
[36m(PiperActor pid=2832380)[0m 2026-04-07 03:17:06,587 - piper_actor - DEBUG - run_dag dispatch (time 0): recv s1 mb1 bkt=0
[36m(PiperActor pid=2832380)[0m 2026-04-07 03:17:06,587 - piper_actor - DEBUG - exec_recv key ((1, 0), 1) from peer pp rank 0
[36m(PiperActor pid=2832380)[0m 2026-04-07 03:17:06,588 - piper_actor - DEBUG - run_dag dispatch (time 4): forward s1 mb1 bkt=0
[36m(PiperActor pid=2832380)[0m 2026-04-07 03:17:06,601 - piper_actor - DEBUG - run_dag dispatch (time 4): recv s3 mb0 bkt=0
[36m(PiperActor pid=2832380)[0m 2026-04-07 03:17:06,601 - piper_actor - DEBUG - exec_recv key ((3, 0), 0) from peer pp rank 0
[36m(PiperActor pid=2832380)[0m 2026-04-07 03:17:06,602 - piper_actor - DEBUG - run_dag dispatch (time 4): send s1 mb0 bkt=0
[36m(PiperActor pid=2832380)[0m 2026-04-07 03:17:06,602 - piper_actor - DEBUG - exec_send key ((1, 0), 0) to peer pp rank 0
[36m(PiperActor pid=2832380)[0m 2026-04-07 03:17:06,603 - piper_actor - DEBUG - run_dag dispatch (time 5): free_full_params s1 mb0 bkt=-1
[36m(PiperActor pid=2832380)[0m 2026-04-07 03:17:06,604 - piper_actor - DEBUG - run_dag dispatch (time 6): alloc_full_params s3 mb0 bkt=-1
[36m(PiperActor pid=2832380)[0m 2026-04-07 03:17:06,605 - piper_actor - DEBUG - run_dag dispatch (time 7): all_gather s3 mb0 bkt=0
[36m(PiperActor pid=2832380)[0m 2026-04-07 03:17:06,606 - piper_actor - DEBUG - run_dag dispatch (time 8): forward s3 mb0 bkt=0
[36m(PiperActor pid=2832398)[0m 2026-04-07 03:17:06,572 - piper_actor - DEBUG - run_dag dispatch (time -2): alloc_full_params s0 mb0 bkt=-1
[36m(PiperActor pid=2832398)[0m 2026-04-07 03:17:06,574 - piper_actor - DEBUG - run_dag dispatch (time -1): all_gather s0 mb0 bkt=0
[36m(PiperActor pid=2832398)[0m 2026-04-07 03:17:06,575 - piper_actor - DEBUG - run_dag dispatch (time 0): forward s0 mb0 bkt=0
[36m(PiperActor pid=2832398)[0m 2026-04-07 03:17:06,588 - piper_actor - DEBUG - run_dag dispatch (time 4): forward s0 mb1 bkt=0
[36m(PiperActor pid=2832398)[0m 2026-04-07 03:17:06,600 - piper_actor - DEBUG - run_dag dispatch (time 4): send s0 mb0 bkt=0
[36m(PiperActor pid=2832398)[0m 2026-04-07 03:17:06,600 - piper_actor - DEBUG - exec_send key ((0, 0), 0) to peer pp rank 1
[36m(PiperActor pid=2832398)[0m 2026-04-07 03:17:06,602 - piper_actor - DEBUG - run_dag dispatch (time 4): recv s2 mb0 bkt=0
[36m(PiperActor pid=2832398)[0m 2026-04-07 03:17:06,602 - piper_actor - DEBUG - exec_recv key ((2, 0), 0) from peer pp rank 1
[36m(PiperActor pid=2832398)[0m 2026-04-07 03:17:06,604 - piper_actor - DEBUG - run_dag dispatch (time 5): free_full_params s0 mb0 bkt=-1
[36m(PiperActor pid=2832398)[0m 2026-04-07 03:17:06,605 - piper_actor - DEBUG - run_dag dispatch (time 6): alloc_full_params s2 mb0 bkt=-1
[36m(PiperActor pid=2832398)[0m 2026-04-07 03:17:06,606 - piper_actor - DEBUG - run_dag dispatch (time 7): all_gather s2 mb0 bkt=0
[36m(PiperActor pid=2832398)[0m 2026-04-07 03:17:06,607 - piper_actor - DEBUG - run_dag dispatch (time 8): forward s2 mb0 bkt=0
[36m(PiperActor pid=2840256)[0m 2026-04-07 03:17:06,573 - piper_actor - DEBUG - run_dag dispatch (time -4): recv s1 mb0 bkt=0
[36m(PiperActor pid=2840256)[0m 2026-04-07 03:17:06,573 - piper_actor - DEBUG - exec_recv key ((1, 0), 0) from peer pp rank 0
[36m(PiperActor pid=2840256)[0m 2026-04-07 03:17:06,574 - piper_actor - DEBUG - run_dag dispatch (time -2): alloc_full_params s1 mb0 bkt=-1
[36m(PiperActor pid=2840256)[0m 2026-04-07 03:17:06,576 - piper_actor - DEBUG - run_dag dispatch (time -1): all_gather s1 mb0 bkt=0
[36m(PiperActor pid=2840256)[0m 2026-04-07 03:17:06,577 - piper_actor - DEBUG - run_dag dispatch (time 0): forward s1 mb0 bkt=0
[36m(PiperActor pid=2840256)[0m 2026-04-07 03:17:06,589 - piper_actor - DEBUG - run_dag dispatch (time 0): recv s1 mb1 bkt=0
[36m(PiperActor pid=2840256)[0m 2026-04-07 03:17:06,589 - piper_actor - DEBUG - exec_recv key ((1, 0), 1) from peer pp rank 0
[36m(PiperActor pid=2840256)[0m 2026-04-07 03:17:06,590 - piper_actor - DEBUG - run_dag dispatch (time 4): forward s1 mb1 bkt=0
[36m(PiperActor pid=2840256)[0m 2026-04-07 03:17:06,603 - piper_actor - DEBUG - run_dag dispatch (time 4): recv s3 mb0 bkt=0
[36m(PiperActor pid=2840256)[0m 2026-04-07 03:17:06,603 - piper_actor - DEBUG - exec_recv key ((3, 0), 0) from peer pp rank 0
[36m(PiperActor pid=2840256)[0m 2026-04-07 03:17:06,604 - piper_actor - DEBUG - run_dag dispatch (time 4): send s1 mb0 bkt=0
[36m(PiperActor pid=2840256)[0m 2026-04-07 03:17:06,604 - piper_actor - DEBUG - exec_send key ((1, 0), 0) to peer pp rank 0
[36m(PiperActor pid=2840256)[0m 2026-04-07 03:17:06,605 - piper_actor - DEBUG - run_dag dispatch (time 5): free_full_params s1 mb0 bkt=-1
[36m(PiperActor pid=2840256)[0m 2026-04-07 03:17:06,606 - piper_actor - DEBUG - run_dag dispatch (time 6): alloc_full_params s3 mb0 bkt=-1
[36m(PiperActor pid=2840256)[0m 2026-04-07 03:17:06,607 - piper_actor - DEBUG - run_dag dispatch (time 7): all_gather s3 mb0 bkt=0
[36m(PiperActor pid=2840256)[0m 2026-04-07 03:17:06,609 - piper_actor - DEBUG - run_dag dispatch (time 8): forward s3 mb0 bkt=0
[36m(PiperActor pid=2832391)[0m 2026-04-07 03:17:06,608 - piper_actor - DEBUG - run_dag dispatch (time 8): forward s2 mb0 bkt=0
[36m(PiperActor pid=2832391)[0m 2026-04-07 03:17:06,621 - piper_actor - DEBUG - run_dag dispatch (time 8): send s0 mb1 bkt=0
[36m(PiperActor pid=2832391)[0m 2026-04-07 03:17:06,621 - piper_actor - DEBUG - exec_send key ((0, 0), 1) to peer pp rank 1
[36m(PiperActor pid=2832391)[0m 2026-04-07 03:17:06,622 - piper_actor - DEBUG - run_dag dispatch (time 8): recv s2 mb1 bkt=0
[36m(PiperActor pid=2832391)[0m 2026-04-07 03:17:06,622 - piper_actor - DEBUG - exec_recv key ((2, 0), 1) from peer pp rank 1
[36m(PiperActor pid=2832391)[0m 2026-04-07 03:17:06,623 - piper_actor - DEBUG - run_dag dispatch (time 12): forward s2 mb1 bkt=0
[36m(PiperActor pid=2832391)[0m 2026-04-07 03:17:06,636 - piper_actor - DEBUG - run_dag dispatch (time 12): send s2 mb0 bkt=0
[36m(PiperActor pid=2832391)[0m 2026-04-07 03:17:06,636 - piper_actor - DEBUG - exec_send key ((2, 0), 0) to peer pp rank 1
[36m(PiperActor pid=2832391)[0m 2026-04-07 03:17:06,637 - piper_actor - DEBUG - run_dag dispatch (time 13): free_full_params s2 mb0 bkt=-1
[36m(PiperActor pid=2832391)[0m 2026-04-07 03:17:06,638 - piper_actor - DEBUG - run_dag dispatch (time 14): alloc_full_params s0 mb0 bkt=-1
[36m(PiperActor pid=2832391)[0m 2026-04-07 03:17:06,640 - piper_actor - DEBUG - run_dag dispatch (time 15): all_gather s0 mb0 bkt=0
[36m(PiperActor pid=2832391)[0m 2026-04-07 03:17:06,641 - piper_actor - DEBUG - run_dag dispatch (time 16): forward s0 mb2 bkt=0
[36m(PiperActor pid=2832380)[0m 2026-04-07 03:17:06,618 - piper_actor - DEBUG - run_dag dispatch (time 8): send s1 mb1 bkt=0
[36m(PiperActor pid=2832380)[0m 2026-04-07 03:17:06,618 - piper_actor - DEBUG - exec_send key ((1, 0), 1) to peer pp rank 0
[36m(PiperActor pid=2832380)[0m 2026-04-07 03:17:06,619 - piper_actor - DEBUG - run_dag dispatch (time 11): alloc_full_grads s3 mb0 bkt=-1
[36m(PiperActor pid=2832380)[0m 2026-04-07 03:17:06,620 - piper_actor - DEBUG - run_dag dispatch (time 12): backward s3 mb0 bkt=0
[36m(PiperActor pid=2832380)[0m 2026-04-07 03:17:06,648 - piper_actor - DEBUG - run_dag dispatch (time 12): recv s3 mb1 bkt=0
[36m(PiperActor pid=2832380)[0m 2026-04-07 03:17:06,648 - piper_actor - DEBUG - exec_recv key ((3, 0), 1) from peer pp rank 0
[36m(PiperActor pid=2832398)[0m 2026-04-07 03:17:06,620 - piper_actor - DEBUG - run_dag dispatch (time 8): send s0 mb1 bkt=0
[36m(PiperActor pid=2832398)[0m 2026-04-07 03:17:06,620 - piper_actor - DEBUG - exec_send key ((0, 0), 1) to peer pp rank 1
[36m(PiperActor pid=2832398)[0m 2026-04-07 03:17:06,621 - piper_actor - DEBUG - run_dag dispatch (time 8): recv s2 mb1 bkt=0
[36m(PiperActor pid=2832398)[0m 2026-04-07 03:17:06,621 - piper_actor - DEBUG - exec_recv key ((2, 0), 1) from peer pp rank 1
[36m(PiperActor pid=2832398)[0m 2026-04-07 03:17:06,621 - piper_actor - DEBUG - run_dag dispatch (time 12): forward s2 mb1 bkt=0
[36m(PiperActor pid=2832398)[0m 2026-04-07 03:17:06,633 - piper_actor - DEBUG - run_dag dispatch (time 12): send s2 mb0 bkt=0
[36m(PiperActor pid=2832398)[0m 2026-04-07 03:17:06,633 - piper_actor - DEBUG - exec_send key ((2, 0), 0) to peer pp rank 1
[36m(PiperActor pid=2832398)[0m 2026-04-07 03:17:06,634 - piper_actor - DEBUG - run_dag dispatch (time 13): free_full_params s2 mb0 bkt=-1
[36m(PiperActor pid=2832398)[0m 2026-04-07 03:17:06,636 - piper_actor - DEBUG - run_dag dispatch (time 14): alloc_full_params s0 mb0 bkt=-1
[36m(PiperActor pid=2832398)[0m 2026-04-07 03:17:06,637 - piper_actor - DEBUG - run_dag dispatch (time 15): all_gather s0 mb0 bkt=0
[36m(PiperActor pid=2832398)[0m 2026-04-07 03:17:06,638 - piper_actor - DEBUG - run_dag dispatch (time 16): forward s0 mb2 bkt=0
[36m(PiperActor pid=2840256)[0m 2026-04-07 03:17:06,621 - piper_actor - DEBUG - run_dag dispatch (time 8): send s1 mb1 bkt=0
[36m(PiperActor pid=2840256)[0m 2026-04-07 03:17:06,621 - piper_actor - DEBUG - exec_send key ((1, 0), 1) to peer pp rank 0
[36m(PiperActor pid=2840256)[0m 2026-04-07 03:17:06,622 - piper_actor - DEBUG - run_dag dispatch (time 11): alloc_full_grads s3 mb0 bkt=-1
[36m(PiperActor pid=2840256)[0m 2026-04-07 03:17:06,623 - piper_actor - DEBUG - run_dag dispatch (time 12): backward s3 mb0 bkt=0
[36m(PiperActor pid=2832391)[0m 2026-04-07 03:17:06,653 - piper_actor - DEBUG - run_dag dispatch (time 16): send s2 mb1 bkt=0
[36m(PiperActor pid=2832391)[0m 2026-04-07 03:17:06,653 - piper_actor - DEBUG - exec_send key ((2, 0), 1) to peer pp rank 1
[36m(PiperActor pid=2832391)[0m 2026-04-07 03:17:06,654 - piper_actor - DEBUG - run_dag dispatch (time 16): recv s2 mb0 bkt=0
[36m(PiperActor pid=2832391)[0m 2026-04-07 03:17:06,654 - piper_actor - DEBUG - exec_recv key (None, 0) from peer pp rank 1
[36m(PiperActor pid=2832391)[0m 2026-04-07 03:17:06,655 - piper_actor - DEBUG - run_dag dispatch (time 17): free_full_params s0 mb0 bkt=-1
[36m(PiperActor pid=2832391)[0m 2026-04-07 03:17:06,656 - piper_actor - DEBUG - run_dag dispatch (time 18): alloc_full_params s2 mb0 bkt=-1
[36m(PiperActor pid=2832391)[0m 2026-04-07 03:17:06,658 - piper_actor - DEBUG - run_dag dispatch (time 19): all_gather s2 mb0 bkt=0
[36m(PiperActor pid=2832391)[0m 2026-04-07 03:17:06,658 - piper_actor - DEBUG - run_dag dispatch (time 19): alloc_full_grads s2 mb0 bkt=-1
[36m(PiperActor pid=2832391)[0m 2026-04-07 03:17:06,660 - piper_actor - DEBUG - run_dag dispatch (time 20): backward s2 mb0 bkt=0
[36m(PiperActor pid=2832391)[0m 2026-04-07 03:17:06,687 - piper_actor - DEBUG - run_dag dispatch (time 20): send s0 mb2 bkt=0
[36m(PiperActor pid=2832391)[0m 2026-04-07 03:17:06,687 - piper_actor - DEBUG - exec_send key ((0, 0), 2) to peer pp rank 1
[36m(PiperActor pid=2832391)[0m 2026-04-07 03:17:06,688 - piper_actor - DEBUG - run_dag dispatch (time 20): reduce_scatter s2 mb0 bkt=0
[36m(PiperActor pid=2832380)[0m 2026-04-07 03:17:06,649 - piper_actor - DEBUG - run_dag dispatch (time 12): reduce_scatter s3 mb0 bkt=0
[36m(PiperActor pid=2832380)[0m 2026-04-07 03:17:06,650 - piper_actor - DEBUG - run_dag dispatch (time 12): free_full_grads s3 mb0 bkt=-1
[36m(PiperActor pid=2832380)[0m 2026-04-07 03:17:06,651 - piper_actor - DEBUG - run_dag dispatch (time 16): forward s3 mb1 bkt=0
[36m(PiperActor pid=2832380)[0m 2026-04-07 03:17:06,687 - piper_actor - DEBUG - run_dag dispatch (time 16): send s3 mb0 bkt=0
[36m(PiperActor pid=2832380)[0m 2026-04-07 03:17:06,688 - piper_actor - DEBUG - exec_send key (None, 0) to peer pp rank 0
[36m(PiperActor pid=2832380)[0m 2026-04-07 03:17:06,688 - piper_actor - DEBUG - run_dag dispatch (time 19): alloc_full_grads s3 mb0 bkt=-1
[36m(PiperActor pid=2832398)[0m 2026-04-07 03:17:06,650 - piper_actor - DEBUG - run_dag dispatch (time 16): send s2 mb1 bkt=0
[36m(PiperActor pid=2832398)[0m 2026-04-07 03:17:06,650 - piper_actor - DEBUG - exec_send key ((2, 0), 1) to peer pp rank 1
[36m(PiperActor pid=2832398)[0m 2026-04-07 03:17:06,651 - piper_actor - DEBUG - run_dag dispatch (time 16): recv s2 mb0 bkt=0
[36m(PiperActor pid=2832398)[0m 2026-04-07 03:17:06,651 - piper_actor - DEBUG - exec_recv key (None, 0) from peer pp rank 1
[36m(PiperActor pid=2832398)[0m 2026-04-07 03:17:06,652 - piper_actor - DEBUG - run_dag dispatch (time 17): free_full_params s0 mb0 bkt=-1
[36m(PiperActor pid=2832398)[0m 2026-04-07 03:17:06,653 - piper_actor - DEBUG - run_dag dispatch (time 18): alloc_full_params s2 mb0 bkt=-1
[36m(PiperActor pid=2832398)[0m 2026-04-07 03:17:06,654 - piper_actor - DEBUG - run_dag dispatch (time 19): all_gather s2 mb0 bkt=0
[36m(PiperActor pid=2832398)[0m 2026-04-07 03:17:06,655 - piper_actor - DEBUG - run_dag dispatch (time 19): alloc_full_grads s2 mb0 bkt=-1
[36m(PiperActor pid=2832398)[0m 2026-04-07 03:17:06,656 - piper_actor - DEBUG - run_dag dispatch (time 20): backward s2 mb0 bkt=0
[36m(PiperActor pid=2832398)[0m 2026-04-07 03:17:06,680 - piper_actor - DEBUG - run_dag dispatch (time 20): send s0 mb2 bkt=0
[36m(PiperActor pid=2832398)[0m 2026-04-07 03:17:06,680 - piper_actor - DEBUG - exec_send key ((0, 0), 2) to peer pp rank 1
[36m(PiperActor pid=2832398)[0m 2026-04-07 03:17:06,681 - piper_actor - DEBUG - run_dag dispatch (time 20): reduce_scatter s2 mb0 bkt=0
[36m(PiperActor pid=2832398)[0m 2026-04-07 03:17:06,682 - piper_actor - DEBUG - run_dag dispatch (time 20): free_full_grads s2 mb0 bkt=-1
[36m(PiperActor pid=2832398)[0m 2026-04-07 03:17:06,683 - piper_actor - DEBUG - run_dag dispatch (time 21): free_full_params s2 mb0 bkt=-1
[36m(PiperActor pid=2832398)[0m 2026-04-07 03:17:06,684 - piper_actor - DEBUG - run_dag dispatch (time 22): alloc_full_params s0 mb0 bkt=-1
[36m(PiperActor pid=2832398)[0m 2026-04-07 03:17:06,685 - piper_actor - DEBUG - run_dag dispatch (time 23): all_gather s0 mb0 bkt=0
[36m(PiperActor pid=2832398)[0m 2026-04-07 03:17:06,687 - piper_actor - DEBUG - run_dag dispatch (time 24): forward s0 mb3 bkt=0
[36m(PiperActor pid=2840256)[0m 2026-04-07 03:17:06,652 - piper_actor - DEBUG - run_dag dispatch (time 12): recv s3 mb1 bkt=0
[36m(PiperActor pid=2840256)[0m 2026-04-07 03:17:06,652 - piper_actor - DEBUG - exec_recv key ((3, 0), 1) from peer pp rank 0
[36m(PiperActor pid=2840256)[0m 2026-04-07 03:17:06,654 - piper_actor - DEBUG - run_dag dispatch (time 12): reduce_scatter s3 mb0 bkt=0
[36m(PiperActor pid=2840256)[0m 2026-04-07 03:17:06,655 - piper_actor - DEBUG - run_dag dispatch (time 12): free_full_grads s3 mb0 bkt=-1
[36m(PiperActor pid=2840256)[0m 2026-04-07 03:17:06,655 - piper_actor - DEBUG - run_dag dispatch (time 16): forward s3 mb1 bkt=0
[36m(PiperActor pid=2840256)[0m 2026-04-07 03:17:06,686 - piper_actor - DEBUG - run_dag dispatch (time 16): send s3 mb0 bkt=0
[36m(PiperActor pid=2840256)[0m 2026-04-07 03:17:06,687 - piper_actor - DEBUG - exec_send key (None, 0) to peer pp rank 0
[36m(PiperActor pid=2840256)[0m 2026-04-07 03:17:06,688 - piper_actor - DEBUG - run_dag dispatch (time 19): alloc_full_grads s3 mb0 bkt=-1
[36m(PiperActor pid=2840256)[0m 2026-04-07 03:17:06,689 - piper_actor - DEBUG - run_dag dispatch (time 20): backward s3 mb1 bkt=0
[36m(PiperActor pid=2832391)[0m 2026-04-07 03:17:06,689 - piper_actor - DEBUG - run_dag dispatch (time 20): free_full_grads s2 mb0 bkt=-1
[36m(PiperActor pid=2832391)[0m 2026-04-07 03:17:06,690 - piper_actor - DEBUG - run_dag dispatch (time 21): free_full_params s2 mb0 bkt=-1
[36m(PiperActor pid=2832391)[0m 2026-04-07 03:17:06,691 - piper_actor - DEBUG - run_dag dispatch (time 22): alloc_full_params s0 mb0 bkt=-1
[36m(PiperActor pid=2832391)[0m 2026-04-07 03:17:06,692 - piper_actor - DEBUG - run_dag dispatch (time 23): all_gather s0 mb0 bkt=0
[36m(PiperActor pid=2832391)[0m 2026-04-07 03:17:06,694 - piper_actor - DEBUG - run_dag dispatch (time 24): forward s0 mb3 bkt=0
[36m(PiperActor pid=2832391)[0m 2026-04-07 03:17:06,718 - piper_actor - DEBUG - run_dag dispatch (time 24): send s2 mb0 bkt=0
[36m(PiperActor pid=2832391)[0m 2026-04-07 03:17:06,718 - piper_actor - DEBUG - exec_send key (None, 0) to peer pp rank 1
[36m(PiperActor pid=2832391)[0m 2026-04-07 03:17:06,719 - piper_actor - DEBUG - run_dag dispatch (time 24): recv s2 mb1 bkt=0
[36m(PiperActor pid=2832391)[0m 2026-04-07 03:17:06,719 - piper_actor - DEBUG - exec_recv key (None, 1) from peer pp rank 1
[36m(PiperActor pid=2832391)[0m 2026-04-07 03:17:06,720 - piper_actor - DEBUG - run_dag dispatch (time 25): free_full_params s0 mb0 bkt=-1
[36m(PiperActor pid=2832391)[0m 2026-04-07 03:17:06,721 - piper_actor - DEBUG - run_dag dispatch (time 26): alloc_full_params s2 mb0 bkt=-1
[36m(PiperActor pid=2832391)[0m 2026-04-07 03:17:06,722 - piper_actor - DEBUG - run_dag dispatch (time 27): all_gather s2 mb0 bkt=0
[36m(PiperActor pid=2832391)[0m 2026-04-07 03:17:06,723 - piper_actor - DEBUG - run_dag dispatch (time 27): alloc_full_grads s2 mb0 bkt=-1
[36m(PiperActor pid=2832391)[0m 2026-04-07 03:17:06,724 - piper_actor - DEBUG - run_dag dispatch (time 28): backward s2 mb1 bkt=0
[36m(PiperActor pid=2832380)[0m 2026-04-07 03:17:06,690 - piper_actor - DEBUG - run_dag dispatch (time 20): backward s3 mb1 bkt=0
[36m(PiperActor pid=2832380)[0m 2026-04-07 03:17:06,724 - piper_actor - DEBUG - run_dag dispatch (time 20): recv s1 mb2 bkt=0
[36m(PiperActor pid=2832380)[0m 2026-04-07 03:17:06,724 - piper_actor - DEBUG - exec_recv key ((1, 0), 2) from peer pp rank 0
[36m(PiperActor pid=2832380)[0m 2026-04-07 03:17:06,725 - piper_actor - DEBUG - run_dag dispatch (time 20): reduce_scatter s3 mb1 bkt=0
[36m(PiperActor pid=2832380)[0m 2026-04-07 03:17:06,726 - piper_actor - DEBUG - run_dag dispatch (time 20): free_full_grads s3 mb0 bkt=-1
[36m(PiperActor pid=2832380)[0m 2026-04-07 03:17:06,727 - piper_actor - DEBUG - run_dag dispatch (time 21): free_full_params s3 mb0 bkt=-1
[36m(PiperActor pid=2832380)[0m 2026-04-07 03:17:06,728 - piper_actor - DEBUG - run_dag dispatch (time 22): alloc_full_params s1 mb0 bkt=-1
[36m(PiperActor pid=2832380)[0m 2026-04-07 03:17:06,730 - piper_actor - DEBUG - run_dag dispatch (time 23): all_gather s1 mb0 bkt=0
[36m(PiperActor pid=2832398)[0m 2026-04-07 03:17:06,717 - piper_actor - DEBUG - run_dag dispatch (time 24): send s2 mb0 bkt=0
[36m(PiperActor pid=2832398)[0m 2026-04-07 03:17:06,717 - piper_actor - DEBUG - exec_send key (None, 0) to peer pp rank 1
[36m(PiperActor pid=2832398)[0m 2026-04-07 03:17:06,718 - piper_actor - DEBUG - run_dag dispatch (time 24): recv s2 mb1 bkt=0
[36m(PiperActor pid=2832398)[0m 2026-04-07 03:17:06,718 - piper_actor - DEBUG - exec_recv key (None, 1) from peer pp rank 1
[36m(PiperActor pid=2832398)[0m 2026-04-07 03:17:06,719 - piper_actor - DEBUG - run_dag dispatch (time 25): free_full_params s0 mb0 bkt=-1
[36m(PiperActor pid=2832398)[0m 2026-04-07 03:17:06,720 - piper_actor - DEBUG - run_dag dispatch (time 26): alloc_full_params s2 mb0 bkt=-1
[36m(PiperActor pid=2832398)[0m 2026-04-07 03:17:06,722 - piper_actor - DEBUG - run_dag dispatch (time 27): all_gather s2 mb0 bkt=0
[36m(PiperActor pid=2832398)[0m 2026-04-07 03:17:06,723 - piper_actor - DEBUG - run_dag dispatch (time 27): alloc_full_grads s2 mb0 bkt=-1
[36m(PiperActor pid=2832398)[0m 2026-04-07 03:17:06,724 - piper_actor - DEBUG - run_dag dispatch (time 28): backward s2 mb1 bkt=0
[36m(PiperActor pid=2840256)[0m 2026-04-07 03:17:06,723 - piper_actor - DEBUG - run_dag dispatch (time 20): recv s1 mb2 bkt=0
[36m(PiperActor pid=2840256)[0m 2026-04-07 03:17:06,723 - piper_actor - DEBUG - exec_recv key ((1, 0), 2) from peer pp rank 0
[36m(PiperActor pid=2840256)[0m 2026-04-07 03:17:06,724 - piper_actor - DEBUG - run_dag dispatch (time 20): reduce_scatter s3 mb1 bkt=0
[36m(PiperActor pid=2840256)[0m 2026-04-07 03:17:06,725 - piper_actor - DEBUG - run_dag dispatch (time 20): free_full_grads s3 mb0 bkt=-1
[36m(PiperActor pid=2840256)[0m 2026-04-07 03:17:06,726 - piper_actor - DEBUG - run_dag dispatch (time 21): free_full_params s3 mb0 bkt=-1
[36m(PiperActor pid=2840256)[0m 2026-04-07 03:17:06,727 - piper_actor - DEBUG - run_dag dispatch (time 22): alloc_full_params s1 mb0 bkt=-1
[36m(PiperActor pid=2840256)[0m 2026-04-07 03:17:06,729 - piper_actor - DEBUG - run_dag dispatch (time 23): all_gather s1 mb0 bkt=0
[36m(PiperActor pid=2840256)[0m 2026-04-07 03:17:06,729 - piper_actor - DEBUG - run_dag dispatch (time 24): forward s1 mb2 bkt=0
[36m(PiperActor pid=2832391)[0m 2026-04-07 03:17:06,761 - piper_actor - DEBUG - run_dag dispatch (time 28): send s0 mb3 bkt=0
[36m(PiperActor pid=2832391)[0m 2026-04-07 03:17:06,761 - piper_actor - DEBUG - exec_send key ((0, 0), 3) to peer pp rank 1
[36m(PiperActor pid=2832391)[0m 2026-04-07 03:17:06,762 - piper_actor - DEBUG - run_dag dispatch (time 28): recv s2 mb2 bkt=0
[36m(PiperActor pid=2832391)[0m 2026-04-07 03:17:06,762 - piper_actor - DEBUG - exec_recv key ((2, 0), 2) from peer pp rank 1
[36m(PiperActor pid=2832391)[0m 2026-04-07 03:17:06,763 - piper_actor - DEBUG - run_dag dispatch (time 28): reduce_scatter s2 mb1 bkt=0
[36m(PiperActor pid=2832391)[0m 2026-04-07 03:17:06,765 - piper_actor - DEBUG - run_dag dispatch (time 28): free_full_grads s2 mb0 bkt=-1
[36m(PiperActor pid=2832391)[0m 2026-04-07 03:17:06,766 - piper_actor - DEBUG - run_dag dispatch (time 32): forward s2 mb2 bkt=0
[36m(PiperActor pid=2832380)[0m 2026-04-07 03:17:06,730 - piper_actor - DEBUG - run_dag dispatch (time 24): forward s1 mb2 bkt=0
[36m(PiperActor pid=2832380)[0m 2026-04-07 03:17:06,764 - piper_actor - DEBUG - run_dag dispatch (time 24): recv s1 mb0 bkt=0
[36m(PiperActor pid=2832380)[0m 2026-04-07 03:17:06,764 - piper_actor - DEBUG - exec_recv key (None, 0) from peer pp rank 0
[36m(PiperActor pid=2832380)[0m 2026-04-07 03:17:06,765 - piper_actor - DEBUG - run_dag dispatch (time 24): send s3 mb1 bkt=0
[36m(PiperActor pid=2832380)[0m 2026-04-07 03:17:06,765 - piper_actor - DEBUG - exec_send key (None, 1) to peer pp rank 0
[36m(PiperActor pid=2832380)[0m 2026-04-07 03:17:06,766 - piper_actor - DEBUG - run_dag dispatch (time 27): alloc_full_grads s1 mb0 bkt=-1
[36m(PiperActor pid=2832380)[0m 2026-04-07 03:17:06,767 - piper_actor - DEBUG - run_dag dispatch (time 28): backward s1 mb0 bkt=0
[36m(PiperActor pid=2832398)[0m 2026-04-07 03:17:06,760 - piper_actor - DEBUG - run_dag dispatch (time 28): send s0 mb3 bkt=0
[36m(PiperActor pid=2832398)[0m 2026-04-07 03:17:06,761 - piper_actor - DEBUG - exec_send key ((0, 0), 3) to peer pp rank 1
[36m(PiperActor pid=2832398)[0m 2026-04-07 03:17:06,761 - piper_actor - DEBUG - run_dag dispatch (time 28): recv s2 mb2 bkt=0
[36m(PiperActor pid=2832398)[0m 2026-04-07 03:17:06,762 - piper_actor - DEBUG - exec_recv key ((2, 0), 2) from peer pp rank 1
[36m(PiperActor pid=2832398)[0m 2026-04-07 03:17:06,763 - piper_actor - DEBUG - run_dag dispatch (time 28): reduce_scatter s2 mb1 bkt=0
[36m(PiperActor pid=2832398)[0m 2026-04-07 03:17:06,764 - piper_actor - DEBUG - run_dag dispatch (time 28): free_full_grads s2 mb0 bkt=-1
[36m(PiperActor pid=2832398)[0m 2026-04-07 03:17:06,765 - piper_actor - DEBUG - run_dag dispatch (time 32): forward s2 mb2 bkt=0
[36m(PiperActor pid=2840256)[0m 2026-04-07 03:17:06,764 - piper_actor - DEBUG - run_dag dispatch (time 24): recv s1 mb0 bkt=0
[36m(PiperActor pid=2840256)[0m 2026-04-07 03:17:06,764 - piper_actor - DEBUG - exec_recv key (None, 0) from peer pp rank 0
[36m(PiperActor pid=2840256)[0m 2026-04-07 03:17:06,765 - piper_actor - DEBUG - run_dag dispatch (time 24): send s3 mb1 bkt=0
[36m(PiperActor pid=2840256)[0m 2026-04-07 03:17:06,765 - piper_actor - DEBUG - exec_send key (None, 1) to peer pp rank 0
[36m(PiperActor pid=2840256)[0m 2026-04-07 03:17:06,766 - piper_actor - DEBUG - run_dag dispatch (time 27): alloc_full_grads s1 mb0 bkt=-1
[36m(PiperActor pid=2840256)[0m 2026-04-07 03:17:06,768 - piper_actor - DEBUG - run_dag dispatch (time 28): backward s1 mb0 bkt=0
[36m(PiperActor pid=2832391)[0m 2026-04-07 03:17:06,794 - piper_actor - DEBUG - run_dag dispatch (time 32): send s2 mb1 bkt=0
[36m(PiperActor pid=2832391)[0m 2026-04-07 03:17:06,794 - piper_actor - DEBUG - exec_send key (None, 1) to peer pp rank 1
[36m(PiperActor pid=2832391)[0m 2026-04-07 03:17:06,795 - piper_actor - DEBUG - run_dag dispatch (time 32): recv s0 mb0 bkt=0
[36m(PiperActor pid=2832391)[0m 2026-04-07 03:17:06,795 - piper_actor - DEBUG - exec_recv key (None, 0) from peer pp rank 1
[36m(PiperActor pid=2832391)[0m 2026-04-07 03:17:06,796 - piper_actor - DEBUG - run_dag dispatch (time 33): free_full_params s2 mb0 bkt=-1
[36m(PiperActor pid=2832391)[0m 2026-04-07 03:17:06,797 - piper_actor - DEBUG - run_dag dispatch (time 34): alloc_full_params s0 mb0 bkt=-1
[36m(PiperActor pid=2832391)[0m 2026-04-07 03:17:06,799 - piper_actor - DEBUG - run_dag dispatch (time 35): all_gather s0 mb0 bkt=0
[36m(PiperActor pid=2832391)[0m 2026-04-07 03:17:06,800 - piper_actor - DEBUG - run_dag dispatch (time 35): alloc_full_grads s0 mb0 bkt=-1
[36m(PiperActor pid=2832391)[0m 2026-04-07 03:17:06,801 - piper_actor - DEBUG - run_dag dispatch (time 36): backward s0 mb0 bkt=0
[36m(PiperActor pid=2832380)[0m 2026-04-07 03:17:06,801 - piper_actor - DEBUG - run_dag dispatch (time 28): recv s1 mb3 bkt=0
[36m(PiperActor pid=2832380)[0m 2026-04-07 03:17:06,801 - piper_actor - DEBUG - exec_recv key ((1, 0), 3) from peer pp rank 0
[36m(PiperActor pid=2832380)[0m 2026-04-07 03:17:06,802 - piper_actor - DEBUG - run_dag dispatch (time 28): send s1 mb2 bkt=0
[36m(PiperActor pid=2832380)[0m 2026-04-07 03:17:06,802 - piper_actor - DEBUG - exec_send key ((1, 0), 2) to peer pp rank 0
[36m(PiperActor pid=2832380)[0m 2026-04-07 03:17:06,803 - piper_actor - DEBUG - run_dag dispatch (time 28): reduce_scatter s1 mb0 bkt=0
[36m(PiperActor pid=2832380)[0m 2026-04-07 03:17:06,804 - piper_actor - DEBUG - run_dag dispatch (time 28): free_full_grads s1 mb0 bkt=-1
[36m(PiperActor pid=2832380)[0m 2026-04-07 03:17:06,805 - piper_actor - DEBUG - run_dag dispatch (time 32): forward s1 mb3 bkt=0
[36m(PiperActor pid=2832398)[0m 2026-04-07 03:17:06,795 - piper_actor - DEBUG - run_dag dispatch (time 32): send s2 mb1 bkt=0
[36m(PiperActor pid=2832398)[0m 2026-04-07 03:17:06,796 - piper_actor - DEBUG - exec_send key (None, 1) to peer pp rank 1
[36m(PiperActor pid=2832398)[0m 2026-04-07 03:17:06,797 - piper_actor - DEBUG - run_dag dispatch (time 32): recv s0 mb0 bkt=0
[36m(PiperActor pid=2832398)[0m 2026-04-07 03:17:06,797 - piper_actor - DEBUG - exec_recv key (None, 0) from peer pp rank 1
[36m(PiperActor pid=2832398)[0m 2026-04-07 03:17:06,798 - piper_actor - DEBUG - run_dag dispatch (time 33): free_full_params s2 mb0 bkt=-1
[36m(PiperActor pid=2832398)[0m 2026-04-07 03:17:06,800 - piper_actor - DEBUG - run_dag dispatch (time 34): alloc_full_params s0 mb0 bkt=-1
[36m(PiperActor pid=2832398)[0m 2026-04-07 03:17:06,801 - piper_actor - DEBUG - run_dag dispatch (time 35): all_gather s0 mb0 bkt=0
[36m(PiperActor pid=2832398)[0m 2026-04-07 03:17:06,802 - piper_actor - DEBUG - run_dag dispatch (time 35): alloc_full_grads s0 mb0 bkt=-1
[36m(PiperActor pid=2832398)[0m 2026-04-07 03:17:06,803 - piper_actor - DEBUG - run_dag dispatch (time 36): backward s0 mb0 bkt=0
[36m(PiperActor pid=2840256)[0m 2026-04-07 03:17:06,801 - piper_actor - DEBUG - run_dag dispatch (time 28): recv s1 mb3 bkt=0
[36m(PiperActor pid=2840256)[0m 2026-04-07 03:17:06,801 - piper_actor - DEBUG - exec_recv key ((1, 0), 3) from peer pp rank 0
[36m(PiperActor pid=2840256)[0m 2026-04-07 03:17:06,802 - piper_actor - DEBUG - run_dag dispatch (time 28): send s1 mb2 bkt=0
[36m(PiperActor pid=2840256)[0m 2026-04-07 03:17:06,802 - piper_actor - DEBUG - exec_send key ((1, 0), 2) to peer pp rank 0
[36m(PiperActor pid=2840256)[0m 2026-04-07 03:17:06,803 - piper_actor - DEBUG - run_dag dispatch (time 28): reduce_scatter s1 mb0 bkt=0
[36m(PiperActor pid=2840256)[0m 2026-04-07 03:17:06,804 - piper_actor - DEBUG - run_dag dispatch (time 28): free_full_grads s1 mb0 bkt=-1
[36m(PiperActor pid=2840256)[0m 2026-04-07 03:17:06,805 - piper_actor - DEBUG - run_dag dispatch (time 32): forward s1 mb3 bkt=0
[36m(PiperActor pid=2832391)[0m 2026-04-07 03:17:06,849 - piper_actor - DEBUG - run_dag dispatch (time 36): send s2 mb2 bkt=0
[36m(PiperActor pid=2832391)[0m 2026-04-07 03:17:06,849 - piper_actor - DEBUG - exec_send key ((2, 0), 2) to peer pp rank 1
[36m(PiperActor pid=2832391)[0m 2026-04-07 03:17:06,851 - piper_actor - DEBUG - run_dag dispatch (time 36): recv s2 mb3 bkt=0
[36m(PiperActor pid=2832391)[0m 2026-04-07 03:17:06,851 - piper_actor - DEBUG - exec_recv key ((2, 0), 3) from peer pp rank 1
[36m(PiperActor pid=2832380)[0m 2026-04-07 03:17:06,817 - piper_actor - DEBUG - run_dag dispatch (time 32): recv s1 mb1 bkt=0
[36m(PiperActor pid=2832380)[0m 2026-04-07 03:17:06,817 - piper_actor - DEBUG - exec_recv key (None, 1) from peer pp rank 0
[36m(PiperActor pid=2832380)[0m 2026-04-07 03:17:06,818 - piper_actor - DEBUG - run_dag dispatch (time 32): send s1 mb0 bkt=0
[36m(PiperActor pid=2832380)[0m 2026-04-07 03:17:06,818 - piper_actor - DEBUG - exec_send key (None, 0) to peer pp rank 0
[36m(PiperActor pid=2832380)[0m 2026-04-07 03:17:06,819 - piper_actor - DEBUG - run_dag dispatch (time 35): alloc_full_grads s1 mb0 bkt=-1
[36m(PiperActor pid=2832380)[0m 2026-04-07 03:17:06,820 - piper_actor - DEBUG - run_dag dispatch (time 36): backward s1 mb1 bkt=0
[36m(PiperActor pid=2832380)[0m 2026-04-07 03:17:06,852 - piper_actor - DEBUG - run_dag dispatch (time 36): recv s3 mb2 bkt=0
[36m(PiperActor pid=2832380)[0m 2026-04-07 03:17:06,852 - piper_actor - DEBUG - exec_recv key ((3, 0), 2) from peer pp rank 0
[36m(PiperActor pid=2832398)[0m 2026-04-07 03:17:06,849 - piper_actor - DEBUG - run_dag dispatch (time 36): send s2 mb2 bkt=0
[36m(PiperActor pid=2832398)[0m 2026-04-07 03:17:06,849 - piper_actor - DEBUG - exec_send key ((2, 0), 2) to peer pp rank 1
[36m(PiperActor pid=2832398)[0m 2026-04-07 03:17:06,850 - piper_actor - DEBUG - run_dag dispatch (time 36): recv s2 mb3 bkt=0
[36m(PiperActor pid=2832398)[0m 2026-04-07 03:17:06,850 - piper_actor - DEBUG - exec_recv key ((2, 0), 3) from peer pp rank 1
[36m(PiperActor pid=2832398)[0m 2026-04-07 03:17:06,851 - piper_actor - DEBUG - run_dag dispatch (time 36): reduce_scatter s0 mb0 bkt=0
[36m(PiperActor pid=2832398)[0m 2026-04-07 03:17:06,852 - piper_actor - DEBUG - run_dag dispatch (time 36): free_full_grads s0 mb0 bkt=-1
[36m(PiperActor pid=2840256)[0m 2026-04-07 03:17:06,818 - piper_actor - DEBUG - run_dag dispatch (time 32): recv s1 mb1 bkt=0
[36m(PiperActor pid=2840256)[0m 2026-04-07 03:17:06,819 - piper_actor - DEBUG - exec_recv key (None, 1) from peer pp rank 0
[36m(PiperActor pid=2840256)[0m 2026-04-07 03:17:06,820 - piper_actor - DEBUG - run_dag dispatch (time 32): send s1 mb0 bkt=0
[36m(PiperActor pid=2840256)[0m 2026-04-07 03:17:06,820 - piper_actor - DEBUG - exec_send key (None, 0) to peer pp rank 0
[36m(PiperActor pid=2840256)[0m 2026-04-07 03:17:06,821 - piper_actor - DEBUG - run_dag dispatch (time 35): alloc_full_grads s1 mb0 bkt=-1
[36m(PiperActor pid=2840256)[0m 2026-04-07 03:17:06,822 - piper_actor - DEBUG - run_dag dispatch (time 36): backward s1 mb1 bkt=0
[36m(PiperActor pid=2840256)[0m 2026-04-07 03:17:06,852 - piper_actor - DEBUG - run_dag dispatch (time 36): recv s3 mb2 bkt=0
[36m(PiperActor pid=2840256)[0m 2026-04-07 03:17:06,852 - piper_actor - DEBUG - exec_recv key ((3, 0), 2) from peer pp rank 0
[36m(PiperActor pid=2840256)[0m 2026-04-07 03:17:06,853 - piper_actor - DEBUG - run_dag dispatch (time 36): send s1 mb3 bkt=0
[36m(PiperActor pid=2840256)[0m 2026-04-07 03:17:06,853 - piper_actor - DEBUG - exec_send key ((1, 0), 3) to peer pp rank 0
[36m(PiperActor pid=2832391)[0m 2026-04-07 03:17:06,852 - piper_actor - DEBUG - run_dag dispatch (time 36): reduce_scatter s0 mb0 bkt=0
[36m(PiperActor pid=2832391)[0m 2026-04-07 03:17:06,852 - piper_actor - DEBUG - run_dag dispatch (time 36): free_full_grads s0 mb0 bkt=-1
[36m(PiperActor pid=2832391)[0m 2026-04-07 03:17:06,853 - piper_actor - DEBUG - run_dag dispatch (time 37): free_full_params s0 mb0 bkt=-1
[36m(PiperActor pid=2832391)[0m 2026-04-07 03:17:06,854 - piper_actor - DEBUG - run_dag dispatch (time 38): alloc_full_params s2 mb0 bkt=-1
[36m(PiperActor pid=2832391)[0m 2026-04-07 03:17:06,855 - piper_actor - DEBUG - run_dag dispatch (time 39): all_gather s2 mb0 bkt=0
[36m(PiperActor pid=2832391)[0m 2026-04-07 03:17:06,857 - piper_actor - DEBUG - run_dag dispatch (time 40): forward s2 mb3 bkt=0
[36m(PiperActor pid=2832391)[0m 2026-04-07 03:17:06,868 - piper_actor - DEBUG - run_dag dispatch (time 40): recv s0 mb1 bkt=0
[36m(PiperActor pid=2832391)[0m 2026-04-07 03:17:06,868 - piper_actor - DEBUG - exec_recv key (None, 1) from peer pp rank 1
[36m(PiperActor pid=2832391)[0m 2026-04-07 03:17:06,869 - piper_actor - DEBUG - run_dag dispatch (time 41): free_full_params s2 mb0 bkt=-1
[36m(PiperActor pid=2832391)[0m 2026-04-07 03:17:06,870 - piper_actor - DEBUG - run_dag dispatch (time 42): alloc_full_params s0 mb0 bkt=-1
[36m(PiperActor pid=2832391)[0m 2026-04-07 03:17:06,871 - piper_actor - DEBUG - run_dag dispatch (time 43): all_gather s0 mb0 bkt=0
[36m(PiperActor pid=2832391)[0m 2026-04-07 03:17:06,873 - piper_actor - DEBUG - run_dag dispatch (time 43): alloc_full_grads s0 mb0 bkt=-1
[36m(PiperActor pid=2832391)[0m 2026-04-07 03:17:06,874 - piper_actor - DEBUG - run_dag dispatch (time 44): backward s0 mb1 bkt=0
[36m(PiperActor pid=2832380)[0m 2026-04-07 03:17:06,853 - piper_actor - DEBUG - run_dag dispatch (time 36): send s1 mb3 bkt=0
[36m(PiperActor pid=2832380)[0m 2026-04-07 03:17:06,853 - piper_actor - DEBUG - exec_send key ((1, 0), 3) to peer pp rank 0
[36m(PiperActor pid=2832380)[0m 2026-04-07 03:17:06,854 - piper_actor - DEBUG - run_dag dispatch (time 36): reduce_scatter s1 mb1 bkt=0
[36m(PiperActor pid=2832380)[0m 2026-04-07 03:17:06,855 - piper_actor - DEBUG - run_dag dispatch (time 36): free_full_grads s1 mb0 bkt=-1
[36m(PiperActor pid=2832380)[0m 2026-04-07 03:17:06,856 - piper_actor - DEBUG - run_dag dispatch (time 37): free_full_params s1 mb0 bkt=-1
[36m(PiperActor pid=2832380)[0m 2026-04-07 03:17:06,857 - piper_actor - DEBUG - run_dag dispatch (time 38): alloc_full_params s3 mb0 bkt=-1
[36m(PiperActor pid=2832380)[0m 2026-04-07 03:17:06,858 - piper_actor - DEBUG - run_dag dispatch (time 39): all_gather s3 mb0 bkt=0
[36m(PiperActor pid=2832380)[0m 2026-04-07 03:17:06,859 - piper_actor - DEBUG - run_dag dispatch (time 40): forward s3 mb2 bkt=0
[36m(PiperActor pid=2832380)[0m 2026-04-07 03:17:06,870 - piper_actor - DEBUG - run_dag dispatch (time 40): send s1 mb1 bkt=0
[36m(PiperActor pid=2832380)[0m 2026-04-07 03:17:06,870 - piper_actor - DEBUG - exec_send key (None, 1) to peer pp rank 0
[36m(PiperActor pid=2832380)[0m 2026-04-07 03:17:06,871 - piper_actor - DEBUG - run_dag dispatch (time 43): alloc_full_grads s3 mb0 bkt=-1
[36m(PiperActor pid=2832380)[0m 2026-04-07 03:17:06,872 - piper_actor - DEBUG - run_dag dispatch (time 44): backward s3 mb2 bkt=0
[36m(PiperActor pid=2832398)[0m 2026-04-07 03:17:06,853 - piper_actor - DEBUG - run_dag dispatch (time 37): free_full_params s0 mb0 bkt=-1
[36m(PiperActor pid=2832398)[0m 2026-04-07 03:17:06,854 - piper_actor - DEBUG - run_dag dispatch (time 38): alloc_full_params s2 mb0 bkt=-1
[36m(PiperActor pid=2832398)[0m 2026-04-07 03:17:06,855 - piper_actor - DEBUG - run_dag dispatch (time 39): all_gather s2 mb0 bkt=0
[36m(PiperActor pid=2832398)[0m 2026-04-07 03:17:06,857 - piper_actor - DEBUG - run_dag dispatch (time 40): forward s2 mb3 bkt=0
[36m(PiperActor pid=2832398)[0m 2026-04-07 03:17:06,868 - piper_actor - DEBUG - run_dag dispatch (time 40): recv s0 mb1 bkt=0
[36m(PiperActor pid=2832398)[0m 2026-04-07 03:17:06,868 - piper_actor - DEBUG - exec_recv key (None, 1) from peer pp rank 1
[36m(PiperActor pid=2832398)[0m 2026-04-07 03:17:06,869 - piper_actor - DEBUG - run_dag dispatch (time 41): free_full_params s2 mb0 bkt=-1
[36m(PiperActor pid=2832398)[0m 2026-04-07 03:17:06,870 - piper_actor - DEBUG - run_dag dispatch (time 42): alloc_full_params s0 mb0 bkt=-1
[36m(PiperActor pid=2832398)[0m 2026-04-07 03:17:06,871 - piper_actor - DEBUG - run_dag dispatch (time 43): all_gather s0 mb0 bkt=0
[36m(PiperActor pid=2832398)[0m 2026-04-07 03:17:06,872 - piper_actor - DEBUG - run_dag dispatch (time 43): alloc_full_grads s0 mb0 bkt=-1
[36m(PiperActor pid=2832398)[0m 2026-04-07 03:17:06,873 - piper_actor - DEBUG - run_dag dispatch (time 44): backward s0 mb1 bkt=0
[36m(PiperActor pid=2840256)[0m 2026-04-07 03:17:06,854 - piper_actor - DEBUG - run_dag dispatch (time 36): reduce_scatter s1 mb1 bkt=0
[36m(PiperActor pid=2840256)[0m 2026-04-07 03:17:06,855 - piper_actor - DEBUG - run_dag dispatch (time 36): free_full_grads s1 mb0 bkt=-1
[36m(PiperActor pid=2840256)[0m 2026-04-07 03:17:06,856 - piper_actor - DEBUG - run_dag dispatch (time 37): free_full_params s1 mb0 bkt=-1
[36m(PiperActor pid=2840256)[0m 2026-04-07 03:17:06,857 - piper_actor - DEBUG - run_dag dispatch (time 38): alloc_full_params s3 mb0 bkt=-1
[36m(PiperActor pid=2840256)[0m 2026-04-07 03:17:06,858 - piper_actor - DEBUG - run_dag dispatch (time 39): all_gather s3 mb0 bkt=0
[36m(PiperActor pid=2840256)[0m 2026-04-07 03:17:06,859 - piper_actor - DEBUG - run_dag dispatch (time 40): forward s3 mb2 bkt=0
[36m(PiperActor pid=2840256)[0m 2026-04-07 03:17:06,871 - piper_actor - DEBUG - run_dag dispatch (time 40): send s1 mb1 bkt=0
[36m(PiperActor pid=2840256)[0m 2026-04-07 03:17:06,871 - piper_actor - DEBUG - exec_send key (None, 1) to peer pp rank 0
[36m(PiperActor pid=2840256)[0m 2026-04-07 03:17:06,872 - piper_actor - DEBUG - run_dag dispatch (time 43): alloc_full_grads s3 mb0 bkt=-1
[36m(PiperActor pid=2840256)[0m 2026-04-07 03:17:06,873 - piper_actor - DEBUG - run_dag dispatch (time 44): backward s3 mb2 bkt=0
[36m(PiperActor pid=2832391)[0m 2026-04-07 03:17:06,899 - piper_actor - DEBUG - run_dag dispatch (time 44): send s2 mb3 bkt=0
[36m(PiperActor pid=2832391)[0m 2026-04-07 03:17:06,899 - piper_actor - DEBUG - exec_send key ((2, 0), 3) to peer pp rank 1
[36m(PiperActor pid=2832391)[0m 2026-04-07 03:17:06,900 - piper_actor - DEBUG - run_dag dispatch (time 44): recv s2 mb2 bkt=0
[36m(PiperActor pid=2832391)[0m 2026-04-07 03:17:06,900 - piper_actor - DEBUG - exec_recv key (None, 2) from peer pp rank 1
[36m(PiperActor pid=2832391)[0m 2026-04-07 03:17:06,901 - piper_actor - DEBUG - run_dag dispatch (time 44): reduce_scatter s0 mb1 bkt=0
[36m(PiperActor pid=2832391)[0m 2026-04-07 03:17:06,903 - piper_actor - DEBUG - run_dag dispatch (time 44): free_full_grads s0 mb0 bkt=-1
[36m(PiperActor pid=2832391)[0m 2026-04-07 03:17:06,903 - piper_actor - DEBUG - run_dag dispatch (time 45): free_full_params s0 mb0 bkt=-1
[36m(PiperActor pid=2832391)[0m 2026-04-07 03:17:06,904 - piper_actor - DEBUG - run_dag dispatch (time 46): alloc_full_params s2 mb0 bkt=-1
[36m(PiperActor pid=2832391)[0m 2026-04-07 03:17:06,906 - piper_actor - DEBUG - run_dag dispatch (time 47): all_gather s2 mb0 bkt=0
[36m(PiperActor pid=2832391)[0m 2026-04-07 03:17:06,906 - piper_actor - DEBUG - run_dag dispatch (time 47): alloc_full_grads s2 mb0 bkt=-1
[36m(PiperActor pid=2832391)[0m 2026-04-07 03:17:06,907 - piper_actor - DEBUG - run_dag dispatch (time 48): backward s2 mb2 bkt=0
[36m(PiperActor pid=2832380)[0m 2026-04-07 03:17:06,906 - piper_actor - DEBUG - run_dag dispatch (time 44): recv s3 mb3 bkt=0
[36m(PiperActor pid=2832380)[0m 2026-04-07 03:17:06,906 - piper_actor - DEBUG - exec_recv key ((3, 0), 3) from peer pp rank 0
[36m(PiperActor pid=2832380)[0m 2026-04-07 03:17:06,907 - piper_actor - DEBUG - run_dag dispatch (time 44): reduce_scatter s3 mb2 bkt=0
[36m(PiperActor pid=2832380)[0m 2026-04-07 03:17:06,908 - piper_actor - DEBUG - run_dag dispatch (time 44): free_full_grads s3 mb0 bkt=-1
[36m(PiperActor pid=2832380)[0m 2026-04-07 03:17:06,909 - piper_actor - DEBUG - run_dag dispatch (time 48): forward s3 mb3 bkt=0
[36m(PiperActor pid=2832398)[0m 2026-04-07 03:17:06,899 - piper_actor - DEBUG - run_dag dispatch (time 44): send s2 mb3 bkt=0
[36m(PiperActor pid=2832398)[0m 2026-04-07 03:17:06,900 - piper_actor - DEBUG - exec_send key ((2, 0), 3) to peer pp rank 1
[36m(PiperActor pid=2832398)[0m 2026-04-07 03:17:06,901 - piper_actor - DEBUG - run_dag dispatch (time 44): recv s2 mb2 bkt=0
[36m(PiperActor pid=2832398)[0m 2026-04-07 03:17:06,901 - piper_actor - DEBUG - exec_recv key (None, 2) from peer pp rank 1
[36m(PiperActor pid=2832398)[0m 2026-04-07 03:17:06,901 - piper_actor - DEBUG - run_dag dispatch (time 44): reduce_scatter s0 mb1 bkt=0
[36m(PiperActor pid=2832398)[0m 2026-04-07 03:17:06,903 - piper_actor - DEBUG - run_dag dispatch (time 44): free_full_grads s0 mb0 bkt=-1
[36m(PiperActor pid=2832398)[0m 2026-04-07 03:17:06,904 - piper_actor - DEBUG - run_dag dispatch (time 45): free_full_params s0 mb0 bkt=-1
[36m(PiperActor pid=2832398)[0m 2026-04-07 03:17:06,905 - piper_actor - DEBUG - run_dag dispatch (time 46): alloc_full_params s2 mb0 bkt=-1
[36m(PiperActor pid=2832398)[0m 2026-04-07 03:17:06,906 - piper_actor - DEBUG - run_dag dispatch (time 47): all_gather s2 mb0 bkt=0
[36m(PiperActor pid=2832398)[0m 2026-04-07 03:17:06,907 - piper_actor - DEBUG - run_dag dispatch (time 47): alloc_full_grads s2 mb0 bkt=-1
[36m(PiperActor pid=2832398)[0m 2026-04-07 03:17:06,908 - piper_actor - DEBUG - run_dag dispatch (time 48): backward s2 mb2 bkt=0
[36m(PiperActor pid=2832398)[0m 2026-04-07 03:17:06,936 - piper_actor - DEBUG - run_dag dispatch (time 48): recv s2 mb3 bkt=0
[36m(PiperActor pid=2832398)[0m 2026-04-07 03:17:06,936 - piper_actor - DEBUG - exec_recv key (None, 3) from peer pp rank 1
[36m(PiperActor pid=2832398)[0m 2026-04-07 03:17:06,937 - piper_actor - DEBUG - run_dag dispatch (time 52): backward s2 mb3 bkt=0
[36m(PiperActor pid=2840256)[0m 2026-04-07 03:17:06,906 - piper_actor - DEBUG - run_dag dispatch (time 44): recv s3 mb3 bkt=0
[36m(PiperActor pid=2840256)[0m 2026-04-07 03:17:06,906 - piper_actor - DEBUG - exec_recv key ((3, 0), 3) from peer pp rank 0
[36m(PiperActor pid=2840256)[0m 2026-04-07 03:17:06,907 - piper_actor - DEBUG - run_dag dispatch (time 44): reduce_scatter s3 mb2 bkt=0
[36m(PiperActor pid=2840256)[0m 2026-04-07 03:17:06,908 - piper_actor - DEBUG - run_dag dispatch (time 44): free_full_grads s3 mb0 bkt=-1
[36m(PiperActor pid=2840256)[0m 2026-04-07 03:17:06,908 - piper_actor - DEBUG - run_dag dispatch (time 48): forward s3 mb3 bkt=0
[36m(PiperActor pid=2832391)[0m 2026-04-07 03:17:06,936 - piper_actor - DEBUG - run_dag dispatch (time 48): recv s2 mb3 bkt=0
[36m(PiperActor pid=2832391)[0m 2026-04-07 03:17:06,936 - piper_actor - DEBUG - exec_recv key (None, 3) from peer pp rank 1
[36m(PiperActor pid=2832391)[0m 2026-04-07 03:17:06,937 - piper_actor - DEBUG - run_dag dispatch (time 52): backward s2 mb3 bkt=0
[36m(PiperActor pid=2832380)[0m 2026-04-07 03:17:06,947 - piper_actor - DEBUG - run_dag dispatch (time 48): send s3 mb2 bkt=0
[36m(PiperActor pid=2832380)[0m 2026-04-07 03:17:06,947 - piper_actor - DEBUG - exec_send key (None, 2) to peer pp rank 0
[36m(PiperActor pid=2832380)[0m 2026-04-07 03:17:06,949 - piper_actor - DEBUG - run_dag dispatch (time 51): alloc_full_grads s3 mb0 bkt=-1
[36m(PiperActor pid=2832380)[0m 2026-04-07 03:17:06,950 - piper_actor - DEBUG - run_dag dispatch (time 52): backward s3 mb3 bkt=0
[36m(PiperActor pid=2840256)[0m 2026-04-07 03:17:06,947 - piper_actor - DEBUG - run_dag dispatch (time 48): send s3 mb2 bkt=0
[36m(PiperActor pid=2840256)[0m 2026-04-07 03:17:06,947 - piper_actor - DEBUG - exec_send key (None, 2) to peer pp rank 0
[36m(PiperActor pid=2840256)[0m 2026-04-07 03:17:06,948 - piper_actor - DEBUG - run_dag dispatch (time 51): alloc_full_grads s3 mb0 bkt=-1
[36m(PiperActor pid=2840256)[0m 2026-04-07 03:17:06,950 - piper_actor - DEBUG - run_dag dispatch (time 52): backward s3 mb3 bkt=0
[36m(PiperActor pid=2832391)[0m 2026-04-07 03:17:06,995 - piper_actor - DEBUG - run_dag dispatch (time 52): send s2 mb2 bkt=0
[36m(PiperActor pid=2832391)[0m 2026-04-07 03:17:06,995 - piper_actor - DEBUG - exec_send key (None, 2) to peer pp rank 1
[36m(PiperActor pid=2832391)[0m 2026-04-07 03:17:06,996 - piper_actor - DEBUG - run_dag dispatch (time 52): recv s0 mb2 bkt=0
[36m(PiperActor pid=2832391)[0m 2026-04-07 03:17:06,997 - piper_actor - DEBUG - exec_recv key (None, 2) from peer pp rank 1
[36m(PiperActor pid=2832391)[0m 2026-04-07 03:17:06,997 - piper_actor - DEBUG - run_dag dispatch (time 52): reduce_scatter s2 mb3 bkt=0
[36m(PiperActor pid=2832391)[0m 2026-04-07 03:17:06,999 - piper_actor - DEBUG - run_dag dispatch (time 52): free_full_grads s2 mb0 bkt=-1
[36m(PiperActor pid=2832391)[0m 2026-04-07 03:17:07,000 - piper_actor - DEBUG - run_dag dispatch (time 53): free_full_params s2 mb0 bkt=-1
[36m(PiperActor pid=2832391)[0m 2026-04-07 03:17:07,001 - piper_actor - DEBUG - run_dag dispatch (time 54): alloc_full_params s0 mb0 bkt=-1
[36m(PiperActor pid=2832391)[0m 2026-04-07 03:17:07,002 - piper_actor - DEBUG - run_dag dispatch (time 55): all_gather s0 mb0 bkt=0
[36m(PiperActor pid=2832391)[0m 2026-04-07 03:17:07,003 - piper_actor - DEBUG - run_dag dispatch (time 55): alloc_full_grads s0 mb0 bkt=-1
[36m(PiperActor pid=2832391)[0m 2026-04-07 03:17:07,005 - piper_actor - DEBUG - run_dag dispatch (time 56): backward s0 mb2 bkt=0
[36m(PiperActor pid=2832380)[0m 2026-04-07 03:17:06,984 - piper_actor - DEBUG - run_dag dispatch (time 52): recv s1 mb2 bkt=0
[36m(PiperActor pid=2832380)[0m 2026-04-07 03:17:06,984 - piper_actor - DEBUG - exec_recv key (None, 2) from peer pp rank 0
[36m(PiperActor pid=2832380)[0m 2026-04-07 03:17:06,985 - piper_actor - DEBUG - run_dag dispatch (time 52): reduce_scatter s3 mb3 bkt=0
[36m(PiperActor pid=2832380)[0m 2026-04-07 03:17:06,986 - piper_actor - DEBUG - run_dag dispatch (time 52): free_full_grads s3 mb0 bkt=-1
[36m(PiperActor pid=2832380)[0m 2026-04-07 03:17:06,987 - piper_actor - DEBUG - run_dag dispatch (time 53): free_full_params s3 mb0 bkt=-1
[36m(PiperActor pid=2832380)[0m 2026-04-07 03:17:06,988 - piper_actor - DEBUG - run_dag dispatch (time 54): alloc_full_params s1 mb0 bkt=-1
[36m(PiperActor pid=2832380)[0m 2026-04-07 03:17:06,989 - piper_actor - DEBUG - run_dag dispatch (time 55): all_gather s1 mb0 bkt=0
[36m(PiperActor pid=2832380)[0m 2026-04-07 03:17:06,990 - piper_actor - DEBUG - run_dag dispatch (time 55): alloc_full_grads s1 mb0 bkt=-1
[36m(PiperActor pid=2832380)[0m 2026-04-07 03:17:06,991 - piper_actor - DEBUG - run_dag dispatch (time 56): backward s1 mb2 bkt=0
[36m(PiperActor pid=2832398)[0m 2026-04-07 03:17:06,996 - piper_actor - DEBUG - run_dag dispatch (time 52): send s2 mb2 bkt=0
[36m(PiperActor pid=2832398)[0m 2026-04-07 03:17:06,996 - piper_actor - DEBUG - exec_send key (None, 2) to peer pp rank 1
[36m(PiperActor pid=2832398)[0m 2026-04-07 03:17:06,997 - piper_actor - DEBUG - run_dag dispatch (time 52): recv s0 mb2 bkt=0
[36m(PiperActor pid=2832398)[0m 2026-04-07 03:17:06,997 - piper_actor - DEBUG - exec_recv key (None, 2) from peer pp rank 1
[36m(PiperActor pid=2832398)[0m 2026-04-07 03:17:06,998 - piper_actor - DEBUG - run_dag dispatch (time 52): reduce_scatter s2 mb3 bkt=0
[36m(PiperActor pid=2832398)[0m 2026-04-07 03:17:06,999 - piper_actor - DEBUG - run_dag dispatch (time 52): free_full_grads s2 mb0 bkt=-1
[36m(PiperActor pid=2832398)[0m 2026-04-07 03:17:07,000 - piper_actor - DEBUG - run_dag dispatch (time 53): free_full_params s2 mb0 bkt=-1
[36m(PiperActor pid=2832398)[0m 2026-04-07 03:17:07,001 - piper_actor - DEBUG - run_dag dispatch (time 54): alloc_full_params s0 mb0 bkt=-1
[36m(PiperActor pid=2832398)[0m 2026-04-07 03:17:07,003 - piper_actor - DEBUG - run_dag dispatch (time 55): all_gather s0 mb0 bkt=0
[36m(PiperActor pid=2832398)[0m 2026-04-07 03:17:07,003 - piper_actor - DEBUG - run_dag dispatch (time 55): alloc_full_grads s0 mb0 bkt=-1
[36m(PiperActor pid=2832398)[0m 2026-04-07 03:17:07,005 - piper_actor - DEBUG - run_dag dispatch (time 56): backward s0 mb2 bkt=0
[36m(PiperActor pid=2840256)[0m 2026-04-07 03:17:06,983 - piper_actor - DEBUG - run_dag dispatch (time 52): recv s1 mb2 bkt=0
[36m(PiperActor pid=2840256)[0m 2026-04-07 03:17:06,983 - piper_actor - DEBUG - exec_recv key (None, 2) from peer pp rank 0
[36m(PiperActor pid=2840256)[0m 2026-04-07 03:17:06,984 - piper_actor - DEBUG - run_dag dispatch (time 52): reduce_scatter s3 mb3 bkt=0
[36m(PiperActor pid=2840256)[0m 2026-04-07 03:17:06,985 - piper_actor - DEBUG - run_dag dispatch (time 52): free_full_grads s3 mb0 bkt=-1
[36m(PiperActor pid=2840256)[0m 2026-04-07 03:17:06,987 - piper_actor - DEBUG - run_dag dispatch (time 53): free_full_params s3 mb0 bkt=-1
[36m(PiperActor pid=2840256)[0m 2026-04-07 03:17:06,988 - piper_actor - DEBUG - run_dag dispatch (time 54): alloc_full_params s1 mb0 bkt=-1
[36m(PiperActor pid=2840256)[0m 2026-04-07 03:17:06,989 - piper_actor - DEBUG - run_dag dispatch (time 55): all_gather s1 mb0 bkt=0
[36m(PiperActor pid=2840256)[0m 2026-04-07 03:17:06,990 - piper_actor - DEBUG - run_dag dispatch (time 55): alloc_full_grads s1 mb0 bkt=-1
[36m(PiperActor pid=2840256)[0m 2026-04-07 03:17:06,991 - piper_actor - DEBUG - run_dag dispatch (time 56): backward s1 mb2 bkt=0
[36m(PiperActor pid=2832380)[0m 2026-04-07 03:17:07,042 - piper_actor - DEBUG - run_dag dispatch (time 56): recv s1 mb3 bkt=0
[36m(PiperActor pid=2832380)[0m 2026-04-07 03:17:07,042 - piper_actor - DEBUG - exec_recv key (None, 3) from peer pp rank 0
[36m(PiperActor pid=2832380)[0m 2026-04-07 03:17:07,044 - piper_actor - DEBUG - run_dag dispatch (time 56): send s3 mb3 bkt=0
[36m(PiperActor pid=2832380)[0m 2026-04-07 03:17:07,044 - piper_actor - DEBUG - exec_send key (None, 3) to peer pp rank 0
[36m(PiperActor pid=2832380)[0m 2026-04-07 03:17:07,045 - piper_actor - DEBUG - run_dag dispatch (time 60): backward s1 mb3 bkt=0
[36m(PiperActor pid=2840256)[0m 2026-04-07 03:17:07,042 - piper_actor - DEBUG - run_dag dispatch (time 56): recv s1 mb3 bkt=0
[36m(PiperActor pid=2840256)[0m 2026-04-07 03:17:07,042 - piper_actor - DEBUG - exec_recv key (None, 3) from peer pp rank 0
[36m(PiperActor pid=2840256)[0m 2026-04-07 03:17:07,044 - piper_actor - DEBUG - run_dag dispatch (time 56): send s3 mb3 bkt=0
[36m(PiperActor pid=2840256)[0m 2026-04-07 03:17:07,044 - piper_actor - DEBUG - exec_send key (None, 3) to peer pp rank 0
[36m(PiperActor pid=2840256)[0m 2026-04-07 03:17:07,045 - piper_actor - DEBUG - run_dag dispatch (time 60): backward s1 mb3 bkt=0
[36m(PiperActor pid=2832391)[0m 2026-04-07 03:17:07,079 - piper_actor - DEBUG - run_dag dispatch (time 56): send s2 mb3 bkt=0
[36m(PiperActor pid=2832391)[0m 2026-04-07 03:17:07,079 - piper_actor - DEBUG - exec_send key (None, 3) to peer pp rank 1
[36m(PiperActor pid=2832391)[0m 2026-04-07 03:17:07,080 - piper_actor - DEBUG - run_dag dispatch (time 56): recv s0 mb3 bkt=0
[36m(PiperActor pid=2832391)[0m 2026-04-07 03:17:07,080 - piper_actor - DEBUG - exec_recv key (None, 3) from peer pp rank 1
[36m(PiperActor pid=2832391)[0m 2026-04-07 03:17:07,081 - piper_actor - DEBUG - run_dag dispatch (time 60): backward s0 mb3 bkt=0
[36m(PiperActor pid=2832380)[0m 2026-04-07 03:17:07,084 - piper_actor - DEBUG - run_dag dispatch (time 60): send s1 mb2 bkt=0
[36m(PiperActor pid=2832380)[0m 2026-04-07 03:17:07,085 - piper_actor - DEBUG - exec_send key (None, 2) to peer pp rank 0
[36m(PiperActor pid=2832380)[0m 2026-04-07 03:17:07,086 - piper_actor - DEBUG - run_dag dispatch (time 60): reduce_scatter s1 mb3 bkt=0
[36m(PiperActor pid=2832380)[0m 2026-04-07 03:17:07,087 - piper_actor - DEBUG - run_dag dispatch (time 60): free_full_grads s1 mb0 bkt=-1
[36m(PiperActor pid=2832380)[0m 2026-04-07 03:17:07,088 - piper_actor - DEBUG - run_dag dispatch (time 61): free_full_params s1 mb0 bkt=-1
[36m(PiperActor pid=2832380)[0m 2026-04-07 03:17:07,089 - piper_actor - DEBUG - run_dag dispatch (time 64): update s1 mb3 bkt=0
[36m(PiperActor pid=2832398)[0m 2026-04-07 03:17:07,079 - piper_actor - DEBUG - run_dag dispatch (time 56): send s2 mb3 bkt=0
[36m(PiperActor pid=2832398)[0m 2026-04-07 03:17:07,080 - piper_actor - DEBUG - exec_send key (None, 3) to peer pp rank 1
[36m(PiperActor pid=2832398)[0m 2026-04-07 03:17:07,081 - piper_actor - DEBUG - run_dag dispatch (time 56): recv s0 mb3 bkt=0
[36m(PiperActor pid=2832398)[0m 2026-04-07 03:17:07,081 - piper_actor - DEBUG - exec_recv key (None, 3) from peer pp rank 1
[36m(PiperActor pid=2832398)[0m 2026-04-07 03:17:07,082 - piper_actor - DEBUG - run_dag dispatch (time 60): backward s0 mb3 bkt=0
[36m(PiperActor pid=2840256)[0m 2026-04-07 03:17:07,083 - piper_actor - DEBUG - run_dag dispatch (time 60): send s1 mb2 bkt=0
[36m(PiperActor pid=2840256)[0m 2026-04-07 03:17:07,084 - piper_actor - DEBUG - exec_send key (None, 2) to peer pp rank 0
[36m(PiperActor pid=2840256)[0m 2026-04-07 03:17:07,084 - piper_actor - DEBUG - run_dag dispatch (time 60): reduce_scatter s1 mb3 bkt=0
[36m(PiperActor pid=2840256)[0m 2026-04-07 03:17:07,085 - piper_actor - DEBUG - run_dag dispatch (time 60): free_full_grads s1 mb0 bkt=-1
[36m(PiperActor pid=2840256)[0m 2026-04-07 03:17:07,087 - piper_actor - DEBUG - run_dag dispatch (time 61): free_full_params s1 mb0 bkt=-1
[36m(PiperActor pid=2840256)[0m 2026-04-07 03:17:07,088 - piper_actor - DEBUG - run_dag dispatch (time 64): update s1 mb3 bkt=0
[36m(PiperActor pid=2832391)[0m 2026-04-07 03:17:07,123 - piper_actor - DEBUG - run_dag dispatch (time 60): reduce_scatter s0 mb3 bkt=0
[36m(PiperActor pid=2832391)[0m 2026-04-07 03:17:07,125 - piper_actor - DEBUG - run_dag dispatch (time 60): free_full_grads s0 mb0 bkt=-1
[36m(PiperActor pid=2832391)[0m 2026-04-07 03:17:07,126 - piper_actor - DEBUG - run_dag dispatch (time 61): free_full_params s0 mb0 bkt=-1
[36m(PiperActor pid=2832391)[0m 2026-04-07 03:17:07,127 - piper_actor - DEBUG - run_dag dispatch (time 64): update s0 mb3 bkt=0
[36m(PiperActor pid=2832380)[0m 2026-04-07 03:17:07,143 - piper_actor - DEBUG - run_dag dispatch (time 64): send s1 mb3 bkt=0
[36m(PiperActor pid=2832380)[0m 2026-04-07 03:17:07,143 - piper_actor - DEBUG - exec_send key (None, 3) to peer pp rank 0
[36m(PiperActor pid=2832398)[0m 2026-04-07 03:17:07,123 - piper_actor - DEBUG - run_dag dispatch (time 60): reduce_scatter s0 mb3 bkt=0
[36m(PiperActor pid=2832398)[0m 2026-04-07 03:17:07,124 - piper_actor - DEBUG - run_dag dispatch (time 60): free_full_grads s0 mb0 bkt=-1
[36m(PiperActor pid=2832398)[0m 2026-04-07 03:17:07,126 - piper_actor - DEBUG - run_dag dispatch (time 61): free_full_params s0 mb0 bkt=-1
[36m(PiperActor pid=2832398)[0m 2026-04-07 03:17:07,127 - piper_actor - DEBUG - run_dag dispatch (time 64): update s0 mb3 bkt=0
[36m(PiperActor pid=2840256)[0m 2026-04-07 03:17:07,143 - piper_actor - DEBUG - run_dag dispatch (time 64): send s1 mb3 bkt=0
[36m(PiperActor pid=2840256)[0m 2026-04-07 03:17:07,143 - piper_actor - DEBUG - exec_send key (None, 3) to peer pp rank 0
[36m(run_dp_rank pid=2795262)[0m rank 0 iter time= 0.72390 ± 0.00000 s (1 samples)
[36m(run_dp_rank pid=2795262)[0m rank 0 throughput= 22632.858 tokens/s
[36m(run_dp_rank pid=2795262)[0m rank 0 peak_memory= 10.142 GiB
[36m(run_dp_rank pid=2795262)[0m rank 1 peak_memory= 12.098 GiB
[36m(run_dp_rank pid=2795262)[0m Memory breakdown (after 1st timed iter):
[36m(run_dp_rank pid=2795262)[0m   rank 0  allocated=10.142 GiB  reserved=54.551 GiB  params=0.000 GiB  grads=0.000 GiB  shard=1.680 GiB  other(acts+optim)=10.142 GiB
[36m(run_dp_rank pid=2795262)[0m   rank 1  allocated=12.098 GiB  reserved=44.545 GiB  params=0.000 GiB  grads=0.000 GiB  shard=1.680 GiB  other(acts+optim)=12.098 GiB
[36m(run_dp_rank pid=2795262)[0m 
[36m(run_dp_rank pid=2795262)[0m === Rank 0 per-task memory debug ===
[36m(run_dp_rank pid=2795262)[0m   iter start: alloc=10.142 GiB  reserved=52.793 GiB
[36m(run_dp_rank pid=2795262)[0m   t-02 alloc_full_params_s0_b-1_mb0: peak_alloc=12.188 GiB  peak_reserved=52.793 GiB  alloc_after=10.142 GiB  reserved_after=52.793 GiB
[36m(run_dp_rank pid=2795262)[0m   t-01 all_gather_s0_b0_mb0: peak_alloc=10.142 GiB  peak_reserved=52.793 GiB  alloc_after=10.142 GiB  reserved_after=52.793 GiB
[36m(run_dp_rank pid=2795262)[0m   t000 forward_s0_b0_mb0: peak_alloc=14.916 GiB  peak_reserved=52.793 GiB  alloc_after=14.869 GiB  reserved_after=52.793 GiB
[36m(run_dp_rank pid=2795262)[0m   t004 forward_s0_b0_mb1: peak_alloc=19.642 GiB  peak_reserved=52.793 GiB  alloc_after=19.596 GiB  reserved_after=52.793 GiB
[36m(run_dp_rank pid=2795262)[0m   t004 send_s0_b0_mb0: peak_alloc=19.596 GiB  peak_reserved=52.793 GiB  alloc_after=19.596 GiB  reserved_after=52.793 GiB
[36m(run_dp_rank pid=2795262)[0m   t004 recv_s2_b0_mb0: peak_alloc=19.619 GiB  peak_reserved=52.793 GiB  alloc_after=19.619 GiB  reserved_after=52.793 GiB
[36m(run_dp_rank pid=2795262)[0m   t005 free_full_params_s0_b-1_mb0: peak_alloc=21.665 GiB  peak_reserved=52.793 GiB  alloc_after=21.665 GiB  reserved_after=52.793 GiB
[36m(run_dp_rank pid=2795262)[0m   t006 alloc_full_params_s2_b-1_mb0: peak_alloc=22.978 GiB  peak_reserved=52.793 GiB  alloc_after=21.665 GiB  reserved_after=52.793 GiB
[36m(run_dp_rank pid=2795262)[0m   t007 all_gather_s2_b0_mb0: peak_alloc=21.665 GiB  peak_reserved=52.793 GiB  alloc_after=21.665 GiB  reserved_after=52.793 GiB
[36m(run_dp_rank pid=2795262)[0m   t008 forward_s2_b0_mb0: peak_alloc=26.439 GiB  peak_reserved=52.793 GiB  alloc_after=26.392 GiB  reserved_after=52.793 GiB
[36m(run_dp_rank pid=2795262)[0m   t008 send_s0_b0_mb1: peak_alloc=26.392 GiB  peak_reserved=52.793 GiB  alloc_after=26.392 GiB  reserved_after=52.793 GiB
[36m(run_dp_rank pid=2795262)[0m   t008 recv_s2_b0_mb1: peak_alloc=26.415 GiB  peak_reserved=52.793 GiB  alloc_after=26.415 GiB  reserved_after=52.793 GiB
[36m(run_dp_rank pid=2795262)[0m   t012 forward_s2_b0_mb1: peak_alloc=31.189 GiB  peak_reserved=52.793 GiB  alloc_after=31.142 GiB  reserved_after=52.793 GiB
[36m(run_dp_rank pid=2795262)[0m   t012 send_s2_b0_mb0: peak_alloc=31.142 GiB  peak_reserved=52.793 GiB  alloc_after=31.142 GiB  reserved_after=52.793 GiB
[36m(run_dp_rank pid=2795262)[0m   t013 free_full_params_s2_b-1_mb0: peak_alloc=32.455 GiB  peak_reserved=52.793 GiB  alloc_after=32.455 GiB  reserved_after=52.793 GiB
[36m(run_dp_rank pid=2795262)[0m   t014 alloc_full_params_s0_b-1_mb0: peak_alloc=34.501 GiB  peak_reserved=52.793 GiB  alloc_after=32.455 GiB  reserved_after=52.793 GiB
[36m(run_dp_rank pid=2795262)[0m   t015 all_gather_s0_b0_mb0: peak_alloc=32.455 GiB  peak_reserved=52.793 GiB  alloc_after=32.455 GiB  reserved_after=52.793 GiB
[36m(run_dp_rank pid=2795262)[0m   t016 forward_s0_b0_mb2: peak_alloc=37.229 GiB  peak_reserved=52.793 GiB  alloc_after=37.182 GiB  reserved_after=52.793 GiB
[36m(run_dp_rank pid=2795262)[0m   t016 send_s2_b0_mb1: peak_alloc=37.182 GiB  peak_reserved=52.793 GiB  alloc_after=37.182 GiB  reserved_after=52.793 GiB
[36m(run_dp_rank pid=2795262)[0m   t016 recv_s2_b0_mb0: peak_alloc=37.205 GiB  peak_reserved=52.793 GiB  alloc_after=37.205 GiB  reserved_after=52.793 GiB
[36m(run_dp_rank pid=2795262)[0m   t017 free_full_params_s0_b-1_mb0: peak_alloc=39.252 GiB  peak_reserved=52.793 GiB  alloc_after=39.252 GiB  reserved_after=52.793 GiB
[36m(run_dp_rank pid=2795262)[0m   t018 alloc_full_params_s2_b-1_mb0: peak_alloc=40.565 GiB  peak_reserved=52.793 GiB  alloc_after=39.252 GiB  reserved_after=52.793 GiB
[36m(run_dp_rank pid=2795262)[0m   t019 all_gather_s2_b0_mb0: peak_alloc=39.252 GiB  peak_reserved=52.793 GiB  alloc_after=39.252 GiB  reserved_after=52.793 GiB
[36m(run_dp_rank pid=2795262)[0m   t019 alloc_full_grads_s2_b-1_mb0: peak_alloc=40.565 GiB  peak_reserved=52.793 GiB  alloc_after=40.565 GiB  reserved_after=52.793 GiB
[36m(run_dp_rank pid=2795262)[0m   t020 backward_s2_b0_mb0: peak_alloc=40.690 GiB  peak_reserved=52.793 GiB  alloc_after=35.814 GiB  reserved_after=52.793 GiB
[36m(run_dp_rank pid=2795262)[0m   t020 send_s0_b0_mb2: peak_alloc=35.814 GiB  peak_reserved=52.793 GiB  alloc_after=35.814 GiB  reserved_after=52.793 GiB
[36m(run_dp_rank pid=2795262)[0m   t020 reduce_scatter_s2_b0_mb0: peak_alloc=36.471 GiB  peak_reserved=52.793 GiB  alloc_after=35.814 GiB  reserved_after=52.793 GiB
[36m(run_dp_rank pid=2795262)[0m   t020 free_full_grads_s2_b-1_mb0: peak_alloc=35.814 GiB  peak_reserved=52.793 GiB  alloc_after=34.502 GiB  reserved_after=52.793 GiB
[36m(run_dp_rank pid=2795262)[0m   t021 free_full_params_s2_b-1_mb0: peak_alloc=35.814 GiB  peak_reserved=52.793 GiB  alloc_after=34.502 GiB  reserved_after=52.793 GiB
[36m(run_dp_rank pid=2795262)[0m   t022 alloc_full_params_s0_b-1_mb0: peak_alloc=36.549 GiB  peak_reserved=52.793 GiB  alloc_after=34.502 GiB  reserved_after=52.793 GiB
[36m(run_dp_rank pid=2795262)[0m   t023 all_gather_s0_b0_mb0: peak_alloc=34.502 GiB  peak_reserved=52.793 GiB  alloc_after=34.502 GiB  reserved_after=52.793 GiB
[36m(run_dp_rank pid=2795262)[0m   t024 forward_s0_b0_mb3: peak_alloc=39.275 GiB  peak_reserved=52.793 GiB  alloc_after=39.229 GiB  reserved_after=52.793 GiB
[36m(run_dp_rank pid=2795262)[0m   t024 send_s2_b0_mb0: peak_alloc=39.229 GiB  peak_reserved=52.793 GiB  alloc_after=39.205 GiB  reserved_after=52.793 GiB
[36m(run_dp_rank pid=2795262)[0m   t024 recv_s2_b0_mb1: peak_alloc=39.229 GiB  peak_reserved=52.793 GiB  alloc_after=39.229 GiB  reserved_after=52.793 GiB
[36m(run_dp_rank pid=2795262)[0m   t025 free_full_params_s0_b-1_mb0: peak_alloc=41.275 GiB  peak_reserved=52.793 GiB  alloc_after=41.275 GiB  reserved_after=52.793 GiB
[36m(run_dp_rank pid=2795262)[0m   t026 alloc_full_params_s2_b-1_mb0: peak_alloc=42.588 GiB  peak_reserved=52.793 GiB  alloc_after=41.275 GiB  reserved_after=52.793 GiB
[36m(run_dp_rank pid=2795262)[0m   t027 all_gather_s2_b0_mb0: peak_alloc=41.275 GiB  peak_reserved=52.793 GiB  alloc_after=41.275 GiB  reserved_after=52.793 GiB
[36m(run_dp_rank pid=2795262)[0m   t027 alloc_full_grads_s2_b-1_mb0: peak_alloc=42.588 GiB  peak_reserved=52.793 GiB  alloc_after=42.588 GiB  reserved_after=52.793 GiB
[36m(run_dp_rank pid=2795262)[0m   t028 backward_s2_b0_mb1: peak_alloc=42.713 GiB  peak_reserved=52.793 GiB  alloc_after=36.525 GiB  reserved_after=52.793 GiB
[36m(run_dp_rank pid=2795262)[0m   t028 send_s0_b0_mb3: peak_alloc=36.525 GiB  peak_reserved=52.793 GiB  alloc_after=36.525 GiB  reserved_after=52.793 GiB
[36m(run_dp_rank pid=2795262)[0m   t028 recv_s2_b0_mb2: peak_alloc=36.548 GiB  peak_reserved=52.793 GiB  alloc_after=36.548 GiB  reserved_after=52.793 GiB
[36m(run_dp_rank pid=2795262)[0m   t028 reduce_scatter_s2_b0_mb1: peak_alloc=37.205 GiB  peak_reserved=52.793 GiB  alloc_after=36.548 GiB  reserved_after=52.793 GiB
[36m(run_dp_rank pid=2795262)[0m   t028 free_full_grads_s2_b-1_mb0: peak_alloc=36.548 GiB  peak_reserved=52.793 GiB  alloc_after=35.236 GiB  reserved_after=52.793 GiB
[36m(run_dp_rank pid=2795262)[0m   t032 forward_s2_b0_mb2: peak_alloc=40.009 GiB  peak_reserved=52.793 GiB  alloc_after=39.962 GiB  reserved_after=52.793 GiB
[36m(run_dp_rank pid=2795262)[0m   t032 send_s2_b0_mb1: peak_alloc=39.962 GiB  peak_reserved=52.793 GiB  alloc_after=39.939 GiB  reserved_after=52.793 GiB
[36m(run_dp_rank pid=2795262)[0m   t032 recv_s0_b0_mb0: peak_alloc=39.962 GiB  peak_reserved=52.793 GiB  alloc_after=39.962 GiB  reserved_after=52.793 GiB
[36m(run_dp_rank pid=2795262)[0m   t033 free_full_params_s2_b-1_mb0: peak_alloc=41.276 GiB  peak_reserved=52.793 GiB  alloc_after=41.276 GiB  reserved_after=52.793 GiB
[36m(run_dp_rank pid=2795262)[0m   t034 alloc_full_params_s0_b-1_mb0: peak_alloc=43.322 GiB  peak_reserved=52.793 GiB  alloc_after=41.276 GiB  reserved_after=52.793 GiB
[36m(run_dp_rank pid=2795262)[0m   t035 all_gather_s0_b0_mb0: peak_alloc=41.276 GiB  peak_reserved=52.793 GiB  alloc_after=41.276 GiB  reserved_after=52.793 GiB
[36m(run_dp_rank pid=2795262)[0m   t035 alloc_full_grads_s0_b-1_mb0: peak_alloc=43.323 GiB  peak_reserved=52.793 GiB  alloc_after=43.323 GiB  reserved_after=52.793 GiB
[36m(run_dp_rank pid=2795262)[0m   t036 backward_s0_b0_mb0: peak_alloc=43.448 GiB  peak_reserved=53.527 GiB  alloc_after=38.573 GiB  reserved_after=53.527 GiB
[36m(run_dp_rank pid=2795262)[0m   t036 send_s2_b0_mb2: peak_alloc=38.573 GiB  peak_reserved=53.527 GiB  alloc_after=38.573 GiB  reserved_after=53.527 GiB
[36m(run_dp_rank pid=2795262)[0m   t036 recv_s2_b0_mb3: peak_alloc=38.596 GiB  peak_reserved=53.527 GiB  alloc_after=38.596 GiB  reserved_after=53.527 GiB
[36m(run_dp_rank pid=2795262)[0m   t036 reduce_scatter_s0_b0_mb0: peak_alloc=39.619 GiB  peak_reserved=53.527 GiB  alloc_after=38.596 GiB  reserved_after=53.527 GiB
[36m(run_dp_rank pid=2795262)[0m   t036 free_full_grads_s0_b-1_mb0: peak_alloc=38.596 GiB  peak_reserved=53.527 GiB  alloc_after=36.549 GiB  reserved_after=53.527 GiB
[36m(run_dp_rank pid=2795262)[0m   t037 free_full_params_s0_b-1_mb0: peak_alloc=38.596 GiB  peak_reserved=53.527 GiB  alloc_after=36.549 GiB  reserved_after=53.527 GiB
[36m(run_dp_rank pid=2795262)[0m   t038 alloc_full_params_s2_b-1_mb0: peak_alloc=37.861 GiB  peak_reserved=53.527 GiB  alloc_after=36.548 GiB  reserved_after=53.527 GiB
[36m(run_dp_rank pid=2795262)[0m   t039 all_gather_s2_b0_mb0: peak_alloc=36.548 GiB  peak_reserved=53.527 GiB  alloc_after=36.548 GiB  reserved_after=53.527 GiB
[36m(run_dp_rank pid=2795262)[0m   t040 forward_s2_b0_mb3: peak_alloc=41.322 GiB  peak_reserved=53.527 GiB  alloc_after=41.275 GiB  reserved_after=53.527 GiB
[36m(run_dp_rank pid=2795262)[0m   t040 recv_s0_b0_mb1: peak_alloc=41.298 GiB  peak_reserved=53.527 GiB  alloc_after=41.298 GiB  reserved_after=53.527 GiB
[36m(run_dp_rank pid=2795262)[0m   t041 free_full_params_s2_b-1_mb0: peak_alloc=42.612 GiB  peak_reserved=53.527 GiB  alloc_after=42.612 GiB  reserved_after=53.527 GiB
[36m(run_dp_rank pid=2795262)[0m   t042 alloc_full_params_s0_b-1_mb0: peak_alloc=44.658 GiB  peak_reserved=53.527 GiB  alloc_after=42.612 GiB  reserved_after=53.527 GiB
[36m(run_dp_rank pid=2795262)[0m   t043 all_gather_s0_b0_mb0: peak_alloc=42.612 GiB  peak_reserved=53.527 GiB  alloc_after=42.612 GiB  reserved_after=53.527 GiB
[36m(run_dp_rank pid=2795262)[0m   t043 alloc_full_grads_s0_b-1_mb0: peak_alloc=44.659 GiB  peak_reserved=53.527 GiB  alloc_after=44.659 GiB  reserved_after=53.527 GiB
[36m(run_dp_rank pid=2795262)[0m   t044 backward_s0_b0_mb1: peak_alloc=44.784 GiB  peak_reserved=53.527 GiB  alloc_after=37.862 GiB  reserved_after=53.527 GiB
[36m(run_dp_rank pid=2795262)[0m   t044 send_s2_b0_mb3: peak_alloc=37.862 GiB  peak_reserved=53.527 GiB  alloc_after=37.862 GiB  reserved_after=53.527 GiB
[36m(run_dp_rank pid=2795262)[0m   t044 recv_s2_b0_mb2: peak_alloc=37.885 GiB  peak_reserved=53.527 GiB  alloc_after=37.885 GiB  reserved_after=53.527 GiB
[36m(run_dp_rank pid=2795262)[0m   t044 reduce_scatter_s0_b0_mb1: peak_alloc=38.909 GiB  peak_reserved=53.527 GiB  alloc_after=37.885 GiB  reserved_after=53.527 GiB
[36m(run_dp_rank pid=2795262)[0m   t044 free_full_grads_s0_b-1_mb0: peak_alloc=37.885 GiB  peak_reserved=53.527 GiB  alloc_after=35.838 GiB  reserved_after=53.527 GiB
[36m(run_dp_rank pid=2795262)[0m   t045 free_full_params_s0_b-1_mb0: peak_alloc=37.885 GiB  peak_reserved=53.527 GiB  alloc_after=35.838 GiB  reserved_after=53.527 GiB
[36m(run_dp_rank pid=2795262)[0m   t046 alloc_full_params_s2_b-1_mb0: peak_alloc=37.150 GiB  peak_reserved=53.527 GiB  alloc_after=35.837 GiB  reserved_after=53.527 GiB
[36m(run_dp_rank pid=2795262)[0m   t047 all_gather_s2_b0_mb0: peak_alloc=35.837 GiB  peak_reserved=53.527 GiB  alloc_after=35.837 GiB  reserved_after=53.527 GiB
[36m(run_dp_rank pid=2795262)[0m   t047 alloc_full_grads_s2_b-1_mb0: peak_alloc=37.150 GiB  peak_reserved=53.527 GiB  alloc_after=37.150 GiB  reserved_after=53.527 GiB
[36m(run_dp_rank pid=2795262)[0m   t048 backward_s2_b0_mb2: peak_alloc=37.275 GiB  peak_reserved=53.527 GiB  alloc_after=31.087 GiB  reserved_after=53.527 GiB
[36m(run_dp_rank pid=2795262)[0m   t048 recv_s2_b0_mb3: peak_alloc=31.111 GiB  peak_reserved=53.527 GiB  alloc_after=31.111 GiB  reserved_after=53.527 GiB
[36m(run_dp_rank pid=2795262)[0m   t052 backward_s2_b0_mb3: peak_alloc=31.236 GiB  peak_reserved=53.527 GiB  alloc_after=25.048 GiB  reserved_after=53.527 GiB
[36m(run_dp_rank pid=2795262)[0m   t052 send_s2_b0_mb2: peak_alloc=25.048 GiB  peak_reserved=53.527 GiB  alloc_after=25.024 GiB  reserved_after=53.527 GiB
[36m(run_dp_rank pid=2795262)[0m   t052 recv_s0_b0_mb2: peak_alloc=25.048 GiB  peak_reserved=53.527 GiB  alloc_after=25.048 GiB  reserved_after=53.527 GiB
[36m(run_dp_rank pid=2795262)[0m   t052 reduce_scatter_s2_b0_mb3: peak_alloc=25.704 GiB  peak_reserved=53.527 GiB  alloc_after=25.048 GiB  reserved_after=53.527 GiB
[36m(run_dp_rank pid=2795262)[0m   t052 free_full_grads_s2_b-1_mb0: peak_alloc=25.048 GiB  peak_reserved=53.527 GiB  alloc_after=23.735 GiB  reserved_after=53.527 GiB
[36m(run_dp_rank pid=2795262)[0m   t053 free_full_params_s2_b-1_mb0: peak_alloc=25.048 GiB  peak_reserved=53.527 GiB  alloc_after=23.736 GiB  reserved_after=53.527 GiB
[36m(run_dp_rank pid=2795262)[0m   t054 alloc_full_params_s0_b-1_mb0: peak_alloc=25.783 GiB  peak_reserved=53.527 GiB  alloc_after=23.736 GiB  reserved_after=53.527 GiB
[36m(run_dp_rank pid=2795262)[0m   t055 all_gather_s0_b0_mb0: peak_alloc=23.736 GiB  peak_reserved=53.527 GiB  alloc_after=23.736 GiB  reserved_after=53.527 GiB
[36m(run_dp_rank pid=2795262)[0m   t055 alloc_full_grads_s0_b-1_mb0: peak_alloc=25.783 GiB  peak_reserved=53.527 GiB  alloc_after=25.783 GiB  reserved_after=53.527 GiB
[36m(run_dp_rank pid=2795262)[0m   t056 backward_s0_b0_mb2: peak_alloc=25.908 GiB  peak_reserved=53.527 GiB  alloc_after=18.986 GiB  reserved_after=53.527 GiB
[36m(run_dp_rank pid=2795262)[0m   t056 send_s2_b0_mb3: peak_alloc=18.986 GiB  peak_reserved=53.527 GiB  alloc_after=18.963 GiB  reserved_after=53.527 GiB
[36m(run_dp_rank pid=2795262)[0m   t056 recv_s0_b0_mb3: peak_alloc=18.986 GiB  peak_reserved=53.527 GiB  alloc_after=18.986 GiB  reserved_after=53.527 GiB
[36m(run_dp_rank pid=2795262)[0m   t060 backward_s0_b0_mb3: peak_alloc=19.111 GiB  peak_reserved=53.527 GiB  alloc_after=12.189 GiB  reserved_after=53.527 GiB
[36m(run_dp_rank pid=2795262)[0m   t060 reduce_scatter_s0_b0_mb3: peak_alloc=13.212 GiB  peak_reserved=53.527 GiB  alloc_after=12.189 GiB  reserved_after=53.527 GiB
[36m(run_dp_rank pid=2795262)[0m   t060 free_full_grads_s0_b-1_mb0: peak_alloc=12.189 GiB  peak_reserved=53.527 GiB  alloc_after=10.142 GiB  reserved_after=53.527 GiB
[36m(run_dp_rank pid=2795262)[0m   t061 free_full_params_s0_b-1_mb0: peak_alloc=12.188 GiB  peak_reserved=53.527 GiB  alloc_after=10.142 GiB  reserved_after=53.527 GiB
[36m(run_dp_rank pid=2795262)[0m   t064 update_s0_b0_mb3: peak_alloc=11.165 GiB  peak_reserved=54.551 GiB  alloc_after=10.142 GiB  reserved_after=54.551 GiB
[36m(run_dp_rank pid=2795262)[0m 
[36m(run_dp_rank pid=2795262)[0m === Rank 1 per-task memory debug ===
[36m(run_dp_rank pid=2795262)[0m   iter start: alloc=12.098 GiB  reserved=40.631 GiB
[36m(run_dp_rank pid=2795262)[0m   t-04 recv_s1_b0_mb0: peak_alloc=12.121 GiB  peak_reserved=40.631 GiB  alloc_after=12.121 GiB  reserved_after=40.631 GiB
[36m(run_dp_rank pid=2795262)[0m   t-02 alloc_full_params_s1_b-1_mb0: peak_alloc=13.434 GiB  peak_reserved=40.631 GiB  alloc_after=12.121 GiB  reserved_after=40.631 GiB
[36m(run_dp_rank pid=2795262)[0m   t-01 all_gather_s1_b0_mb0: peak_alloc=12.121 GiB  peak_reserved=40.631 GiB  alloc_after=12.121 GiB  reserved_after=40.631 GiB
[36m(run_dp_rank pid=2795262)[0m   t000 forward_s1_b0_mb0: peak_alloc=16.895 GiB  peak_reserved=40.631 GiB  alloc_after=16.848 GiB  reserved_after=40.631 GiB
[36m(run_dp_rank pid=2795262)[0m   t000 recv_s1_b0_mb1: peak_alloc=16.871 GiB  peak_reserved=40.631 GiB  alloc_after=16.871 GiB  reserved_after=40.631 GiB
[36m(run_dp_rank pid=2795262)[0m   t004 forward_s1_b0_mb1: peak_alloc=21.645 GiB  peak_reserved=40.631 GiB  alloc_after=21.598 GiB  reserved_after=40.631 GiB
[36m(run_dp_rank pid=2795262)[0m   t004 recv_s3_b0_mb0: peak_alloc=21.622 GiB  peak_reserved=40.631 GiB  alloc_after=21.622 GiB  reserved_after=40.631 GiB
[36m(run_dp_rank pid=2795262)[0m   t004 send_s1_b0_mb0: peak_alloc=21.622 GiB  peak_reserved=40.631 GiB  alloc_after=21.622 GiB  reserved_after=40.631 GiB
[36m(run_dp_rank pid=2795262)[0m   t005 free_full_params_s1_b-1_mb0: peak_alloc=22.934 GiB  peak_reserved=40.631 GiB  alloc_after=22.934 GiB  reserved_after=40.631 GiB
[36m(run_dp_rank pid=2795262)[0m   t006 alloc_full_params_s3_b-1_mb0: peak_alloc=24.981 GiB  peak_reserved=40.631 GiB  alloc_after=22.935 GiB  reserved_after=40.631 GiB
[36m(run_dp_rank pid=2795262)[0m   t007 all_gather_s3_b0_mb0: peak_alloc=22.935 GiB  peak_reserved=40.631 GiB  alloc_after=22.935 GiB  reserved_after=40.631 GiB
[36m(run_dp_rank pid=2795262)[0m   t008 forward_s3_b0_mb0: peak_alloc=30.667 GiB  peak_reserved=40.631 GiB  alloc_after=29.689 GiB  reserved_after=40.631 GiB
[36m(run_dp_rank pid=2795262)[0m   t008 send_s1_b0_mb1: peak_alloc=29.689 GiB  peak_reserved=40.631 GiB  alloc_after=29.689 GiB  reserved_after=40.631 GiB
[36m(run_dp_rank pid=2795262)[0m   t011 alloc_full_grads_s3_b-1_mb0: peak_alloc=31.736 GiB  peak_reserved=40.631 GiB  alloc_after=31.736 GiB  reserved_after=40.631 GiB
[36m(run_dp_rank pid=2795262)[0m   t012 backward_s3_b0_mb0: peak_alloc=37.607 GiB  peak_reserved=44.545 GiB  alloc_after=24.981 GiB  reserved_after=44.545 GiB
[36m(run_dp_rank pid=2795262)[0m   t012 recv_s3_b0_mb1: peak_alloc=25.005 GiB  peak_reserved=44.545 GiB  alloc_after=25.005 GiB  reserved_after=44.545 GiB
[36m(run_dp_rank pid=2795262)[0m   t012 reduce_scatter_s3_b0_mb0: peak_alloc=26.028 GiB  peak_reserved=44.545 GiB  alloc_after=25.005 GiB  reserved_after=44.545 GiB
[36m(run_dp_rank pid=2795262)[0m   t012 free_full_grads_s3_b-1_mb0: peak_alloc=25.005 GiB  peak_reserved=44.545 GiB  alloc_after=22.958 GiB  reserved_after=44.545 GiB
[36m(run_dp_rank pid=2795262)[0m   t016 forward_s3_b0_mb1: peak_alloc=30.691 GiB  peak_reserved=44.545 GiB  alloc_after=29.712 GiB  reserved_after=44.545 GiB
[36m(run_dp_rank pid=2795262)[0m   t016 send_s3_b0_mb0: peak_alloc=29.712 GiB  peak_reserved=44.545 GiB  alloc_after=29.689 GiB  reserved_after=44.545 GiB
[36m(run_dp_rank pid=2795262)[0m   t019 alloc_full_grads_s3_b-1_mb0: peak_alloc=31.736 GiB  peak_reserved=44.545 GiB  alloc_after=31.736 GiB  reserved_after=44.545 GiB
[36m(run_dp_rank pid=2795262)[0m   t020 backward_s3_b0_mb1: peak_alloc=37.607 GiB  peak_reserved=44.545 GiB  alloc_after=24.981 GiB  reserved_after=44.545 GiB
[36m(run_dp_rank pid=2795262)[0m   t020 recv_s1_b0_mb2: peak_alloc=25.005 GiB  peak_reserved=44.545 GiB  alloc_after=25.005 GiB  reserved_after=44.545 GiB
[36m(run_dp_rank pid=2795262)[0m   t020 reduce_scatter_s3_b0_mb1: peak_alloc=26.028 GiB  peak_reserved=44.545 GiB  alloc_after=25.005 GiB  reserved_after=44.545 GiB
[36m(run_dp_rank pid=2795262)[0m   t020 free_full_grads_s3_b-1_mb0: peak_alloc=25.005 GiB  peak_reserved=44.545 GiB  alloc_after=22.958 GiB  reserved_after=44.545 GiB
[36m(run_dp_rank pid=2795262)[0m   t021 free_full_params_s3_b-1_mb0: peak_alloc=25.004 GiB  peak_reserved=44.545 GiB  alloc_after=22.958 GiB  reserved_after=44.545 GiB
[36m(run_dp_rank pid=2795262)[0m   t022 alloc_full_params_s1_b-1_mb0: peak_alloc=24.270 GiB  peak_reserved=44.545 GiB  alloc_after=22.958 GiB  reserved_after=44.545 GiB
[36m(run_dp_rank pid=2795262)[0m   t023 all_gather_s1_b0_mb0: peak_alloc=22.958 GiB  peak_reserved=44.545 GiB  alloc_after=22.958 GiB  reserved_after=44.545 GiB
[36m(run_dp_rank pid=2795262)[0m   t024 forward_s1_b0_mb2: peak_alloc=27.731 GiB  peak_reserved=44.545 GiB  alloc_after=27.684 GiB  reserved_after=44.545 GiB
[36m(run_dp_rank pid=2795262)[0m   t024 recv_s1_b0_mb0: peak_alloc=27.708 GiB  peak_reserved=44.545 GiB  alloc_after=27.708 GiB  reserved_after=44.545 GiB
[36m(run_dp_rank pid=2795262)[0m   t024 send_s3_b0_mb1: peak_alloc=27.708 GiB  peak_reserved=44.545 GiB  alloc_after=27.684 GiB  reserved_after=44.545 GiB
[36m(run_dp_rank pid=2795262)[0m   t027 alloc_full_grads_s1_b-1_mb0: peak_alloc=28.997 GiB  peak_reserved=44.545 GiB  alloc_after=28.997 GiB  reserved_after=44.545 GiB
[36m(run_dp_rank pid=2795262)[0m   t028 backward_s1_b0_mb0: peak_alloc=29.122 GiB  peak_reserved=44.545 GiB  alloc_after=24.247 GiB  reserved_after=44.545 GiB
[36m(run_dp_rank pid=2795262)[0m   t028 recv_s1_b0_mb3: peak_alloc=24.270 GiB  peak_reserved=44.545 GiB  alloc_after=24.270 GiB  reserved_after=44.545 GiB
[36m(run_dp_rank pid=2795262)[0m   t028 send_s1_b0_mb2: peak_alloc=24.270 GiB  peak_reserved=44.545 GiB  alloc_after=24.270 GiB  reserved_after=44.545 GiB
[36m(run_dp_rank pid=2795262)[0m   t028 reduce_scatter_s1_b0_mb0: peak_alloc=24.926 GiB  peak_reserved=44.545 GiB  alloc_after=24.270 GiB  reserved_after=44.545 GiB
[36m(run_dp_rank pid=2795262)[0m   t028 free_full_grads_s1_b-1_mb0: peak_alloc=24.270 GiB  peak_reserved=44.545 GiB  alloc_after=22.958 GiB  reserved_after=44.545 GiB
[36m(run_dp_rank pid=2795262)[0m   t032 forward_s1_b0_mb3: peak_alloc=27.731 GiB  peak_reserved=44.545 GiB  alloc_after=27.684 GiB  reserved_after=44.545 GiB
[36m(run_dp_rank pid=2795262)[0m   t032 recv_s1_b0_mb1: peak_alloc=27.708 GiB  peak_reserved=44.545 GiB  alloc_after=27.708 GiB  reserved_after=44.545 GiB
[36m(run_dp_rank pid=2795262)[0m   t032 send_s1_b0_mb0: peak_alloc=27.708 GiB  peak_reserved=44.545 GiB  alloc_after=27.684 GiB  reserved_after=44.545 GiB
[36m(run_dp_rank pid=2795262)[0m   t035 alloc_full_grads_s1_b-1_mb0: peak_alloc=28.997 GiB  peak_reserved=44.545 GiB  alloc_after=28.997 GiB  reserved_after=44.545 GiB
[36m(run_dp_rank pid=2795262)[0m   t036 backward_s1_b0_mb1: peak_alloc=29.122 GiB  peak_reserved=44.545 GiB  alloc_after=22.934 GiB  reserved_after=44.545 GiB
[36m(run_dp_rank pid=2795262)[0m   t036 recv_s3_b0_mb2: peak_alloc=22.958 GiB  peak_reserved=44.545 GiB  alloc_after=22.958 GiB  reserved_after=44.545 GiB
[36m(run_dp_rank pid=2795262)[0m   t036 send_s1_b0_mb3: peak_alloc=22.958 GiB  peak_reserved=44.545 GiB  alloc_after=22.958 GiB  reserved_after=44.545 GiB
[36m(run_dp_rank pid=2795262)[0m   t036 reduce_scatter_s1_b0_mb1: peak_alloc=23.614 GiB  peak_reserved=44.545 GiB  alloc_after=22.958 GiB  reserved_after=44.545 GiB
[36m(run_dp_rank pid=2795262)[0m   t036 free_full_grads_s1_b-1_mb0: peak_alloc=22.958 GiB  peak_reserved=44.545 GiB  alloc_after=21.645 GiB  reserved_after=44.545 GiB
[36m(run_dp_rank pid=2795262)[0m   t037 free_full_params_s1_b-1_mb0: peak_alloc=22.958 GiB  peak_reserved=44.545 GiB  alloc_after=22.958 GiB  reserved_after=44.545 GiB
[36m(run_dp_rank pid=2795262)[0m   t038 alloc_full_params_s3_b-1_mb0: peak_alloc=25.004 GiB  peak_reserved=44.545 GiB  alloc_after=22.958 GiB  reserved_after=44.545 GiB
[36m(run_dp_rank pid=2795262)[0m   t039 all_gather_s3_b0_mb0: peak_alloc=22.958 GiB  peak_reserved=44.545 GiB  alloc_after=22.958 GiB  reserved_after=44.545 GiB
[36m(run_dp_rank pid=2795262)[0m   t040 forward_s3_b0_mb2: peak_alloc=30.691 GiB  peak_reserved=44.545 GiB  alloc_after=29.712 GiB  reserved_after=44.545 GiB
[36m(run_dp_rank pid=2795262)[0m   t040 send_s1_b0_mb1: peak_alloc=29.712 GiB  peak_reserved=44.545 GiB  alloc_after=29.689 GiB  reserved_after=44.545 GiB
[36m(run_dp_rank pid=2795262)[0m   t043 alloc_full_grads_s3_b-1_mb0: peak_alloc=31.736 GiB  peak_reserved=44.545 GiB  alloc_after=31.736 GiB  reserved_after=44.545 GiB
[36m(run_dp_rank pid=2795262)[0m   t044 backward_s3_b0_mb2: peak_alloc=37.607 GiB  peak_reserved=44.545 GiB  alloc_after=24.981 GiB  reserved_after=44.545 GiB
[36m(run_dp_rank pid=2795262)[0m   t044 recv_s3_b0_mb3: peak_alloc=25.005 GiB  peak_reserved=44.545 GiB  alloc_after=25.005 GiB  reserved_after=44.545 GiB
[36m(run_dp_rank pid=2795262)[0m   t044 reduce_scatter_s3_b0_mb2: peak_alloc=26.028 GiB  peak_reserved=44.545 GiB  alloc_after=25.005 GiB  reserved_after=44.545 GiB
[36m(run_dp_rank pid=2795262)[0m   t044 free_full_grads_s3_b-1_mb0: peak_alloc=25.005 GiB  peak_reserved=44.545 GiB  alloc_after=22.958 GiB  reserved_after=44.545 GiB
[36m(run_dp_rank pid=2795262)[0m   t048 forward_s3_b0_mb3: peak_alloc=30.691 GiB  peak_reserved=44.545 GiB  alloc_after=29.712 GiB  reserved_after=44.545 GiB
[36m(run_dp_rank pid=2795262)[0m   t048 send_s3_b0_mb2: peak_alloc=29.712 GiB  peak_reserved=44.545 GiB  alloc_after=29.689 GiB  reserved_after=44.545 GiB
[36m(run_dp_rank pid=2795262)[0m   t051 alloc_full_grads_s3_b-1_mb0: peak_alloc=31.736 GiB  peak_reserved=44.545 GiB  alloc_after=31.736 GiB  reserved_after=44.545 GiB
[36m(run_dp_rank pid=2795262)[0m   t052 backward_s3_b0_mb3: peak_alloc=37.607 GiB  peak_reserved=44.545 GiB  alloc_after=24.981 GiB  reserved_after=44.545 GiB
[36m(run_dp_rank pid=2795262)[0m   t052 recv_s1_b0_mb2: peak_alloc=25.005 GiB  peak_reserved=44.545 GiB  alloc_after=25.005 GiB  reserved_after=44.545 GiB
[36m(run_dp_rank pid=2795262)[0m   t052 reduce_scatter_s3_b0_mb3: peak_alloc=26.028 GiB  peak_reserved=44.545 GiB  alloc_after=25.005 GiB  reserved_after=44.545 GiB
[36m(run_dp_rank pid=2795262)[0m   t052 free_full_grads_s3_b-1_mb0: peak_alloc=25.005 GiB  peak_reserved=44.545 GiB  alloc_after=22.958 GiB  reserved_after=44.545 GiB
[36m(run_dp_rank pid=2795262)[0m   t053 free_full_params_s3_b-1_mb0: peak_alloc=25.004 GiB  peak_reserved=44.545 GiB  alloc_after=22.958 GiB  reserved_after=44.545 GiB
[36m(run_dp_rank pid=2795262)[0m   t054 alloc_full_params_s1_b-1_mb0: peak_alloc=24.270 GiB  peak_reserved=44.545 GiB  alloc_after=22.958 GiB  reserved_after=44.545 GiB
[36m(run_dp_rank pid=2795262)[0m   t055 all_gather_s1_b0_mb0: peak_alloc=22.958 GiB  peak_reserved=44.545 GiB  alloc_after=22.958 GiB  reserved_after=44.545 GiB
[36m(run_dp_rank pid=2795262)[0m   t055 alloc_full_grads_s1_b-1_mb0: peak_alloc=24.270 GiB  peak_reserved=44.545 GiB  alloc_after=24.270 GiB  reserved_after=44.545 GiB
[36m(run_dp_rank pid=2795262)[0m   t056 backward_s1_b0_mb2: peak_alloc=24.395 GiB  peak_reserved=44.545 GiB  alloc_after=19.520 GiB  reserved_after=44.545 GiB
[36m(run_dp_rank pid=2795262)[0m   t056 recv_s1_b0_mb3: peak_alloc=19.544 GiB  peak_reserved=44.545 GiB  alloc_after=19.544 GiB  reserved_after=44.545 GiB
[36m(run_dp_rank pid=2795262)[0m   t056 send_s3_b0_mb3: peak_alloc=19.544 GiB  peak_reserved=44.545 GiB  alloc_after=19.520 GiB  reserved_after=44.545 GiB
[36m(run_dp_rank pid=2795262)[0m   t060 backward_s1_b0_mb3: peak_alloc=19.645 GiB  peak_reserved=44.545 GiB  alloc_after=13.457 GiB  reserved_after=44.545 GiB
[36m(run_dp_rank pid=2795262)[0m   t060 send_s1_b0_mb2: peak_alloc=13.457 GiB  peak_reserved=44.545 GiB  alloc_after=13.434 GiB  reserved_after=44.545 GiB
[36m(run_dp_rank pid=2795262)[0m   t060 reduce_scatter_s1_b0_mb3: peak_alloc=14.090 GiB  peak_reserved=44.545 GiB  alloc_after=13.434 GiB  reserved_after=44.545 GiB
[36m(run_dp_rank pid=2795262)[0m   t060 free_full_grads_s1_b-1_mb0: peak_alloc=13.434 GiB  peak_reserved=44.545 GiB  alloc_after=12.121 GiB  reserved_after=44.545 GiB
[36m(run_dp_rank pid=2795262)[0m   t061 free_full_params_s1_b-1_mb0: peak_alloc=13.434 GiB  peak_reserved=44.545 GiB  alloc_after=12.121 GiB  reserved_after=44.545 GiB
[36m(run_dp_rank pid=2795262)[0m   t064 update_s1_b0_mb3: peak_alloc=13.144 GiB  peak_reserved=44.545 GiB  alloc_after=12.121 GiB  reserved_after=44.545 GiB
[36m(run_dp_rank pid=2795262)[0m   t064 send_s1_b0_mb3: peak_alloc=12.121 GiB  peak_reserved=44.545 GiB  alloc_after=12.098 GiB  reserved_after=44.545 GiB
[36m(run_dp_rank pid=2795140)[0m rank 1 iter time= 0.65441 ± 0.00000 s (1 samples)
[36m(run_dp_rank pid=2795140)[0m rank 1 throughput= 25036.401 tokens/s
[36m(run_dp_rank pid=2795140)[0m rank 2 peak_memory= 10.142 GiB
[36m(run_dp_rank pid=2795140)[0m rank 3 peak_memory= 12.098 GiB
[36m(run_dp_rank pid=2795140)[0m Memory breakdown (after 1st timed iter):
[36m(run_dp_rank pid=2795140)[0m   rank 2  allocated=10.142 GiB  reserved=54.551 GiB  params=0.000 GiB  grads=0.000 GiB  shard=1.680 GiB  other(acts+optim)=10.142 GiB
[36m(run_dp_rank pid=2795140)[0m   rank 3  allocated=12.098 GiB  reserved=44.545 GiB  params=0.000 GiB  grads=0.000 GiB  shard=1.680 GiB  other(acts+optim)=12.098 GiB
[36m(run_dp_rank pid=2795140)[0m 
[36m(run_dp_rank pid=2795140)[0m === Rank 2 per-task memory debug ===
[36m(run_dp_rank pid=2795140)[0m   iter start: alloc=10.142 GiB  reserved=52.793 GiB
[36m(run_dp_rank pid=2795140)[0m   t-02 alloc_full_params_s0_b-1_mb0: peak_alloc=12.188 GiB  peak_reserved=52.793 GiB  alloc_after=10.142 GiB  reserved_after=52.793 GiB
[36m(run_dp_rank pid=2795140)[0m   t-01 all_gather_s0_b0_mb0: peak_alloc=10.142 GiB  peak_reserved=52.793 GiB  alloc_after=10.142 GiB  reserved_after=52.793 GiB
[36m(run_dp_rank pid=2795140)[0m   t000 forward_s0_b0_mb0: peak_alloc=14.916 GiB  peak_reserved=52.793 GiB  alloc_after=14.869 GiB  reserved_after=52.793 GiB
[36m(run_dp_rank pid=2795140)[0m   t004 forward_s0_b0_mb1: peak_alloc=19.642 GiB  peak_reserved=52.793 GiB  alloc_after=19.596 GiB  reserved_after=52.793 GiB
[36m(run_dp_rank pid=2795140)[0m   t004 send_s0_b0_mb0: peak_alloc=19.596 GiB  peak_reserved=52.793 GiB  alloc_after=19.596 GiB  reserved_after=52.793 GiB
[36m(run_dp_rank pid=2795140)[0m   t004 recv_s2_b0_mb0: peak_alloc=19.619 GiB  peak_reserved=52.793 GiB  alloc_after=19.619 GiB  reserved_after=52.793 GiB
[36m(run_dp_rank pid=2795140)[0m   t005 free_full_params_s0_b-1_mb0: peak_alloc=21.665 GiB  peak_reserved=52.793 GiB  alloc_after=21.665 GiB  reserved_after=52.793 GiB
[36m(run_dp_rank pid=2795140)[0m   t006 alloc_full_params_s2_b-1_mb0: peak_alloc=22.978 GiB  peak_reserved=52.793 GiB  alloc_after=21.665 GiB  reserved_after=52.793 GiB
[36m(run_dp_rank pid=2795140)[0m   t007 all_gather_s2_b0_mb0: peak_alloc=21.665 GiB  peak_reserved=52.793 GiB  alloc_after=21.665 GiB  reserved_after=52.793 GiB
[36m(run_dp_rank pid=2795140)[0m   t008 forward_s2_b0_mb0: peak_alloc=26.439 GiB  peak_reserved=52.793 GiB  alloc_after=26.392 GiB  reserved_after=52.793 GiB
[36m(run_dp_rank pid=2795140)[0m   t008 send_s0_b0_mb1: peak_alloc=26.392 GiB  peak_reserved=52.793 GiB  alloc_after=26.392 GiB  reserved_after=52.793 GiB
[36m(run_dp_rank pid=2795140)[0m   t008 recv_s2_b0_mb1: peak_alloc=26.415 GiB  peak_reserved=52.793 GiB  alloc_after=26.415 GiB  reserved_after=52.793 GiB
[36m(run_dp_rank pid=2795140)[0m   t012 forward_s2_b0_mb1: peak_alloc=31.189 GiB  peak_reserved=52.793 GiB  alloc_after=31.142 GiB  reserved_after=52.793 GiB
[36m(run_dp_rank pid=2795140)[0m   t012 send_s2_b0_mb0: peak_alloc=31.142 GiB  peak_reserved=52.793 GiB  alloc_after=31.142 GiB  reserved_after=52.793 GiB
[36m(run_dp_rank pid=2795140)[0m   t013 free_full_params_s2_b-1_mb0: peak_alloc=32.455 GiB  peak_reserved=52.793 GiB  alloc_after=32.455 GiB  reserved_after=52.793 GiB
[36m(run_dp_rank pid=2795140)[0m   t014 alloc_full_params_s0_b-1_mb0: peak_alloc=34.501 GiB  peak_reserved=52.793 GiB  alloc_after=32.455 GiB  reserved_after=52.793 GiB
[36m(run_dp_rank pid=2795140)[0m   t015 all_gather_s0_b0_mb0: peak_alloc=32.455 GiB  peak_reserved=52.793 GiB  alloc_after=32.455 GiB  reserved_after=52.793 GiB
[36m(run_dp_rank pid=2795140)[0m   t016 forward_s0_b0_mb2: peak_alloc=37.229 GiB  peak_reserved=52.793 GiB  alloc_after=37.182 GiB  reserved_after=52.793 GiB
[36m(run_dp_rank pid=2795140)[0m   t016 send_s2_b0_mb1: peak_alloc=37.182 GiB  peak_reserved=52.793 GiB  alloc_after=37.182 GiB  reserved_after=52.793 GiB
[36m(run_dp_rank pid=2795140)[0m   t016 recv_s2_b0_mb0: peak_alloc=37.206 GiB  peak_reserved=52.793 GiB  alloc_after=37.206 GiB  reserved_after=52.793 GiB
[36m(run_dp_rank pid=2795140)[0m   t017 free_full_params_s0_b-1_mb0: peak_alloc=39.252 GiB  peak_reserved=52.793 GiB  alloc_after=39.252 GiB  reserved_after=52.793 GiB
[36m(run_dp_rank pid=2795140)[0m   t018 alloc_full_params_s2_b-1_mb0: peak_alloc=40.565 GiB  peak_reserved=52.793 GiB  alloc_after=39.252 GiB  reserved_after=52.793 GiB
[36m(run_dp_rank pid=2795140)[0m   t019 all_gather_s2_b0_mb0: peak_alloc=39.252 GiB  peak_reserved=52.793 GiB  alloc_after=39.252 GiB  reserved_after=52.793 GiB
[36m(run_dp_rank pid=2795140)[0m   t019 alloc_full_grads_s2_b-1_mb0: peak_alloc=40.565 GiB  peak_reserved=52.793 GiB  alloc_after=40.565 GiB  reserved_after=52.793 GiB
[36m(run_dp_rank pid=2795140)[0m   t020 backward_s2_b0_mb0: peak_alloc=40.690 GiB  peak_reserved=52.793 GiB  alloc_after=35.814 GiB  reserved_after=52.793 GiB
[36m(run_dp_rank pid=2795140)[0m   t020 send_s0_b0_mb2: peak_alloc=35.814 GiB  peak_reserved=52.793 GiB  alloc_after=35.814 GiB  reserved_after=52.793 GiB
[36m(run_dp_rank pid=2795140)[0m   t020 reduce_scatter_s2_b0_mb0: peak_alloc=36.470 GiB  peak_reserved=52.793 GiB  alloc_after=35.814 GiB  reserved_after=52.793 GiB
[36m(run_dp_rank pid=2795140)[0m   t020 free_full_grads_s2_b-1_mb0: peak_alloc=35.814 GiB  peak_reserved=52.793 GiB  alloc_after=34.501 GiB  reserved_after=52.793 GiB
[36m(run_dp_rank pid=2795140)[0m   t021 free_full_params_s2_b-1_mb0: peak_alloc=35.814 GiB  peak_reserved=52.793 GiB  alloc_after=34.501 GiB  reserved_after=52.793 GiB
[36m(run_dp_rank pid=2795140)[0m   t022 alloc_full_params_s0_b-1_mb0: peak_alloc=36.548 GiB  peak_reserved=52.793 GiB  alloc_after=34.502 GiB  reserved_after=52.793 GiB
[36m(run_dp_rank pid=2795140)[0m   t023 all_gather_s0_b0_mb0: peak_alloc=34.502 GiB  peak_reserved=52.793 GiB  alloc_after=34.502 GiB  reserved_after=52.793 GiB
[36m(run_dp_rank pid=2795140)[0m   t024 forward_s0_b0_mb3: peak_alloc=39.275 GiB  peak_reserved=52.793 GiB  alloc_after=39.229 GiB  reserved_after=52.793 GiB
[36m(run_dp_rank pid=2795140)[0m   t024 send_s2_b0_mb0: peak_alloc=39.229 GiB  peak_reserved=52.793 GiB  alloc_after=39.205 GiB  reserved_after=52.793 GiB
[36m(run_dp_rank pid=2795140)[0m   t024 recv_s2_b0_mb1: peak_alloc=39.229 GiB  peak_reserved=52.793 GiB  alloc_after=39.229 GiB  reserved_after=52.793 GiB
[36m(run_dp_rank pid=2795140)[0m   t025 free_full_params_s0_b-1_mb0: peak_alloc=41.275 GiB  peak_reserved=52.793 GiB  alloc_after=41.275 GiB  reserved_after=52.793 GiB
[36m(run_dp_rank pid=2795140)[0m   t026 alloc_full_params_s2_b-1_mb0: peak_alloc=42.588 GiB  peak_reserved=52.793 GiB  alloc_after=41.275 GiB  reserved_after=52.793 GiB
[36m(run_dp_rank pid=2795140)[0m   t027 all_gather_s2_b0_mb0: peak_alloc=41.275 GiB  peak_reserved=52.793 GiB  alloc_after=41.275 GiB  reserved_after=52.793 GiB
[36m(run_dp_rank pid=2795140)[0m   t027 alloc_full_grads_s2_b-1_mb0: peak_alloc=42.588 GiB  peak_reserved=52.793 GiB  alloc_after=42.588 GiB  reserved_after=52.793 GiB
[36m(run_dp_rank pid=2795140)[0m   t028 backward_s2_b0_mb1: peak_alloc=42.713 GiB  peak_reserved=52.793 GiB  alloc_after=36.525 GiB  reserved_after=52.793 GiB
[36m(run_dp_rank pid=2795140)[0m   t028 send_s0_b0_mb3: peak_alloc=36.525 GiB  peak_reserved=52.793 GiB  alloc_after=36.525 GiB  reserved_after=52.793 GiB
[36m(run_dp_rank pid=2795140)[0m   t028 recv_s2_b0_mb2: peak_alloc=36.548 GiB  peak_reserved=52.793 GiB  alloc_after=36.548 GiB  reserved_after=52.793 GiB
[36m(run_dp_rank pid=2795140)[0m   t028 reduce_scatter_s2_b0_mb1: peak_alloc=37.205 GiB  peak_reserved=52.793 GiB  alloc_after=36.548 GiB  reserved_after=52.793 GiB
[36m(run_dp_rank pid=2795140)[0m   t028 free_full_grads_s2_b-1_mb0: peak_alloc=36.548 GiB  peak_reserved=52.793 GiB  alloc_after=35.236 GiB  reserved_after=52.793 GiB
[36m(run_dp_rank pid=2795140)[0m   t032 forward_s2_b0_mb2: peak_alloc=40.009 GiB  peak_reserved=52.793 GiB  alloc_after=39.962 GiB  reserved_after=52.793 GiB
[36m(run_dp_rank pid=2795140)[0m   t032 send_s2_b0_mb1: peak_alloc=39.962 GiB  peak_reserved=52.793 GiB  alloc_after=39.939 GiB  reserved_after=52.793 GiB
[36m(run_dp_rank pid=2795140)[0m   t032 recv_s0_b0_mb0: peak_alloc=39.962 GiB  peak_reserved=52.793 GiB  alloc_after=39.962 GiB  reserved_after=52.793 GiB
[36m(run_dp_rank pid=2795140)[0m   t033 free_full_params_s2_b-1_mb0: peak_alloc=41.276 GiB  peak_reserved=52.793 GiB  alloc_after=41.276 GiB  reserved_after=52.793 GiB
[36m(run_dp_rank pid=2795140)[0m   t034 alloc_full_params_s0_b-1_mb0: peak_alloc=43.322 GiB  peak_reserved=52.793 GiB  alloc_after=41.276 GiB  reserved_after=52.793 GiB
[36m(run_dp_rank pid=2795140)[0m   t035 all_gather_s0_b0_mb0: peak_alloc=41.276 GiB  peak_reserved=52.793 GiB  alloc_after=41.276 GiB  reserved_after=52.793 GiB
[36m(run_dp_rank pid=2795140)[0m   t035 alloc_full_grads_s0_b-1_mb0: peak_alloc=43.323 GiB  peak_reserved=52.793 GiB  alloc_after=43.323 GiB  reserved_after=52.793 GiB
[36m(run_dp_rank pid=2795140)[0m   t036 backward_s0_b0_mb0: peak_alloc=43.448 GiB  peak_reserved=53.527 GiB  alloc_after=38.573 GiB  reserved_after=53.527 GiB
[36m(run_dp_rank pid=2795140)[0m   t036 send_s2_b0_mb2: peak_alloc=38.573 GiB  peak_reserved=53.527 GiB  alloc_after=38.573 GiB  reserved_after=53.527 GiB
[36m(run_dp_rank pid=2795140)[0m   t036 recv_s2_b0_mb3: peak_alloc=38.596 GiB  peak_reserved=53.527 GiB  alloc_after=38.596 GiB  reserved_after=53.527 GiB
[36m(run_dp_rank pid=2795140)[0m   t036 reduce_scatter_s0_b0_mb0: peak_alloc=39.619 GiB  peak_reserved=53.527 GiB  alloc_after=38.596 GiB  reserved_after=53.527 GiB
[36m(run_dp_rank pid=2795140)[0m   t036 free_full_grads_s0_b-1_mb0: peak_alloc=38.596 GiB  peak_reserved=53.527 GiB  alloc_after=36.549 GiB  reserved_after=53.527 GiB
[36m(run_dp_rank pid=2795140)[0m   t037 free_full_params_s0_b-1_mb0: peak_alloc=38.596 GiB  peak_reserved=53.527 GiB  alloc_after=36.549 GiB  reserved_after=53.527 GiB
[36m(run_dp_rank pid=2795140)[0m   t038 alloc_full_params_s2_b-1_mb0: peak_alloc=37.861 GiB  peak_reserved=53.527 GiB  alloc_after=36.548 GiB  reserved_after=53.527 GiB
[36m(run_dp_rank pid=2795140)[0m   t039 all_gather_s2_b0_mb0: peak_alloc=36.548 GiB  peak_reserved=53.527 GiB  alloc_after=36.548 GiB  reserved_after=53.527 GiB
[36m(run_dp_rank pid=2795140)[0m   t040 forward_s2_b0_mb3: peak_alloc=41.322 GiB  peak_reserved=53.527 GiB  alloc_after=41.275 GiB  reserved_after=53.527 GiB
[36m(run_dp_rank pid=2795140)[0m   t040 recv_s0_b0_mb1: peak_alloc=41.298 GiB  peak_reserved=53.527 GiB  alloc_after=41.298 GiB  reserved_after=53.527 GiB
[36m(run_dp_rank pid=2795140)[0m   t041 free_full_params_s2_b-1_mb0: peak_alloc=42.612 GiB  peak_reserved=53.527 GiB  alloc_after=42.612 GiB  reserved_after=53.527 GiB
[36m(run_dp_rank pid=2795140)[0m   t042 alloc_full_params_s0_b-1_mb0: peak_alloc=44.658 GiB  peak_reserved=53.527 GiB  alloc_after=42.612 GiB  reserved_after=53.527 GiB
[36m(run_dp_rank pid=2795140)[0m   t043 all_gather_s0_b0_mb0: peak_alloc=42.612 GiB  peak_reserved=53.527 GiB  alloc_after=42.612 GiB  reserved_after=53.527 GiB
[36m(run_dp_rank pid=2795140)[0m   t043 alloc_full_grads_s0_b-1_mb0: peak_alloc=44.659 GiB  peak_reserved=53.527 GiB  alloc_after=44.659 GiB  reserved_after=53.527 GiB
[36m(run_dp_rank pid=2795140)[0m   t044 backward_s0_b0_mb1: peak_alloc=44.784 GiB  peak_reserved=53.527 GiB  alloc_after=37.862 GiB  reserved_after=53.527 GiB
[36m(run_dp_rank pid=2795140)[0m   t044 send_s2_b0_mb3: peak_alloc=37.862 GiB  peak_reserved=53.527 GiB  alloc_after=37.862 GiB  reserved_after=53.527 GiB
[36m(run_dp_rank pid=2795140)[0m   t044 recv_s2_b0_mb2: peak_alloc=37.885 GiB  peak_reserved=53.527 GiB  alloc_after=37.885 GiB  reserved_after=53.527 GiB
[36m(run_dp_rank pid=2795140)[0m   t044 reduce_scatter_s0_b0_mb1: peak_alloc=38.909 GiB  peak_reserved=53.527 GiB  alloc_after=37.885 GiB  reserved_after=53.527 GiB
[36m(run_dp_rank pid=2795140)[0m   t044 free_full_grads_s0_b-1_mb0: peak_alloc=37.885 GiB  peak_reserved=53.527 GiB  alloc_after=35.838 GiB  reserved_after=53.527 GiB
[36m(run_dp_rank pid=2795140)[0m   t045 free_full_params_s0_b-1_mb0: peak_alloc=37.885 GiB  peak_reserved=53.527 GiB  alloc_after=35.838 GiB  reserved_after=53.527 GiB
[36m(run_dp_rank pid=2795140)[0m   t046 alloc_full_params_s2_b-1_mb0: peak_alloc=37.150 GiB  peak_reserved=53.527 GiB  alloc_after=35.837 GiB  reserved_after=53.527 GiB
[36m(run_dp_rank pid=2795140)[0m   t047 all_gather_s2_b0_mb0: peak_alloc=35.837 GiB  peak_reserved=53.527 GiB  alloc_after=35.837 GiB  reserved_after=53.527 GiB
[36m(run_dp_rank pid=2795140)[0m   t047 alloc_full_grads_s2_b-1_mb0: peak_alloc=37.150 GiB  peak_reserved=53.527 GiB  alloc_after=37.150 GiB  reserved_after=53.527 GiB
[36m(run_dp_rank pid=2795140)[0m   t048 backward_s2_b0_mb2: peak_alloc=37.275 GiB  peak_reserved=53.527 GiB  alloc_after=31.087 GiB  reserved_after=53.527 GiB
[36m(run_dp_rank pid=2795140)[0m   t048 recv_s2_b0_mb3: peak_alloc=31.111 GiB  peak_reserved=53.527 GiB  alloc_after=31.111 GiB  reserved_after=53.527 GiB
[36m(run_dp_rank pid=2795140)[0m   t052 backward_s2_b0_mb3: peak_alloc=31.236 GiB  peak_reserved=53.527 GiB  alloc_after=25.048 GiB  reserved_after=53.527 GiB
[36m(run_dp_rank pid=2795140)[0m   t052 send_s2_b0_mb2: peak_alloc=25.048 GiB  peak_reserved=53.527 GiB  alloc_after=25.024 GiB  reserved_after=53.527 GiB
[36m(run_dp_rank pid=2795140)[0m   t052 recv_s0_b0_mb2: peak_alloc=25.048 GiB  peak_reserved=53.527 GiB  alloc_after=25.048 GiB  reserved_after=53.527 GiB
[36m(run_dp_rank pid=2795140)[0m   t052 reduce_scatter_s2_b0_mb3: peak_alloc=25.704 GiB  peak_reserved=53.527 GiB  alloc_after=25.048 GiB  reserved_after=53.527 GiB
[36m(run_dp_rank pid=2795140)[0m   t052 free_full_grads_s2_b-1_mb0: peak_alloc=25.048 GiB  peak_reserved=53.527 GiB  alloc_after=23.735 GiB  reserved_after=53.527 GiB
[36m(run_dp_rank pid=2795140)[0m   t053 free_full_params_s2_b-1_mb0: peak_alloc=25.048 GiB  peak_reserved=53.527 GiB  alloc_after=23.736 GiB  reserved_after=53.527 GiB
[36m(run_dp_rank pid=2795140)[0m   t054 alloc_full_params_s0_b-1_mb0: peak_alloc=25.783 GiB  peak_reserved=53.527 GiB  alloc_after=23.736 GiB  reserved_after=53.527 GiB
[36m(run_dp_rank pid=2795140)[0m   t055 all_gather_s0_b0_mb0: peak_alloc=23.736 GiB  peak_reserved=53.527 GiB  alloc_after=23.736 GiB  reserved_after=53.527 GiB
[36m(run_dp_rank pid=2795140)[0m   t055 alloc_full_grads_s0_b-1_mb0: peak_alloc=25.783 GiB  peak_reserved=53.527 GiB  alloc_after=25.783 GiB  reserved_after=53.527 GiB
[36m(run_dp_rank pid=2795140)[0m   t056 backward_s0_b0_mb2: peak_alloc=25.908 GiB  peak_reserved=53.527 GiB  alloc_after=18.986 GiB  reserved_after=53.527 GiB
[36m(run_dp_rank pid=2795140)[0m   t056 send_s2_b0_mb3: peak_alloc=18.986 GiB  peak_reserved=53.527 GiB  alloc_after=18.963 GiB  reserved_after=53.527 GiB
[36m(run_dp_rank pid=2795140)[0m   t056 recv_s0_b0_mb3: peak_alloc=18.986 GiB  peak_reserved=53.527 GiB  alloc_after=18.986 GiB  reserved_after=53.527 GiB
[36m(run_dp_rank pid=2795140)[0m   t060 backward_s0_b0_mb3: peak_alloc=19.111 GiB  peak_reserved=53.527 GiB  alloc_after=12.189 GiB  reserved_after=53.527 GiB
[36m(run_dp_rank pid=2795140)[0m   t060 reduce_scatter_s0_b0_mb3: peak_alloc=13.212 GiB  peak_reserved=53.527 GiB  alloc_after=12.189 GiB  reserved_after=53.527 GiB
[36m(run_dp_rank pid=2795140)[0m   t060 free_full_grads_s0_b-1_mb0: peak_alloc=12.189 GiB  peak_reserved=53.527 GiB  alloc_after=10.142 GiB  reserved_after=53.527 GiB
[36m(run_dp_rank pid=2795140)[0m   t061 free_full_params_s0_b-1_mb0: peak_alloc=12.188 GiB  peak_reserved=53.527 GiB  alloc_after=10.142 GiB  reserved_after=53.527 GiB
[36m(run_dp_rank pid=2795140)[0m   t064 update_s0_b0_mb3: peak_alloc=11.165 GiB  peak_reserved=54.551 GiB  alloc_after=10.142 GiB  reserved_after=54.551 GiB
[36m(run_dp_rank pid=2795140)[0m 
[36m(run_dp_rank pid=2795140)[0m === Rank 3 per-task memory debug ===
[36m(run_dp_rank pid=2795140)[0m   iter start: alloc=12.098 GiB  reserved=40.631 GiB
[36m(run_dp_rank pid=2795140)[0m   t-04 recv_s1_b0_mb0: peak_alloc=12.121 GiB  peak_reserved=40.631 GiB  alloc_after=12.121 GiB  reserved_after=40.631 GiB
[36m(run_dp_rank pid=2795140)[0m   t-02 alloc_full_params_s1_b-1_mb0: peak_alloc=13.434 GiB  peak_reserved=40.631 GiB  alloc_after=12.121 GiB  reserved_after=40.631 GiB
[36m(run_dp_rank pid=2795140)[0m   t-01 all_gather_s1_b0_mb0: peak_alloc=12.121 GiB  peak_reserved=40.631 GiB  alloc_after=12.121 GiB  reserved_after=40.631 GiB
[36m(run_dp_rank pid=2795140)[0m   t000 forward_s1_b0_mb0: peak_alloc=16.895 GiB  peak_reserved=40.631 GiB  alloc_after=16.848 GiB  reserved_after=40.631 GiB
[36m(run_dp_rank pid=2795140)[0m   t000 recv_s1_b0_mb1: peak_alloc=16.871 GiB  peak_reserved=40.631 GiB  alloc_after=16.871 GiB  reserved_after=40.631 GiB
[36m(run_dp_rank pid=2795140)[0m   t004 forward_s1_b0_mb1: peak_alloc=21.645 GiB  peak_reserved=40.631 GiB  alloc_after=21.598 GiB  reserved_after=40.631 GiB
[36m(run_dp_rank pid=2795140)[0m   t004 recv_s3_b0_mb0: peak_alloc=21.622 GiB  peak_reserved=40.631 GiB  alloc_after=21.622 GiB  reserved_after=40.631 GiB
[36m(run_dp_rank pid=2795140)[0m   t004 send_s1_b0_mb0: peak_alloc=21.622 GiB  peak_reserved=40.631 GiB  alloc_after=21.622 GiB  reserved_after=40.631 GiB
[36m(run_dp_rank pid=2795140)[0m   t005 free_full_params_s1_b-1_mb0: peak_alloc=22.934 GiB  peak_reserved=40.631 GiB  alloc_after=22.934 GiB  reserved_after=40.631 GiB
[36m(run_dp_rank pid=2795140)[0m   t006 alloc_full_params_s3_b-1_mb0: peak_alloc=24.981 GiB  peak_reserved=40.631 GiB  alloc_after=22.935 GiB  reserved_after=40.631 GiB
[36m(run_dp_rank pid=2795140)[0m   t007 all_gather_s3_b0_mb0: peak_alloc=22.935 GiB  peak_reserved=40.631 GiB  alloc_after=22.935 GiB  reserved_after=40.631 GiB
[36m(run_dp_rank pid=2795140)[0m   t008 forward_s3_b0_mb0: peak_alloc=30.667 GiB  peak_reserved=40.631 GiB  alloc_after=29.689 GiB  reserved_after=40.631 GiB
[36m(run_dp_rank pid=2795140)[0m   t008 send_s1_b0_mb1: peak_alloc=29.689 GiB  peak_reserved=40.631 GiB  alloc_after=29.689 GiB  reserved_after=40.631 GiB
[36m(run_dp_rank pid=2795140)[0m   t011 alloc_full_grads_s3_b-1_mb0: peak_alloc=31.736 GiB  peak_reserved=40.631 GiB  alloc_after=31.736 GiB  reserved_after=40.631 GiB
[36m(run_dp_rank pid=2795140)[0m   t012 backward_s3_b0_mb0: peak_alloc=37.607 GiB  peak_reserved=44.545 GiB  alloc_after=24.981 GiB  reserved_after=44.545 GiB
[36m(run_dp_rank pid=2795140)[0m   t012 recv_s3_b0_mb1: peak_alloc=25.005 GiB  peak_reserved=44.545 GiB  alloc_after=25.005 GiB  reserved_after=44.545 GiB
[36m(run_dp_rank pid=2795140)[0m   t012 reduce_scatter_s3_b0_mb0: peak_alloc=26.028 GiB  peak_reserved=44.545 GiB  alloc_after=25.005 GiB  reserved_after=44.545 GiB
[36m(run_dp_rank pid=2795140)[0m   t012 free_full_grads_s3_b-1_mb0: peak_alloc=25.005 GiB  peak_reserved=44.545 GiB  alloc_after=22.958 GiB  reserved_after=44.545 GiB
[36m(run_dp_rank pid=2795140)[0m   t016 forward_s3_b0_mb1: peak_alloc=30.691 GiB  peak_reserved=44.545 GiB  alloc_after=29.712 GiB  reserved_after=44.545 GiB
[36m(run_dp_rank pid=2795140)[0m   t016 send_s3_b0_mb0: peak_alloc=29.712 GiB  peak_reserved=44.545 GiB  alloc_after=29.689 GiB  reserved_after=44.545 GiB
[36m(run_dp_rank pid=2795140)[0m   t019 alloc_full_grads_s3_b-1_mb0: peak_alloc=31.736 GiB  peak_reserved=44.545 GiB  alloc_after=31.736 GiB  reserved_after=44.545 GiB
[36m(run_dp_rank pid=2795140)[0m   t020 backward_s3_b0_mb1: peak_alloc=37.607 GiB  peak_reserved=44.545 GiB  alloc_after=24.981 GiB  reserved_after=44.545 GiB
[36m(run_dp_rank pid=2795140)[0m   t020 recv_s1_b0_mb2: peak_alloc=25.005 GiB  peak_reserved=44.545 GiB  alloc_after=25.005 GiB  reserved_after=44.545 GiB
[36m(run_dp_rank pid=2795140)[0m   t020 reduce_scatter_s3_b0_mb1: peak_alloc=26.028 GiB  peak_reserved=44.545 GiB  alloc_after=25.005 GiB  reserved_after=44.545 GiB
[36m(run_dp_rank pid=2795140)[0m   t020 free_full_grads_s3_b-1_mb0: peak_alloc=25.005 GiB  peak_reserved=44.545 GiB  alloc_after=22.958 GiB  reserved_after=44.545 GiB
[36m(run_dp_rank pid=2795140)[0m   t021 free_full_params_s3_b-1_mb0: peak_alloc=25.004 GiB  peak_reserved=44.545 GiB  alloc_after=22.958 GiB  reserved_after=44.545 GiB
[36m(run_dp_rank pid=2795140)[0m   t022 alloc_full_params_s1_b-1_mb0: peak_alloc=24.270 GiB  peak_reserved=44.545 GiB  alloc_after=22.958 GiB  reserved_after=44.545 GiB
[36m(run_dp_rank pid=2795140)[0m   t023 all_gather_s1_b0_mb0: peak_alloc=22.958 GiB  peak_reserved=44.545 GiB  alloc_after=22.958 GiB  reserved_after=44.545 GiB
[36m(run_dp_rank pid=2795140)[0m   t024 forward_s1_b0_mb2: peak_alloc=27.731 GiB  peak_reserved=44.545 GiB  alloc_after=27.684 GiB  reserved_after=44.545 GiB
[36m(run_dp_rank pid=2795140)[0m   t024 recv_s1_b0_mb0: peak_alloc=27.708 GiB  peak_reserved=44.545 GiB  alloc_after=27.708 GiB  reserved_after=44.545 GiB
[36m(run_dp_rank pid=2795140)[0m   t024 send_s3_b0_mb1: peak_alloc=27.708 GiB  peak_reserved=44.545 GiB  alloc_after=27.684 GiB  reserved_after=44.545 GiB
[36m(run_dp_rank pid=2795140)[0m   t027 alloc_full_grads_s1_b-1_mb0: peak_alloc=28.997 GiB  peak_reserved=44.545 GiB  alloc_after=28.997 GiB  reserved_after=44.545 GiB
[36m(run_dp_rank pid=2795140)[0m   t028 backward_s1_b0_mb0: peak_alloc=29.122 GiB  peak_reserved=44.545 GiB  alloc_after=24.247 GiB  reserved_after=44.545 GiB
[36m(run_dp_rank pid=2795140)[0m   t028 recv_s1_b0_mb3: peak_alloc=24.270 GiB  peak_reserved=44.545 GiB  alloc_after=24.270 GiB  reserved_after=44.545 GiB
[36m(run_dp_rank pid=2795140)[0m   t028 send_s1_b0_mb2: peak_alloc=24.270 GiB  peak_reserved=44.545 GiB  alloc_after=24.270 GiB  reserved_after=44.545 GiB
[36m(run_dp_rank pid=2795140)[0m   t028 reduce_scatter_s1_b0_mb0: peak_alloc=24.926 GiB  peak_reserved=44.545 GiB  alloc_after=24.270 GiB  reserved_after=44.545 GiB
[36m(run_dp_rank pid=2795140)[0m   t028 free_full_grads_s1_b-1_mb0: peak_alloc=24.270 GiB  peak_reserved=44.545 GiB  alloc_after=22.958 GiB  reserved_after=44.545 GiB
[36m(run_dp_rank pid=2795140)[0m   t032 forward_s1_b0_mb3: peak_alloc=27.731 GiB  peak_reserved=44.545 GiB  alloc_after=27.684 GiB  reserved_after=44.545 GiB
[36m(run_dp_rank pid=2795140)[0m   t032 recv_s1_b0_mb1: peak_alloc=27.708 GiB  peak_reserved=44.545 GiB  alloc_after=27.708 GiB  reserved_after=44.545 GiB
[36m(run_dp_rank pid=2795140)[0m   t032 send_s1_b0_mb0: peak_alloc=27.708 GiB  peak_reserved=44.545 GiB  alloc_after=27.684 GiB  reserved_after=44.545 GiB
[36m(run_dp_rank pid=2795140)[0m   t035 alloc_full_grads_s1_b-1_mb0: peak_alloc=28.997 GiB  peak_reserved=44.545 GiB  alloc_after=28.997 GiB  reserved_after=44.545 GiB
[36m(run_dp_rank pid=2795140)[0m   t036 backward_s1_b0_mb1: peak_alloc=29.122 GiB  peak_reserved=44.545 GiB  alloc_after=22.934 GiB  reserved_after=44.545 GiB
[36m(run_dp_rank pid=2795140)[0m   t036 recv_s3_b0_mb2: peak_alloc=22.958 GiB  peak_reserved=44.545 GiB  alloc_after=22.958 GiB  reserved_after=44.545 GiB
[36m(run_dp_rank pid=2795140)[0m   t036 send_s1_b0_mb3: peak_alloc=22.958 GiB  peak_reserved=44.545 GiB  alloc_after=22.958 GiB  reserved_after=44.545 GiB
[36m(run_dp_rank pid=2795140)[0m   t036 reduce_scatter_s1_b0_mb1: peak_alloc=23.614 GiB  peak_reserved=44.545 GiB  alloc_after=22.958 GiB  reserved_after=44.545 GiB
[36m(run_dp_rank pid=2795140)[0m   t036 free_full_grads_s1_b-1_mb0: peak_alloc=22.958 GiB  peak_reserved=44.545 GiB  alloc_after=21.645 GiB  reserved_after=44.545 GiB
[36m(run_dp_rank pid=2795140)[0m   t037 free_full_params_s1_b-1_mb0: peak_alloc=22.958 GiB  peak_reserved=44.545 GiB  alloc_after=22.958 GiB  reserved_after=44.545 GiB
[36m(run_dp_rank pid=2795140)[0m   t038 alloc_full_params_s3_b-1_mb0: peak_alloc=25.004 GiB  peak_reserved=44.545 GiB  alloc_after=22.958 GiB  reserved_after=44.545 GiB
[36m(run_dp_rank pid=2795140)[0m   t039 all_gather_s3_b0_mb0: peak_alloc=22.958 GiB  peak_reserved=44.545 GiB  alloc_after=22.958 GiB  reserved_after=44.545 GiB
[36m(run_dp_rank pid=2795140)[0m   t040 forward_s3_b0_mb2: peak_alloc=30.691 GiB  peak_reserved=44.545 GiB  alloc_after=29.712 GiB  reserved_after=44.545 GiB
[36m(run_dp_rank pid=2795140)[0m   t040 send_s1_b0_mb1: peak_alloc=29.712 GiB  peak_reserved=44.545 GiB  alloc_after=29.689 GiB  reserved_after=44.545 GiB
[36m(run_dp_rank pid=2795140)[0m   t043 alloc_full_grads_s3_b-1_mb0: peak_alloc=31.736 GiB  peak_reserved=44.545 GiB  alloc_after=31.736 GiB  reserved_after=44.545 GiB
[36m(run_dp_rank pid=2795140)[0m   t044 backward_s3_b0_mb2: peak_alloc=37.607 GiB  peak_reserved=44.545 GiB  alloc_after=24.981 GiB  reserved_after=44.545 GiB
[36m(run_dp_rank pid=2795140)[0m   t044 recv_s3_b0_mb3: peak_alloc=25.005 GiB  peak_reserved=44.545 GiB  alloc_after=25.005 GiB  reserved_after=44.545 GiB
[36m(run_dp_rank pid=2795140)[0m   t044 reduce_scatter_s3_b0_mb2: peak_alloc=26.028 GiB  peak_reserved=44.545 GiB  alloc_after=25.005 GiB  reserved_after=44.545 GiB
[36m(run_dp_rank pid=2795140)[0m   t044 free_full_grads_s3_b-1_mb0: peak_alloc=25.005 GiB  peak_reserved=44.545 GiB  alloc_after=22.958 GiB  reserved_after=44.545 GiB
[36m(run_dp_rank pid=2795140)[0m   t048 forward_s3_b0_mb3: peak_alloc=30.691 GiB  peak_reserved=44.545 GiB  alloc_after=29.712 GiB  reserved_after=44.545 GiB
[36m(run_dp_rank pid=2795140)[0m   t048 send_s3_b0_mb2: peak_alloc=29.712 GiB  peak_reserved=44.545 GiB  alloc_after=29.689 GiB  reserved_after=44.545 GiB
[36m(run_dp_rank pid=2795140)[0m   t051 alloc_full_grads_s3_b-1_mb0: peak_alloc=31.736 GiB  peak_reserved=44.545 GiB  alloc_after=31.736 GiB  reserved_after=44.545 GiB
[36m(run_dp_rank pid=2795140)[0m   t052 backward_s3_b0_mb3: peak_alloc=37.607 GiB  peak_reserved=44.545 GiB  alloc_after=24.981 GiB  reserved_after=44.545 GiB
[36m(run_dp_rank pid=2795140)[0m   t052 recv_s1_b0_mb2: peak_alloc=25.005 GiB  peak_reserved=44.545 GiB  alloc_after=25.005 GiB  reserved_after=44.545 GiB
[36m(run_dp_rank pid=2795140)[0m   t052 reduce_scatter_s3_b0_mb3: peak_alloc=26.028 GiB  peak_reserved=44.545 GiB  alloc_after=25.005 GiB  reserved_after=44.545 GiB
[36m(run_dp_rank pid=2795140)[0m   t052 free_full_grads_s3_b-1_mb0: peak_alloc=25.005 GiB  peak_reserved=44.545 GiB  alloc_after=22.958 GiB  reserved_after=44.545 GiB
[36m(run_dp_rank pid=2795140)[0m   t053 free_full_params_s3_b-1_mb0: peak_alloc=25.004 GiB  peak_reserved=44.545 GiB  alloc_after=22.958 GiB  reserved_after=44.545 GiB
[36m(run_dp_rank pid=2795140)[0m   t054 alloc_full_params_s1_b-1_mb0: peak_alloc=24.270 GiB  peak_reserved=44.545 GiB  alloc_after=22.958 GiB  reserved_after=44.545 GiB
[36m(run_dp_rank pid=2795140)[0m   t055 all_gather_s1_b0_mb0: peak_alloc=22.958 GiB  peak_reserved=44.545 GiB  alloc_after=22.958 GiB  reserved_after=44.545 GiB
[36m(run_dp_rank pid=2795140)[0m   t055 alloc_full_grads_s1_b-1_mb0: peak_alloc=24.270 GiB  peak_reserved=44.545 GiB  alloc_after=24.270 GiB  reserved_after=44.545 GiB
[36m(run_dp_rank pid=2795140)[0m   t056 backward_s1_b0_mb2: peak_alloc=24.395 GiB  peak_reserved=44.545 GiB  alloc_after=19.520 GiB  reserved_after=44.545 GiB
[36m(run_dp_rank pid=2795140)[0m   t056 recv_s1_b0_mb3: peak_alloc=19.544 GiB  peak_reserved=44.545 GiB  alloc_after=19.544 GiB  reserved_after=44.545 GiB
[36m(run_dp_rank pid=2795140)[0m   t056 send_s3_b0_mb3: peak_alloc=19.544 GiB  peak_reserved=44.545 GiB  alloc_after=19.520 GiB  reserved_after=44.545 GiB
[36m(run_dp_rank pid=2795140)[0m   t060 backward_s1_b0_mb3: peak_alloc=19.645 GiB  peak_reserved=44.545 GiB  alloc_after=13.457 GiB  reserved_after=44.545 GiB
[36m(run_dp_rank pid=2795140)[0m   t060 send_s1_b0_mb2: peak_alloc=13.457 GiB  peak_reserved=44.545 GiB  alloc_after=13.434 GiB  reserved_after=44.545 GiB
[36m(run_dp_rank pid=2795140)[0m   t060 reduce_scatter_s1_b0_mb3: peak_alloc=14.090 GiB  peak_reserved=44.545 GiB  alloc_after=13.434 GiB  reserved_after=44.545 GiB
[36m(run_dp_rank pid=2795140)[0m   t060 free_full_grads_s1_b-1_mb0: peak_alloc=13.434 GiB  peak_reserved=44.545 GiB  alloc_after=12.121 GiB  reserved_after=44.545 GiB
[36m(run_dp_rank pid=2795140)[0m   t061 free_full_params_s1_b-1_mb0: peak_alloc=13.434 GiB  peak_reserved=44.545 GiB  alloc_after=12.121 GiB  reserved_after=44.545 GiB
[36m(run_dp_rank pid=2795140)[0m   t064 update_s1_b0_mb3: peak_alloc=13.144 GiB  peak_reserved=44.545 GiB  alloc_after=12.121 GiB  reserved_after=44.545 GiB
[36m(run_dp_rank pid=2795140)[0m   t064 send_s1_b0_mb3: peak_alloc=12.121 GiB  peak_reserved=44.545 GiB  alloc_after=12.098 GiB  reserved_after=44.545 GiB
