Namespace(model='3b', schedule='interleaved-1f1b', dp=2, pp=2, batch_size=16, mbs=4, seq_len=256, warmup=2, iters=5, trace_iters=3, tracing=True, naive_grad_sync=False, activation_checkpointing=False, bucketing=False, bucket_size=26214400, zero_stage=3, nsight=True, no_render_dag=True, no_nvtx=False, mem_debug=True)
2026-04-09 09:16:59,998	INFO worker.py:2007 -- Started a local Ray instance.
/m-coriander/coriander/wxdeng/conda-envs/piper_ref/lib/python3.10/site-packages/ray/_private/worker.py:2046: FutureWarning: Tip: In future versions of Ray, Ray will no longer override accelerator visible devices env var if num_gpus=0 or num_gpus=None (default). To enable this behavior and turn off this error message, set RAY_ACCEL_ENV_VAR_OVERRIDE_ON_ZERO=0
  warnings.warn(
{'placement_group_id': '23b3d23558df3a67b47f0d337c7b01000000', 'name': '', 'bundles': {0: {'CPU': 2.0, 'GPU': 2.0}, 1: {'CPU': 2.0, 'GPU': 2.0}}, 'bundles_to_node_id': {0: 'd6e79c92b836f73952f02197133fb0932f6f9521775619bad418090e', 1: 'd6e79c92b836f73952f02197133fb0932f6f9521775619bad418090e'}, 'strategy': 'PACK', 'state': 'CREATED', 'stats': {'end_to_end_creation_latency_ms': 2.551, 'scheduling_latency_ms': 2.427, 'scheduling_attempt': 1, 'highest_retry_delay_ms': 0.0, 'scheduling_state': 'FINISHED'}}
[36m(run_dp_rank pid=563381)[0m 2026-04-09 09:17:14,015 - piper_coordinator - DEBUG - Running DP rank 1 of 2 with 10.158.48.71:34911 as master address
[36m(run_dp_rank pid=563381)[0m Namespace(model='3b', schedule='interleaved-1f1b', dp=2, pp=2, batch_size=16, mbs=4, seq_len=256, warmup=1, iters=1, trace_iters=3, tracing=False, naive_grad_sync=False, activation_checkpointing=False, bucketing=False, bucket_size=26214400, zero_stage=3, nsight=True, no_render_dag=True, no_nvtx=False, mem_debug=True)
[36m(run_dp_rank pid=563328)[0m 2026-04-09 09:17:14,330 - piper_coordinator - DEBUG - Running DP rank 2 of 2 with 10.158.48.71:34911 as master address
[36m(run_dp_rank pid=563328)[0m Namespace(model='3b', schedule='interleaved-1f1b', dp=2, pp=2, batch_size=16, mbs=4, seq_len=256, warmup=1, iters=1, trace_iters=3, tracing=False, naive_grad_sync=False, activation_checkpointing=False, bucketing=False, bucket_size=26214400, zero_stage=3, nsight=True, no_render_dag=True, no_nvtx=False, mem_debug=True)
[36m(run_dp_rank pid=563381)[0m Schedule:
[36m(run_dp_rank pid=563381)[0m 0:0:f    	0:1:f    	2:0:f    	2:1:f    	 ------ 	0:2:f    	2:0:b    	0:3:f    	2:1:b    	2:2:f    	0:0:b    	2:3:f    	0:1:b    	 ------ 	2:2:b    	2:3:b    	0:2:b    	0:3:b    	
[36m(run_dp_rank pid=563381)[0m  ------ 	1:0:f    	1:1:f    	3:0:f    	3:0:b    	3:1:f    	3:1:b    	1:2:f    	1:0:b    	1:3:f    	1:1:b    	3:2:f    	3:2:b    	3:3:f    	3:3:b    	1:2:b    	1:3:b    	 ------ 	
[36m(run_dp_rank pid=563381)[0m 2026-04-09 09:17:17,294 - piper_actor - DEBUG - DP rank 0 created actor Actor(PiperActor, 006cc254c0e4e52593f8209901000000) global rank 0
[36m(run_dp_rank pid=563381)[0m 2026-04-09 09:17:17,295 - piper_actor - DEBUG - DP rank 0 created actor Actor(PiperActor, b69b3a0a5ff27daad858763b01000000) global rank 1
[36m(run_dp_rank pid=563328)[0m Schedule:
[36m(run_dp_rank pid=563328)[0m 0:0:f    	0:1:f    	2:0:f    	2:1:f    	 ------ 	0:2:f    	2:0:b    	0:3:f    	2:1:b    	2:2:f    	0:0:b    	2:3:f    	0:1:b    	 ------ 	2:2:b    	2:3:b    	0:2:b    	0:3:b    	
[36m(run_dp_rank pid=563328)[0m  ------ 	1:0:f    	1:1:f    	3:0:f    	3:0:b    	3:1:f    	3:1:b    	1:2:f    	1:0:b    	1:3:f    	1:1:b    	3:2:f    	3:2:b    	3:3:f    	3:3:b    	1:2:b    	1:3:b    	 ------ 	
[36m(run_dp_rank pid=563328)[0m 2026-04-09 09:17:17,592 - piper_actor - DEBUG - DP rank 1 created actor Actor(PiperActor, 44f35a69db6b176bff00164c01000000) global rank 2
[36m(run_dp_rank pid=563328)[0m 2026-04-09 09:17:17,593 - piper_actor - DEBUG - DP rank 1 created actor Actor(PiperActor, a54aba3733e09acca37471ab01000000) global rank 3
[36m(PiperActor pid=580794)[0m 2026-04-09 09:18:17,062 - piper_actor - DEBUG - Initializing Ray actor 2 GPU 2
[36m(PiperActor pid=580817)[0m 2026-04-09 09:18:17,090 - piper_actor - DEBUG - Initializing Ray actor 1 GPU 1
[36m(PiperActor pid=580792)[0m 2026-04-09 09:18:17,176 - piper_actor - DEBUG - Initializing Ray actor 0 GPU 0
[36m(PiperActor pid=580799)[0m 2026-04-09 09:18:17,481 - piper_actor - DEBUG - Initializing Ray actor 3 GPU 3
[36m(run_dp_rank pid=563381)[0m 2026-04-09 09:18:20,771 - piper_compile - DEBUG - Master address for process groups: 10.158.48.71:48405
[36m(PiperActor pid=580792)[0m 2026-04-09 09:18:20,772 - piper_actor - INFO - Actor 0 using GPU 0, master addr 10.158.48.71:48405
[36m(PiperActor pid=580817)[0m 2026-04-09 09:18:20,775 - piper_actor - INFO - Actor 1 using GPU 1, master addr 10.158.48.71:48405
[36m(run_dp_rank pid=563328)[0m 2026-04-09 09:18:20,940 - piper_compile - DEBUG - Master address for process groups: 10.158.48.71:48405
[36m(PiperActor pid=580794)[0m 2026-04-09 09:18:20,946 - piper_actor - INFO - Actor 2 using GPU 2, master addr 10.158.48.71:48405
[36m(PiperActor pid=580794)[0m 2026-04-09 09:18:21,204 - piper_actor - DEBUG - Actor 2 has GPU 2, joined the global process group
[36m(PiperActor pid=580794)[0m 2026-04-09 09:18:21,206 - piper_actor - DEBUG - Global rank 2 joined its dp group 0 along with ranks [0, 2]
[36m(PiperActor pid=580794)[0m 2026-04-09 09:18:21,209 - piper_actor - INFO - Global rank 2 warmed up pp communicators
[36m(PiperActor pid=580799)[0m 2026-04-09 09:18:21,228 - piper_actor - INFO - Actor 3 using GPU 3, master addr 10.158.48.71:48405
[36m(PiperActor pid=580817)[0m 2026-04-09 09:18:21,841 - piper_actor - DEBUG - Actor 1 has GPU 1, joined the global process group
[36m(PiperActor pid=580817)[0m 2026-04-09 09:18:21,843 - piper_actor - DEBUG - Global rank 1 joined its dp group 1 along with ranks [1, 3]
[36m(PiperActor pid=580817)[0m 2026-04-09 09:18:21,845 - piper_actor - INFO - Global rank 1 warmed up pp communicators
[36m(run_dp_rank pid=563328)[0m 2026-04-09 09:18:22,021 - piper_compile - INFO - DP rank 1 waiting for dp_rank=0 to finish compiling...
[36m(PiperActor pid=580792)[0m 2026-04-09 09:18:21,924 - piper_actor - DEBUG - Actor 0 has GPU 0, joined the global process group
[36m(PiperActor pid=580792)[0m 2026-04-09 09:18:21,926 - piper_actor - DEBUG - Global rank 0 joined its dp group 0 along with ranks [0, 2]
[36m(PiperActor pid=580792)[0m 2026-04-09 09:18:21,928 - piper_actor - INFO - Global rank 0 warmed up pp communicators
[36m(PiperActor pid=580799)[0m 2026-04-09 09:18:21,919 - piper_actor - DEBUG - Actor 3 has GPU 3, joined the global process group
[36m(PiperActor pid=580799)[0m 2026-04-09 09:18:21,921 - piper_actor - DEBUG - Global rank 3 joined its dp group 1 along with ranks [1, 3]
[36m(PiperActor pid=580799)[0m 2026-04-09 09:18:21,923 - piper_actor - INFO - Global rank 3 warmed up pp communicators
[36m(run_dp_rank pid=563381)[0m Model size: 3607 M parameters (6.72 GB), dtype: torch.bfloat16
[36m(run_dp_rank pid=563381)[0m 2026-04-09 09:18:27,065 - piper_backend - DEBUG - Graph has stage annotations: True
[36m(run_dp_rank pid=563381)[0m 2026-04-09 09:18:27,067 - piper_graph_transform - DEBUG - Found stage nodes in graph
[36m(PiperActor pid=580792)[0m 2026-04-09 09:18:27,772 - piper_actor - DEBUG - Loading stage 0 (1 module(s)) on actor 0
[36m(PiperActor pid=580817)[0m 2026-04-09 09:18:27,970 - piper_actor - DEBUG - Loading stage 1 (1 module(s)) on actor 1
[36m(PiperActor pid=580792)[0m 2026-04-09 09:18:30,778 - piper_actor - DEBUG - Actor 0 imported and initialized Triton kernel modules
[36m(PiperActor pid=580792)[0m 2026-04-09 09:18:30,778 - piper_actor - DEBUG - Manually registering Triton kernel at index 0 on actor 0...
[36m(PiperActor pid=580817)[0m 2026-04-09 09:18:30,880 - piper_actor - DEBUG - Actor 1 imported and initialized Triton kernel modules
[36m(PiperActor pid=580817)[0m 2026-04-09 09:18:30,880 - piper_actor - DEBUG - Manually registering Triton kernel at index 0 on actor 1...
[36m(PiperActor pid=580792)[0m 2026-04-09 09:18:32,682 - piper_actor - DEBUG - Actor 0 registered kernel at id_to_kernel[0] (copied from index 0)
[36m(PiperActor pid=580817)[0m 2026-04-09 09:18:32,682 - piper_actor - DEBUG - Actor 1 registered kernel at id_to_kernel[0] (copied from index 0)
[36m(PiperActor pid=580792)[0m 2026-04-09 09:18:32,733 - piper_actor - DEBUG - _replace_meta_constants: No meta device tensors found to replace! (checked 0 submodules)
[36m(PiperActor pid=580792)[0m 2026-04-09 09:18:32,734 - piper_actor - DEBUG - Stage 0 module 0 input indices: [1]
[36m(PiperActor pid=580817)[0m 2026-04-09 09:18:32,732 - piper_actor - DEBUG - _replace_meta_constants: No meta device tensors found to replace! (checked 0 submodules)
[36m(PiperActor pid=580817)[0m 2026-04-09 09:18:32,732 - piper_actor - DEBUG - Stage 1 module 0 input indices: [0]
[36m(PiperActor pid=580792)[0m 2026-04-09 09:18:32,772 - piper_actor - DEBUG - Loading stage 2 (1 module(s)) on actor 0
[36m(PiperActor pid=580792)[0m 2026-04-09 09:18:32,772 - piper_actor - DEBUG - Actor 0 imported and initialized Triton kernel modules
[36m(PiperActor pid=580792)[0m 2026-04-09 09:18:32,773 - piper_actor - DEBUG - Manually registering Triton kernel at index 0 on actor 0...
[36m(PiperActor pid=580817)[0m 2026-04-09 09:18:32,770 - piper_actor - DEBUG - Loading stage 3 (1 module(s)) on actor 1
[36m(PiperActor pid=580817)[0m 2026-04-09 09:18:32,770 - piper_actor - DEBUG - Actor 1 imported and initialized Triton kernel modules
[36m(PiperActor pid=580817)[0m 2026-04-09 09:18:32,770 - piper_actor - DEBUG - Manually registering Triton kernel at index 0 on actor 1...
[36m(PiperActor pid=580792)[0m 2026-04-09 09:18:32,848 - piper_actor - DEBUG - Actor 0 registered kernel at id_to_kernel[0] (copied from index 0)
[36m(PiperActor pid=580792)[0m 2026-04-09 09:18:32,897 - piper_actor - DEBUG - _replace_meta_constants: No meta device tensors found to replace! (checked 0 submodules)
[36m(PiperActor pid=580792)[0m 2026-04-09 09:18:32,897 - piper_actor - DEBUG - Stage 2 module 0 input indices: [0]
[36m(PiperActor pid=580817)[0m 2026-04-09 09:18:32,840 - piper_actor - DEBUG - Actor 1 registered kernel at id_to_kernel[0] (copied from index 0)
[36m(PiperActor pid=580817)[0m 2026-04-09 09:18:32,890 - piper_actor - DEBUG - _replace_meta_constants: No meta device tensors found to replace! (checked 0 submodules)
[36m(PiperActor pid=580817)[0m 2026-04-09 09:18:32,890 - piper_actor - DEBUG - Stage 3 module 0 input indices: [0]
[36m(run_dp_rank pid=563381)[0m 2026-04-09 09:18:33,600 - piper_backend - DEBUG - Built task DAG: 34 nodes, 28 data edges, 32 temporal edges
[36m(run_dp_rank pid=563381)[0m 2026-04-09 09:18:33,601 - piper_backend - DEBUG - Inserted ALL_REDUCE nodes for DP gradient sync
[36m(run_dp_rank pid=563381)[0m 2026-04-09 09:18:33,602 - piper_backend - DEBUG - Inserted ZeRO-3 collective nodes
[36m(run_dp_rank pid=563381)[0m 2026-04-09 09:18:33,615 - piper_graph_transform - WARNING - graphviz Python package not installed; skipping DAG visualisation
[36m(run_dp_rank pid=563381)[0m 2026-04-09 09:18:33,615 - piper_graph_transform - WARNING - graphviz Python package not installed; skipping DAG visualisation
[36m(run_dp_rank pid=563381)[0m 2026-04-09 09:18:33,621 - piper_backend - DEBUG - Loaded per-rank DAGs onto 2 actors
[36m(run_dp_rank pid=563381)[0m === DAG text: interleaved-1f1b zero3 ===
[36m(run_dp_rank pid=563381)[0m   [r0 t=    -2 alloc_full_params  s0mb0 bkt=-1]
[36m(run_dp_rank pid=563381)[0m   [r0 t=    -1 all_gather         s0mb0]
[36m(run_dp_rank pid=563381)[0m   [r0 t=     0 forward            s0mb0]
[36m(run_dp_rank pid=563381)[0m       data  --> [r0 t=     4 send               s0mb0]
[36m(run_dp_rank pid=563381)[0m       temp  --> [r0 t=     4 forward            s0mb1]
[36m(run_dp_rank pid=563381)[0m   [r0 t=     4 forward            s0mb1]
[36m(run_dp_rank pid=563381)[0m       data  --> [r0 t=     8 send               s0mb1]
[36m(run_dp_rank pid=563381)[0m       temp  --> [r0 t=     8 forward            s2mb0]
[36m(run_dp_rank pid=563381)[0m   [r0 t=     4 send               s0mb0]
[36m(run_dp_rank pid=563381)[0m   [r0 t=     4 recv               s2mb0]
[36m(run_dp_rank pid=563381)[0m       data  --> [r0 t=     8 forward            s2mb0]
[36m(run_dp_rank pid=563381)[0m   [r0 t=     5 free_full_params   s0mb0 bkt=-1]
[36m(run_dp_rank pid=563381)[0m   [r0 t=     6 alloc_full_params  s2mb0 bkt=-1]
[36m(run_dp_rank pid=563381)[0m   [r0 t=     7 all_gather         s2mb0]
[36m(run_dp_rank pid=563381)[0m   [r0 t=     8 forward            s2mb0]
[36m(run_dp_rank pid=563381)[0m       data  --> [r0 t=    12 send               s2mb0]
[36m(run_dp_rank pid=563381)[0m       temp  --> [r0 t=    12 forward            s2mb1]
[36m(run_dp_rank pid=563381)[0m   [r0 t=     8 send               s0mb1]
[36m(run_dp_rank pid=563381)[0m   [r0 t=     8 recv               s2mb1]
[36m(run_dp_rank pid=563381)[0m       data  --> [r0 t=    12 forward            s2mb1]
[36m(run_dp_rank pid=563381)[0m   [r0 t=    12 forward            s2mb1]
[36m(run_dp_rank pid=563381)[0m       data  --> [r0 t=    16 send               s2mb1]
[36m(run_dp_rank pid=563381)[0m       temp  --> [r0 t=    16 forward            s0mb2]
[36m(run_dp_rank pid=563381)[0m   [r0 t=    12 send               s2mb0]
[36m(run_dp_rank pid=563381)[0m   [r0 t=    13 free_full_params   s2mb0 bkt=-1]
[36m(run_dp_rank pid=563381)[0m   [r0 t=    14 alloc_full_params  s0mb0 bkt=-1]
[36m(run_dp_rank pid=563381)[0m   [r0 t=    15 all_gather         s0mb0]
[36m(run_dp_rank pid=563381)[0m   [r0 t=    16 forward            s0mb2]
[36m(run_dp_rank pid=563381)[0m       data  --> [r0 t=    20 send               s0mb2]
[36m(run_dp_rank pid=563381)[0m       temp  --> [r0 t=    20 backward           s2mb0]
[36m(run_dp_rank pid=563381)[0m   [r0 t=    16 send               s2mb1]
[36m(run_dp_rank pid=563381)[0m   [r0 t=    16 recv               s2mb0]
[36m(run_dp_rank pid=563381)[0m       data  --> [r0 t=    20 backward           s2mb0]
[36m(run_dp_rank pid=563381)[0m   [r0 t=    17 free_full_params   s0mb0 bkt=-1]
[36m(run_dp_rank pid=563381)[0m   [r0 t=    18 alloc_full_params  s2mb0 bkt=-1]
[36m(run_dp_rank pid=563381)[0m   [r0 t=    19 all_gather         s2mb0]
[36m(run_dp_rank pid=563381)[0m   [r0 t=    19 alloc_full_grads   s2mb0 bkt=-1]
[36m(run_dp_rank pid=563381)[0m   [r0 t=    20 backward           s2mb0]
[36m(run_dp_rank pid=563381)[0m       data  --> [r0 t=    24 send               s2mb0]
[36m(run_dp_rank pid=563381)[0m       data  --> [r0 t=    20 reduce_scatter     s2mb0]
[36m(run_dp_rank pid=563381)[0m       temp  --> [r0 t=    24 forward            s0mb3]
[36m(run_dp_rank pid=563381)[0m   [r0 t=    20 send               s0mb2]
[36m(run_dp_rank pid=563381)[0m   [r0 t=    20 reduce_scatter     s2mb0]
[36m(run_dp_rank pid=563381)[0m   [r0 t=    20 free_full_grads    s2mb0 bkt=-1]
[36m(run_dp_rank pid=563381)[0m   [r0 t=    21 free_full_params   s2mb0 bkt=-1]
[36m(run_dp_rank pid=563381)[0m   [r0 t=    22 alloc_full_params  s0mb0 bkt=-1]
[36m(run_dp_rank pid=563381)[0m   [r0 t=    23 all_gather         s0mb0]
[36m(run_dp_rank pid=563381)[0m   [r0 t=    24 forward            s0mb3]
[36m(run_dp_rank pid=563381)[0m       data  --> [r0 t=    28 send               s0mb3]
[36m(run_dp_rank pid=563381)[0m       temp  --> [r0 t=    28 backward           s2mb1]
[36m(run_dp_rank pid=563381)[0m   [r0 t=    24 send               s2mb0]
[36m(run_dp_rank pid=563381)[0m   [r0 t=    24 recv               s2mb1]
[36m(run_dp_rank pid=563381)[0m       data  --> [r0 t=    28 backward           s2mb1]
[36m(run_dp_rank pid=563381)[0m   [r0 t=    25 free_full_params   s0mb0 bkt=-1]
[36m(run_dp_rank pid=563381)[0m   [r0 t=    26 alloc_full_params  s2mb0 bkt=-1]
[36m(run_dp_rank pid=563381)[0m   [r0 t=    27 all_gather         s2mb0]
[36m(run_dp_rank pid=563381)[0m   [r0 t=    27 alloc_full_grads   s2mb0 bkt=-1]
[36m(run_dp_rank pid=563381)[0m   [r0 t=    28 backward           s2mb1]
[36m(run_dp_rank pid=563381)[0m       data  --> [r0 t=    32 send               s2mb1]
[36m(run_dp_rank pid=563381)[0m       data  --> [r0 t=    28 reduce_scatter     s2mb1]
[36m(run_dp_rank pid=563381)[0m       temp  --> [r0 t=    32 forward            s2mb2]
[36m(run_dp_rank pid=563381)[0m   [r0 t=    28 send               s0mb3]
[36m(run_dp_rank pid=563381)[0m   [r0 t=    28 recv               s2mb2]
[36m(run_dp_rank pid=563381)[0m       data  --> [r0 t=    32 forward            s2mb2]
[36m(run_dp_rank pid=563381)[0m   [r0 t=    28 reduce_scatter     s2mb1]
[36m(run_dp_rank pid=563381)[0m   [r0 t=    28 free_full_grads    s2mb0 bkt=-1]
[36m(run_dp_rank pid=563381)[0m   [r0 t=    32 forward            s2mb2]
[36m(run_dp_rank pid=563381)[0m       data  --> [r0 t=    36 send               s2mb2]
[36m(run_dp_rank pid=563381)[0m       temp  --> [r0 t=    36 backward           s0mb0]
[36m(run_dp_rank pid=563381)[0m   [r0 t=    32 send               s2mb1]
[36m(run_dp_rank pid=563381)[0m   [r0 t=    32 recv               s0mb0]
[36m(run_dp_rank pid=563381)[0m       data  --> [r0 t=    36 backward           s0mb0]
[36m(run_dp_rank pid=563381)[0m   [r0 t=    33 free_full_params   s2mb0 bkt=-1]
[36m(run_dp_rank pid=563381)[0m   [r0 t=    34 alloc_full_params  s0mb0 bkt=-1]
[36m(run_dp_rank pid=563381)[0m   [r0 t=    35 all_gather         s0mb0]
[36m(run_dp_rank pid=563381)[0m   [r0 t=    35 alloc_full_grads   s0mb0 bkt=-1]
[36m(run_dp_rank pid=563381)[0m   [r0 t=    36 backward           s0mb0]
[36m(run_dp_rank pid=563381)[0m       data  --> [r0 t=    36 reduce_scatter     s0mb0]
[36m(run_dp_rank pid=563381)[0m       temp  --> [r0 t=    40 forward            s2mb3]
[36m(run_dp_rank pid=563381)[0m   [r0 t=    36 send               s2mb2]
[36m(run_dp_rank pid=563381)[0m   [r0 t=    36 recv               s2mb3]
[36m(run_dp_rank pid=563381)[0m       data  --> [r0 t=    40 forward            s2mb3]
[36m(run_dp_rank pid=563381)[0m   [r0 t=    36 reduce_scatter     s0mb0]
[36m(run_dp_rank pid=563381)[0m   [r0 t=    36 free_full_grads    s0mb0 bkt=-1]
[36m(run_dp_rank pid=563381)[0m   [r0 t=    37 free_full_params   s0mb0 bkt=-1]
[36m(run_dp_rank pid=563381)[0m   [r0 t=    38 alloc_full_params  s2mb0 bkt=-1]
[36m(run_dp_rank pid=563381)[0m   [r0 t=    39 all_gather         s2mb0]
[36m(run_dp_rank pid=563381)[0m   [r0 t=    40 forward            s2mb3]
[36m(run_dp_rank pid=563381)[0m       data  --> [r0 t=    44 send               s2mb3]
[36m(run_dp_rank pid=563381)[0m       temp  --> [r0 t=    44 backward           s0mb1]
[36m(run_dp_rank pid=563381)[0m   [r0 t=    40 recv               s0mb1]
[36m(run_dp_rank pid=563381)[0m       data  --> [r0 t=    44 backward           s0mb1]
[36m(run_dp_rank pid=563381)[0m   [r0 t=    41 free_full_params   s2mb0 bkt=-1]
[36m(run_dp_rank pid=563381)[0m   [r0 t=    42 alloc_full_params  s0mb0 bkt=-1]
[36m(run_dp_rank pid=563381)[0m   [r0 t=    43 all_gather         s0mb0]
[36m(run_dp_rank pid=563381)[0m   [r0 t=    43 alloc_full_grads   s0mb0 bkt=-1]
[36m(run_dp_rank pid=563381)[0m   [r0 t=    44 backward           s0mb1]
[36m(run_dp_rank pid=563381)[0m       data  --> [r0 t=    44 reduce_scatter     s0mb1]
[36m(run_dp_rank pid=563381)[0m       temp  --> [r0 t=    48 backward           s2mb2]
[36m(run_dp_rank pid=563381)[0m   [r0 t=    44 send               s2mb3]
[36m(run_dp_rank pid=563381)[0m   [r0 t=    44 recv               s2mb2]
[36m(run_dp_rank pid=563381)[0m       data  --> [r0 t=    48 backward           s2mb2]
[36m(run_dp_rank pid=563381)[0m   [r0 t=    44 reduce_scatter     s0mb1]
[36m(run_dp_rank pid=563381)[0m   [r0 t=    44 free_full_grads    s0mb0 bkt=-1]
[36m(run_dp_rank pid=563381)[0m   [r0 t=    45 free_full_params   s0mb0 bkt=-1]
[36m(run_dp_rank pid=563381)[0m   [r0 t=    46 alloc_full_params  s2mb0 bkt=-1]
[36m(run_dp_rank pid=563381)[0m   [r0 t=    47 all_gather         s2mb0]
[36m(run_dp_rank pid=563381)[0m   [r0 t=    47 alloc_full_grads   s2mb0 bkt=-1]
[36m(run_dp_rank pid=563381)[0m   [r0 t=    48 backward           s2mb2]
[36m(run_dp_rank pid=563381)[0m       data  --> [r0 t=    52 send               s2mb2]
[36m(run_dp_rank pid=563381)[0m       temp  --> [r0 t=    52 backward           s2mb3]
[36m(run_dp_rank pid=563381)[0m   [r0 t=    48 recv               s2mb3]
[36m(run_dp_rank pid=563381)[0m       data  --> [r0 t=    52 backward           s2mb3]
[36m(run_dp_rank pid=563381)[0m   [r0 t=    52 backward           s2mb3]
[36m(run_dp_rank pid=563381)[0m       data  --> [r0 t=    56 send               s2mb3]
[36m(run_dp_rank pid=563381)[0m       data  --> [r0 t=    52 reduce_scatter     s2mb3]
[36m(run_dp_rank pid=563381)[0m       temp  --> [r0 t=    56 backward           s0mb2]
[36m(run_dp_rank pid=563381)[0m   [r0 t=    52 send               s2mb2]
[36m(run_dp_rank pid=563381)[0m   [r0 t=    52 recv               s0mb2]
[36m(run_dp_rank pid=563381)[0m       data  --> [r0 t=    56 backward           s0mb2]
[36m(run_dp_rank pid=563381)[0m   [r0 t=    52 reduce_scatter     s2mb3]
[36m(run_dp_rank pid=563381)[0m   [r0 t=    52 free_full_grads    s2mb0 bkt=-1]
[36m(run_dp_rank pid=563381)[0m   [r0 t=    53 free_full_params   s2mb0 bkt=-1]
[36m(run_dp_rank pid=563381)[0m   [r0 t=    54 alloc_full_params  s0mb0 bkt=-1]
[36m(run_dp_rank pid=563381)[0m   [r0 t=    55 all_gather         s0mb0]
[36m(run_dp_rank pid=563381)[0m   [r0 t=    55 alloc_full_grads   s0mb0 bkt=-1]
[36m(run_dp_rank pid=563381)[0m   [r0 t=    56 backward           s0mb2]
[36m(run_dp_rank pid=563381)[0m       temp  --> [r0 t=    60 backward           s0mb3]
[36m(run_dp_rank pid=563381)[0m   [r0 t=    56 send               s2mb3]
[36m(run_dp_rank pid=563381)[0m   [r0 t=    56 recv               s0mb3]
[36m(run_dp_rank pid=563381)[0m       data  --> [r0 t=    60 backward           s0mb3]
[36m(run_dp_rank pid=563381)[0m   [r0 t=    60 backward           s0mb3]
[36m(run_dp_rank pid=563381)[0m       data  --> [r0 t=    60 reduce_scatter     s0mb3]
[36m(run_dp_rank pid=563381)[0m       temp  --> [r0 t=    64 update             s0mb3]
[36m(run_dp_rank pid=563381)[0m   [r0 t=    60 reduce_scatter     s0mb3]
[36m(run_dp_rank pid=563381)[0m   [r0 t=    60 free_full_grads    s0mb0 bkt=-1]
[36m(run_dp_rank pid=563381)[0m   [r0 t=    61 free_full_params   s0mb0 bkt=-1]
[36m(run_dp_rank pid=563381)[0m   [r0 t=    64 update             s0mb3]
[36m(run_dp_rank pid=563381)[0m   [r1 t=    -4 recv               s1mb0]
[36m(run_dp_rank pid=563381)[0m       data  --> [r1 t=     0 forward            s1mb0]
[36m(run_dp_rank pid=563381)[0m   [r1 t=    -2 alloc_full_params  s1mb0 bkt=-1]
[36m(run_dp_rank pid=563381)[0m   [r1 t=    -1 all_gather         s1mb0]
[36m(run_dp_rank pid=563381)[0m   [r1 t=     0 forward            s1mb0]
[36m(run_dp_rank pid=563381)[0m       data  --> [r1 t=     4 send               s1mb0]
[36m(run_dp_rank pid=563381)[0m       temp  --> [r1 t=     4 forward            s1mb1]
[36m(run_dp_rank pid=563381)[0m   [r1 t=     0 recv               s1mb1]
[36m(run_dp_rank pid=563381)[0m       data  --> [r1 t=     4 forward            s1mb1]
[36m(run_dp_rank pid=563381)[0m   [r1 t=     4 forward            s1mb1]
[36m(run_dp_rank pid=563381)[0m       data  --> [r1 t=     8 send               s1mb1]
[36m(run_dp_rank pid=563381)[0m       temp  --> [r1 t=     8 forward            s3mb0]
[36m(run_dp_rank pid=563381)[0m   [r1 t=     4 recv               s3mb0]
[36m(run_dp_rank pid=563381)[0m       data  --> [r1 t=     8 forward            s3mb0]
[36m(run_dp_rank pid=563381)[0m   [r1 t=     4 send               s1mb0]
[36m(run_dp_rank pid=563381)[0m   [r1 t=     5 free_full_params   s1mb0 bkt=-1]
[36m(run_dp_rank pid=563381)[0m   [r1 t=     6 alloc_full_params  s3mb0 bkt=-1]
[36m(run_dp_rank pid=563381)[0m   [r1 t=     7 all_gather         s3mb0]
[36m(run_dp_rank pid=563381)[0m   [r1 t=     8 forward            s3mb0]
[36m(run_dp_rank pid=563381)[0m       data  --> [r1 t=    12 backward           s3mb0]
[36m(run_dp_rank pid=563381)[0m       temp  --> [r1 t=    12 backward           s3mb0]
[36m(run_dp_rank pid=563381)[0m   [r1 t=     8 send               s1mb1]
[36m(run_dp_rank pid=563381)[0m   [r1 t=    11 alloc_full_grads   s3mb0 bkt=-1]
[36m(run_dp_rank pid=563381)[0m   [r1 t=    12 backward           s3mb0]
[36m(run_dp_rank pid=563381)[0m       data  --> [r1 t=    16 send               s3mb0]
[36m(run_dp_rank pid=563381)[0m       data  --> [r1 t=    12 reduce_scatter     s3mb0]
[36m(run_dp_rank pid=563381)[0m       temp  --> [r1 t=    16 forward            s3mb1]
[36m(run_dp_rank pid=563381)[0m   [r1 t=    12 recv               s3mb1]
[36m(run_dp_rank pid=563381)[0m       data  --> [r1 t=    16 forward            s3mb1]
[36m(run_dp_rank pid=563381)[0m   [r1 t=    12 reduce_scatter     s3mb0]
[36m(run_dp_rank pid=563381)[0m   [r1 t=    12 free_full_grads    s3mb0 bkt=-1]
[36m(run_dp_rank pid=563381)[0m   [r1 t=    16 forward            s3mb1]
[36m(run_dp_rank pid=563381)[0m       data  --> [r1 t=    20 backward           s3mb1]
[36m(run_dp_rank pid=563381)[0m       temp  --> [r1 t=    20 backward           s3mb1]
[36m(run_dp_rank pid=563381)[0m   [r1 t=    16 send               s3mb0]
[36m(run_dp_rank pid=563381)[0m   [r1 t=    19 alloc_full_grads   s3mb0 bkt=-1]
[36m(run_dp_rank pid=563381)[0m   [r1 t=    20 backward           s3mb1]
[36m(run_dp_rank pid=563381)[0m       data  --> [r1 t=    24 send               s3mb1]
[36m(run_dp_rank pid=563381)[0m       data  --> [r1 t=    20 reduce_scatter     s3mb1]
[36m(run_dp_rank pid=563381)[0m       temp  --> [r1 t=    24 forward            s1mb2]
[36m(run_dp_rank pid=563381)[0m   [r1 t=    20 recv               s1mb2]
[36m(run_dp_rank pid=563381)[0m       data  --> [r1 t=    24 forward            s1mb2]
[36m(run_dp_rank pid=563381)[0m   [r1 t=    20 reduce_scatter     s3mb1]
[36m(run_dp_rank pid=563381)[0m   [r1 t=    20 free_full_grads    s3mb0 bkt=-1]
[36m(run_dp_rank pid=563381)[0m   [r1 t=    21 free_full_params   s3mb0 bkt=-1]
[36m(run_dp_rank pid=563381)[0m   [r1 t=    22 alloc_full_params  s1mb0 bkt=-1]
[36m(run_dp_rank pid=563381)[0m   [r1 t=    23 all_gather         s1mb0]
[36m(run_dp_rank pid=563381)[0m   [r1 t=    24 forward            s1mb2]
[36m(run_dp_rank pid=563381)[0m       data  --> [r1 t=    28 send               s1mb2]
[36m(run_dp_rank pid=563381)[0m       temp  --> [r1 t=    28 backward           s1mb0]
[36m(run_dp_rank pid=563381)[0m   [r1 t=    24 recv               s1mb0]
[36m(run_dp_rank pid=563381)[0m       data  --> [r1 t=    28 backward           s1mb0]
[36m(run_dp_rank pid=563381)[0m   [r1 t=    24 send               s3mb1]
[36m(run_dp_rank pid=563381)[0m   [r1 t=    27 alloc_full_grads   s1mb0 bkt=-1]
[36m(run_dp_rank pid=563381)[0m   [r1 t=    28 backward           s1mb0]
[36m(run_dp_rank pid=563381)[0m       data  --> [r1 t=    32 send               s1mb0]
[36m(run_dp_rank pid=563381)[0m       data  --> [r1 t=    28 reduce_scatter     s1mb0]
[36m(run_dp_rank pid=563381)[0m       temp  --> [r1 t=    32 forward            s1mb3]
[36m(run_dp_rank pid=563381)[0m   [r1 t=    28 recv               s1mb3]
[36m(run_dp_rank pid=563381)[0m       data  --> [r1 t=    32 forward            s1mb3]
[36m(run_dp_rank pid=563381)[0m   [r1 t=    28 send               s1mb2]
[36m(run_dp_rank pid=563381)[0m   [r1 t=    28 reduce_scatter     s1mb0]
[36m(run_dp_rank pid=563381)[0m   [r1 t=    28 free_full_grads    s1mb0 bkt=-1]
[36m(run_dp_rank pid=563381)[0m   [r1 t=    32 forward            s1mb3]
[36m(run_dp_rank pid=563381)[0m       data  --> [r1 t=    36 send               s1mb3]
[36m(run_dp_rank pid=563381)[0m       temp  --> [r1 t=    36 backward           s1mb1]
[36m(run_dp_rank pid=563381)[0m   [r1 t=    32 recv               s1mb1]
[36m(run_dp_rank pid=563381)[0m       data  --> [r1 t=    36 backward           s1mb1]
[36m(run_dp_rank pid=563381)[0m   [r1 t=    32 send               s1mb0]
[36m(run_dp_rank pid=563381)[0m   [r1 t=    35 alloc_full_grads   s1mb0 bkt=-1]
[36m(run_dp_rank pid=563381)[0m   [r1 t=    36 backward           s1mb1]
[36m(run_dp_rank pid=563381)[0m       data  --> [r1 t=    40 send               s1mb1]
[36m(run_dp_rank pid=563381)[0m       data  --> [r1 t=    36 reduce_scatter     s1mb1]
[36m(run_dp_rank pid=563381)[0m       temp  --> [r1 t=    40 forward            s3mb2]
[36m(run_dp_rank pid=563381)[0m   [r1 t=    36 recv               s3mb2]
[36m(run_dp_rank pid=563381)[0m       data  --> [r1 t=    40 forward            s3mb2]
[36m(run_dp_rank pid=563381)[0m   [r1 t=    36 send               s1mb3]
[36m(run_dp_rank pid=563381)[0m   [r1 t=    36 reduce_scatter     s1mb1]
[36m(run_dp_rank pid=563381)[0m   [r1 t=    36 free_full_grads    s1mb0 bkt=-1]
[36m(run_dp_rank pid=563381)[0m   [r1 t=    37 free_full_params   s1mb0 bkt=-1]
[36m(run_dp_rank pid=563381)[0m   [r1 t=    38 alloc_full_params  s3mb0 bkt=-1]
[36m(run_dp_rank pid=563381)[0m   [r1 t=    39 all_gather         s3mb0]
[36m(run_dp_rank pid=563381)[0m   [r1 t=    40 forward            s3mb2]
[36m(run_dp_rank pid=563381)[0m       data  --> [r1 t=    44 backward           s3mb2]
[36m(run_dp_rank pid=563381)[0m       temp  --> [r1 t=    44 backward           s3mb2]
[36m(run_dp_rank pid=563381)[0m   [r1 t=    40 send               s1mb1]
[36m(run_dp_rank pid=563381)[0m   [r1 t=    43 alloc_full_grads   s3mb0 bkt=-1]
[36m(run_dp_rank pid=563381)[0m   [r1 t=    44 backward           s3mb2]
[36m(run_dp_rank pid=563381)[0m       data  --> [r1 t=    48 send               s3mb2]
[36m(run_dp_rank pid=563381)[0m       data  --> [r1 t=    44 reduce_scatter     s3mb2]
[36m(run_dp_rank pid=563381)[0m       temp  --> [r1 t=    48 forward            s3mb3]
[36m(run_dp_rank pid=563381)[0m   [r1 t=    44 recv               s3mb3]
[36m(run_dp_rank pid=563381)[0m       data  --> [r1 t=    48 forward            s3mb3]
[36m(run_dp_rank pid=563381)[0m   [r1 t=    44 reduce_scatter     s3mb2]
[36m(run_dp_rank pid=563381)[0m   [r1 t=    44 free_full_grads    s3mb0 bkt=-1]
[36m(run_dp_rank pid=563381)[0m   [r1 t=    48 forward            s3mb3]
[36m(run_dp_rank pid=563381)[0m       data  --> [r1 t=    52 backward           s3mb3]
[36m(run_dp_rank pid=563381)[0m       temp  --> [r1 t=    52 backward           s3mb3]
[36m(run_dp_rank pid=563381)[0m   [r1 t=    48 send               s3mb2]
[36m(run_dp_rank pid=563381)[0m   [r1 t=    51 alloc_full_grads   s3mb0 bkt=-1]
[36m(run_dp_rank pid=563381)[0m   [r1 t=    52 backward           s3mb3]
[36m(run_dp_rank pid=563381)[0m       data  --> [r1 t=    56 send               s3mb3]
[36m(run_dp_rank pid=563381)[0m       data  --> [r1 t=    52 reduce_scatter     s3mb3]
[36m(run_dp_rank pid=563381)[0m       temp  --> [r1 t=    56 backward           s1mb2]
[36m(run_dp_rank pid=563381)[0m   [r1 t=    52 recv               s1mb2]
[36m(run_dp_rank pid=563381)[0m       data  --> [r1 t=    56 backward           s1mb2]
[36m(run_dp_rank pid=563381)[0m   [r1 t=    52 reduce_scatter     s3mb3]
[36m(run_dp_rank pid=563381)[0m   [r1 t=    52 free_full_grads    s3mb0 bkt=-1]
[36m(run_dp_rank pid=563381)[0m   [r1 t=    53 free_full_params   s3mb0 bkt=-1]
[36m(run_dp_rank pid=563381)[0m   [r1 t=    54 alloc_full_params  s1mb0 bkt=-1]
[36m(run_dp_rank pid=563381)[0m   [r1 t=    55 all_gather         s1mb0]
[36m(run_dp_rank pid=563381)[0m   [r1 t=    55 alloc_full_grads   s1mb0 bkt=-1]
[36m(run_dp_rank pid=563381)[0m   [r1 t=    56 backward           s1mb2]
[36m(run_dp_rank pid=563381)[0m       data  --> [r1 t=    60 send               s1mb2]
[36m(run_dp_rank pid=563381)[0m       temp  --> [r1 t=    60 backward           s1mb3]
[36m(run_dp_rank pid=563381)[0m   [r1 t=    56 recv               s1mb3]
[36m(run_dp_rank pid=563381)[0m       data  --> [r1 t=    60 backward           s1mb3]
[36m(run_dp_rank pid=563381)[0m   [r1 t=    56 send               s3mb3]
[36m(run_dp_rank pid=563381)[0m   [r1 t=    60 backward           s1mb3]
[36m(run_dp_rank pid=563381)[0m       data  --> [r1 t=    64 send               s1mb3]
[36m(run_dp_rank pid=563381)[0m       data  --> [r1 t=    60 reduce_scatter     s1mb3]
[36m(run_dp_rank pid=563381)[0m       temp  --> [r1 t=    64 update             s1mb3]
[36m(run_dp_rank pid=563381)[0m   [r1 t=    60 send               s1mb2]
[36m(run_dp_rank pid=563381)[0m   [r1 t=    60 reduce_scatter     s1mb3]
[36m(run_dp_rank pid=563381)[0m   [r1 t=    60 free_full_grads    s1mb0 bkt=-1]
[36m(run_dp_rank pid=563381)[0m   [r1 t=    61 free_full_params   s1mb0 bkt=-1]
[36m(run_dp_rank pid=563381)[0m   [r1 t=    64 update             s1mb3]
[36m(run_dp_rank pid=563381)[0m   [r1 t=    64 send               s1mb3]
[36m(run_dp_rank pid=563381)[0m ========================================
[36m(run_dp_rank pid=563381)[0m === Per-rank execution schedules: interleaved-1f1b zero3 ===
[36m(run_dp_rank pid=563381)[0m   -- Rank 0 --
[36m(run_dp_rank pid=563381)[0m        0  [r0 t=    -2 alloc_full_params  s0mb0 bkt=-1]
[36m(run_dp_rank pid=563381)[0m        1  [r0 t=    -1 all_gather         s0mb0]
[36m(run_dp_rank pid=563381)[0m        2  [r0 t=     0 forward            s0mb0]
[36m(run_dp_rank pid=563381)[0m        3  [r0 t=     4 forward            s0mb1]
[36m(run_dp_rank pid=563381)[0m        4  [r0 t=     4 send               s0mb0]
[36m(run_dp_rank pid=563381)[0m        5  [r0 t=     4 recv               s2mb0]
[36m(run_dp_rank pid=563381)[0m        6  [r0 t=     5 free_full_params   s0mb0 bkt=-1]
[36m(run_dp_rank pid=563381)[0m        7  [r0 t=     6 alloc_full_params  s2mb0 bkt=-1]
[36m(run_dp_rank pid=563381)[0m        8  [r0 t=     7 all_gather         s2mb0]
[36m(run_dp_rank pid=563381)[0m        9  [r0 t=     8 forward            s2mb0]
[36m(run_dp_rank pid=563381)[0m       10  [r0 t=     8 send               s0mb1]
[36m(run_dp_rank pid=563381)[0m       11  [r0 t=     8 recv               s2mb1]
[36m(run_dp_rank pid=563381)[0m       12  [r0 t=    12 forward            s2mb1]
[36m(run_dp_rank pid=563381)[0m       13  [r0 t=    12 send               s2mb0]
[36m(run_dp_rank pid=563381)[0m       14  [r0 t=    13 free_full_params   s2mb0 bkt=-1]
[36m(run_dp_rank pid=563381)[0m       15  [r0 t=    14 alloc_full_params  s0mb0 bkt=-1]
[36m(run_dp_rank pid=563381)[0m       16  [r0 t=    15 all_gather         s0mb0]
[36m(run_dp_rank pid=563381)[0m       17  [r0 t=    16 forward            s0mb2]
[36m(run_dp_rank pid=563381)[0m       18  [r0 t=    16 send               s2mb1]
[36m(run_dp_rank pid=563381)[0m       19  [r0 t=    16 recv               s2mb0]
[36m(run_dp_rank pid=563381)[0m       20  [r0 t=    17 free_full_params   s0mb0 bkt=-1]
[36m(run_dp_rank pid=563381)[0m       21  [r0 t=    18 alloc_full_params  s2mb0 bkt=-1]
[36m(run_dp_rank pid=563381)[0m       22  [r0 t=    19 all_gather         s2mb0]
[36m(run_dp_rank pid=563381)[0m       23  [r0 t=    19 alloc_full_grads   s2mb0 bkt=-1]
[36m(run_dp_rank pid=563381)[0m       24  [r0 t=    20 backward           s2mb0]
[36m(run_dp_rank pid=563381)[0m       25  [r0 t=    20 send               s0mb2]
[36m(run_dp_rank pid=563381)[0m       26  [r0 t=    20 reduce_scatter     s2mb0]
[36m(run_dp_rank pid=563381)[0m       27  [r0 t=    20 free_full_grads    s2mb0 bkt=-1]
[36m(run_dp_rank pid=563381)[0m       28  [r0 t=    21 free_full_params   s2mb0 bkt=-1]
[36m(run_dp_rank pid=563381)[0m       29  [r0 t=    22 alloc_full_params  s0mb0 bkt=-1]
[36m(run_dp_rank pid=563381)[0m       30  [r0 t=    23 all_gather         s0mb0]
[36m(run_dp_rank pid=563381)[0m       31  [r0 t=    24 forward            s0mb3]
[36m(run_dp_rank pid=563381)[0m       32  [r0 t=    24 send               s2mb0]
[36m(run_dp_rank pid=563381)[0m       33  [r0 t=    24 recv               s2mb1]
[36m(run_dp_rank pid=563381)[0m       34  [r0 t=    25 free_full_params   s0mb0 bkt=-1]
[36m(run_dp_rank pid=563381)[0m       35  [r0 t=    26 alloc_full_params  s2mb0 bkt=-1]
[36m(run_dp_rank pid=563381)[0m       36  [r0 t=    27 all_gather         s2mb0]
[36m(run_dp_rank pid=563381)[0m       37  [r0 t=    27 alloc_full_grads   s2mb0 bkt=-1]
[36m(run_dp_rank pid=563381)[0m       38  [r0 t=    28 backward           s2mb1]
[36m(run_dp_rank pid=563381)[0m       39  [r0 t=    28 send               s0mb3]
[36m(run_dp_rank pid=563381)[0m       40  [r0 t=    28 recv               s2mb2]
[36m(run_dp_rank pid=563381)[0m       41  [r0 t=    28 reduce_scatter     s2mb1]
[36m(run_dp_rank pid=563381)[0m       42  [r0 t=    28 free_full_grads    s2mb0 bkt=-1]
[36m(run_dp_rank pid=563381)[0m       43  [r0 t=    32 forward            s2mb2]
[36m(run_dp_rank pid=563381)[0m       44  [r0 t=    32 send               s2mb1]
[36m(run_dp_rank pid=563381)[0m       45  [r0 t=    32 recv               s0mb0]
[36m(run_dp_rank pid=563381)[0m       46  [r0 t=    33 free_full_params   s2mb0 bkt=-1]
[36m(run_dp_rank pid=563381)[0m       47  [r0 t=    34 alloc_full_params  s0mb0 bkt=-1]
[36m(run_dp_rank pid=563381)[0m       48  [r0 t=    35 all_gather         s0mb0]
[36m(run_dp_rank pid=563381)[0m       49  [r0 t=    35 alloc_full_grads   s0mb0 bkt=-1]
[36m(run_dp_rank pid=563381)[0m       50  [r0 t=    36 backward           s0mb0]
[36m(run_dp_rank pid=563381)[0m       51  [r0 t=    36 send               s2mb2]
[36m(run_dp_rank pid=563381)[0m       52  [r0 t=    36 recv               s2mb3]
[36m(run_dp_rank pid=563381)[0m       53  [r0 t=    36 reduce_scatter     s0mb0]
[36m(run_dp_rank pid=563381)[0m       54  [r0 t=    36 free_full_grads    s0mb0 bkt=-1]
[36m(run_dp_rank pid=563381)[0m       55  [r0 t=    37 free_full_params   s0mb0 bkt=-1]
[36m(run_dp_rank pid=563381)[0m       56  [r0 t=    38 alloc_full_params  s2mb0 bkt=-1]
[36m(run_dp_rank pid=563381)[0m       57  [r0 t=    39 all_gather         s2mb0]
[36m(run_dp_rank pid=563381)[0m       58  [r0 t=    40 forward            s2mb3]
[36m(run_dp_rank pid=563381)[0m       59  [r0 t=    40 recv               s0mb1]
[36m(run_dp_rank pid=563381)[0m       60  [r0 t=    41 free_full_params   s2mb0 bkt=-1]
[36m(run_dp_rank pid=563381)[0m       61  [r0 t=    42 alloc_full_params  s0mb0 bkt=-1]
[36m(run_dp_rank pid=563381)[0m       62  [r0 t=    43 all_gather         s0mb0]
[36m(run_dp_rank pid=563381)[0m       63  [r0 t=    43 alloc_full_grads   s0mb0 bkt=-1]
[36m(run_dp_rank pid=563381)[0m       64  [r0 t=    44 backward           s0mb1]
[36m(run_dp_rank pid=563381)[0m       65  [r0 t=    44 send               s2mb3]
[36m(run_dp_rank pid=563381)[0m       66  [r0 t=    44 recv               s2mb2]
[36m(run_dp_rank pid=563381)[0m       67  [r0 t=    44 reduce_scatter     s0mb1]
[36m(run_dp_rank pid=563381)[0m       68  [r0 t=    44 free_full_grads    s0mb0 bkt=-1]
[36m(run_dp_rank pid=563381)[0m       69  [r0 t=    45 free_full_params   s0mb0 bkt=-1]
[36m(run_dp_rank pid=563381)[0m       70  [r0 t=    46 alloc_full_params  s2mb0 bkt=-1]
[36m(run_dp_rank pid=563381)[0m       71  [r0 t=    47 all_gather         s2mb0]
[36m(run_dp_rank pid=563381)[0m       72  [r0 t=    47 alloc_full_grads   s2mb0 bkt=-1]
[36m(run_dp_rank pid=563381)[0m       73  [r0 t=    48 backward           s2mb2]
[36m(run_dp_rank pid=563381)[0m       74  [r0 t=    48 recv               s2mb3]
[36m(run_dp_rank pid=563381)[0m       75  [r0 t=    52 backward           s2mb3]
[36m(run_dp_rank pid=563381)[0m       76  [r0 t=    52 send               s2mb2]
[36m(run_dp_rank pid=563381)[0m       77  [r0 t=    52 recv               s0mb2]
[36m(run_dp_rank pid=563381)[0m       78  [r0 t=    52 reduce_scatter     s2mb3]
[36m(run_dp_rank pid=563381)[0m       79  [r0 t=    52 free_full_grads    s2mb0 bkt=-1]
[36m(run_dp_rank pid=563381)[0m       80  [r0 t=    53 free_full_params   s2mb0 bkt=-1]
[36m(run_dp_rank pid=563381)[0m       81  [r0 t=    54 alloc_full_params  s0mb0 bkt=-1]
[36m(run_dp_rank pid=563381)[0m       82  [r0 t=    55 all_gather         s0mb0]
[36m(run_dp_rank pid=563381)[0m       83  [r0 t=    55 alloc_full_grads   s0mb0 bkt=-1]
[36m(run_dp_rank pid=563381)[0m       84  [r0 t=    56 backward           s0mb2]
[36m(run_dp_rank pid=563381)[0m       85  [r0 t=    56 send               s2mb3]
[36m(run_dp_rank pid=563381)[0m       86  [r0 t=    56 recv               s0mb3]
[36m(run_dp_rank pid=563381)[0m       87  [r0 t=    60 backward           s0mb3]
[36m(run_dp_rank pid=563381)[0m       88  [r0 t=    60 reduce_scatter     s0mb3]
[36m(run_dp_rank pid=563381)[0m       89  [r0 t=    60 free_full_grads    s0mb0 bkt=-1]
[36m(run_dp_rank pid=563381)[0m       90  [r0 t=    61 free_full_params   s0mb0 bkt=-1]
[36m(run_dp_rank pid=563381)[0m       91  [r0 t=    64 update             s0mb3]
[36m(run_dp_rank pid=563381)[0m   -- Rank 1 --
[36m(run_dp_rank pid=563381)[0m        0  [r1 t=    -4 recv               s1mb0]
[36m(run_dp_rank pid=563381)[0m        1  [r1 t=    -2 alloc_full_params  s1mb0 bkt=-1]
[36m(run_dp_rank pid=563381)[0m        2  [r1 t=    -1 all_gather         s1mb0]
[36m(run_dp_rank pid=563381)[0m        3  [r1 t=     0 forward            s1mb0]
[36m(run_dp_rank pid=563381)[0m        4  [r1 t=     0 recv               s1mb1]
[36m(run_dp_rank pid=563381)[0m        5  [r1 t=     4 forward            s1mb1]
[36m(run_dp_rank pid=563381)[0m        6  [r1 t=     4 recv               s3mb0]
[36m(run_dp_rank pid=563381)[0m        7  [r1 t=     4 send               s1mb0]
[36m(run_dp_rank pid=563381)[0m        8  [r1 t=     5 free_full_params   s1mb0 bkt=-1]
[36m(run_dp_rank pid=563381)[0m        9  [r1 t=     6 alloc_full_params  s3mb0 bkt=-1]
[36m(run_dp_rank pid=563381)[0m       10  [r1 t=     7 all_gather         s3mb0]
[36m(run_dp_rank pid=563381)[0m       11  [r1 t=     8 forward            s3mb0]
[36m(run_dp_rank pid=563381)[0m       12  [r1 t=     8 send               s1mb1]
[36m(run_dp_rank pid=563381)[0m       13  [r1 t=    11 alloc_full_grads   s3mb0 bkt=-1]
[36m(run_dp_rank pid=563381)[0m       14  [r1 t=    12 backward           s3mb0]
[36m(run_dp_rank pid=563381)[0m       15  [r1 t=    12 recv               s3mb1]
[36m(run_dp_rank pid=563381)[0m       16  [r1 t=    12 reduce_scatter     s3mb0]
[36m(run_dp_rank pid=563381)[0m       17  [r1 t=    12 free_full_grads    s3mb0 bkt=-1]
[36m(run_dp_rank pid=563381)[0m       18  [r1 t=    16 forward            s3mb1]
[36m(run_dp_rank pid=563381)[0m       19  [r1 t=    16 send               s3mb0]
[36m(run_dp_rank pid=563381)[0m       20  [r1 t=    19 alloc_full_grads   s3mb0 bkt=-1]
[36m(run_dp_rank pid=563381)[0m       21  [r1 t=    20 backward           s3mb1]
[36m(run_dp_rank pid=563381)[0m       22  [r1 t=    20 recv               s1mb2]
[36m(run_dp_rank pid=563381)[0m       23  [r1 t=    20 reduce_scatter     s3mb1]
[36m(run_dp_rank pid=563381)[0m       24  [r1 t=    20 free_full_grads    s3mb0 bkt=-1]
[36m(run_dp_rank pid=563381)[0m       25  [r1 t=    21 free_full_params   s3mb0 bkt=-1]
[36m(run_dp_rank pid=563381)[0m       26  [r1 t=    22 alloc_full_params  s1mb0 bkt=-1]
[36m(run_dp_rank pid=563381)[0m       27  [r1 t=    23 all_gather         s1mb0]
[36m(run_dp_rank pid=563381)[0m       28  [r1 t=    24 forward            s1mb2]
[36m(run_dp_rank pid=563381)[0m       29  [r1 t=    24 recv               s1mb0]
[36m(run_dp_rank pid=563381)[0m       30  [r1 t=    24 send               s3mb1]
[36m(run_dp_rank pid=563381)[0m       31  [r1 t=    27 alloc_full_grads   s1mb0 bkt=-1]
[36m(run_dp_rank pid=563381)[0m       32  [r1 t=    28 backward           s1mb0]
[36m(run_dp_rank pid=563381)[0m       33  [r1 t=    28 recv               s1mb3]
[36m(run_dp_rank pid=563381)[0m       34  [r1 t=    28 send               s1mb2]
[36m(run_dp_rank pid=563381)[0m       35  [r1 t=    28 reduce_scatter     s1mb0]
[36m(run_dp_rank pid=563381)[0m       36  [r1 t=    28 free_full_grads    s1mb0 bkt=-1]
[36m(run_dp_rank pid=563381)[0m       37  [r1 t=    32 forward            s1mb3]
[36m(run_dp_rank pid=563381)[0m       38  [r1 t=    32 recv               s1mb1]
[36m(run_dp_rank pid=563381)[0m       39  [r1 t=    32 send               s1mb0]
[36m(run_dp_rank pid=563381)[0m       40  [r1 t=    35 alloc_full_grads   s1mb0 bkt=-1]
[36m(run_dp_rank pid=563381)[0m       41  [r1 t=    36 backward           s1mb1]
[36m(run_dp_rank pid=563381)[0m       42  [r1 t=    36 recv               s3mb2]
[36m(run_dp_rank pid=563381)[0m       43  [r1 t=    36 send               s1mb3]
[36m(run_dp_rank pid=563381)[0m       44  [r1 t=    36 reduce_scatter     s1mb1]
[36m(run_dp_rank pid=563381)[0m       45  [r1 t=    36 free_full_grads    s1mb0 bkt=-1]
[36m(run_dp_rank pid=563381)[0m       46  [r1 t=    37 free_full_params   s1mb0 bkt=-1]
[36m(run_dp_rank pid=563381)[0m       47  [r1 t=    38 alloc_full_params  s3mb0 bkt=-1]
[36m(run_dp_rank pid=563381)[0m       48  [r1 t=    39 all_gather         s3mb0]
[36m(run_dp_rank pid=563381)[0m       49  [r1 t=    40 forward            s3mb2]
[36m(run_dp_rank pid=563381)[0m       50  [r1 t=    40 send               s1mb1]
[36m(run_dp_rank pid=563381)[0m       51  [r1 t=    43 alloc_full_grads   s3mb0 bkt=-1]
[36m(run_dp_rank pid=563381)[0m       52  [r1 t=    44 backward           s3mb2]
[36m(run_dp_rank pid=563381)[0m       53  [r1 t=    44 recv               s3mb3]
[36m(run_dp_rank pid=563381)[0m       54  [r1 t=    44 reduce_scatter     s3mb2]
[36m(run_dp_rank pid=563381)[0m       55  [r1 t=    44 free_full_grads    s3mb0 bkt=-1]
[36m(run_dp_rank pid=563381)[0m       56  [r1 t=    48 forward            s3mb3]
[36m(run_dp_rank pid=563381)[0m       57  [r1 t=    48 send               s3mb2]
[36m(run_dp_rank pid=563381)[0m       58  [r1 t=    51 alloc_full_grads   s3mb0 bkt=-1]
[36m(run_dp_rank pid=563381)[0m       59  [r1 t=    52 backward           s3mb3]
[36m(run_dp_rank pid=563381)[0m       60  [r1 t=    52 recv               s1mb2]
[36m(run_dp_rank pid=563381)[0m       61  [r1 t=    52 reduce_scatter     s3mb3]
[36m(run_dp_rank pid=563381)[0m       62  [r1 t=    52 free_full_grads    s3mb0 bkt=-1]
[36m(run_dp_rank pid=563381)[0m       63  [r1 t=    53 free_full_params   s3mb0 bkt=-1]
[36m(run_dp_rank pid=563381)[0m       64  [r1 t=    54 alloc_full_params  s1mb0 bkt=-1]
[36m(run_dp_rank pid=563381)[0m       65  [r1 t=    55 all_gather         s1mb0]
[36m(run_dp_rank pid=563381)[0m       66  [r1 t=    55 alloc_full_grads   s1mb0 bkt=-1]
[36m(run_dp_rank pid=563381)[0m       67  [r1 t=    56 backward           s1mb2]
[36m(run_dp_rank pid=563381)[0m       68  [r1 t=    56 recv               s1mb3]
[36m(run_dp_rank pid=563381)[0m       69  [r1 t=    56 send               s3mb3]
[36m(run_dp_rank pid=563381)[0m       70  [r1 t=    60 backward           s1mb3]
[36m(run_dp_rank pid=563381)[0m       71  [r1 t=    60 send               s1mb2]
[36m(run_dp_rank pid=563381)[0m       72  [r1 t=    60 reduce_scatter     s1mb3]
[36m(run_dp_rank pid=563381)[0m       73  [r1 t=    60 free_full_grads    s1mb0 bkt=-1]
[36m(run_dp_rank pid=563381)[0m       74  [r1 t=    61 free_full_params   s1mb0 bkt=-1]
[36m(run_dp_rank pid=563381)[0m       75  [r1 t=    64 update             s1mb3]
[36m(run_dp_rank pid=563381)[0m       76  [r1 t=    64 send               s1mb3]
[36m(run_dp_rank pid=563381)[0m ============================================================
[36m(run_dp_rank pid=563381)[0m 2026-04-09 09:18:34,283 - piper_backend - WARNING - Should not directly call compiled module, running non-distributed execution
[36m(run_dp_rank pid=563381)[0m 2026-04-09 09:18:34,283 - piper_compile - INFO - DP rank 0 stage graphs loaded onto actors.
[36m(run_dp_rank pid=563381)[0m 2026-04-09 09:18:36,564 - piper_compile - INFO - DP rank 0 published compiled stage data.
[36m(run_dp_rank pid=563328)[0m 2026-04-09 09:18:36,579 - piper_compile - INFO - DP rank 1 received compiled stage data, loading onto actors...
[36m(PiperActor pid=580792)[0m 2026-04-09 09:18:36,570 - piper_actor - DEBUG - Actor 0 loaded inputs 1
[36m(PiperActor pid=580794)[0m 2026-04-09 09:18:36,589 - piper_actor - DEBUG - Loading stage 0 (1 module(s)) on actor 2
[36m(PiperActor pid=580799)[0m 2026-04-09 09:18:36,596 - piper_actor - DEBUG - Loading stage 1 (1 module(s)) on actor 3
[36m(PiperActor pid=580794)[0m 2026-04-09 09:18:39,500 - piper_actor - DEBUG - Actor 2 imported and initialized Triton kernel modules
[36m(PiperActor pid=580794)[0m 2026-04-09 09:18:39,500 - piper_actor - DEBUG - Manually registering Triton kernel at index 0 on actor 2...
[36m(PiperActor pid=580799)[0m 2026-04-09 09:18:39,830 - piper_actor - DEBUG - Actor 3 imported and initialized Triton kernel modules
[36m(PiperActor pid=580799)[0m 2026-04-09 09:18:39,831 - piper_actor - DEBUG - Manually registering Triton kernel at index 0 on actor 3...
[36m(PiperActor pid=580794)[0m 2026-04-09 09:18:41,228 - piper_actor - DEBUG - Actor 2 registered kernel at id_to_kernel[0] (copied from index 0)
[36m(PiperActor pid=580794)[0m 2026-04-09 09:18:41,278 - piper_actor - DEBUG - _replace_meta_constants: No meta device tensors found to replace! (checked 0 submodules)
[36m(PiperActor pid=580794)[0m 2026-04-09 09:18:41,278 - piper_actor - DEBUG - Stage 0 module 0 input indices: [1]
[36m(run_dp_rank pid=563381)[0m 2026-04-09 09:18:41,346 - piper_compile - INFO - DP rank 0 real inputs/labels loaded onto actors.
[36m(run_dp_rank pid=563381)[0m 2026-04-09 09:18:41,346 - piper_compile - INFO - DP rank 0 done.
[36m(run_dp_rank pid=563381)[0m Running 1 warmup iterations...
[36m(PiperActor pid=580792)[0m 2026-04-09 09:18:41,349 - piper_actor - DEBUG - run_dag dispatch (time -2): alloc_full_params s0 mb0 bkt=-1
[36m(PiperActor pid=580817)[0m 2026-04-09 09:18:41,336 - piper_actor - DEBUG - Actor 1 loaded labels torch.Size([16, 256, 128256])
[36m(PiperActor pid=580817)[0m 2026-04-09 09:18:41,349 - piper_actor - DEBUG - run_dag dispatch (time -4): recv s1 mb0 bkt=0
[36m(PiperActor pid=580817)[0m 2026-04-09 09:18:41,349 - piper_actor - DEBUG - exec_recv key ((1, 0), 0) from peer pp rank 0
[36m(PiperActor pid=580817)[0m [rank1]:[W409 09:18:41.808844486 ProcessGroupNCCL.cpp:4068] Warning: An unbatched P2P op (send/recv) was called on this ProcessGroup with size 2.  In lazy initialization mode, this will result in a new 2-rank NCCL communicator to be created. (function operator())
[36m(PiperActor pid=580792)[0m 2026-04-09 09:18:41,404 - piper_actor - DEBUG - run_dag dispatch (time -1): all_gather s0 mb0 bkt=0
[36m(PiperActor pid=580794)[0m 2026-04-09 09:18:41,885 - piper_actor - DEBUG - Loading stage 2 (1 module(s)) on actor 2
[36m(PiperActor pid=580794)[0m 2026-04-09 09:18:41,886 - piper_actor - DEBUG - Actor 2 imported and initialized Triton kernel modules
[36m(PiperActor pid=580794)[0m 2026-04-09 09:18:41,886 - piper_actor - DEBUG - Manually registering Triton kernel at index 0 on actor 2...
[36m(PiperActor pid=580794)[0m 2026-04-09 09:18:41,913 - piper_actor - DEBUG - Actor 2 registered kernel at id_to_kernel[0] (copied from index 0)
[36m(PiperActor pid=580794)[0m 2026-04-09 09:18:41,963 - piper_actor - DEBUG - _replace_meta_constants: No meta device tensors found to replace! (checked 0 submodules)
[36m(PiperActor pid=580794)[0m 2026-04-09 09:18:41,963 - piper_actor - DEBUG - Stage 2 module 0 input indices: [0]
[36m(PiperActor pid=580799)[0m 2026-04-09 09:18:41,869 - piper_actor - DEBUG - Actor 3 registered kernel at id_to_kernel[0] (copied from index 0)
[36m(PiperActor pid=580799)[0m 2026-04-09 09:18:41,919 - piper_actor - DEBUG - _replace_meta_constants: No meta device tensors found to replace! (checked 0 submodules)
[36m(PiperActor pid=580799)[0m 2026-04-09 09:18:41,920 - piper_actor - DEBUG - Stage 1 module 0 input indices: [0]
[36m(PiperActor pid=580799)[0m 2026-04-09 09:18:41,953 - piper_actor - DEBUG - Loading stage 3 (1 module(s)) on actor 3
[36m(PiperActor pid=580799)[0m 2026-04-09 09:18:41,954 - piper_actor - DEBUG - Actor 3 imported and initialized Triton kernel modules
[36m(PiperActor pid=580799)[0m 2026-04-09 09:18:41,954 - piper_actor - DEBUG - Manually registering Triton kernel at index 0 on actor 3...
[36m(PiperActor pid=580799)[0m 2026-04-09 09:18:42,029 - piper_actor - DEBUG - Actor 3 registered kernel at id_to_kernel[0] (copied from index 0)
[36m(PiperActor pid=580799)[0m 2026-04-09 09:18:42,078 - piper_actor - DEBUG - _replace_meta_constants: No meta device tensors found to replace! (checked 0 submodules)
[36m(PiperActor pid=580799)[0m 2026-04-09 09:18:42,078 - piper_actor - DEBUG - Stage 3 module 0 input indices: [0]
[36m(run_dp_rank pid=563328)[0m 2026-04-09 09:18:42,509 - piper_compile - INFO - DP rank 1 stage graphs and DAGs loaded onto actors.
[36m(PiperActor pid=580794)[0m 2026-04-09 09:18:42,515 - piper_actor - DEBUG - Actor 2 loaded inputs 1
[36m(run_dp_rank pid=563328)[0m 2026-04-09 09:18:46,223 - piper_compile - INFO - DP rank 1 real inputs/labels loaded onto actors.
[36m(run_dp_rank pid=563328)[0m 2026-04-09 09:18:46,223 - piper_compile - INFO - DP rank 1 done.
[36m(run_dp_rank pid=563328)[0m Running 1 warmup iterations...
[36m(PiperActor pid=580794)[0m 2026-04-09 09:18:46,228 - piper_actor - DEBUG - run_dag dispatch (time -2): alloc_full_params s0 mb0 bkt=-1
[36m(PiperActor pid=580794)[0m 2026-04-09 09:18:46,232 - piper_actor - DEBUG - run_dag dispatch (time -1): all_gather s0 mb0 bkt=0
[36m(PiperActor pid=580799)[0m 2026-04-09 09:18:46,212 - piper_actor - DEBUG - Actor 3 loaded labels torch.Size([16, 256, 128256])
[36m(PiperActor pid=580799)[0m 2026-04-09 09:18:46,228 - piper_actor - DEBUG - run_dag dispatch (time -4): recv s1 mb0 bkt=0
[36m(PiperActor pid=580799)[0m 2026-04-09 09:18:46,228 - piper_actor - DEBUG - exec_recv key ((1, 0), 0) from peer pp rank 0
[36m(PiperActor pid=580799)[0m [rank3]:[W409 09:18:46.688186497 ProcessGroupNCCL.cpp:4068] Warning: An unbatched P2P op (send/recv) was called on this ProcessGroup with size 2.  In lazy initialization mode, this will result in a new 2-rank NCCL communicator to be created. (function operator())
[36m(PiperActor pid=580792)[0m 2026-04-09 09:19:30,765 - piper_actor - DEBUG - run_dag dispatch (time 0): forward s0 mb0 bkt=0
[36m(PiperActor pid=580794)[0m 2026-04-09 09:19:30,767 - piper_actor - DEBUG - run_dag dispatch (time 0): forward s0 mb0 bkt=0
[36m(PiperActor pid=580792)[0m 2026-04-09 09:19:31,927 - piper_actor - DEBUG - run_dag dispatch (time 4): forward s0 mb1 bkt=0
[36m(PiperActor pid=580794)[0m 2026-04-09 09:19:31,936 - piper_actor - DEBUG - run_dag dispatch (time 4): forward s0 mb1 bkt=0
[36m(PiperActor pid=580792)[0m 2026-04-09 09:19:32,126 - piper_actor - DEBUG - run_dag dispatch (time 4): send s0 mb0 bkt=0
[36m(PiperActor pid=580792)[0m 2026-04-09 09:19:32,126 - piper_actor - DEBUG - exec_send key ((0, 0), 0) to peer pp rank 1
[36m(PiperActor pid=580792)[0m [rank0]:[W409 09:19:32.585462688 ProcessGroupNCCL.cpp:4068] Warning: An unbatched P2P op (send/recv) was called on this ProcessGroup with size 2.  In lazy initialization mode, this will result in a new 2-rank NCCL communicator to be created. (function operator())
[36m(PiperActor pid=580794)[0m 2026-04-09 09:19:32,132 - piper_actor - DEBUG - run_dag dispatch (time 4): send s0 mb0 bkt=0
[36m(PiperActor pid=580794)[0m 2026-04-09 09:19:32,133 - piper_actor - DEBUG - exec_send key ((0, 0), 0) to peer pp rank 1
[36m(PiperActor pid=580794)[0m [rank2]:[W409 09:19:32.592436264 ProcessGroupNCCL.cpp:4068] Warning: An unbatched P2P op (send/recv) was called on this ProcessGroup with size 2.  In lazy initialization mode, this will result in a new 2-rank NCCL communicator to be created. (function operator())
[36m(PiperActor pid=580799)[0m 2026-04-09 09:20:10,660 - piper_actor - DEBUG - run_dag dispatch (time -2): alloc_full_params s1 mb0 bkt=-1
[36m(PiperActor pid=580799)[0m 2026-04-09 09:20:10,661 - piper_actor - DEBUG - run_dag dispatch (time -1): all_gather s1 mb0 bkt=0
[36m(PiperActor pid=580794)[0m 2026-04-09 09:20:10,984 - piper_actor - DEBUG - run_dag dispatch (time 4): recv s2 mb0 bkt=0
[36m(PiperActor pid=580794)[0m 2026-04-09 09:20:10,985 - piper_actor - DEBUG - exec_recv key ((2, 0), 0) from peer pp rank 1
[36m(PiperActor pid=580794)[0m [rank2]:[W409 09:20:10.444513243 ProcessGroupNCCL.cpp:4068] Warning: An unbatched P2P op (send/recv) was called on this ProcessGroup with size 2.  In lazy initialization mode, this will result in a new 2-rank NCCL communicator to be created. (function operator())
[36m(PiperActor pid=580792)[0m 2026-04-09 09:20:18,248 - piper_actor - DEBUG - run_dag dispatch (time 4): recv s2 mb0 bkt=0
[36m(PiperActor pid=580792)[0m 2026-04-09 09:20:18,248 - piper_actor - DEBUG - exec_recv key ((2, 0), 0) from peer pp rank 1
[36m(PiperActor pid=580792)[0m [rank0]:[W409 09:20:18.707668856 ProcessGroupNCCL.cpp:4068] Warning: An unbatched P2P op (send/recv) was called on this ProcessGroup with size 2.  In lazy initialization mode, this will result in a new 2-rank NCCL communicator to be created. (function operator())
[36m(PiperActor pid=580817)[0m 2026-04-09 09:20:18,391 - piper_actor - DEBUG - run_dag dispatch (time -2): alloc_full_params s1 mb0 bkt=-1
[36m(PiperActor pid=580817)[0m 2026-04-09 09:20:18,392 - piper_actor - DEBUG - run_dag dispatch (time -1): all_gather s1 mb0 bkt=0
[36m(PiperActor pid=580817)[0m 2026-04-09 09:20:59,593 - piper_actor - DEBUG - run_dag dispatch (time 0): forward s1 mb0 bkt=0
[36m(PiperActor pid=580799)[0m 2026-04-09 09:20:59,594 - piper_actor - DEBUG - run_dag dispatch (time 0): forward s1 mb0 bkt=0
[36m(PiperActor pid=580817)[0m 2026-04-09 09:21:00,417 - piper_actor - DEBUG - run_dag dispatch (time 0): recv s1 mb1 bkt=0
[36m(PiperActor pid=580817)[0m 2026-04-09 09:21:00,417 - piper_actor - DEBUG - exec_recv key ((1, 0), 1) from peer pp rank 0
[36m(PiperActor pid=580817)[0m 2026-04-09 09:21:00,418 - piper_actor - DEBUG - run_dag dispatch (time 4): forward s1 mb1 bkt=0
[36m(PiperActor pid=580799)[0m 2026-04-09 09:21:00,401 - piper_actor - DEBUG - run_dag dispatch (time 0): recv s1 mb1 bkt=0
[36m(PiperActor pid=580799)[0m 2026-04-09 09:21:00,401 - piper_actor - DEBUG - exec_recv key ((1, 0), 1) from peer pp rank 0
[36m(PiperActor pid=580799)[0m 2026-04-09 09:21:00,402 - piper_actor - DEBUG - run_dag dispatch (time 4): forward s1 mb1 bkt=0
[36m(PiperActor pid=580799)[0m 2026-04-09 09:21:00,878 - piper_actor - DEBUG - run_dag dispatch (time 4): recv s3 mb0 bkt=0
[36m(PiperActor pid=580799)[0m 2026-04-09 09:21:00,878 - piper_actor - DEBUG - exec_recv key ((3, 0), 0) from peer pp rank 0
[36m(PiperActor pid=580799)[0m 2026-04-09 09:21:00,879 - piper_actor - DEBUG - run_dag dispatch (time 4): send s1 mb0 bkt=0
[36m(PiperActor pid=580799)[0m 2026-04-09 09:21:00,879 - piper_actor - DEBUG - exec_send key ((1, 0), 0) to peer pp rank 0
[36m(PiperActor pid=580799)[0m [rank3]:[W409 09:21:00.338697329 ProcessGroupNCCL.cpp:4068] Warning: An unbatched P2P op (send/recv) was called on this ProcessGroup with size 2.  In lazy initialization mode, this will result in a new 2-rank NCCL communicator to be created. (function operator())
[36m(PiperActor pid=580817)[0m 2026-04-09 09:21:01,210 - piper_actor - DEBUG - run_dag dispatch (time 4): recv s3 mb0 bkt=0
[36m(PiperActor pid=580817)[0m 2026-04-09 09:21:01,210 - piper_actor - DEBUG - exec_recv key ((3, 0), 0) from peer pp rank 0
[36m(PiperActor pid=580817)[0m 2026-04-09 09:21:01,211 - piper_actor - DEBUG - run_dag dispatch (time 4): send s1 mb0 bkt=0
[36m(PiperActor pid=580817)[0m 2026-04-09 09:21:01,211 - piper_actor - DEBUG - exec_send key ((1, 0), 0) to peer pp rank 0
[36m(PiperActor pid=580817)[0m [rank1]:[W409 09:21:01.670482013 ProcessGroupNCCL.cpp:4068] Warning: An unbatched P2P op (send/recv) was called on this ProcessGroup with size 2.  In lazy initialization mode, this will result in a new 2-rank NCCL communicator to be created. (function operator())
[36m(PiperActor pid=580794)[0m 2026-04-09 09:21:52,455 - piper_actor - DEBUG - run_dag dispatch (time 5): free_full_params s0 mb0 bkt=-1
[36m(PiperActor pid=580794)[0m 2026-04-09 09:21:52,456 - piper_actor - DEBUG - run_dag dispatch (time 6): alloc_full_params s2 mb0 bkt=-1
[36m(PiperActor pid=580794)[0m 2026-04-09 09:21:52,456 - piper_actor - DEBUG - run_dag dispatch (time 7): all_gather s2 mb0 bkt=0
[36m(PiperActor pid=580794)[0m 2026-04-09 09:21:52,457 - piper_actor - DEBUG - run_dag dispatch (time 8): forward s2 mb0 bkt=0
[36m(PiperActor pid=580799)[0m 2026-04-09 09:21:52,455 - piper_actor - DEBUG - run_dag dispatch (time 5): free_full_params s1 mb0 bkt=-1
[36m(PiperActor pid=580799)[0m 2026-04-09 09:21:52,456 - piper_actor - DEBUG - run_dag dispatch (time 6): alloc_full_params s3 mb0 bkt=-1
[36m(PiperActor pid=580799)[0m 2026-04-09 09:21:52,456 - piper_actor - DEBUG - run_dag dispatch (time 7): all_gather s3 mb0 bkt=0
[36m(PiperActor pid=580799)[0m 2026-04-09 09:21:52,457 - piper_actor - DEBUG - run_dag dispatch (time 8): forward s3 mb0 bkt=0
[36m(PiperActor pid=580792)[0m 2026-04-09 09:21:53,568 - piper_actor - DEBUG - run_dag dispatch (time 5): free_full_params s0 mb0 bkt=-1
[36m(PiperActor pid=580792)[0m 2026-04-09 09:21:53,569 - piper_actor - DEBUG - run_dag dispatch (time 6): alloc_full_params s2 mb0 bkt=-1
[36m(PiperActor pid=580792)[0m 2026-04-09 09:21:53,569 - piper_actor - DEBUG - run_dag dispatch (time 7): all_gather s2 mb0 bkt=0
[36m(PiperActor pid=580792)[0m 2026-04-09 09:21:53,570 - piper_actor - DEBUG - run_dag dispatch (time 8): forward s2 mb0 bkt=0
[36m(PiperActor pid=580817)[0m 2026-04-09 09:21:53,567 - piper_actor - DEBUG - run_dag dispatch (time 5): free_full_params s1 mb0 bkt=-1
[36m(PiperActor pid=580817)[0m 2026-04-09 09:21:53,568 - piper_actor - DEBUG - run_dag dispatch (time 6): alloc_full_params s3 mb0 bkt=-1
[36m(PiperActor pid=580817)[0m 2026-04-09 09:21:53,569 - piper_actor - DEBUG - run_dag dispatch (time 7): all_gather s3 mb0 bkt=0
[36m(PiperActor pid=580817)[0m 2026-04-09 09:21:53,570 - piper_actor - DEBUG - run_dag dispatch (time 8): forward s3 mb0 bkt=0
[36m(PiperActor pid=580794)[0m 2026-04-09 09:21:53,598 - piper_actor - DEBUG - run_dag dispatch (time 8): send s0 mb1 bkt=0
[36m(PiperActor pid=580794)[0m 2026-04-09 09:21:53,599 - piper_actor - DEBUG - exec_send key ((0, 0), 1) to peer pp rank 1
[36m(PiperActor pid=580794)[0m 2026-04-09 09:21:53,599 - piper_actor - DEBUG - run_dag dispatch (time 8): recv s2 mb1 bkt=0
[36m(PiperActor pid=580794)[0m 2026-04-09 09:21:53,599 - piper_actor - DEBUG - exec_recv key ((2, 0), 1) from peer pp rank 1
[36m(PiperActor pid=580794)[0m 2026-04-09 09:21:53,600 - piper_actor - DEBUG - run_dag dispatch (time 12): forward s2 mb1 bkt=0
[36m(PiperActor pid=580792)[0m 2026-04-09 09:21:53,834 - piper_actor - DEBUG - run_dag dispatch (time 8): send s0 mb1 bkt=0
[36m(PiperActor pid=580792)[0m 2026-04-09 09:21:53,834 - piper_actor - DEBUG - exec_send key ((0, 0), 1) to peer pp rank 1
[36m(PiperActor pid=580792)[0m 2026-04-09 09:21:53,835 - piper_actor - DEBUG - run_dag dispatch (time 8): recv s2 mb1 bkt=0
[36m(PiperActor pid=580792)[0m 2026-04-09 09:21:53,835 - piper_actor - DEBUG - exec_recv key ((2, 0), 1) from peer pp rank 1
[36m(PiperActor pid=580792)[0m 2026-04-09 09:21:53,836 - piper_actor - DEBUG - run_dag dispatch (time 12): forward s2 mb1 bkt=0
[36m(PiperActor pid=580794)[0m 2026-04-09 09:21:53,865 - piper_actor - DEBUG - run_dag dispatch (time 12): send s2 mb0 bkt=0
[36m(PiperActor pid=580794)[0m 2026-04-09 09:21:53,865 - piper_actor - DEBUG - exec_send key ((2, 0), 0) to peer pp rank 1
[36m(PiperActor pid=580794)[0m 2026-04-09 09:21:53,865 - piper_actor - DEBUG - run_dag dispatch (time 13): free_full_params s2 mb0 bkt=-1
[36m(PiperActor pid=580794)[0m 2026-04-09 09:21:53,865 - piper_actor - DEBUG - run_dag dispatch (time 14): alloc_full_params s0 mb0 bkt=-1
[36m(PiperActor pid=580794)[0m 2026-04-09 09:21:53,866 - piper_actor - DEBUG - run_dag dispatch (time 15): all_gather s0 mb0 bkt=0
[36m(PiperActor pid=580794)[0m 2026-04-09 09:21:53,867 - piper_actor - DEBUG - run_dag dispatch (time 16): forward s0 mb2 bkt=0
[36m(PiperActor pid=580799)[0m 2026-04-09 09:21:53,893 - piper_actor - DEBUG - run_dag dispatch (time 8): send s1 mb1 bkt=0
[36m(PiperActor pid=580799)[0m 2026-04-09 09:21:53,894 - piper_actor - DEBUG - exec_send key ((1, 0), 1) to peer pp rank 0
[36m(PiperActor pid=580799)[0m 2026-04-09 09:21:53,894 - piper_actor - DEBUG - run_dag dispatch (time 11): alloc_full_grads s3 mb0 bkt=-1
[36m(PiperActor pid=580799)[0m 2026-04-09 09:21:53,901 - piper_actor - DEBUG - run_dag dispatch (time 12): backward s3 mb0 bkt=0
[36m(PiperActor pid=580792)[0m 2026-04-09 09:21:54,107 - piper_actor - DEBUG - run_dag dispatch (time 12): send s2 mb0 bkt=0
[36m(PiperActor pid=580792)[0m 2026-04-09 09:21:54,108 - piper_actor - DEBUG - exec_send key ((2, 0), 0) to peer pp rank 1
[36m(PiperActor pid=580792)[0m 2026-04-09 09:21:54,108 - piper_actor - DEBUG - run_dag dispatch (time 13): free_full_params s2 mb0 bkt=-1
[36m(PiperActor pid=580792)[0m 2026-04-09 09:21:54,108 - piper_actor - DEBUG - run_dag dispatch (time 14): alloc_full_params s0 mb0 bkt=-1
[36m(PiperActor pid=580799)[0m 2026-04-09 09:21:54,004 - piper_actor - DEBUG - run_dag dispatch (time 12): recv s3 mb1 bkt=0
[36m(PiperActor pid=580799)[0m 2026-04-09 09:21:54,005 - piper_actor - DEBUG - exec_recv key ((3, 0), 1) from peer pp rank 0
[36m(PiperActor pid=580799)[0m 2026-04-09 09:21:54,005 - piper_actor - DEBUG - run_dag dispatch (time 12): reduce_scatter s3 mb0 bkt=0
[36m(PiperActor pid=580799)[0m 2026-04-09 09:21:54,010 - piper_actor - DEBUG - run_dag dispatch (time 12): free_full_grads s3 mb0 bkt=-1
[36m(PiperActor pid=580799)[0m 2026-04-09 09:21:54,010 - piper_actor - DEBUG - run_dag dispatch (time 16): forward s3 mb1 bkt=0
[36m(PiperActor pid=580799)[0m 2026-04-09 09:21:54,022 - piper_actor - DEBUG - run_dag dispatch (time 16): send s3 mb0 bkt=0
[36m(PiperActor pid=580799)[0m 2026-04-09 09:21:54,022 - piper_actor - DEBUG - exec_send key (None, 0) to peer pp rank 0
[36m(PiperActor pid=580799)[0m 2026-04-09 09:21:54,022 - piper_actor - DEBUG - run_dag dispatch (time 19): alloc_full_grads s3 mb0 bkt=-1
[36m(PiperActor pid=580799)[0m 2026-04-09 09:21:54,023 - piper_actor - DEBUG - run_dag dispatch (time 20): backward s3 mb1 bkt=0
[36m(PiperActor pid=580792)[0m 2026-04-09 09:21:54,109 - piper_actor - DEBUG - run_dag dispatch (time 15): all_gather s0 mb0 bkt=0
[36m(PiperActor pid=580792)[0m 2026-04-09 09:21:54,109 - piper_actor - DEBUG - run_dag dispatch (time 16): forward s0 mb2 bkt=0
[36m(PiperActor pid=580817)[0m 2026-04-09 09:21:54,316 - piper_actor - DEBUG - run_dag dispatch (time 8): send s1 mb1 bkt=0
[36m(PiperActor pid=580817)[0m 2026-04-09 09:21:54,316 - piper_actor - DEBUG - exec_send key ((1, 0), 1) to peer pp rank 0
[36m(PiperActor pid=580817)[0m 2026-04-09 09:21:54,317 - piper_actor - DEBUG - run_dag dispatch (time 11): alloc_full_grads s3 mb0 bkt=-1
[36m(PiperActor pid=580817)[0m 2026-04-09 09:21:54,527 - piper_actor - DEBUG - run_dag dispatch (time 12): backward s3 mb0 bkt=0
[36m(PiperActor pid=580792)[0m 2026-04-09 09:21:54,835 - piper_actor - DEBUG - run_dag dispatch (time 16): send s2 mb1 bkt=0
[36m(PiperActor pid=580792)[0m 2026-04-09 09:21:54,835 - piper_actor - DEBUG - exec_send key ((2, 0), 1) to peer pp rank 1
[36m(PiperActor pid=580792)[0m 2026-04-09 09:21:54,836 - piper_actor - DEBUG - run_dag dispatch (time 16): recv s2 mb0 bkt=0
[36m(PiperActor pid=580792)[0m 2026-04-09 09:21:54,836 - piper_actor - DEBUG - exec_recv key (None, 0) from peer pp rank 1
[36m(PiperActor pid=580792)[0m 2026-04-09 09:21:54,836 - piper_actor - DEBUG - run_dag dispatch (time 17): free_full_params s0 mb0 bkt=-1
[36m(PiperActor pid=580792)[0m 2026-04-09 09:21:54,837 - piper_actor - DEBUG - run_dag dispatch (time 18): alloc_full_params s2 mb0 bkt=-1
[36m(PiperActor pid=580792)[0m 2026-04-09 09:21:54,837 - piper_actor - DEBUG - run_dag dispatch (time 19): all_gather s2 mb0 bkt=0
[36m(PiperActor pid=580792)[0m 2026-04-09 09:21:54,838 - piper_actor - DEBUG - run_dag dispatch (time 19): alloc_full_grads s2 mb0 bkt=-1
[36m(PiperActor pid=580792)[0m 2026-04-09 09:21:54,838 - piper_actor - DEBUG - run_dag dispatch (time 20): backward s2 mb0 bkt=0
[36m(PiperActor pid=580817)[0m 2026-04-09 09:21:54,793 - piper_actor - DEBUG - run_dag dispatch (time 12): recv s3 mb1 bkt=0
[36m(PiperActor pid=580817)[0m 2026-04-09 09:21:54,793 - piper_actor - DEBUG - exec_recv key ((3, 0), 1) from peer pp rank 0
[36m(PiperActor pid=580817)[0m 2026-04-09 09:21:54,794 - piper_actor - DEBUG - run_dag dispatch (time 12): reduce_scatter s3 mb0 bkt=0
[36m(PiperActor pid=580817)[0m 2026-04-09 09:21:54,816 - piper_actor - DEBUG - run_dag dispatch (time 12): free_full_grads s3 mb0 bkt=-1
[36m(PiperActor pid=580817)[0m 2026-04-09 09:21:54,816 - piper_actor - DEBUG - run_dag dispatch (time 16): forward s3 mb1 bkt=0
[36m(PiperActor pid=580817)[0m 2026-04-09 09:21:54,828 - piper_actor - DEBUG - run_dag dispatch (time 16): send s3 mb0 bkt=0
[36m(PiperActor pid=580817)[0m 2026-04-09 09:21:54,829 - piper_actor - DEBUG - exec_send key (None, 0) to peer pp rank 0
[36m(PiperActor pid=580817)[0m 2026-04-09 09:21:54,829 - piper_actor - DEBUG - run_dag dispatch (time 19): alloc_full_grads s3 mb0 bkt=-1
[36m(PiperActor pid=580817)[0m 2026-04-09 09:21:54,830 - piper_actor - DEBUG - run_dag dispatch (time 20): backward s3 mb1 bkt=0
[36m(PiperActor pid=580794)[0m 2026-04-09 09:21:54,722 - piper_actor - DEBUG - run_dag dispatch (time 16): send s2 mb1 bkt=0
[36m(PiperActor pid=580794)[0m 2026-04-09 09:21:54,723 - piper_actor - DEBUG - exec_send key ((2, 0), 1) to peer pp rank 1
[36m(PiperActor pid=580794)[0m 2026-04-09 09:21:54,723 - piper_actor - DEBUG - run_dag dispatch (time 16): recv s2 mb0 bkt=0
[36m(PiperActor pid=580794)[0m 2026-04-09 09:21:54,723 - piper_actor - DEBUG - exec_recv key (None, 0) from peer pp rank 1
[36m(PiperActor pid=580794)[0m 2026-04-09 09:21:54,724 - piper_actor - DEBUG - run_dag dispatch (time 17): free_full_params s0 mb0 bkt=-1
[36m(PiperActor pid=580794)[0m 2026-04-09 09:21:54,724 - piper_actor - DEBUG - run_dag dispatch (time 18): alloc_full_params s2 mb0 bkt=-1
[36m(PiperActor pid=580794)[0m 2026-04-09 09:21:54,725 - piper_actor - DEBUG - run_dag dispatch (time 19): all_gather s2 mb0 bkt=0
[36m(PiperActor pid=580794)[0m 2026-04-09 09:21:54,725 - piper_actor - DEBUG - run_dag dispatch (time 19): alloc_full_grads s2 mb0 bkt=-1
[36m(PiperActor pid=580794)[0m 2026-04-09 09:21:54,726 - piper_actor - DEBUG - run_dag dispatch (time 20): backward s2 mb0 bkt=0
[36m(PiperActor pid=580799)[0m 2026-04-09 09:21:54,824 - piper_actor - DEBUG - run_dag dispatch (time 20): recv s1 mb2 bkt=0
[36m(PiperActor pid=580799)[0m 2026-04-09 09:21:54,825 - piper_actor - DEBUG - exec_recv key ((1, 0), 2) from peer pp rank 0
[36m(PiperActor pid=580799)[0m 2026-04-09 09:21:54,825 - piper_actor - DEBUG - run_dag dispatch (time 20): reduce_scatter s3 mb1 bkt=0
[36m(PiperActor pid=580799)[0m 2026-04-09 09:21:54,826 - piper_actor - DEBUG - run_dag dispatch (time 20): free_full_grads s3 mb0 bkt=-1
[36m(PiperActor pid=580799)[0m 2026-04-09 09:21:54,826 - piper_actor - DEBUG - run_dag dispatch (time 21): free_full_params s3 mb0 bkt=-1
[36m(PiperActor pid=580799)[0m 2026-04-09 09:21:54,826 - piper_actor - DEBUG - run_dag dispatch (time 22): alloc_full_params s1 mb0 bkt=-1
[36m(PiperActor pid=580799)[0m 2026-04-09 09:21:54,827 - piper_actor - DEBUG - run_dag dispatch (time 23): all_gather s1 mb0 bkt=0
[36m(PiperActor pid=580799)[0m 2026-04-09 09:21:54,827 - piper_actor - DEBUG - run_dag dispatch (time 24): forward s1 mb2 bkt=0
[36m(PiperActor pid=580817)[0m 2026-04-09 09:21:54,854 - piper_actor - DEBUG - run_dag dispatch (time 20): recv s1 mb2 bkt=0
[36m(PiperActor pid=580817)[0m 2026-04-09 09:21:54,855 - piper_actor - DEBUG - exec_recv key ((1, 0), 2) from peer pp rank 0
[36m(PiperActor pid=580817)[0m 2026-04-09 09:21:54,855 - piper_actor - DEBUG - run_dag dispatch (time 20): reduce_scatter s3 mb1 bkt=0
[36m(PiperActor pid=580817)[0m 2026-04-09 09:21:54,856 - piper_actor - DEBUG - run_dag dispatch (time 20): free_full_grads s3 mb0 bkt=-1
[36m(PiperActor pid=580817)[0m 2026-04-09 09:21:54,856 - piper_actor - DEBUG - run_dag dispatch (time 21): free_full_params s3 mb0 bkt=-1
[36m(PiperActor pid=580817)[0m 2026-04-09 09:21:54,856 - piper_actor - DEBUG - run_dag dispatch (time 22): alloc_full_params s1 mb0 bkt=-1
[36m(PiperActor pid=580817)[0m 2026-04-09 09:21:54,857 - piper_actor - DEBUG - run_dag dispatch (time 23): all_gather s1 mb0 bkt=0
[36m(PiperActor pid=580817)[0m 2026-04-09 09:21:54,857 - piper_actor - DEBUG - run_dag dispatch (time 24): forward s1 mb2 bkt=0
[36m(PiperActor pid=580799)[0m 2026-04-09 09:21:54,870 - piper_actor - DEBUG - run_dag dispatch (time 24): recv s1 mb0 bkt=0
[36m(PiperActor pid=580799)[0m 2026-04-09 09:21:54,870 - piper_actor - DEBUG - exec_recv key (None, 0) from peer pp rank 0
[36m(PiperActor pid=580799)[0m 2026-04-09 09:21:54,870 - piper_actor - DEBUG - run_dag dispatch (time 24): send s3 mb1 bkt=0
[36m(PiperActor pid=580799)[0m 2026-04-09 09:21:54,870 - piper_actor - DEBUG - exec_send key (None, 1) to peer pp rank 0
[36m(PiperActor pid=580799)[0m 2026-04-09 09:21:54,871 - piper_actor - DEBUG - run_dag dispatch (time 27): alloc_full_grads s1 mb0 bkt=-1
[36m(PiperActor pid=580799)[0m 2026-04-09 09:21:54,871 - piper_actor - DEBUG - run_dag dispatch (time 28): backward s1 mb0 bkt=0
[36m(PiperActor pid=580817)[0m 2026-04-09 09:21:54,883 - piper_actor - DEBUG - run_dag dispatch (time 24): recv s1 mb0 bkt=0
[36m(PiperActor pid=580817)[0m 2026-04-09 09:21:54,883 - piper_actor - DEBUG - exec_recv key (None, 0) from peer pp rank 0
[36m(PiperActor pid=580817)[0m 2026-04-09 09:21:54,884 - piper_actor - DEBUG - run_dag dispatch (time 24): send s3 mb1 bkt=0
[36m(PiperActor pid=580817)[0m 2026-04-09 09:21:54,884 - piper_actor - DEBUG - exec_send key (None, 1) to peer pp rank 0
[36m(PiperActor pid=580817)[0m 2026-04-09 09:21:54,884 - piper_actor - DEBUG - run_dag dispatch (time 27): alloc_full_grads s1 mb0 bkt=-1
[36m(PiperActor pid=580817)[0m 2026-04-09 09:21:54,885 - piper_actor - DEBUG - run_dag dispatch (time 28): backward s1 mb0 bkt=0
[36m(PiperActor pid=580792)[0m 2026-04-09 09:21:54,959 - piper_actor - DEBUG - run_dag dispatch (time 20): send s0 mb2 bkt=0
[36m(PiperActor pid=580792)[0m 2026-04-09 09:21:54,960 - piper_actor - DEBUG - exec_send key ((0, 0), 2) to peer pp rank 1
[36m(PiperActor pid=580792)[0m 2026-04-09 09:21:54,960 - piper_actor - DEBUG - run_dag dispatch (time 20): reduce_scatter s2 mb0 bkt=0
[36m(PiperActor pid=580794)[0m 2026-04-09 09:21:54,959 - piper_actor - DEBUG - run_dag dispatch (time 20): send s0 mb2 bkt=0
[36m(PiperActor pid=580794)[0m 2026-04-09 09:21:54,959 - piper_actor - DEBUG - exec_send key ((0, 0), 2) to peer pp rank 1
[36m(PiperActor pid=580794)[0m 2026-04-09 09:21:54,960 - piper_actor - DEBUG - run_dag dispatch (time 20): reduce_scatter s2 mb0 bkt=0
[36m(PiperActor pid=580799)[0m 2026-04-09 09:21:54,962 - piper_actor - DEBUG - run_dag dispatch (time 28): recv s1 mb3 bkt=0
[36m(PiperActor pid=580799)[0m 2026-04-09 09:21:54,962 - piper_actor - DEBUG - exec_recv key ((1, 0), 3) from peer pp rank 0
[36m(PiperActor pid=580792)[0m 2026-04-09 09:21:54,966 - piper_actor - DEBUG - run_dag dispatch (time 20): free_full_grads s2 mb0 bkt=-1
[36m(PiperActor pid=580792)[0m 2026-04-09 09:21:54,967 - piper_actor - DEBUG - run_dag dispatch (time 21): free_full_params s2 mb0 bkt=-1
[36m(PiperActor pid=580792)[0m 2026-04-09 09:21:54,967 - piper_actor - DEBUG - run_dag dispatch (time 22): alloc_full_params s0 mb0 bkt=-1
[36m(PiperActor pid=580792)[0m 2026-04-09 09:21:54,967 - piper_actor - DEBUG - run_dag dispatch (time 23): all_gather s0 mb0 bkt=0
[36m(PiperActor pid=580792)[0m 2026-04-09 09:21:54,968 - piper_actor - DEBUG - run_dag dispatch (time 24): forward s0 mb3 bkt=0
[36m(PiperActor pid=580792)[0m 2026-04-09 09:21:54,979 - piper_actor - DEBUG - run_dag dispatch (time 24): send s2 mb0 bkt=0
[36m(PiperActor pid=580792)[0m 2026-04-09 09:21:54,979 - piper_actor - DEBUG - exec_send key (None, 0) to peer pp rank 1
[36m(PiperActor pid=580792)[0m 2026-04-09 09:21:54,979 - piper_actor - DEBUG - run_dag dispatch (time 24): recv s2 mb1 bkt=0
[36m(PiperActor pid=580792)[0m 2026-04-09 09:21:54,979 - piper_actor - DEBUG - exec_recv key (None, 1) from peer pp rank 1
[36m(PiperActor pid=580792)[0m 2026-04-09 09:21:54,980 - piper_actor - DEBUG - run_dag dispatch (time 25): free_full_params s0 mb0 bkt=-1
[36m(PiperActor pid=580792)[0m 2026-04-09 09:21:54,980 - piper_actor - DEBUG - run_dag dispatch (time 26): alloc_full_params s2 mb0 bkt=-1
[36m(PiperActor pid=580792)[0m 2026-04-09 09:21:54,980 - piper_actor - DEBUG - run_dag dispatch (time 27): all_gather s2 mb0 bkt=0
[36m(PiperActor pid=580792)[0m 2026-04-09 09:21:54,981 - piper_actor - DEBUG - run_dag dispatch (time 27): alloc_full_grads s2 mb0 bkt=-1
[36m(PiperActor pid=580792)[0m 2026-04-09 09:21:54,981 - piper_actor - DEBUG - run_dag dispatch (time 28): backward s2 mb1 bkt=0
[36m(PiperActor pid=580817)[0m 2026-04-09 09:21:54,962 - piper_actor - DEBUG - run_dag dispatch (time 28): recv s1 mb3 bkt=0
[36m(PiperActor pid=580817)[0m 2026-04-09 09:21:54,963 - piper_actor - DEBUG - exec_recv key ((1, 0), 3) from peer pp rank 0
[36m(PiperActor pid=580817)[0m 2026-04-09 09:21:54,963 - piper_actor - DEBUG - run_dag dispatch (time 28): send s1 mb2 bkt=0
[36m(PiperActor pid=580817)[0m 2026-04-09 09:21:54,964 - piper_actor - DEBUG - exec_send key ((1, 0), 2) to peer pp rank 0
[36m(PiperActor pid=580817)[0m 2026-04-09 09:21:54,964 - piper_actor - DEBUG - run_dag dispatch (time 28): reduce_scatter s1 mb0 bkt=0
[36m(PiperActor pid=580817)[0m 2026-04-09 09:21:54,964 - piper_actor - DEBUG - run_dag dispatch (time 28): free_full_grads s1 mb0 bkt=-1
[36m(PiperActor pid=580817)[0m 2026-04-09 09:21:54,965 - piper_actor - DEBUG - run_dag dispatch (time 32): forward s1 mb3 bkt=0
[36m(PiperActor pid=580817)[0m 2026-04-09 09:21:54,983 - piper_actor - DEBUG - run_dag dispatch (time 32): recv s1 mb1 bkt=0
[36m(PiperActor pid=580817)[0m 2026-04-09 09:21:54,983 - piper_actor - DEBUG - exec_recv key (None, 1) from peer pp rank 0
[36m(PiperActor pid=580817)[0m 2026-04-09 09:21:54,983 - piper_actor - DEBUG - run_dag dispatch (time 32): send s1 mb0 bkt=0
[36m(PiperActor pid=580817)[0m 2026-04-09 09:21:54,983 - piper_actor - DEBUG - exec_send key (None, 0) to peer pp rank 0
[36m(PiperActor pid=580817)[0m 2026-04-09 09:21:54,984 - piper_actor - DEBUG - run_dag dispatch (time 35): alloc_full_grads s1 mb0 bkt=-1
[36m(PiperActor pid=580817)[0m 2026-04-09 09:21:54,984 - piper_actor - DEBUG - run_dag dispatch (time 36): backward s1 mb1 bkt=0
[36m(PiperActor pid=580794)[0m 2026-04-09 09:21:54,966 - piper_actor - DEBUG - run_dag dispatch (time 20): free_full_grads s2 mb0 bkt=-1
[36m(PiperActor pid=580794)[0m 2026-04-09 09:21:54,966 - piper_actor - DEBUG - run_dag dispatch (time 21): free_full_params s2 mb0 bkt=-1
[36m(PiperActor pid=580794)[0m 2026-04-09 09:21:54,966 - piper_actor - DEBUG - run_dag dispatch (time 22): alloc_full_params s0 mb0 bkt=-1
[36m(PiperActor pid=580794)[0m 2026-04-09 09:21:54,967 - piper_actor - DEBUG - run_dag dispatch (time 23): all_gather s0 mb0 bkt=0
[36m(PiperActor pid=580794)[0m 2026-04-09 09:21:54,967 - piper_actor - DEBUG - run_dag dispatch (time 24): forward s0 mb3 bkt=0
[36m(PiperActor pid=580794)[0m 2026-04-09 09:21:54,979 - piper_actor - DEBUG - run_dag dispatch (time 24): send s2 mb0 bkt=0
[36m(PiperActor pid=580794)[0m 2026-04-09 09:21:54,979 - piper_actor - DEBUG - exec_send key (None, 0) to peer pp rank 1
[36m(PiperActor pid=580794)[0m 2026-04-09 09:21:54,979 - piper_actor - DEBUG - run_dag dispatch (time 24): recv s2 mb1 bkt=0
[36m(PiperActor pid=580794)[0m 2026-04-09 09:21:54,979 - piper_actor - DEBUG - exec_recv key (None, 1) from peer pp rank 1
[36m(PiperActor pid=580794)[0m 2026-04-09 09:21:54,980 - piper_actor - DEBUG - run_dag dispatch (time 25): free_full_params s0 mb0 bkt=-1
[36m(PiperActor pid=580794)[0m 2026-04-09 09:21:54,980 - piper_actor - DEBUG - run_dag dispatch (time 26): alloc_full_params s2 mb0 bkt=-1
[36m(PiperActor pid=580794)[0m 2026-04-09 09:21:54,981 - piper_actor - DEBUG - run_dag dispatch (time 27): all_gather s2 mb0 bkt=0
[36m(PiperActor pid=580794)[0m 2026-04-09 09:21:54,981 - piper_actor - DEBUG - run_dag dispatch (time 27): alloc_full_grads s2 mb0 bkt=-1
[36m(PiperActor pid=580794)[0m 2026-04-09 09:21:54,981 - piper_actor - DEBUG - run_dag dispatch (time 28): backward s2 mb1 bkt=0
[36m(PiperActor pid=580799)[0m 2026-04-09 09:21:54,963 - piper_actor - DEBUG - run_dag dispatch (time 28): send s1 mb2 bkt=0
[36m(PiperActor pid=580799)[0m 2026-04-09 09:21:54,963 - piper_actor - DEBUG - exec_send key ((1, 0), 2) to peer pp rank 0
[36m(PiperActor pid=580799)[0m 2026-04-09 09:21:54,964 - piper_actor - DEBUG - run_dag dispatch (time 28): reduce_scatter s1 mb0 bkt=0
[36m(PiperActor pid=580799)[0m 2026-04-09 09:21:54,964 - piper_actor - DEBUG - run_dag dispatch (time 28): free_full_grads s1 mb0 bkt=-1
[36m(PiperActor pid=580799)[0m 2026-04-09 09:21:54,964 - piper_actor - DEBUG - run_dag dispatch (time 32): forward s1 mb3 bkt=0
[36m(PiperActor pid=580799)[0m 2026-04-09 09:21:54,982 - piper_actor - DEBUG - run_dag dispatch (time 32): recv s1 mb1 bkt=0
[36m(PiperActor pid=580799)[0m 2026-04-09 09:21:54,983 - piper_actor - DEBUG - exec_recv key (None, 1) from peer pp rank 0
[36m(PiperActor pid=580799)[0m 2026-04-09 09:21:54,983 - piper_actor - DEBUG - run_dag dispatch (time 32): send s1 mb0 bkt=0
[36m(PiperActor pid=580799)[0m 2026-04-09 09:21:54,983 - piper_actor - DEBUG - exec_send key (None, 0) to peer pp rank 0
[36m(PiperActor pid=580799)[0m 2026-04-09 09:21:54,983 - piper_actor - DEBUG - run_dag dispatch (time 35): alloc_full_grads s1 mb0 bkt=-1
[36m(PiperActor pid=580799)[0m 2026-04-09 09:21:54,984 - piper_actor - DEBUG - run_dag dispatch (time 36): backward s1 mb1 bkt=0
[36m(PiperActor pid=580792)[0m 2026-04-09 09:21:55,003 - piper_actor - DEBUG - run_dag dispatch (time 28): send s0 mb3 bkt=0
[36m(PiperActor pid=580792)[0m 2026-04-09 09:21:55,004 - piper_actor - DEBUG - exec_send key ((0, 0), 3) to peer pp rank 1
[36m(PiperActor pid=580792)[0m 2026-04-09 09:21:55,004 - piper_actor - DEBUG - run_dag dispatch (time 28): recv s2 mb2 bkt=0
[36m(PiperActor pid=580792)[0m 2026-04-09 09:21:55,004 - piper_actor - DEBUG - exec_recv key ((2, 0), 2) from peer pp rank 1
[36m(PiperActor pid=580792)[0m 2026-04-09 09:21:55,005 - piper_actor - DEBUG - run_dag dispatch (time 28): reduce_scatter s2 mb1 bkt=0
[36m(PiperActor pid=580792)[0m 2026-04-09 09:21:55,005 - piper_actor - DEBUG - run_dag dispatch (time 28): free_full_grads s2 mb0 bkt=-1
[36m(PiperActor pid=580792)[0m 2026-04-09 09:21:55,005 - piper_actor - DEBUG - run_dag dispatch (time 32): forward s2 mb2 bkt=0
[36m(PiperActor pid=580792)[0m 2026-04-09 09:21:55,016 - piper_actor - DEBUG - run_dag dispatch (time 32): send s2 mb1 bkt=0
[36m(PiperActor pid=580792)[0m 2026-04-09 09:21:55,016 - piper_actor - DEBUG - exec_send key (None, 1) to peer pp rank 1
[36m(PiperActor pid=580792)[0m 2026-04-09 09:21:55,016 - piper_actor - DEBUG - run_dag dispatch (time 32): recv s0 mb0 bkt=0
[36m(PiperActor pid=580792)[0m 2026-04-09 09:21:55,016 - piper_actor - DEBUG - exec_recv key (None, 0) from peer pp rank 1
[36m(PiperActor pid=580792)[0m 2026-04-09 09:21:55,017 - piper_actor - DEBUG - run_dag dispatch (time 33): free_full_params s2 mb0 bkt=-1
[36m(PiperActor pid=580792)[0m 2026-04-09 09:21:55,017 - piper_actor - DEBUG - run_dag dispatch (time 34): alloc_full_params s0 mb0 bkt=-1
[36m(PiperActor pid=580792)[0m 2026-04-09 09:21:55,018 - piper_actor - DEBUG - run_dag dispatch (time 35): all_gather s0 mb0 bkt=0
[36m(PiperActor pid=580792)[0m 2026-04-09 09:21:55,018 - piper_actor - DEBUG - run_dag dispatch (time 35): alloc_full_grads s0 mb0 bkt=-1
[36m(PiperActor pid=580792)[0m 2026-04-09 09:21:55,021 - piper_actor - DEBUG - run_dag dispatch (time 36): backward s0 mb0 bkt=0
[36m(PiperActor pid=580817)[0m 2026-04-09 09:21:55,022 - piper_actor - DEBUG - run_dag dispatch (time 36): recv s3 mb2 bkt=0
[36m(PiperActor pid=580817)[0m 2026-04-09 09:21:55,022 - piper_actor - DEBUG - exec_recv key ((3, 0), 2) from peer pp rank 0
[36m(PiperActor pid=580817)[0m 2026-04-09 09:21:55,023 - piper_actor - DEBUG - run_dag dispatch (time 36): send s1 mb3 bkt=0
[36m(PiperActor pid=580817)[0m 2026-04-09 09:21:55,023 - piper_actor - DEBUG - exec_send key ((1, 0), 3) to peer pp rank 0
[36m(PiperActor pid=580817)[0m 2026-04-09 09:21:55,023 - piper_actor - DEBUG - run_dag dispatch (time 36): reduce_scatter s1 mb1 bkt=0
[36m(PiperActor pid=580817)[0m 2026-04-09 09:21:55,024 - piper_actor - DEBUG - run_dag dispatch (time 36): free_full_grads s1 mb0 bkt=-1
[36m(PiperActor pid=580817)[0m 2026-04-09 09:21:55,024 - piper_actor - DEBUG - run_dag dispatch (time 37): free_full_params s1 mb0 bkt=-1
[36m(PiperActor pid=580817)[0m 2026-04-09 09:21:55,024 - piper_actor - DEBUG - run_dag dispatch (time 38): alloc_full_params s3 mb0 bkt=-1
[36m(PiperActor pid=580817)[0m 2026-04-09 09:21:55,025 - piper_actor - DEBUG - run_dag dispatch (time 39): all_gather s3 mb0 bkt=0
[36m(PiperActor pid=580817)[0m 2026-04-09 09:21:55,025 - piper_actor - DEBUG - run_dag dispatch (time 40): forward s3 mb2 bkt=0
[36m(PiperActor pid=580817)[0m 2026-04-09 09:21:55,042 - piper_actor - DEBUG - run_dag dispatch (time 40): send s1 mb1 bkt=0
[36m(PiperActor pid=580817)[0m 2026-04-09 09:21:55,042 - piper_actor - DEBUG - exec_send key (None, 1) to peer pp rank 0
[36m(PiperActor pid=580817)[0m 2026-04-09 09:21:55,042 - piper_actor - DEBUG - run_dag dispatch (time 43): alloc_full_grads s3 mb0 bkt=-1
[36m(PiperActor pid=580817)[0m 2026-04-09 09:21:55,043 - piper_actor - DEBUG - run_dag dispatch (time 44): backward s3 mb2 bkt=0
[36m(PiperActor pid=580794)[0m 2026-04-09 09:21:55,004 - piper_actor - DEBUG - run_dag dispatch (time 28): send s0 mb3 bkt=0
[36m(PiperActor pid=580794)[0m 2026-04-09 09:21:55,004 - piper_actor - DEBUG - exec_send key ((0, 0), 3) to peer pp rank 1
[36m(PiperActor pid=580794)[0m 2026-04-09 09:21:55,004 - piper_actor - DEBUG - run_dag dispatch (time 28): recv s2 mb2 bkt=0
[36m(PiperActor pid=580794)[0m 2026-04-09 09:21:55,005 - piper_actor - DEBUG - exec_recv key ((2, 0), 2) from peer pp rank 1
[36m(PiperActor pid=580794)[0m 2026-04-09 09:21:55,005 - piper_actor - DEBUG - run_dag dispatch (time 28): reduce_scatter s2 mb1 bkt=0
[36m(PiperActor pid=580794)[0m 2026-04-09 09:21:55,005 - piper_actor - DEBUG - run_dag dispatch (time 28): free_full_grads s2 mb0 bkt=-1
[36m(PiperActor pid=580794)[0m 2026-04-09 09:21:55,006 - piper_actor - DEBUG - run_dag dispatch (time 32): forward s2 mb2 bkt=0
[36m(PiperActor pid=580794)[0m 2026-04-09 09:21:55,017 - piper_actor - DEBUG - run_dag dispatch (time 32): send s2 mb1 bkt=0
[36m(PiperActor pid=580794)[0m 2026-04-09 09:21:55,017 - piper_actor - DEBUG - exec_send key (None, 1) to peer pp rank 1
[36m(PiperActor pid=580794)[0m 2026-04-09 09:21:55,017 - piper_actor - DEBUG - run_dag dispatch (time 32): recv s0 mb0 bkt=0
[36m(PiperActor pid=580794)[0m 2026-04-09 09:21:55,017 - piper_actor - DEBUG - exec_recv key (None, 0) from peer pp rank 1
[36m(PiperActor pid=580794)[0m 2026-04-09 09:21:55,018 - piper_actor - DEBUG - run_dag dispatch (time 33): free_full_params s2 mb0 bkt=-1
[36m(PiperActor pid=580794)[0m 2026-04-09 09:21:55,018 - piper_actor - DEBUG - run_dag dispatch (time 34): alloc_full_params s0 mb0 bkt=-1
[36m(PiperActor pid=580794)[0m 2026-04-09 09:21:55,018 - piper_actor - DEBUG - run_dag dispatch (time 35): all_gather s0 mb0 bkt=0
[36m(PiperActor pid=580794)[0m 2026-04-09 09:21:55,019 - piper_actor - DEBUG - run_dag dispatch (time 35): alloc_full_grads s0 mb0 bkt=-1
[36m(PiperActor pid=580794)[0m 2026-04-09 09:21:55,022 - piper_actor - DEBUG - run_dag dispatch (time 36): backward s0 mb0 bkt=0
[36m(PiperActor pid=580799)[0m 2026-04-09 09:21:55,022 - piper_actor - DEBUG - run_dag dispatch (time 36): recv s3 mb2 bkt=0
[36m(PiperActor pid=580799)[0m 2026-04-09 09:21:55,022 - piper_actor - DEBUG - exec_recv key ((3, 0), 2) from peer pp rank 0
[36m(PiperActor pid=580799)[0m 2026-04-09 09:21:55,023 - piper_actor - DEBUG - run_dag dispatch (time 36): send s1 mb3 bkt=0
[36m(PiperActor pid=580799)[0m 2026-04-09 09:21:55,023 - piper_actor - DEBUG - exec_send key ((1, 0), 3) to peer pp rank 0
[36m(PiperActor pid=580799)[0m 2026-04-09 09:21:55,023 - piper_actor - DEBUG - run_dag dispatch (time 36): reduce_scatter s1 mb1 bkt=0
[36m(PiperActor pid=580799)[0m 2026-04-09 09:21:55,024 - piper_actor - DEBUG - run_dag dispatch (time 36): free_full_grads s1 mb0 bkt=-1
[36m(PiperActor pid=580799)[0m 2026-04-09 09:21:55,024 - piper_actor - DEBUG - run_dag dispatch (time 37): free_full_params s1 mb0 bkt=-1
[36m(PiperActor pid=580799)[0m 2026-04-09 09:21:55,024 - piper_actor - DEBUG - run_dag dispatch (time 38): alloc_full_params s3 mb0 bkt=-1
[36m(PiperActor pid=580799)[0m 2026-04-09 09:21:55,025 - piper_actor - DEBUG - run_dag dispatch (time 39): all_gather s3 mb0 bkt=0
[36m(PiperActor pid=580799)[0m 2026-04-09 09:21:55,025 - piper_actor - DEBUG - run_dag dispatch (time 40): forward s3 mb2 bkt=0
[36m(PiperActor pid=580799)[0m 2026-04-09 09:21:55,042 - piper_actor - DEBUG - run_dag dispatch (time 40): send s1 mb1 bkt=0
[36m(PiperActor pid=580799)[0m 2026-04-09 09:21:55,042 - piper_actor - DEBUG - exec_send key (None, 1) to peer pp rank 0
[36m(PiperActor pid=580799)[0m 2026-04-09 09:21:55,042 - piper_actor - DEBUG - run_dag dispatch (time 43): alloc_full_grads s3 mb0 bkt=-1
[36m(PiperActor pid=580799)[0m 2026-04-09 09:21:55,043 - piper_actor - DEBUG - run_dag dispatch (time 44): backward s3 mb2 bkt=0
[36m(PiperActor pid=580792)[0m 2026-04-09 09:21:55,111 - piper_actor - DEBUG - run_dag dispatch (time 36): send s2 mb2 bkt=0
[36m(PiperActor pid=580792)[0m 2026-04-09 09:21:55,111 - piper_actor - DEBUG - exec_send key ((2, 0), 2) to peer pp rank 1
[36m(PiperActor pid=580792)[0m 2026-04-09 09:21:55,112 - piper_actor - DEBUG - run_dag dispatch (time 36): recv s2 mb3 bkt=0
[36m(PiperActor pid=580792)[0m 2026-04-09 09:21:55,112 - piper_actor - DEBUG - exec_recv key ((2, 0), 3) from peer pp rank 1
[36m(PiperActor pid=580792)[0m 2026-04-09 09:21:55,113 - piper_actor - DEBUG - run_dag dispatch (time 36): reduce_scatter s0 mb0 bkt=0
[36m(PiperActor pid=580792)[0m 2026-04-09 09:21:55,118 - piper_actor - DEBUG - run_dag dispatch (time 36): free_full_grads s0 mb0 bkt=-1
[36m(PiperActor pid=580792)[0m 2026-04-09 09:21:55,118 - piper_actor - DEBUG - run_dag dispatch (time 37): free_full_params s0 mb0 bkt=-1
[36m(PiperActor pid=580792)[0m 2026-04-09 09:21:55,118 - piper_actor - DEBUG - run_dag dispatch (time 38): alloc_full_params s2 mb0 bkt=-1
[36m(PiperActor pid=580792)[0m 2026-04-09 09:21:55,119 - piper_actor - DEBUG - run_dag dispatch (time 39): all_gather s2 mb0 bkt=0
[36m(PiperActor pid=580792)[0m 2026-04-09 09:21:55,119 - piper_actor - DEBUG - run_dag dispatch (time 40): forward s2 mb3 bkt=0
[36m(PiperActor pid=580792)[0m 2026-04-09 09:21:55,130 - piper_actor - DEBUG - run_dag dispatch (time 40): recv s0 mb1 bkt=0
[36m(PiperActor pid=580792)[0m 2026-04-09 09:21:55,130 - piper_actor - DEBUG - exec_recv key (None, 1) from peer pp rank 1
[36m(PiperActor pid=580792)[0m 2026-04-09 09:21:55,130 - piper_actor - DEBUG - run_dag dispatch (time 41): free_full_params s2 mb0 bkt=-1
[36m(PiperActor pid=580792)[0m 2026-04-09 09:21:55,130 - piper_actor - DEBUG - run_dag dispatch (time 42): alloc_full_params s0 mb0 bkt=-1
[36m(PiperActor pid=580792)[0m 2026-04-09 09:21:55,131 - piper_actor - DEBUG - run_dag dispatch (time 43): all_gather s0 mb0 bkt=0
[36m(PiperActor pid=580792)[0m 2026-04-09 09:21:55,131 - piper_actor - DEBUG - run_dag dispatch (time 43): alloc_full_grads s0 mb0 bkt=-1
[36m(PiperActor pid=580792)[0m 2026-04-09 09:21:55,132 - piper_actor - DEBUG - run_dag dispatch (time 44): backward s0 mb1 bkt=0
[36m(PiperActor pid=580792)[0m 2026-04-09 09:21:55,156 - piper_actor - DEBUG - run_dag dispatch (time 44): send s2 mb3 bkt=0
[36m(PiperActor pid=580792)[0m 2026-04-09 09:21:55,156 - piper_actor - DEBUG - exec_send key ((2, 0), 3) to peer pp rank 1
[36m(PiperActor pid=580792)[0m 2026-04-09 09:21:55,156 - piper_actor - DEBUG - run_dag dispatch (time 44): recv s2 mb2 bkt=0
[36m(PiperActor pid=580792)[0m 2026-04-09 09:21:55,156 - piper_actor - DEBUG - exec_recv key (None, 2) from peer pp rank 1
[36m(PiperActor pid=580792)[0m 2026-04-09 09:21:55,157 - piper_actor - DEBUG - run_dag dispatch (time 44): reduce_scatter s0 mb1 bkt=0
[36m(PiperActor pid=580792)[0m 2026-04-09 09:21:55,157 - piper_actor - DEBUG - run_dag dispatch (time 44): free_full_grads s0 mb0 bkt=-1
[36m(PiperActor pid=580792)[0m 2026-04-09 09:21:55,157 - piper_actor - DEBUG - run_dag dispatch (time 45): free_full_params s0 mb0 bkt=-1
[36m(PiperActor pid=580792)[0m 2026-04-09 09:21:55,157 - piper_actor - DEBUG - run_dag dispatch (time 46): alloc_full_params s2 mb0 bkt=-1
[36m(PiperActor pid=580792)[0m 2026-04-09 09:21:55,158 - piper_actor - DEBUG - run_dag dispatch (time 47): all_gather s2 mb0 bkt=0
[36m(PiperActor pid=580792)[0m 2026-04-09 09:21:55,158 - piper_actor - DEBUG - run_dag dispatch (time 47): alloc_full_grads s2 mb0 bkt=-1
[36m(PiperActor pid=580792)[0m 2026-04-09 09:21:55,159 - piper_actor - DEBUG - run_dag dispatch (time 48): backward s2 mb2 bkt=0
[36m(PiperActor pid=580792)[0m 2026-04-09 09:21:55,193 - piper_actor - DEBUG - run_dag dispatch (time 48): recv s2 mb3 bkt=0
[36m(PiperActor pid=580792)[0m 2026-04-09 09:21:55,194 - piper_actor - DEBUG - exec_recv key (None, 3) from peer pp rank 1
[36m(PiperActor pid=580792)[0m 2026-04-09 09:21:55,194 - piper_actor - DEBUG - run_dag dispatch (time 52): backward s2 mb3 bkt=0
[36m(PiperActor pid=580817)[0m 2026-04-09 09:21:55,116 - piper_actor - DEBUG - run_dag dispatch (time 44): recv s3 mb3 bkt=0
[36m(PiperActor pid=580817)[0m 2026-04-09 09:21:55,117 - piper_actor - DEBUG - exec_recv key ((3, 0), 3) from peer pp rank 0
[36m(PiperActor pid=580817)[0m 2026-04-09 09:21:55,117 - piper_actor - DEBUG - run_dag dispatch (time 44): reduce_scatter s3 mb2 bkt=0
[36m(PiperActor pid=580817)[0m 2026-04-09 09:21:55,118 - piper_actor - DEBUG - run_dag dispatch (time 44): free_full_grads s3 mb0 bkt=-1
[36m(PiperActor pid=580817)[0m 2026-04-09 09:21:55,118 - piper_actor - DEBUG - run_dag dispatch (time 48): forward s3 mb3 bkt=0
[36m(PiperActor pid=580817)[0m 2026-04-09 09:21:55,162 - piper_actor - DEBUG - run_dag dispatch (time 48): send s3 mb2 bkt=0
[36m(PiperActor pid=580817)[0m 2026-04-09 09:21:55,162 - piper_actor - DEBUG - exec_send key (None, 2) to peer pp rank 0
[36m(PiperActor pid=580817)[0m 2026-04-09 09:21:55,163 - piper_actor - DEBUG - run_dag dispatch (time 51): alloc_full_grads s3 mb0 bkt=-1
[36m(PiperActor pid=580817)[0m 2026-04-09 09:21:55,163 - piper_actor - DEBUG - run_dag dispatch (time 52): backward s3 mb3 bkt=0
[36m(PiperActor pid=580817)[0m 2026-04-09 09:21:55,225 - piper_actor - DEBUG - run_dag dispatch (time 52): recv s1 mb2 bkt=0
[36m(PiperActor pid=580817)[0m 2026-04-09 09:21:55,225 - piper_actor - DEBUG - exec_recv key (None, 2) from peer pp rank 0
[36m(PiperActor pid=580817)[0m 2026-04-09 09:21:55,227 - piper_actor - DEBUG - run_dag dispatch (time 52): reduce_scatter s3 mb3 bkt=0
[36m(PiperActor pid=580794)[0m 2026-04-09 09:21:55,139 - piper_actor - DEBUG - run_dag dispatch (time 36): send s2 mb2 bkt=0
[36m(PiperActor pid=580794)[0m 2026-04-09 09:21:55,140 - piper_actor - DEBUG - exec_send key ((2, 0), 2) to peer pp rank 1
[36m(PiperActor pid=580794)[0m 2026-04-09 09:21:55,140 - piper_actor - DEBUG - run_dag dispatch (time 36): recv s2 mb3 bkt=0
[36m(PiperActor pid=580794)[0m 2026-04-09 09:21:55,140 - piper_actor - DEBUG - exec_recv key ((2, 0), 3) from peer pp rank 1
[36m(PiperActor pid=580794)[0m 2026-04-09 09:21:55,141 - piper_actor - DEBUG - run_dag dispatch (time 36): reduce_scatter s0 mb0 bkt=0
[36m(PiperActor pid=580794)[0m 2026-04-09 09:21:55,144 - piper_actor - DEBUG - run_dag dispatch (time 36): free_full_grads s0 mb0 bkt=-1
[36m(PiperActor pid=580794)[0m 2026-04-09 09:21:55,144 - piper_actor - DEBUG - run_dag dispatch (time 37): free_full_params s0 mb0 bkt=-1
[36m(PiperActor pid=580794)[0m 2026-04-09 09:21:55,145 - piper_actor - DEBUG - run_dag dispatch (time 38): alloc_full_params s2 mb0 bkt=-1
[36m(PiperActor pid=580794)[0m 2026-04-09 09:21:55,145 - piper_actor - DEBUG - run_dag dispatch (time 39): all_gather s2 mb0 bkt=0
[36m(PiperActor pid=580794)[0m 2026-04-09 09:21:55,146 - piper_actor - DEBUG - run_dag dispatch (time 40): forward s2 mb3 bkt=0
[36m(PiperActor pid=580794)[0m 2026-04-09 09:21:55,156 - piper_actor - DEBUG - run_dag dispatch (time 40): recv s0 mb1 bkt=0
[36m(PiperActor pid=580794)[0m 2026-04-09 09:21:55,156 - piper_actor - DEBUG - exec_recv key (None, 1) from peer pp rank 1
[36m(PiperActor pid=580794)[0m 2026-04-09 09:21:55,156 - piper_actor - DEBUG - run_dag dispatch (time 41): free_full_params s2 mb0 bkt=-1
[36m(PiperActor pid=580794)[0m 2026-04-09 09:21:55,157 - piper_actor - DEBUG - run_dag dispatch (time 42): alloc_full_params s0 mb0 bkt=-1
[36m(PiperActor pid=580794)[0m 2026-04-09 09:21:55,157 - piper_actor - DEBUG - run_dag dispatch (time 43): all_gather s0 mb0 bkt=0
[36m(PiperActor pid=580794)[0m 2026-04-09 09:21:55,158 - piper_actor - DEBUG - run_dag dispatch (time 43): alloc_full_grads s0 mb0 bkt=-1
[36m(PiperActor pid=580794)[0m 2026-04-09 09:21:55,158 - piper_actor - DEBUG - run_dag dispatch (time 44): backward s0 mb1 bkt=0
[36m(PiperActor pid=580794)[0m 2026-04-09 09:21:55,182 - piper_actor - DEBUG - run_dag dispatch (time 44): send s2 mb3 bkt=0
[36m(PiperActor pid=580794)[0m 2026-04-09 09:21:55,182 - piper_actor - DEBUG - exec_send key ((2, 0), 3) to peer pp rank 1
[36m(PiperActor pid=580794)[0m 2026-04-09 09:21:55,183 - piper_actor - DEBUG - run_dag dispatch (time 44): recv s2 mb2 bkt=0
[36m(PiperActor pid=580794)[0m 2026-04-09 09:21:55,183 - piper_actor - DEBUG - exec_recv key (None, 2) from peer pp rank 1
[36m(PiperActor pid=580794)[0m 2026-04-09 09:21:55,183 - piper_actor - DEBUG - run_dag dispatch (time 44): reduce_scatter s0 mb1 bkt=0
[36m(PiperActor pid=580794)[0m 2026-04-09 09:21:55,183 - piper_actor - DEBUG - run_dag dispatch (time 44): free_full_grads s0 mb0 bkt=-1
[36m(PiperActor pid=580794)[0m 2026-04-09 09:21:55,184 - piper_actor - DEBUG - run_dag dispatch (time 45): free_full_params s0 mb0 bkt=-1
[36m(PiperActor pid=580794)[0m 2026-04-09 09:21:55,184 - piper_actor - DEBUG - run_dag dispatch (time 46): alloc_full_params s2 mb0 bkt=-1
[36m(PiperActor pid=580794)[0m 2026-04-09 09:21:55,184 - piper_actor - DEBUG - run_dag dispatch (time 47): all_gather s2 mb0 bkt=0
[36m(PiperActor pid=580794)[0m 2026-04-09 09:21:55,185 - piper_actor - DEBUG - run_dag dispatch (time 47): alloc_full_grads s2 mb0 bkt=-1
[36m(PiperActor pid=580794)[0m 2026-04-09 09:21:55,185 - piper_actor - DEBUG - run_dag dispatch (time 48): backward s2 mb2 bkt=0
[36m(PiperActor pid=580794)[0m 2026-04-09 09:21:55,208 - piper_actor - DEBUG - run_dag dispatch (time 48): recv s2 mb3 bkt=0
[36m(PiperActor pid=580794)[0m 2026-04-09 09:21:55,208 - piper_actor - DEBUG - exec_recv key (None, 3) from peer pp rank 1
[36m(PiperActor pid=580794)[0m 2026-04-09 09:21:55,208 - piper_actor - DEBUG - run_dag dispatch (time 52): backward s2 mb3 bkt=0
[36m(PiperActor pid=580799)[0m 2026-04-09 09:21:55,145 - piper_actor - DEBUG - run_dag dispatch (time 44): recv s3 mb3 bkt=0
[36m(PiperActor pid=580799)[0m 2026-04-09 09:21:55,145 - piper_actor - DEBUG - exec_recv key ((3, 0), 3) from peer pp rank 0
[36m(PiperActor pid=580799)[0m 2026-04-09 09:21:55,146 - piper_actor - DEBUG - run_dag dispatch (time 44): reduce_scatter s3 mb2 bkt=0
[36m(PiperActor pid=580799)[0m 2026-04-09 09:21:55,146 - piper_actor - DEBUG - run_dag dispatch (time 44): free_full_grads s3 mb0 bkt=-1
[36m(PiperActor pid=580799)[0m 2026-04-09 09:21:55,146 - piper_actor - DEBUG - run_dag dispatch (time 48): forward s3 mb3 bkt=0
[36m(PiperActor pid=580799)[0m 2026-04-09 09:21:55,189 - piper_actor - DEBUG - run_dag dispatch (time 48): send s3 mb2 bkt=0
[36m(PiperActor pid=580799)[0m 2026-04-09 09:21:55,189 - piper_actor - DEBUG - exec_send key (None, 2) to peer pp rank 0
[36m(PiperActor pid=580799)[0m 2026-04-09 09:21:55,189 - piper_actor - DEBUG - run_dag dispatch (time 51): alloc_full_grads s3 mb0 bkt=-1
[36m(PiperActor pid=580799)[0m 2026-04-09 09:21:55,190 - piper_actor - DEBUG - run_dag dispatch (time 52): backward s3 mb3 bkt=0
[36m(PiperActor pid=580799)[0m 2026-04-09 09:21:55,225 - piper_actor - DEBUG - run_dag dispatch (time 52): recv s1 mb2 bkt=0
[36m(PiperActor pid=580799)[0m 2026-04-09 09:21:55,225 - piper_actor - DEBUG - exec_recv key (None, 2) from peer pp rank 0
[36m(PiperActor pid=580799)[0m 2026-04-09 09:21:55,226 - piper_actor - DEBUG - run_dag dispatch (time 52): reduce_scatter s3 mb3 bkt=0
[36m(PiperActor pid=580799)[0m 2026-04-09 09:21:55,227 - piper_actor - DEBUG - run_dag dispatch (time 52): free_full_grads s3 mb0 bkt=-1
[36m(PiperActor pid=580799)[0m 2026-04-09 09:21:55,227 - piper_actor - DEBUG - run_dag dispatch (time 53): free_full_params s3 mb0 bkt=-1
[36m(PiperActor pid=580799)[0m 2026-04-09 09:21:55,227 - piper_actor - DEBUG - run_dag dispatch (time 54): alloc_full_params s1 mb0 bkt=-1
[36m(PiperActor pid=580799)[0m 2026-04-09 09:21:55,228 - piper_actor - DEBUG - run_dag dispatch (time 55): all_gather s1 mb0 bkt=0
[36m(PiperActor pid=580792)[0m 2026-04-09 09:21:55,234 - piper_actor - DEBUG - run_dag dispatch (time 52): send s2 mb2 bkt=0
[36m(PiperActor pid=580792)[0m 2026-04-09 09:21:55,235 - piper_actor - DEBUG - exec_send key (None, 2) to peer pp rank 1
[36m(PiperActor pid=580792)[0m 2026-04-09 09:21:55,235 - piper_actor - DEBUG - run_dag dispatch (time 52): recv s0 mb2 bkt=0
[36m(PiperActor pid=580792)[0m 2026-04-09 09:21:55,235 - piper_actor - DEBUG - exec_recv key (None, 2) from peer pp rank 1
[36m(PiperActor pid=580792)[0m 2026-04-09 09:21:55,236 - piper_actor - DEBUG - run_dag dispatch (time 52): reduce_scatter s2 mb3 bkt=0
[36m(PiperActor pid=580792)[0m 2026-04-09 09:21:55,236 - piper_actor - DEBUG - run_dag dispatch (time 52): free_full_grads s2 mb0 bkt=-1
[36m(PiperActor pid=580792)[0m 2026-04-09 09:21:55,236 - piper_actor - DEBUG - run_dag dispatch (time 53): free_full_params s2 mb0 bkt=-1
[36m(PiperActor pid=580792)[0m 2026-04-09 09:21:55,236 - piper_actor - DEBUG - run_dag dispatch (time 54): alloc_full_params s0 mb0 bkt=-1
[36m(PiperActor pid=580792)[0m 2026-04-09 09:21:55,237 - piper_actor - DEBUG - run_dag dispatch (time 55): all_gather s0 mb0 bkt=0
[36m(PiperActor pid=580792)[0m 2026-04-09 09:21:55,237 - piper_actor - DEBUG - run_dag dispatch (time 55): alloc_full_grads s0 mb0 bkt=-1
[36m(PiperActor pid=580792)[0m 2026-04-09 09:21:55,238 - piper_actor - DEBUG - run_dag dispatch (time 56): backward s0 mb2 bkt=0
[36m(PiperActor pid=580817)[0m 2026-04-09 09:21:55,228 - piper_actor - DEBUG - run_dag dispatch (time 52): free_full_grads s3 mb0 bkt=-1
[36m(PiperActor pid=580817)[0m 2026-04-09 09:21:55,228 - piper_actor - DEBUG - run_dag dispatch (time 53): free_full_params s3 mb0 bkt=-1
[36m(PiperActor pid=580817)[0m 2026-04-09 09:21:55,228 - piper_actor - DEBUG - run_dag dispatch (time 54): alloc_full_params s1 mb0 bkt=-1
[36m(PiperActor pid=580817)[0m 2026-04-09 09:21:55,229 - piper_actor - DEBUG - run_dag dispatch (time 55): all_gather s1 mb0 bkt=0
[36m(PiperActor pid=580817)[0m 2026-04-09 09:21:55,229 - piper_actor - DEBUG - run_dag dispatch (time 55): alloc_full_grads s1 mb0 bkt=-1
[36m(PiperActor pid=580817)[0m 2026-04-09 09:21:55,230 - piper_actor - DEBUG - run_dag dispatch (time 56): backward s1 mb2 bkt=0
[36m(PiperActor pid=580794)[0m 2026-04-09 09:21:55,246 - piper_actor - DEBUG - run_dag dispatch (time 52): send s2 mb2 bkt=0
[36m(PiperActor pid=580794)[0m 2026-04-09 09:21:55,246 - piper_actor - DEBUG - exec_send key (None, 2) to peer pp rank 1
[36m(PiperActor pid=580794)[0m 2026-04-09 09:21:55,247 - piper_actor - DEBUG - run_dag dispatch (time 52): recv s0 mb2 bkt=0
[36m(PiperActor pid=580794)[0m 2026-04-09 09:21:55,247 - piper_actor - DEBUG - exec_recv key (None, 2) from peer pp rank 1
[36m(PiperActor pid=580794)[0m 2026-04-09 09:21:55,247 - piper_actor - DEBUG - run_dag dispatch (time 52): reduce_scatter s2 mb3 bkt=0
[36m(PiperActor pid=580794)[0m 2026-04-09 09:21:55,248 - piper_actor - DEBUG - run_dag dispatch (time 52): free_full_grads s2 mb0 bkt=-1
[36m(PiperActor pid=580794)[0m 2026-04-09 09:21:55,248 - piper_actor - DEBUG - run_dag dispatch (time 53): free_full_params s2 mb0 bkt=-1
[36m(PiperActor pid=580794)[0m 2026-04-09 09:21:55,248 - piper_actor - DEBUG - run_dag dispatch (time 54): alloc_full_params s0 mb0 bkt=-1
[36m(PiperActor pid=580794)[0m 2026-04-09 09:21:55,249 - piper_actor - DEBUG - run_dag dispatch (time 55): all_gather s0 mb0 bkt=0
[36m(PiperActor pid=580794)[0m 2026-04-09 09:21:55,249 - piper_actor - DEBUG - run_dag dispatch (time 55): alloc_full_grads s0 mb0 bkt=-1
[36m(PiperActor pid=580794)[0m 2026-04-09 09:21:55,250 - piper_actor - DEBUG - run_dag dispatch (time 56): backward s0 mb2 bkt=0
[36m(PiperActor pid=580799)[0m 2026-04-09 09:21:55,229 - piper_actor - DEBUG - run_dag dispatch (time 55): alloc_full_grads s1 mb0 bkt=-1
[36m(PiperActor pid=580799)[0m 2026-04-09 09:21:55,229 - piper_actor - DEBUG - run_dag dispatch (time 56): backward s1 mb2 bkt=0
[36m(PiperActor pid=580817)[0m 2026-04-09 09:21:55,283 - piper_actor - DEBUG - run_dag dispatch (time 56): recv s1 mb3 bkt=0
[36m(PiperActor pid=580817)[0m 2026-04-09 09:21:55,283 - piper_actor - DEBUG - exec_recv key (None, 3) from peer pp rank 0
[36m(PiperActor pid=580817)[0m 2026-04-09 09:21:55,284 - piper_actor - DEBUG - run_dag dispatch (time 56): send s3 mb3 bkt=0
[36m(PiperActor pid=580817)[0m 2026-04-09 09:21:55,284 - piper_actor - DEBUG - exec_send key (None, 3) to peer pp rank 0
[36m(PiperActor pid=580817)[0m 2026-04-09 09:21:55,284 - piper_actor - DEBUG - run_dag dispatch (time 60): backward s1 mb3 bkt=0
[36m(PiperActor pid=580799)[0m 2026-04-09 09:21:55,283 - piper_actor - DEBUG - run_dag dispatch (time 56): recv s1 mb3 bkt=0
[36m(PiperActor pid=580799)[0m 2026-04-09 09:21:55,283 - piper_actor - DEBUG - exec_recv key (None, 3) from peer pp rank 0
[36m(PiperActor pid=580799)[0m 2026-04-09 09:21:55,284 - piper_actor - DEBUG - run_dag dispatch (time 56): send s3 mb3 bkt=0
[36m(PiperActor pid=580799)[0m 2026-04-09 09:21:55,284 - piper_actor - DEBUG - exec_send key (None, 3) to peer pp rank 0
[36m(PiperActor pid=580799)[0m 2026-04-09 09:21:55,284 - piper_actor - DEBUG - run_dag dispatch (time 60): backward s1 mb3 bkt=0
[36m(PiperActor pid=580792)[0m 2026-04-09 09:21:55,319 - piper_actor - DEBUG - run_dag dispatch (time 56): send s2 mb3 bkt=0
[36m(PiperActor pid=580792)[0m 2026-04-09 09:21:55,320 - piper_actor - DEBUG - exec_send key (None, 3) to peer pp rank 1
[36m(PiperActor pid=580792)[0m 2026-04-09 09:21:55,320 - piper_actor - DEBUG - run_dag dispatch (time 56): recv s0 mb3 bkt=0
[36m(PiperActor pid=580792)[0m 2026-04-09 09:21:55,320 - piper_actor - DEBUG - exec_recv key (None, 3) from peer pp rank 1
[36m(PiperActor pid=580792)[0m 2026-04-09 09:21:55,321 - piper_actor - DEBUG - run_dag dispatch (time 60): backward s0 mb3 bkt=0
[36m(PiperActor pid=580817)[0m 2026-04-09 09:21:55,324 - piper_actor - DEBUG - run_dag dispatch (time 60): send s1 mb2 bkt=0
[36m(PiperActor pid=580817)[0m 2026-04-09 09:21:55,325 - piper_actor - DEBUG - exec_send key (None, 2) to peer pp rank 0
[36m(PiperActor pid=580817)[0m 2026-04-09 09:21:55,325 - piper_actor - DEBUG - run_dag dispatch (time 60): reduce_scatter s1 mb3 bkt=0
[36m(PiperActor pid=580817)[0m 2026-04-09 09:21:55,326 - piper_actor - DEBUG - run_dag dispatch (time 60): free_full_grads s1 mb0 bkt=-1
[36m(PiperActor pid=580817)[0m 2026-04-09 09:21:55,326 - piper_actor - DEBUG - run_dag dispatch (time 61): free_full_params s1 mb0 bkt=-1
[36m(PiperActor pid=580817)[0m 2026-04-09 09:21:55,326 - piper_actor - DEBUG - run_dag dispatch (time 64): update s1 mb3 bkt=0
[36m(PiperActor pid=580794)[0m 2026-04-09 09:21:55,321 - piper_actor - DEBUG - run_dag dispatch (time 56): send s2 mb3 bkt=0
[36m(PiperActor pid=580794)[0m 2026-04-09 09:21:55,322 - piper_actor - DEBUG - exec_send key (None, 3) to peer pp rank 1
[36m(PiperActor pid=580794)[0m 2026-04-09 09:21:55,322 - piper_actor - DEBUG - run_dag dispatch (time 56): recv s0 mb3 bkt=0
[36m(PiperActor pid=580794)[0m 2026-04-09 09:21:55,322 - piper_actor - DEBUG - exec_recv key (None, 3) from peer pp rank 1
[36m(PiperActor pid=580794)[0m 2026-04-09 09:21:55,323 - piper_actor - DEBUG - run_dag dispatch (time 60): backward s0 mb3 bkt=0
[36m(PiperActor pid=580799)[0m 2026-04-09 09:21:55,325 - piper_actor - DEBUG - run_dag dispatch (time 60): send s1 mb2 bkt=0
[36m(PiperActor pid=580799)[0m 2026-04-09 09:21:55,326 - piper_actor - DEBUG - exec_send key (None, 2) to peer pp rank 0
[36m(PiperActor pid=580799)[0m 2026-04-09 09:21:55,326 - piper_actor - DEBUG - run_dag dispatch (time 60): reduce_scatter s1 mb3 bkt=0
[36m(PiperActor pid=580799)[0m 2026-04-09 09:21:55,327 - piper_actor - DEBUG - run_dag dispatch (time 60): free_full_grads s1 mb0 bkt=-1
[36m(PiperActor pid=580799)[0m 2026-04-09 09:21:55,327 - piper_actor - DEBUG - run_dag dispatch (time 61): free_full_params s1 mb0 bkt=-1
[36m(PiperActor pid=580799)[0m 2026-04-09 09:21:55,327 - piper_actor - DEBUG - run_dag dispatch (time 64): update s1 mb3 bkt=0
[36m(PiperActor pid=580792)[0m 2026-04-09 09:21:55,365 - piper_actor - DEBUG - run_dag dispatch (time 60): reduce_scatter s0 mb3 bkt=0
[36m(PiperActor pid=580792)[0m 2026-04-09 09:21:55,366 - piper_actor - DEBUG - run_dag dispatch (time 60): free_full_grads s0 mb0 bkt=-1
[36m(PiperActor pid=580792)[0m 2026-04-09 09:21:55,366 - piper_actor - DEBUG - run_dag dispatch (time 61): free_full_params s0 mb0 bkt=-1
[36m(PiperActor pid=580792)[0m 2026-04-09 09:21:55,366 - piper_actor - DEBUG - run_dag dispatch (time 64): update s0 mb3 bkt=0
[36m(PiperActor pid=580794)[0m 2026-04-09 09:21:55,365 - piper_actor - DEBUG - run_dag dispatch (time 60): reduce_scatter s0 mb3 bkt=0
[36m(PiperActor pid=580794)[0m 2026-04-09 09:21:55,366 - piper_actor - DEBUG - run_dag dispatch (time 60): free_full_grads s0 mb0 bkt=-1
[36m(PiperActor pid=580794)[0m 2026-04-09 09:21:55,366 - piper_actor - DEBUG - run_dag dispatch (time 61): free_full_params s0 mb0 bkt=-1
[36m(PiperActor pid=580794)[0m 2026-04-09 09:21:55,367 - piper_actor - DEBUG - run_dag dispatch (time 64): update s0 mb3 bkt=0
[36m(PiperActor pid=580817)[0m 2026-04-09 09:21:55,432 - piper_actor - DEBUG - run_dag dispatch (time 64): send s1 mb3 bkt=0
[36m(PiperActor pid=580817)[0m 2026-04-09 09:21:55,432 - piper_actor - DEBUG - exec_send key (None, 3) to peer pp rank 0
[36m(PiperActor pid=580799)[0m 2026-04-09 09:21:55,432 - piper_actor - DEBUG - run_dag dispatch (time 64): send s1 mb3 bkt=0
[36m(PiperActor pid=580799)[0m 2026-04-09 09:21:55,433 - piper_actor - DEBUG - exec_send key (None, 3) to peer pp rank 0
[36m(run_dp_rank pid=563381)[0m Running 1 timed iterations...
[36m(run_dp_rank pid=563328)[0m Running 1 timed iterations...
[36m(PiperActor pid=580792)[0m 2026-04-09 09:21:56,950 - piper_actor - DEBUG - run_dag dispatch (time -2): alloc_full_params s0 mb0 bkt=-1
[36m(PiperActor pid=580792)[0m 2026-04-09 09:21:56,951 - piper_actor - DEBUG - run_dag dispatch (time -1): all_gather s0 mb0 bkt=0
[36m(PiperActor pid=580792)[0m 2026-04-09 09:21:56,952 - piper_actor - DEBUG - run_dag dispatch (time 0): forward s0 mb0 bkt=0
[36m(PiperActor pid=580792)[0m 2026-04-09 09:21:56,964 - piper_actor - DEBUG - run_dag dispatch (time 4): forward s0 mb1 bkt=0
[36m(PiperActor pid=580792)[0m 2026-04-09 09:21:56,975 - piper_actor - DEBUG - run_dag dispatch (time 4): send s0 mb0 bkt=0
[36m(PiperActor pid=580792)[0m 2026-04-09 09:21:56,975 - piper_actor - DEBUG - exec_send key ((0, 0), 0) to peer pp rank 1
[36m(PiperActor pid=580792)[0m 2026-04-09 09:21:56,976 - piper_actor - DEBUG - run_dag dispatch (time 4): recv s2 mb0 bkt=0
[36m(PiperActor pid=580792)[0m 2026-04-09 09:21:56,976 - piper_actor - DEBUG - exec_recv key ((2, 0), 0) from peer pp rank 1
[36m(PiperActor pid=580792)[0m 2026-04-09 09:21:56,979 - piper_actor - DEBUG - run_dag dispatch (time 5): free_full_params s0 mb0 bkt=-1
[36m(PiperActor pid=580792)[0m 2026-04-09 09:21:56,979 - piper_actor - DEBUG - run_dag dispatch (time 6): alloc_full_params s2 mb0 bkt=-1
[36m(PiperActor pid=580792)[0m 2026-04-09 09:21:56,980 - piper_actor - DEBUG - run_dag dispatch (time 7): all_gather s2 mb0 bkt=0
[36m(PiperActor pid=580792)[0m 2026-04-09 09:21:56,981 - piper_actor - DEBUG - run_dag dispatch (time 8): forward s2 mb0 bkt=0
[36m(PiperActor pid=580792)[0m 2026-04-09 09:21:56,993 - piper_actor - DEBUG - run_dag dispatch (time 8): send s0 mb1 bkt=0
[36m(PiperActor pid=580792)[0m 2026-04-09 09:21:56,993 - piper_actor - DEBUG - exec_send key ((0, 0), 1) to peer pp rank 1
[36m(PiperActor pid=580792)[0m 2026-04-09 09:21:56,994 - piper_actor - DEBUG - run_dag dispatch (time 8): recv s2 mb1 bkt=0
[36m(PiperActor pid=580792)[0m 2026-04-09 09:21:56,994 - piper_actor - DEBUG - exec_recv key ((2, 0), 1) from peer pp rank 1
[36m(PiperActor pid=580792)[0m 2026-04-09 09:21:56,995 - piper_actor - DEBUG - run_dag dispatch (time 12): forward s2 mb1 bkt=0
[36m(PiperActor pid=580792)[0m 2026-04-09 09:21:57,007 - piper_actor - DEBUG - run_dag dispatch (time 12): send s2 mb0 bkt=0
[36m(PiperActor pid=580792)[0m 2026-04-09 09:21:57,007 - piper_actor - DEBUG - exec_send key ((2, 0), 0) to peer pp rank 1
[36m(PiperActor pid=580792)[0m 2026-04-09 09:21:57,008 - piper_actor - DEBUG - run_dag dispatch (time 13): free_full_params s2 mb0 bkt=-1
[36m(PiperActor pid=580792)[0m 2026-04-09 09:21:57,009 - piper_actor - DEBUG - run_dag dispatch (time 14): alloc_full_params s0 mb0 bkt=-1
[36m(PiperActor pid=580792)[0m 2026-04-09 09:21:57,010 - piper_actor - DEBUG - run_dag dispatch (time 15): all_gather s0 mb0 bkt=0
[36m(PiperActor pid=580792)[0m 2026-04-09 09:21:57,011 - piper_actor - DEBUG - run_dag dispatch (time 16): forward s0 mb2 bkt=0
[36m(PiperActor pid=580817)[0m 2026-04-09 09:21:56,950 - piper_actor - DEBUG - run_dag dispatch (time -4): recv s1 mb0 bkt=0
[36m(PiperActor pid=580817)[0m 2026-04-09 09:21:56,950 - piper_actor - DEBUG - exec_recv key ((1, 0), 0) from peer pp rank 0
[36m(PiperActor pid=580817)[0m 2026-04-09 09:21:56,951 - piper_actor - DEBUG - run_dag dispatch (time -2): alloc_full_params s1 mb0 bkt=-1
[36m(PiperActor pid=580817)[0m 2026-04-09 09:21:56,953 - piper_actor - DEBUG - run_dag dispatch (time -1): all_gather s1 mb0 bkt=0
[36m(PiperActor pid=580817)[0m 2026-04-09 09:21:56,954 - piper_actor - DEBUG - run_dag dispatch (time 0): forward s1 mb0 bkt=0
[36m(PiperActor pid=580817)[0m 2026-04-09 09:21:56,965 - piper_actor - DEBUG - run_dag dispatch (time 0): recv s1 mb1 bkt=0
[36m(PiperActor pid=580817)[0m 2026-04-09 09:21:56,965 - piper_actor - DEBUG - exec_recv key ((1, 0), 1) from peer pp rank 0
[36m(PiperActor pid=580817)[0m 2026-04-09 09:21:56,966 - piper_actor - DEBUG - run_dag dispatch (time 4): forward s1 mb1 bkt=0
[36m(PiperActor pid=580817)[0m 2026-04-09 09:21:56,980 - piper_actor - DEBUG - run_dag dispatch (time 4): recv s3 mb0 bkt=0
[36m(PiperActor pid=580817)[0m 2026-04-09 09:21:56,980 - piper_actor - DEBUG - exec_recv key ((3, 0), 0) from peer pp rank 0
[36m(PiperActor pid=580817)[0m 2026-04-09 09:21:56,981 - piper_actor - DEBUG - run_dag dispatch (time 4): send s1 mb0 bkt=0
[36m(PiperActor pid=580817)[0m 2026-04-09 09:21:56,981 - piper_actor - DEBUG - exec_send key ((1, 0), 0) to peer pp rank 0
[36m(PiperActor pid=580817)[0m 2026-04-09 09:21:56,982 - piper_actor - DEBUG - run_dag dispatch (time 5): free_full_params s1 mb0 bkt=-1
[36m(PiperActor pid=580817)[0m 2026-04-09 09:21:56,983 - piper_actor - DEBUG - run_dag dispatch (time 6): alloc_full_params s3 mb0 bkt=-1
[36m(PiperActor pid=580817)[0m 2026-04-09 09:21:56,984 - piper_actor - DEBUG - run_dag dispatch (time 7): all_gather s3 mb0 bkt=0
[36m(PiperActor pid=580817)[0m 2026-04-09 09:21:56,985 - piper_actor - DEBUG - run_dag dispatch (time 8): forward s3 mb0 bkt=0
[36m(PiperActor pid=580817)[0m 2026-04-09 09:21:56,997 - piper_actor - DEBUG - run_dag dispatch (time 8): send s1 mb1 bkt=0
[36m(PiperActor pid=580817)[0m 2026-04-09 09:21:56,998 - piper_actor - DEBUG - exec_send key ((1, 0), 1) to peer pp rank 0
[36m(PiperActor pid=580817)[0m 2026-04-09 09:21:56,998 - piper_actor - DEBUG - run_dag dispatch (time 11): alloc_full_grads s3 mb0 bkt=-1
[36m(PiperActor pid=580817)[0m 2026-04-09 09:21:57,000 - piper_actor - DEBUG - run_dag dispatch (time 12): backward s3 mb0 bkt=0
[36m(PiperActor pid=580794)[0m 2026-04-09 09:21:56,954 - piper_actor - DEBUG - run_dag dispatch (time -2): alloc_full_params s0 mb0 bkt=-1
[36m(PiperActor pid=580794)[0m 2026-04-09 09:21:56,956 - piper_actor - DEBUG - run_dag dispatch (time -1): all_gather s0 mb0 bkt=0
[36m(PiperActor pid=580794)[0m 2026-04-09 09:21:56,957 - piper_actor - DEBUG - run_dag dispatch (time 0): forward s0 mb0 bkt=0
[36m(PiperActor pid=580794)[0m 2026-04-09 09:21:56,969 - piper_actor - DEBUG - run_dag dispatch (time 4): forward s0 mb1 bkt=0
[36m(PiperActor pid=580794)[0m 2026-04-09 09:21:56,980 - piper_actor - DEBUG - run_dag dispatch (time 4): send s0 mb0 bkt=0
[36m(PiperActor pid=580794)[0m 2026-04-09 09:21:56,980 - piper_actor - DEBUG - exec_send key ((0, 0), 0) to peer pp rank 1
[36m(PiperActor pid=580794)[0m 2026-04-09 09:21:56,981 - piper_actor - DEBUG - run_dag dispatch (time 4): recv s2 mb0 bkt=0
[36m(PiperActor pid=580794)[0m 2026-04-09 09:21:56,982 - piper_actor - DEBUG - exec_recv key ((2, 0), 0) from peer pp rank 1
[36m(PiperActor pid=580794)[0m 2026-04-09 09:21:56,984 - piper_actor - DEBUG - run_dag dispatch (time 5): free_full_params s0 mb0 bkt=-1
[36m(PiperActor pid=580794)[0m 2026-04-09 09:21:56,985 - piper_actor - DEBUG - run_dag dispatch (time 6): alloc_full_params s2 mb0 bkt=-1
[36m(PiperActor pid=580794)[0m 2026-04-09 09:21:56,986 - piper_actor - DEBUG - run_dag dispatch (time 7): all_gather s2 mb0 bkt=0
[36m(PiperActor pid=580794)[0m 2026-04-09 09:21:56,987 - piper_actor - DEBUG - run_dag dispatch (time 8): forward s2 mb0 bkt=0
[36m(PiperActor pid=580794)[0m 2026-04-09 09:21:56,999 - piper_actor - DEBUG - run_dag dispatch (time 8): send s0 mb1 bkt=0
[36m(PiperActor pid=580794)[0m 2026-04-09 09:21:56,999 - piper_actor - DEBUG - exec_send key ((0, 0), 1) to peer pp rank 1
[36m(PiperActor pid=580794)[0m 2026-04-09 09:21:57,000 - piper_actor - DEBUG - run_dag dispatch (time 8): recv s2 mb1 bkt=0
[36m(PiperActor pid=580794)[0m 2026-04-09 09:21:57,000 - piper_actor - DEBUG - exec_recv key ((2, 0), 1) from peer pp rank 1
[36m(PiperActor pid=580794)[0m 2026-04-09 09:21:57,001 - piper_actor - DEBUG - run_dag dispatch (time 12): forward s2 mb1 bkt=0
[36m(PiperActor pid=580794)[0m 2026-04-09 09:21:57,012 - piper_actor - DEBUG - run_dag dispatch (time 12): send s2 mb0 bkt=0
[36m(PiperActor pid=580794)[0m 2026-04-09 09:21:57,012 - piper_actor - DEBUG - exec_send key ((2, 0), 0) to peer pp rank 1
[36m(PiperActor pid=580794)[0m 2026-04-09 09:21:57,013 - piper_actor - DEBUG - run_dag dispatch (time 13): free_full_params s2 mb0 bkt=-1
[36m(PiperActor pid=580794)[0m 2026-04-09 09:21:57,014 - piper_actor - DEBUG - run_dag dispatch (time 14): alloc_full_params s0 mb0 bkt=-1
[36m(PiperActor pid=580794)[0m 2026-04-09 09:21:57,015 - piper_actor - DEBUG - run_dag dispatch (time 15): all_gather s0 mb0 bkt=0
[36m(PiperActor pid=580794)[0m 2026-04-09 09:21:57,016 - piper_actor - DEBUG - run_dag dispatch (time 16): forward s0 mb2 bkt=0
[36m(PiperActor pid=580799)[0m 2026-04-09 09:21:56,955 - piper_actor - DEBUG - run_dag dispatch (time -4): recv s1 mb0 bkt=0
[36m(PiperActor pid=580799)[0m 2026-04-09 09:21:56,955 - piper_actor - DEBUG - exec_recv key ((1, 0), 0) from peer pp rank 0
[36m(PiperActor pid=580799)[0m 2026-04-09 09:21:56,956 - piper_actor - DEBUG - run_dag dispatch (time -2): alloc_full_params s1 mb0 bkt=-1
[36m(PiperActor pid=580799)[0m 2026-04-09 09:21:56,957 - piper_actor - DEBUG - run_dag dispatch (time -1): all_gather s1 mb0 bkt=0
[36m(PiperActor pid=580799)[0m 2026-04-09 09:21:56,959 - piper_actor - DEBUG - run_dag dispatch (time 0): forward s1 mb0 bkt=0
[36m(PiperActor pid=580799)[0m 2026-04-09 09:21:56,970 - piper_actor - DEBUG - run_dag dispatch (time 0): recv s1 mb1 bkt=0
[36m(PiperActor pid=580799)[0m 2026-04-09 09:21:56,970 - piper_actor - DEBUG - exec_recv key ((1, 0), 1) from peer pp rank 0
[36m(PiperActor pid=580799)[0m 2026-04-09 09:21:56,971 - piper_actor - DEBUG - run_dag dispatch (time 4): forward s1 mb1 bkt=0
[36m(PiperActor pid=580799)[0m 2026-04-09 09:21:56,984 - piper_actor - DEBUG - run_dag dispatch (time 4): recv s3 mb0 bkt=0
[36m(PiperActor pid=580799)[0m 2026-04-09 09:21:56,984 - piper_actor - DEBUG - exec_recv key ((3, 0), 0) from peer pp rank 0
[36m(PiperActor pid=580799)[0m 2026-04-09 09:21:56,985 - piper_actor - DEBUG - run_dag dispatch (time 4): send s1 mb0 bkt=0
[36m(PiperActor pid=580799)[0m 2026-04-09 09:21:56,985 - piper_actor - DEBUG - exec_send key ((1, 0), 0) to peer pp rank 0
[36m(PiperActor pid=580799)[0m 2026-04-09 09:21:56,986 - piper_actor - DEBUG - run_dag dispatch (time 5): free_full_params s1 mb0 bkt=-1
[36m(PiperActor pid=580799)[0m 2026-04-09 09:21:56,987 - piper_actor - DEBUG - run_dag dispatch (time 6): alloc_full_params s3 mb0 bkt=-1
[36m(PiperActor pid=580799)[0m 2026-04-09 09:21:56,988 - piper_actor - DEBUG - run_dag dispatch (time 7): all_gather s3 mb0 bkt=0
[36m(PiperActor pid=580799)[0m 2026-04-09 09:21:56,989 - piper_actor - DEBUG - run_dag dispatch (time 8): forward s3 mb0 bkt=0
[36m(PiperActor pid=580799)[0m 2026-04-09 09:21:57,001 - piper_actor - DEBUG - run_dag dispatch (time 8): send s1 mb1 bkt=0
[36m(PiperActor pid=580799)[0m 2026-04-09 09:21:57,001 - piper_actor - DEBUG - exec_send key ((1, 0), 1) to peer pp rank 0
[36m(PiperActor pid=580799)[0m 2026-04-09 09:21:57,002 - piper_actor - DEBUG - run_dag dispatch (time 11): alloc_full_grads s3 mb0 bkt=-1
[36m(PiperActor pid=580799)[0m 2026-04-09 09:21:57,003 - piper_actor - DEBUG - run_dag dispatch (time 12): backward s3 mb0 bkt=0
[36m(PiperActor pid=580792)[0m 2026-04-09 09:21:57,023 - piper_actor - DEBUG - run_dag dispatch (time 16): send s2 mb1 bkt=0
[36m(PiperActor pid=580792)[0m 2026-04-09 09:21:57,023 - piper_actor - DEBUG - exec_send key ((2, 0), 1) to peer pp rank 1
[36m(PiperActor pid=580792)[0m 2026-04-09 09:21:57,024 - piper_actor - DEBUG - run_dag dispatch (time 16): recv s2 mb0 bkt=0
[36m(PiperActor pid=580792)[0m 2026-04-09 09:21:57,024 - piper_actor - DEBUG - exec_recv key (None, 0) from peer pp rank 1
[36m(PiperActor pid=580792)[0m 2026-04-09 09:21:57,025 - piper_actor - DEBUG - run_dag dispatch (time 17): free_full_params s0 mb0 bkt=-1
[36m(PiperActor pid=580792)[0m 2026-04-09 09:21:57,026 - piper_actor - DEBUG - run_dag dispatch (time 18): alloc_full_params s2 mb0 bkt=-1
[36m(PiperActor pid=580792)[0m 2026-04-09 09:21:57,027 - piper_actor - DEBUG - run_dag dispatch (time 19): all_gather s2 mb0 bkt=0
[36m(PiperActor pid=580792)[0m 2026-04-09 09:21:57,028 - piper_actor - DEBUG - run_dag dispatch (time 19): alloc_full_grads s2 mb0 bkt=-1
[36m(PiperActor pid=580792)[0m 2026-04-09 09:21:57,029 - piper_actor - DEBUG - run_dag dispatch (time 20): backward s2 mb0 bkt=0
[36m(PiperActor pid=580792)[0m 2026-04-09 09:21:57,052 - piper_actor - DEBUG - run_dag dispatch (time 20): send s0 mb2 bkt=0
[36m(PiperActor pid=580792)[0m 2026-04-09 09:21:57,052 - piper_actor - DEBUG - exec_send key ((0, 0), 2) to peer pp rank 1
[36m(PiperActor pid=580792)[0m 2026-04-09 09:21:57,054 - piper_actor - DEBUG - run_dag dispatch (time 20): reduce_scatter s2 mb0 bkt=0
[36m(PiperActor pid=580792)[0m 2026-04-09 09:21:57,055 - piper_actor - DEBUG - run_dag dispatch (time 20): free_full_grads s2 mb0 bkt=-1
[36m(PiperActor pid=580792)[0m 2026-04-09 09:21:57,056 - piper_actor - DEBUG - run_dag dispatch (time 21): free_full_params s2 mb0 bkt=-1
[36m(PiperActor pid=580792)[0m 2026-04-09 09:21:57,056 - piper_actor - DEBUG - run_dag dispatch (time 22): alloc_full_params s0 mb0 bkt=-1
[36m(PiperActor pid=580792)[0m 2026-04-09 09:21:57,057 - piper_actor - DEBUG - run_dag dispatch (time 23): all_gather s0 mb0 bkt=0
[36m(PiperActor pid=580792)[0m 2026-04-09 09:21:57,059 - piper_actor - DEBUG - run_dag dispatch (time 24): forward s0 mb3 bkt=0
[36m(PiperActor pid=580817)[0m 2026-04-09 09:21:57,025 - piper_actor - DEBUG - run_dag dispatch (time 12): recv s3 mb1 bkt=0
[36m(PiperActor pid=580817)[0m 2026-04-09 09:21:57,025 - piper_actor - DEBUG - exec_recv key ((3, 0), 1) from peer pp rank 0
[36m(PiperActor pid=580817)[0m 2026-04-09 09:21:57,027 - piper_actor - DEBUG - run_dag dispatch (time 12): reduce_scatter s3 mb0 bkt=0
[36m(PiperActor pid=580817)[0m 2026-04-09 09:21:57,028 - piper_actor - DEBUG - run_dag dispatch (time 12): free_full_grads s3 mb0 bkt=-1
[36m(PiperActor pid=580817)[0m 2026-04-09 09:21:57,028 - piper_actor - DEBUG - run_dag dispatch (time 16): forward s3 mb1 bkt=0
[36m(PiperActor pid=580794)[0m 2026-04-09 09:21:57,028 - piper_actor - DEBUG - run_dag dispatch (time 16): send s2 mb1 bkt=0
[36m(PiperActor pid=580794)[0m 2026-04-09 09:21:57,028 - piper_actor - DEBUG - exec_send key ((2, 0), 1) to peer pp rank 1
[36m(PiperActor pid=580794)[0m 2026-04-09 09:21:57,029 - piper_actor - DEBUG - run_dag dispatch (time 16): recv s2 mb0 bkt=0
[36m(PiperActor pid=580794)[0m 2026-04-09 09:21:57,029 - piper_actor - DEBUG - exec_recv key (None, 0) from peer pp rank 1
[36m(PiperActor pid=580794)[0m 2026-04-09 09:21:57,030 - piper_actor - DEBUG - run_dag dispatch (time 17): free_full_params s0 mb0 bkt=-1
[36m(PiperActor pid=580794)[0m 2026-04-09 09:21:57,031 - piper_actor - DEBUG - run_dag dispatch (time 18): alloc_full_params s2 mb0 bkt=-1
[36m(PiperActor pid=580794)[0m 2026-04-09 09:21:57,032 - piper_actor - DEBUG - run_dag dispatch (time 19): all_gather s2 mb0 bkt=0
[36m(PiperActor pid=580794)[0m 2026-04-09 09:21:57,033 - piper_actor - DEBUG - run_dag dispatch (time 19): alloc_full_grads s2 mb0 bkt=-1
[36m(PiperActor pid=580794)[0m 2026-04-09 09:21:57,034 - piper_actor - DEBUG - run_dag dispatch (time 20): backward s2 mb0 bkt=0
[36m(PiperActor pid=580794)[0m 2026-04-09 09:21:57,058 - piper_actor - DEBUG - run_dag dispatch (time 20): send s0 mb2 bkt=0
[36m(PiperActor pid=580794)[0m 2026-04-09 09:21:57,059 - piper_actor - DEBUG - exec_send key ((0, 0), 2) to peer pp rank 1
[36m(PiperActor pid=580794)[0m 2026-04-09 09:21:57,060 - piper_actor - DEBUG - run_dag dispatch (time 20): reduce_scatter s2 mb0 bkt=0
[36m(PiperActor pid=580794)[0m 2026-04-09 09:21:57,061 - piper_actor - DEBUG - run_dag dispatch (time 20): free_full_grads s2 mb0 bkt=-1
[36m(PiperActor pid=580794)[0m 2026-04-09 09:21:57,062 - piper_actor - DEBUG - run_dag dispatch (time 21): free_full_params s2 mb0 bkt=-1
[36m(PiperActor pid=580794)[0m 2026-04-09 09:21:57,062 - piper_actor - DEBUG - run_dag dispatch (time 22): alloc_full_params s0 mb0 bkt=-1
[36m(PiperActor pid=580799)[0m 2026-04-09 09:21:57,031 - piper_actor - DEBUG - run_dag dispatch (time 12): recv s3 mb1 bkt=0
[36m(PiperActor pid=580799)[0m 2026-04-09 09:21:57,031 - piper_actor - DEBUG - exec_recv key ((3, 0), 1) from peer pp rank 0
[36m(PiperActor pid=580799)[0m 2026-04-09 09:21:57,032 - piper_actor - DEBUG - run_dag dispatch (time 12): reduce_scatter s3 mb0 bkt=0
[36m(PiperActor pid=580799)[0m 2026-04-09 09:21:57,033 - piper_actor - DEBUG - run_dag dispatch (time 12): free_full_grads s3 mb0 bkt=-1
[36m(PiperActor pid=580799)[0m 2026-04-09 09:21:57,034 - piper_actor - DEBUG - run_dag dispatch (time 16): forward s3 mb1 bkt=0
[36m(PiperActor pid=580792)[0m 2026-04-09 09:21:57,093 - piper_actor - DEBUG - run_dag dispatch (time 24): send s2 mb0 bkt=0
[36m(PiperActor pid=580792)[0m 2026-04-09 09:21:57,093 - piper_actor - DEBUG - exec_send key (None, 0) to peer pp rank 1
[36m(PiperActor pid=580792)[0m 2026-04-09 09:21:57,094 - piper_actor - DEBUG - run_dag dispatch (time 24): recv s2 mb1 bkt=0
[36m(PiperActor pid=580792)[0m 2026-04-09 09:21:57,094 - piper_actor - DEBUG - exec_recv key (None, 1) from peer pp rank 1
[36m(PiperActor pid=580792)[0m 2026-04-09 09:21:57,095 - piper_actor - DEBUG - run_dag dispatch (time 25): free_full_params s0 mb0 bkt=-1
[36m(PiperActor pid=580792)[0m 2026-04-09 09:21:57,096 - piper_actor - DEBUG - run_dag dispatch (time 26): alloc_full_params s2 mb0 bkt=-1
[36m(PiperActor pid=580792)[0m 2026-04-09 09:21:57,098 - piper_actor - DEBUG - run_dag dispatch (time 27): all_gather s2 mb0 bkt=0
[36m(PiperActor pid=580792)[0m 2026-04-09 09:21:57,098 - piper_actor - DEBUG - run_dag dispatch (time 27): alloc_full_grads s2 mb0 bkt=-1
[36m(PiperActor pid=580792)[0m 2026-04-09 09:21:57,100 - piper_actor - DEBUG - run_dag dispatch (time 28): backward s2 mb1 bkt=0
[36m(PiperActor pid=580817)[0m 2026-04-09 09:21:57,063 - piper_actor - DEBUG - run_dag dispatch (time 16): send s3 mb0 bkt=0
[36m(PiperActor pid=580817)[0m 2026-04-09 09:21:57,063 - piper_actor - DEBUG - exec_send key (None, 0) to peer pp rank 0
[36m(PiperActor pid=580817)[0m 2026-04-09 09:21:57,064 - piper_actor - DEBUG - run_dag dispatch (time 19): alloc_full_grads s3 mb0 bkt=-1
[36m(PiperActor pid=580817)[0m 2026-04-09 09:21:57,066 - piper_actor - DEBUG - run_dag dispatch (time 20): backward s3 mb1 bkt=0
[36m(PiperActor pid=580817)[0m 2026-04-09 09:21:57,103 - piper_actor - DEBUG - run_dag dispatch (time 20): recv s1 mb2 bkt=0
[36m(PiperActor pid=580817)[0m 2026-04-09 09:21:57,103 - piper_actor - DEBUG - exec_recv key ((1, 0), 2) from peer pp rank 0
[36m(PiperActor pid=580817)[0m 2026-04-09 09:21:57,104 - piper_actor - DEBUG - run_dag dispatch (time 20): reduce_scatter s3 mb1 bkt=0
[36m(PiperActor pid=580794)[0m 2026-04-09 09:21:57,063 - piper_actor - DEBUG - run_dag dispatch (time 23): all_gather s0 mb0 bkt=0
[36m(PiperActor pid=580794)[0m 2026-04-09 09:21:57,065 - piper_actor - DEBUG - run_dag dispatch (time 24): forward s0 mb3 bkt=0
[36m(PiperActor pid=580794)[0m 2026-04-09 09:21:57,097 - piper_actor - DEBUG - run_dag dispatch (time 24): send s2 mb0 bkt=0
[36m(PiperActor pid=580794)[0m 2026-04-09 09:21:57,098 - piper_actor - DEBUG - exec_send key (None, 0) to peer pp rank 1
[36m(PiperActor pid=580794)[0m 2026-04-09 09:21:57,099 - piper_actor - DEBUG - run_dag dispatch (time 24): recv s2 mb1 bkt=0
[36m(PiperActor pid=580794)[0m 2026-04-09 09:21:57,099 - piper_actor - DEBUG - exec_recv key (None, 1) from peer pp rank 1
[36m(PiperActor pid=580794)[0m 2026-04-09 09:21:57,100 - piper_actor - DEBUG - run_dag dispatch (time 25): free_full_params s0 mb0 bkt=-1
[36m(PiperActor pid=580794)[0m 2026-04-09 09:21:57,100 - piper_actor - DEBUG - run_dag dispatch (time 26): alloc_full_params s2 mb0 bkt=-1
[36m(PiperActor pid=580794)[0m 2026-04-09 09:21:57,102 - piper_actor - DEBUG - run_dag dispatch (time 27): all_gather s2 mb0 bkt=0
[36m(PiperActor pid=580794)[0m 2026-04-09 09:21:57,103 - piper_actor - DEBUG - run_dag dispatch (time 27): alloc_full_grads s2 mb0 bkt=-1
[36m(PiperActor pid=580794)[0m 2026-04-09 09:21:57,104 - piper_actor - DEBUG - run_dag dispatch (time 28): backward s2 mb1 bkt=0
[36m(PiperActor pid=580799)[0m 2026-04-09 09:21:57,067 - piper_actor - DEBUG - run_dag dispatch (time 16): send s3 mb0 bkt=0
[36m(PiperActor pid=580799)[0m 2026-04-09 09:21:57,067 - piper_actor - DEBUG - exec_send key (None, 0) to peer pp rank 0
[36m(PiperActor pid=580799)[0m 2026-04-09 09:21:57,068 - piper_actor - DEBUG - run_dag dispatch (time 19): alloc_full_grads s3 mb0 bkt=-1
[36m(PiperActor pid=580799)[0m 2026-04-09 09:21:57,070 - piper_actor - DEBUG - run_dag dispatch (time 20): backward s3 mb1 bkt=0
[36m(PiperActor pid=580799)[0m 2026-04-09 09:21:57,104 - piper_actor - DEBUG - run_dag dispatch (time 20): recv s1 mb2 bkt=0
[36m(PiperActor pid=580799)[0m 2026-04-09 09:21:57,104 - piper_actor - DEBUG - exec_recv key ((1, 0), 2) from peer pp rank 0
[36m(PiperActor pid=580799)[0m 2026-04-09 09:21:57,105 - piper_actor - DEBUG - run_dag dispatch (time 20): reduce_scatter s3 mb1 bkt=0
[36m(PiperActor pid=580792)[0m 2026-04-09 09:21:57,140 - piper_actor - DEBUG - run_dag dispatch (time 28): send s0 mb3 bkt=0
[36m(PiperActor pid=580792)[0m 2026-04-09 09:21:57,140 - piper_actor - DEBUG - exec_send key ((0, 0), 3) to peer pp rank 1
[36m(PiperActor pid=580792)[0m 2026-04-09 09:21:57,141 - piper_actor - DEBUG - run_dag dispatch (time 28): recv s2 mb2 bkt=0
[36m(PiperActor pid=580792)[0m 2026-04-09 09:21:57,141 - piper_actor - DEBUG - exec_recv key ((2, 0), 2) from peer pp rank 1
[36m(PiperActor pid=580792)[0m 2026-04-09 09:21:57,142 - piper_actor - DEBUG - run_dag dispatch (time 28): reduce_scatter s2 mb1 bkt=0
[36m(PiperActor pid=580817)[0m 2026-04-09 09:21:57,105 - piper_actor - DEBUG - run_dag dispatch (time 20): free_full_grads s3 mb0 bkt=-1
[36m(PiperActor pid=580817)[0m 2026-04-09 09:21:57,106 - piper_actor - DEBUG - run_dag dispatch (time 21): free_full_params s3 mb0 bkt=-1
[36m(PiperActor pid=580817)[0m 2026-04-09 09:21:57,107 - piper_actor - DEBUG - run_dag dispatch (time 22): alloc_full_params s1 mb0 bkt=-1
[36m(PiperActor pid=580817)[0m 2026-04-09 09:21:57,108 - piper_actor - DEBUG - run_dag dispatch (time 23): all_gather s1 mb0 bkt=0
[36m(PiperActor pid=580817)[0m 2026-04-09 09:21:57,109 - piper_actor - DEBUG - run_dag dispatch (time 24): forward s1 mb2 bkt=0
[36m(PiperActor pid=580817)[0m 2026-04-09 09:21:57,143 - piper_actor - DEBUG - run_dag dispatch (time 24): recv s1 mb0 bkt=0
[36m(PiperActor pid=580817)[0m 2026-04-09 09:21:57,143 - piper_actor - DEBUG - exec_recv key (None, 0) from peer pp rank 0
[36m(PiperActor pid=580817)[0m 2026-04-09 09:21:57,144 - piper_actor - DEBUG - run_dag dispatch (time 24): send s3 mb1 bkt=0
[36m(PiperActor pid=580817)[0m 2026-04-09 09:21:57,145 - piper_actor - DEBUG - exec_send key (None, 1) to peer pp rank 0
[36m(PiperActor pid=580794)[0m 2026-04-09 09:21:57,140 - piper_actor - DEBUG - run_dag dispatch (time 28): send s0 mb3 bkt=0
[36m(PiperActor pid=580794)[0m 2026-04-09 09:21:57,140 - piper_actor - DEBUG - exec_send key ((0, 0), 3) to peer pp rank 1
[36m(PiperActor pid=580794)[0m 2026-04-09 09:21:57,141 - piper_actor - DEBUG - run_dag dispatch (time 28): recv s2 mb2 bkt=0
[36m(PiperActor pid=580794)[0m 2026-04-09 09:21:57,141 - piper_actor - DEBUG - exec_recv key ((2, 0), 2) from peer pp rank 1
[36m(PiperActor pid=580794)[0m 2026-04-09 09:21:57,142 - piper_actor - DEBUG - run_dag dispatch (time 28): reduce_scatter s2 mb1 bkt=0
[36m(PiperActor pid=580794)[0m 2026-04-09 09:21:57,144 - piper_actor - DEBUG - run_dag dispatch (time 28): free_full_grads s2 mb0 bkt=-1
[36m(PiperActor pid=580794)[0m 2026-04-09 09:21:57,144 - piper_actor - DEBUG - run_dag dispatch (time 32): forward s2 mb2 bkt=0
[36m(PiperActor pid=580799)[0m 2026-04-09 09:21:57,106 - piper_actor - DEBUG - run_dag dispatch (time 20): free_full_grads s3 mb0 bkt=-1
[36m(PiperActor pid=580799)[0m 2026-04-09 09:21:57,107 - piper_actor - DEBUG - run_dag dispatch (time 21): free_full_params s3 mb0 bkt=-1
[36m(PiperActor pid=580799)[0m 2026-04-09 09:21:57,108 - piper_actor - DEBUG - run_dag dispatch (time 22): alloc_full_params s1 mb0 bkt=-1
[36m(PiperActor pid=580799)[0m 2026-04-09 09:21:57,109 - piper_actor - DEBUG - run_dag dispatch (time 23): all_gather s1 mb0 bkt=0
[36m(PiperActor pid=580799)[0m 2026-04-09 09:21:57,110 - piper_actor - DEBUG - run_dag dispatch (time 24): forward s1 mb2 bkt=0
[36m(PiperActor pid=580799)[0m 2026-04-09 09:21:57,144 - piper_actor - DEBUG - run_dag dispatch (time 24): recv s1 mb0 bkt=0
[36m(PiperActor pid=580799)[0m 2026-04-09 09:21:57,144 - piper_actor - DEBUG - exec_recv key (None, 0) from peer pp rank 0
[36m(PiperActor pid=580799)[0m 2026-04-09 09:21:57,145 - piper_actor - DEBUG - run_dag dispatch (time 24): send s3 mb1 bkt=0
[36m(PiperActor pid=580799)[0m 2026-04-09 09:21:57,146 - piper_actor - DEBUG - exec_send key (None, 1) to peer pp rank 0
[36m(PiperActor pid=580792)[0m 2026-04-09 09:21:57,144 - piper_actor - DEBUG - run_dag dispatch (time 28): free_full_grads s2 mb0 bkt=-1
[36m(PiperActor pid=580792)[0m 2026-04-09 09:21:57,145 - piper_actor - DEBUG - run_dag dispatch (time 32): forward s2 mb2 bkt=0
[36m(PiperActor pid=580792)[0m 2026-04-09 09:21:57,174 - piper_actor - DEBUG - run_dag dispatch (time 32): send s2 mb1 bkt=0
[36m(PiperActor pid=580792)[0m 2026-04-09 09:21:57,174 - piper_actor - DEBUG - exec_send key (None, 1) to peer pp rank 1
[36m(PiperActor pid=580792)[0m 2026-04-09 09:21:57,175 - piper_actor - DEBUG - run_dag dispatch (time 32): recv s0 mb0 bkt=0
[36m(PiperActor pid=580792)[0m 2026-04-09 09:21:57,175 - piper_actor - DEBUG - exec_recv key (None, 0) from peer pp rank 1
[36m(PiperActor pid=580792)[0m 2026-04-09 09:21:57,176 - piper_actor - DEBUG - run_dag dispatch (time 33): free_full_params s2 mb0 bkt=-1
[36m(PiperActor pid=580792)[0m 2026-04-09 09:21:57,177 - piper_actor - DEBUG - run_dag dispatch (time 34): alloc_full_params s0 mb0 bkt=-1
[36m(PiperActor pid=580792)[0m 2026-04-09 09:21:57,179 - piper_actor - DEBUG - run_dag dispatch (time 35): all_gather s0 mb0 bkt=0
[36m(PiperActor pid=580792)[0m 2026-04-09 09:21:57,180 - piper_actor - DEBUG - run_dag dispatch (time 35): alloc_full_grads s0 mb0 bkt=-1
[36m(PiperActor pid=580792)[0m 2026-04-09 09:21:57,181 - piper_actor - DEBUG - run_dag dispatch (time 36): backward s0 mb0 bkt=0
[36m(PiperActor pid=580817)[0m 2026-04-09 09:21:57,145 - piper_actor - DEBUG - run_dag dispatch (time 27): alloc_full_grads s1 mb0 bkt=-1
[36m(PiperActor pid=580817)[0m 2026-04-09 09:21:57,147 - piper_actor - DEBUG - run_dag dispatch (time 28): backward s1 mb0 bkt=0
[36m(PiperActor pid=580817)[0m 2026-04-09 09:21:57,181 - piper_actor - DEBUG - run_dag dispatch (time 28): recv s1 mb3 bkt=0
[36m(PiperActor pid=580817)[0m 2026-04-09 09:21:57,182 - piper_actor - DEBUG - exec_recv key ((1, 0), 3) from peer pp rank 0
[36m(PiperActor pid=580817)[0m 2026-04-09 09:21:57,183 - piper_actor - DEBUG - run_dag dispatch (time 28): send s1 mb2 bkt=0
[36m(PiperActor pid=580817)[0m 2026-04-09 09:21:57,183 - piper_actor - DEBUG - exec_send key ((1, 0), 2) to peer pp rank 0
[36m(PiperActor pid=580817)[0m 2026-04-09 09:21:57,184 - piper_actor - DEBUG - run_dag dispatch (time 28): reduce_scatter s1 mb0 bkt=0
[36m(PiperActor pid=580817)[0m 2026-04-09 09:21:57,184 - piper_actor - DEBUG - run_dag dispatch (time 28): free_full_grads s1 mb0 bkt=-1
[36m(PiperActor pid=580794)[0m 2026-04-09 09:21:57,175 - piper_actor - DEBUG - run_dag dispatch (time 32): send s2 mb1 bkt=0
[36m(PiperActor pid=580794)[0m 2026-04-09 09:21:57,176 - piper_actor - DEBUG - exec_send key (None, 1) to peer pp rank 1
[36m(PiperActor pid=580794)[0m 2026-04-09 09:21:57,177 - piper_actor - DEBUG - run_dag dispatch (time 32): recv s0 mb0 bkt=0
[36m(PiperActor pid=580794)[0m 2026-04-09 09:21:57,177 - piper_actor - DEBUG - exec_recv key (None, 0) from peer pp rank 1
[36m(PiperActor pid=580794)[0m 2026-04-09 09:21:57,177 - piper_actor - DEBUG - run_dag dispatch (time 33): free_full_params s2 mb0 bkt=-1
[36m(PiperActor pid=580794)[0m 2026-04-09 09:21:57,179 - piper_actor - DEBUG - run_dag dispatch (time 34): alloc_full_params s0 mb0 bkt=-1
[36m(PiperActor pid=580794)[0m 2026-04-09 09:21:57,180 - piper_actor - DEBUG - run_dag dispatch (time 35): all_gather s0 mb0 bkt=0
[36m(PiperActor pid=580794)[0m 2026-04-09 09:21:57,181 - piper_actor - DEBUG - run_dag dispatch (time 35): alloc_full_grads s0 mb0 bkt=-1
[36m(PiperActor pid=580794)[0m 2026-04-09 09:21:57,182 - piper_actor - DEBUG - run_dag dispatch (time 36): backward s0 mb0 bkt=0
[36m(PiperActor pid=580799)[0m 2026-04-09 09:21:57,146 - piper_actor - DEBUG - run_dag dispatch (time 27): alloc_full_grads s1 mb0 bkt=-1
[36m(PiperActor pid=580799)[0m 2026-04-09 09:21:57,148 - piper_actor - DEBUG - run_dag dispatch (time 28): backward s1 mb0 bkt=0
[36m(PiperActor pid=580799)[0m 2026-04-09 09:21:57,182 - piper_actor - DEBUG - run_dag dispatch (time 28): recv s1 mb3 bkt=0
[36m(PiperActor pid=580799)[0m 2026-04-09 09:21:57,182 - piper_actor - DEBUG - exec_recv key ((1, 0), 3) from peer pp rank 0
[36m(PiperActor pid=580799)[0m 2026-04-09 09:21:57,183 - piper_actor - DEBUG - run_dag dispatch (time 28): send s1 mb2 bkt=0
[36m(PiperActor pid=580799)[0m 2026-04-09 09:21:57,183 - piper_actor - DEBUG - exec_send key ((1, 0), 2) to peer pp rank 0
[36m(PiperActor pid=580799)[0m 2026-04-09 09:21:57,184 - piper_actor - DEBUG - run_dag dispatch (time 28): reduce_scatter s1 mb0 bkt=0
[36m(PiperActor pid=580799)[0m 2026-04-09 09:21:57,185 - piper_actor - DEBUG - run_dag dispatch (time 28): free_full_grads s1 mb0 bkt=-1
[36m(PiperActor pid=580799)[0m 2026-04-09 09:21:57,186 - piper_actor - DEBUG - run_dag dispatch (time 32): forward s1 mb3 bkt=0
[36m(PiperActor pid=580792)[0m 2026-04-09 09:21:57,220 - piper_actor - DEBUG - run_dag dispatch (time 36): send s2 mb2 bkt=0
[36m(PiperActor pid=580792)[0m 2026-04-09 09:21:57,221 - piper_actor - DEBUG - exec_send key ((2, 0), 2) to peer pp rank 1
[36m(PiperActor pid=580792)[0m 2026-04-09 09:21:57,222 - piper_actor - DEBUG - run_dag dispatch (time 36): recv s2 mb3 bkt=0
[36m(PiperActor pid=580792)[0m 2026-04-09 09:21:57,222 - piper_actor - DEBUG - exec_recv key ((2, 0), 3) from peer pp rank 1
[36m(PiperActor pid=580792)[0m 2026-04-09 09:21:57,223 - piper_actor - DEBUG - run_dag dispatch (time 36): reduce_scatter s0 mb0 bkt=0
[36m(PiperActor pid=580792)[0m 2026-04-09 09:21:57,224 - piper_actor - DEBUG - run_dag dispatch (time 36): free_full_grads s0 mb0 bkt=-1
[36m(PiperActor pid=580792)[0m 2026-04-09 09:21:57,225 - piper_actor - DEBUG - run_dag dispatch (time 37): free_full_params s0 mb0 bkt=-1
[36m(PiperActor pid=580792)[0m 2026-04-09 09:21:57,225 - piper_actor - DEBUG - run_dag dispatch (time 38): alloc_full_params s2 mb0 bkt=-1
[36m(PiperActor pid=580792)[0m 2026-04-09 09:21:57,227 - piper_actor - DEBUG - run_dag dispatch (time 39): all_gather s2 mb0 bkt=0
[36m(PiperActor pid=580817)[0m 2026-04-09 09:21:57,186 - piper_actor - DEBUG - run_dag dispatch (time 32): forward s1 mb3 bkt=0
[36m(PiperActor pid=580817)[0m 2026-04-09 09:21:57,198 - piper_actor - DEBUG - run_dag dispatch (time 32): recv s1 mb1 bkt=0
[36m(PiperActor pid=580817)[0m 2026-04-09 09:21:57,198 - piper_actor - DEBUG - exec_recv key (None, 1) from peer pp rank 0
[36m(PiperActor pid=580817)[0m 2026-04-09 09:21:57,199 - piper_actor - DEBUG - run_dag dispatch (time 32): send s1 mb0 bkt=0
[36m(PiperActor pid=580817)[0m 2026-04-09 09:21:57,199 - piper_actor - DEBUG - exec_send key (None, 0) to peer pp rank 0
[36m(PiperActor pid=580817)[0m 2026-04-09 09:21:57,200 - piper_actor - DEBUG - run_dag dispatch (time 35): alloc_full_grads s1 mb0 bkt=-1
[36m(PiperActor pid=580817)[0m 2026-04-09 09:21:57,201 - piper_actor - DEBUG - run_dag dispatch (time 36): backward s1 mb1 bkt=0
[36m(PiperActor pid=580794)[0m 2026-04-09 09:21:57,220 - piper_actor - DEBUG - run_dag dispatch (time 36): send s2 mb2 bkt=0
[36m(PiperActor pid=580794)[0m 2026-04-09 09:21:57,220 - piper_actor - DEBUG - exec_send key ((2, 0), 2) to peer pp rank 1
[36m(PiperActor pid=580794)[0m 2026-04-09 09:21:57,221 - piper_actor - DEBUG - run_dag dispatch (time 36): recv s2 mb3 bkt=0
[36m(PiperActor pid=580794)[0m 2026-04-09 09:21:57,222 - piper_actor - DEBUG - exec_recv key ((2, 0), 3) from peer pp rank 1
[36m(PiperActor pid=580794)[0m 2026-04-09 09:21:57,223 - piper_actor - DEBUG - run_dag dispatch (time 36): reduce_scatter s0 mb0 bkt=0
[36m(PiperActor pid=580794)[0m 2026-04-09 09:21:57,223 - piper_actor - DEBUG - run_dag dispatch (time 36): free_full_grads s0 mb0 bkt=-1
[36m(PiperActor pid=580794)[0m 2026-04-09 09:21:57,224 - piper_actor - DEBUG - run_dag dispatch (time 37): free_full_params s0 mb0 bkt=-1
[36m(PiperActor pid=580794)[0m 2026-04-09 09:21:57,225 - piper_actor - DEBUG - run_dag dispatch (time 38): alloc_full_params s2 mb0 bkt=-1
[36m(PiperActor pid=580794)[0m 2026-04-09 09:21:57,226 - piper_actor - DEBUG - run_dag dispatch (time 39): all_gather s2 mb0 bkt=0
[36m(PiperActor pid=580794)[0m 2026-04-09 09:21:57,227 - piper_actor - DEBUG - run_dag dispatch (time 40): forward s2 mb3 bkt=0
[36m(PiperActor pid=580799)[0m 2026-04-09 09:21:57,198 - piper_actor - DEBUG - run_dag dispatch (time 32): recv s1 mb1 bkt=0
[36m(PiperActor pid=580799)[0m 2026-04-09 09:21:57,198 - piper_actor - DEBUG - exec_recv key (None, 1) from peer pp rank 0
[36m(PiperActor pid=580799)[0m 2026-04-09 09:21:57,199 - piper_actor - DEBUG - run_dag dispatch (time 32): send s1 mb0 bkt=0
[36m(PiperActor pid=580799)[0m 2026-04-09 09:21:57,199 - piper_actor - DEBUG - exec_send key (None, 0) to peer pp rank 0
[36m(PiperActor pid=580799)[0m 2026-04-09 09:21:57,200 - piper_actor - DEBUG - run_dag dispatch (time 35): alloc_full_grads s1 mb0 bkt=-1
[36m(PiperActor pid=580799)[0m 2026-04-09 09:21:57,201 - piper_actor - DEBUG - run_dag dispatch (time 36): backward s1 mb1 bkt=0
[36m(PiperActor pid=580792)[0m 2026-04-09 09:21:57,228 - piper_actor - DEBUG - run_dag dispatch (time 40): forward s2 mb3 bkt=0
[36m(PiperActor pid=580792)[0m 2026-04-09 09:21:57,239 - piper_actor - DEBUG - run_dag dispatch (time 40): recv s0 mb1 bkt=0
[36m(PiperActor pid=580792)[0m 2026-04-09 09:21:57,240 - piper_actor - DEBUG - exec_recv key (None, 1) from peer pp rank 1
[36m(PiperActor pid=580792)[0m 2026-04-09 09:21:57,240 - piper_actor - DEBUG - run_dag dispatch (time 41): free_full_params s2 mb0 bkt=-1
[36m(PiperActor pid=580792)[0m 2026-04-09 09:21:57,241 - piper_actor - DEBUG - run_dag dispatch (time 42): alloc_full_params s0 mb0 bkt=-1
[36m(PiperActor pid=580792)[0m 2026-04-09 09:21:57,242 - piper_actor - DEBUG - run_dag dispatch (time 43): all_gather s0 mb0 bkt=0
[36m(PiperActor pid=580792)[0m 2026-04-09 09:21:57,244 - piper_actor - DEBUG - run_dag dispatch (time 43): alloc_full_grads s0 mb0 bkt=-1
[36m(PiperActor pid=580792)[0m 2026-04-09 09:21:57,245 - piper_actor - DEBUG - run_dag dispatch (time 44): backward s0 mb1 bkt=0
[36m(PiperActor pid=580817)[0m 2026-04-09 09:21:57,233 - piper_actor - DEBUG - run_dag dispatch (time 36): recv s3 mb2 bkt=0
[36m(PiperActor pid=580817)[0m 2026-04-09 09:21:57,233 - piper_actor - DEBUG - exec_recv key ((3, 0), 2) from peer pp rank 0
[36m(PiperActor pid=580817)[0m 2026-04-09 09:21:57,234 - piper_actor - DEBUG - run_dag dispatch (time 36): send s1 mb3 bkt=0
[36m(PiperActor pid=580817)[0m 2026-04-09 09:21:57,234 - piper_actor - DEBUG - exec_send key ((1, 0), 3) to peer pp rank 0
[36m(PiperActor pid=580817)[0m 2026-04-09 09:21:57,235 - piper_actor - DEBUG - run_dag dispatch (time 36): reduce_scatter s1 mb1 bkt=0
[36m(PiperActor pid=580817)[0m 2026-04-09 09:21:57,236 - piper_actor - DEBUG - run_dag dispatch (time 36): free_full_grads s1 mb0 bkt=-1
[36m(PiperActor pid=580817)[0m 2026-04-09 09:21:57,237 - piper_actor - DEBUG - run_dag dispatch (time 37): free_full_params s1 mb0 bkt=-1
[36m(PiperActor pid=580817)[0m 2026-04-09 09:21:57,237 - piper_actor - DEBUG - run_dag dispatch (time 38): alloc_full_params s3 mb0 bkt=-1
[36m(PiperActor pid=580817)[0m 2026-04-09 09:21:57,239 - piper_actor - DEBUG - run_dag dispatch (time 39): all_gather s3 mb0 bkt=0
[36m(PiperActor pid=580817)[0m 2026-04-09 09:21:57,240 - piper_actor - DEBUG - run_dag dispatch (time 40): forward s3 mb2 bkt=0
[36m(PiperActor pid=580817)[0m 2026-04-09 09:21:57,251 - piper_actor - DEBUG - run_dag dispatch (time 40): send s1 mb1 bkt=0
[36m(PiperActor pid=580817)[0m 2026-04-09 09:21:57,251 - piper_actor - DEBUG - exec_send key (None, 1) to peer pp rank 0
[36m(PiperActor pid=580817)[0m 2026-04-09 09:21:57,252 - piper_actor - DEBUG - run_dag dispatch (time 43): alloc_full_grads s3 mb0 bkt=-1
[36m(PiperActor pid=580817)[0m 2026-04-09 09:21:57,253 - piper_actor - DEBUG - run_dag dispatch (time 44): backward s3 mb2 bkt=0
[36m(PiperActor pid=580794)[0m 2026-04-09 09:21:57,238 - piper_actor - DEBUG - run_dag dispatch (time 40): recv s0 mb1 bkt=0
[36m(PiperActor pid=580794)[0m 2026-04-09 09:21:57,238 - piper_actor - DEBUG - exec_recv key (None, 1) from peer pp rank 1
[36m(PiperActor pid=580794)[0m 2026-04-09 09:21:57,239 - piper_actor - DEBUG - run_dag dispatch (time 41): free_full_params s2 mb0 bkt=-1
[36m(PiperActor pid=580794)[0m 2026-04-09 09:21:57,240 - piper_actor - DEBUG - run_dag dispatch (time 42): alloc_full_params s0 mb0 bkt=-1
[36m(PiperActor pid=580794)[0m 2026-04-09 09:21:57,241 - piper_actor - DEBUG - run_dag dispatch (time 43): all_gather s0 mb0 bkt=0
[36m(PiperActor pid=580794)[0m 2026-04-09 09:21:57,242 - piper_actor - DEBUG - run_dag dispatch (time 43): alloc_full_grads s0 mb0 bkt=-1
[36m(PiperActor pid=580794)[0m 2026-04-09 09:21:57,243 - piper_actor - DEBUG - run_dag dispatch (time 44): backward s0 mb1 bkt=0
[36m(PiperActor pid=580799)[0m 2026-04-09 09:21:57,234 - piper_actor - DEBUG - run_dag dispatch (time 36): recv s3 mb2 bkt=0
[36m(PiperActor pid=580799)[0m 2026-04-09 09:21:57,234 - piper_actor - DEBUG - exec_recv key ((3, 0), 2) from peer pp rank 0
[36m(PiperActor pid=580799)[0m 2026-04-09 09:21:57,235 - piper_actor - DEBUG - run_dag dispatch (time 36): send s1 mb3 bkt=0
[36m(PiperActor pid=580799)[0m 2026-04-09 09:21:57,235 - piper_actor - DEBUG - exec_send key ((1, 0), 3) to peer pp rank 0
[36m(PiperActor pid=580799)[0m 2026-04-09 09:21:57,236 - piper_actor - DEBUG - run_dag dispatch (time 36): reduce_scatter s1 mb1 bkt=0
[36m(PiperActor pid=580799)[0m 2026-04-09 09:21:57,236 - piper_actor - DEBUG - run_dag dispatch (time 36): free_full_grads s1 mb0 bkt=-1
[36m(PiperActor pid=580799)[0m 2026-04-09 09:21:57,237 - piper_actor - DEBUG - run_dag dispatch (time 37): free_full_params s1 mb0 bkt=-1
[36m(PiperActor pid=580799)[0m 2026-04-09 09:21:57,238 - piper_actor - DEBUG - run_dag dispatch (time 38): alloc_full_params s3 mb0 bkt=-1
[36m(PiperActor pid=580799)[0m 2026-04-09 09:21:57,239 - piper_actor - DEBUG - run_dag dispatch (time 39): all_gather s3 mb0 bkt=0
[36m(PiperActor pid=580799)[0m 2026-04-09 09:21:57,240 - piper_actor - DEBUG - run_dag dispatch (time 40): forward s3 mb2 bkt=0
[36m(PiperActor pid=580799)[0m 2026-04-09 09:21:57,251 - piper_actor - DEBUG - run_dag dispatch (time 40): send s1 mb1 bkt=0
[36m(PiperActor pid=580799)[0m 2026-04-09 09:21:57,251 - piper_actor - DEBUG - exec_send key (None, 1) to peer pp rank 0
[36m(PiperActor pid=580799)[0m 2026-04-09 09:21:57,252 - piper_actor - DEBUG - run_dag dispatch (time 43): alloc_full_grads s3 mb0 bkt=-1
[36m(PiperActor pid=580799)[0m 2026-04-09 09:21:57,253 - piper_actor - DEBUG - run_dag dispatch (time 44): backward s3 mb2 bkt=0
[36m(PiperActor pid=580792)[0m 2026-04-09 09:21:57,283 - piper_actor - DEBUG - run_dag dispatch (time 44): send s2 mb3 bkt=0
[36m(PiperActor pid=580792)[0m 2026-04-09 09:21:57,283 - piper_actor - DEBUG - exec_send key ((2, 0), 3) to peer pp rank 1
[36m(PiperActor pid=580792)[0m 2026-04-09 09:21:57,284 - piper_actor - DEBUG - run_dag dispatch (time 44): recv s2 mb2 bkt=0
[36m(PiperActor pid=580792)[0m 2026-04-09 09:21:57,284 - piper_actor - DEBUG - exec_recv key (None, 2) from peer pp rank 1
[36m(PiperActor pid=580792)[0m 2026-04-09 09:21:57,285 - piper_actor - DEBUG - run_dag dispatch (time 44): reduce_scatter s0 mb1 bkt=0
[36m(PiperActor pid=580792)[0m 2026-04-09 09:21:57,287 - piper_actor - DEBUG - run_dag dispatch (time 44): free_full_grads s0 mb0 bkt=-1
[36m(PiperActor pid=580792)[0m 2026-04-09 09:21:57,288 - piper_actor - DEBUG - run_dag dispatch (time 45): free_full_params s0 mb0 bkt=-1
[36m(PiperActor pid=580792)[0m 2026-04-09 09:21:57,288 - piper_actor - DEBUG - run_dag dispatch (time 46): alloc_full_params s2 mb0 bkt=-1
[36m(PiperActor pid=580792)[0m 2026-04-09 09:21:57,289 - piper_actor - DEBUG - run_dag dispatch (time 47): all_gather s2 mb0 bkt=0
[36m(PiperActor pid=580792)[0m 2026-04-09 09:21:57,290 - piper_actor - DEBUG - run_dag dispatch (time 47): alloc_full_grads s2 mb0 bkt=-1
[36m(PiperActor pid=580792)[0m 2026-04-09 09:21:57,291 - piper_actor - DEBUG - run_dag dispatch (time 48): backward s2 mb2 bkt=0
[36m(PiperActor pid=580817)[0m 2026-04-09 09:21:57,288 - piper_actor - DEBUG - run_dag dispatch (time 44): recv s3 mb3 bkt=0
[36m(PiperActor pid=580817)[0m 2026-04-09 09:21:57,288 - piper_actor - DEBUG - exec_recv key ((3, 0), 3) from peer pp rank 0
[36m(PiperActor pid=580817)[0m 2026-04-09 09:21:57,289 - piper_actor - DEBUG - run_dag dispatch (time 44): reduce_scatter s3 mb2 bkt=0
[36m(PiperActor pid=580817)[0m 2026-04-09 09:21:57,290 - piper_actor - DEBUG - run_dag dispatch (time 44): free_full_grads s3 mb0 bkt=-1
[36m(PiperActor pid=580817)[0m 2026-04-09 09:21:57,291 - piper_actor - DEBUG - run_dag dispatch (time 48): forward s3 mb3 bkt=0
[36m(PiperActor pid=580794)[0m 2026-04-09 09:21:57,283 - piper_actor - DEBUG - run_dag dispatch (time 44): send s2 mb3 bkt=0
[36m(PiperActor pid=580794)[0m 2026-04-09 09:21:57,283 - piper_actor - DEBUG - exec_send key ((2, 0), 3) to peer pp rank 1
[36m(PiperActor pid=580794)[0m 2026-04-09 09:21:57,284 - piper_actor - DEBUG - run_dag dispatch (time 44): recv s2 mb2 bkt=0
[36m(PiperActor pid=580794)[0m 2026-04-09 09:21:57,284 - piper_actor - DEBUG - exec_recv key (None, 2) from peer pp rank 1
[36m(PiperActor pid=580794)[0m 2026-04-09 09:21:57,285 - piper_actor - DEBUG - run_dag dispatch (time 44): reduce_scatter s0 mb1 bkt=0
[36m(PiperActor pid=580794)[0m 2026-04-09 09:21:57,287 - piper_actor - DEBUG - run_dag dispatch (time 44): free_full_grads s0 mb0 bkt=-1
[36m(PiperActor pid=580794)[0m 2026-04-09 09:21:57,287 - piper_actor - DEBUG - run_dag dispatch (time 45): free_full_params s0 mb0 bkt=-1
[36m(PiperActor pid=580794)[0m 2026-04-09 09:21:57,288 - piper_actor - DEBUG - run_dag dispatch (time 46): alloc_full_params s2 mb0 bkt=-1
[36m(PiperActor pid=580794)[0m 2026-04-09 09:21:57,289 - piper_actor - DEBUG - run_dag dispatch (time 47): all_gather s2 mb0 bkt=0
[36m(PiperActor pid=580794)[0m 2026-04-09 09:21:57,290 - piper_actor - DEBUG - run_dag dispatch (time 47): alloc_full_grads s2 mb0 bkt=-1
[36m(PiperActor pid=580794)[0m 2026-04-09 09:21:57,291 - piper_actor - DEBUG - run_dag dispatch (time 48): backward s2 mb2 bkt=0
[36m(PiperActor pid=580799)[0m 2026-04-09 09:21:57,289 - piper_actor - DEBUG - run_dag dispatch (time 44): recv s3 mb3 bkt=0
[36m(PiperActor pid=580799)[0m 2026-04-09 09:21:57,289 - piper_actor - DEBUG - exec_recv key ((3, 0), 3) from peer pp rank 0
[36m(PiperActor pid=580799)[0m 2026-04-09 09:21:57,290 - piper_actor - DEBUG - run_dag dispatch (time 44): reduce_scatter s3 mb2 bkt=0
[36m(PiperActor pid=580799)[0m 2026-04-09 09:21:57,291 - piper_actor - DEBUG - run_dag dispatch (time 44): free_full_grads s3 mb0 bkt=-1
[36m(PiperActor pid=580799)[0m 2026-04-09 09:21:57,292 - piper_actor - DEBUG - run_dag dispatch (time 48): forward s3 mb3 bkt=0
[36m(PiperActor pid=580792)[0m 2026-04-09 09:21:57,320 - piper_actor - DEBUG - run_dag dispatch (time 48): recv s2 mb3 bkt=0
[36m(PiperActor pid=580792)[0m 2026-04-09 09:21:57,320 - piper_actor - DEBUG - exec_recv key (None, 3) from peer pp rank 1
[36m(PiperActor pid=580792)[0m 2026-04-09 09:21:57,321 - piper_actor - DEBUG - run_dag dispatch (time 52): backward s2 mb3 bkt=0
[36m(PiperActor pid=580817)[0m 2026-04-09 09:21:57,330 - piper_actor - DEBUG - run_dag dispatch (time 48): send s3 mb2 bkt=0
[36m(PiperActor pid=580817)[0m 2026-04-09 09:21:57,330 - piper_actor - DEBUG - exec_send key (None, 2) to peer pp rank 0
[36m(PiperActor pid=580817)[0m 2026-04-09 09:21:57,331 - piper_actor - DEBUG - run_dag dispatch (time 51): alloc_full_grads s3 mb0 bkt=-1
[36m(PiperActor pid=580817)[0m 2026-04-09 09:21:57,332 - piper_actor - DEBUG - run_dag dispatch (time 52): backward s3 mb3 bkt=0
[36m(PiperActor pid=580794)[0m 2026-04-09 09:21:57,320 - piper_actor - DEBUG - run_dag dispatch (time 48): recv s2 mb3 bkt=0
[36m(PiperActor pid=580794)[0m 2026-04-09 09:21:57,320 - piper_actor - DEBUG - exec_recv key (None, 3) from peer pp rank 1
[36m(PiperActor pid=580794)[0m 2026-04-09 09:21:57,321 - piper_actor - DEBUG - run_dag dispatch (time 52): backward s2 mb3 bkt=0
[36m(PiperActor pid=580799)[0m 2026-04-09 09:21:57,330 - piper_actor - DEBUG - run_dag dispatch (time 48): send s3 mb2 bkt=0
[36m(PiperActor pid=580799)[0m 2026-04-09 09:21:57,330 - piper_actor - DEBUG - exec_send key (None, 2) to peer pp rank 0
[36m(PiperActor pid=580799)[0m 2026-04-09 09:21:57,332 - piper_actor - DEBUG - run_dag dispatch (time 51): alloc_full_grads s3 mb0 bkt=-1
[36m(PiperActor pid=580799)[0m 2026-04-09 09:21:57,333 - piper_actor - DEBUG - run_dag dispatch (time 52): backward s3 mb3 bkt=0
[36m(PiperActor pid=580792)[0m 2026-04-09 09:21:57,379 - piper_actor - DEBUG - run_dag dispatch (time 52): send s2 mb2 bkt=0
[36m(PiperActor pid=580792)[0m 2026-04-09 09:21:57,379 - piper_actor - DEBUG - exec_send key (None, 2) to peer pp rank 1
[36m(PiperActor pid=580792)[0m 2026-04-09 09:21:57,380 - piper_actor - DEBUG - run_dag dispatch (time 52): recv s0 mb2 bkt=0
[36m(PiperActor pid=580792)[0m 2026-04-09 09:21:57,380 - piper_actor - DEBUG - exec_recv key (None, 2) from peer pp rank 1
[36m(PiperActor pid=580792)[0m 2026-04-09 09:21:57,381 - piper_actor - DEBUG - run_dag dispatch (time 52): reduce_scatter s2 mb3 bkt=0
[36m(PiperActor pid=580792)[0m 2026-04-09 09:21:57,382 - piper_actor - DEBUG - run_dag dispatch (time 52): free_full_grads s2 mb0 bkt=-1
[36m(PiperActor pid=580792)[0m 2026-04-09 09:21:57,383 - piper_actor - DEBUG - run_dag dispatch (time 53): free_full_params s2 mb0 bkt=-1
[36m(PiperActor pid=580792)[0m 2026-04-09 09:21:57,384 - piper_actor - DEBUG - run_dag dispatch (time 54): alloc_full_params s0 mb0 bkt=-1
[36m(PiperActor pid=580792)[0m 2026-04-09 09:21:57,385 - piper_actor - DEBUG - run_dag dispatch (time 55): all_gather s0 mb0 bkt=0
[36m(PiperActor pid=580792)[0m 2026-04-09 09:21:57,386 - piper_actor - DEBUG - run_dag dispatch (time 55): alloc_full_grads s0 mb0 bkt=-1
[36m(PiperActor pid=580792)[0m 2026-04-09 09:21:57,387 - piper_actor - DEBUG - run_dag dispatch (time 56): backward s0 mb2 bkt=0
[36m(PiperActor pid=580817)[0m 2026-04-09 09:21:57,366 - piper_actor - DEBUG - run_dag dispatch (time 52): recv s1 mb2 bkt=0
[36m(PiperActor pid=580817)[0m 2026-04-09 09:21:57,366 - piper_actor - DEBUG - exec_recv key (None, 2) from peer pp rank 0
[36m(PiperActor pid=580817)[0m 2026-04-09 09:21:57,367 - piper_actor - DEBUG - run_dag dispatch (time 52): reduce_scatter s3 mb3 bkt=0
[36m(PiperActor pid=580817)[0m 2026-04-09 09:21:57,368 - piper_actor - DEBUG - run_dag dispatch (time 52): free_full_grads s3 mb0 bkt=-1
[36m(PiperActor pid=580817)[0m 2026-04-09 09:21:57,369 - piper_actor - DEBUG - run_dag dispatch (time 53): free_full_params s3 mb0 bkt=-1
[36m(PiperActor pid=580817)[0m 2026-04-09 09:21:57,370 - piper_actor - DEBUG - run_dag dispatch (time 54): alloc_full_params s1 mb0 bkt=-1
[36m(PiperActor pid=580817)[0m 2026-04-09 09:21:57,371 - piper_actor - DEBUG - run_dag dispatch (time 55): all_gather s1 mb0 bkt=0
[36m(PiperActor pid=580817)[0m 2026-04-09 09:21:57,372 - piper_actor - DEBUG - run_dag dispatch (time 55): alloc_full_grads s1 mb0 bkt=-1
[36m(PiperActor pid=580817)[0m 2026-04-09 09:21:57,373 - piper_actor - DEBUG - run_dag dispatch (time 56): backward s1 mb2 bkt=0
[36m(PiperActor pid=580794)[0m 2026-04-09 09:21:57,379 - piper_actor - DEBUG - run_dag dispatch (time 52): send s2 mb2 bkt=0
[36m(PiperActor pid=580794)[0m 2026-04-09 09:21:57,379 - piper_actor - DEBUG - exec_send key (None, 2) to peer pp rank 1
[36m(PiperActor pid=580794)[0m 2026-04-09 09:21:57,380 - piper_actor - DEBUG - run_dag dispatch (time 52): recv s0 mb2 bkt=0
[36m(PiperActor pid=580794)[0m 2026-04-09 09:21:57,380 - piper_actor - DEBUG - exec_recv key (None, 2) from peer pp rank 1
[36m(PiperActor pid=580794)[0m 2026-04-09 09:21:57,381 - piper_actor - DEBUG - run_dag dispatch (time 52): reduce_scatter s2 mb3 bkt=0
[36m(PiperActor pid=580794)[0m 2026-04-09 09:21:57,382 - piper_actor - DEBUG - run_dag dispatch (time 52): free_full_grads s2 mb0 bkt=-1
[36m(PiperActor pid=580794)[0m 2026-04-09 09:21:57,383 - piper_actor - DEBUG - run_dag dispatch (time 53): free_full_params s2 mb0 bkt=-1
[36m(PiperActor pid=580794)[0m 2026-04-09 09:21:57,384 - piper_actor - DEBUG - run_dag dispatch (time 54): alloc_full_params s0 mb0 bkt=-1
[36m(PiperActor pid=580794)[0m 2026-04-09 09:21:57,385 - piper_actor - DEBUG - run_dag dispatch (time 55): all_gather s0 mb0 bkt=0
[36m(PiperActor pid=580794)[0m 2026-04-09 09:21:57,386 - piper_actor - DEBUG - run_dag dispatch (time 55): alloc_full_grads s0 mb0 bkt=-1
[36m(PiperActor pid=580794)[0m 2026-04-09 09:21:57,387 - piper_actor - DEBUG - run_dag dispatch (time 56): backward s0 mb2 bkt=0
[36m(PiperActor pid=580799)[0m 2026-04-09 09:21:57,366 - piper_actor - DEBUG - run_dag dispatch (time 52): recv s1 mb2 bkt=0
[36m(PiperActor pid=580799)[0m 2026-04-09 09:21:57,367 - piper_actor - DEBUG - exec_recv key (None, 2) from peer pp rank 0
[36m(PiperActor pid=580799)[0m 2026-04-09 09:21:57,368 - piper_actor - DEBUG - run_dag dispatch (time 52): reduce_scatter s3 mb3 bkt=0
[36m(PiperActor pid=580799)[0m 2026-04-09 09:21:57,369 - piper_actor - DEBUG - run_dag dispatch (time 52): free_full_grads s3 mb0 bkt=-1
[36m(PiperActor pid=580799)[0m 2026-04-09 09:21:57,370 - piper_actor - DEBUG - run_dag dispatch (time 53): free_full_params s3 mb0 bkt=-1
[36m(PiperActor pid=580799)[0m 2026-04-09 09:21:57,370 - piper_actor - DEBUG - run_dag dispatch (time 54): alloc_full_params s1 mb0 bkt=-1
[36m(PiperActor pid=580799)[0m 2026-04-09 09:21:57,372 - piper_actor - DEBUG - run_dag dispatch (time 55): all_gather s1 mb0 bkt=0
[36m(PiperActor pid=580799)[0m 2026-04-09 09:21:57,372 - piper_actor - DEBUG - run_dag dispatch (time 55): alloc_full_grads s1 mb0 bkt=-1
[36m(PiperActor pid=580799)[0m 2026-04-09 09:21:57,373 - piper_actor - DEBUG - run_dag dispatch (time 56): backward s1 mb2 bkt=0
[36m(PiperActor pid=580817)[0m 2026-04-09 09:21:57,424 - piper_actor - DEBUG - run_dag dispatch (time 56): recv s1 mb3 bkt=0
[36m(PiperActor pid=580817)[0m 2026-04-09 09:21:57,424 - piper_actor - DEBUG - exec_recv key (None, 3) from peer pp rank 0
[36m(PiperActor pid=580817)[0m 2026-04-09 09:21:57,426 - piper_actor - DEBUG - run_dag dispatch (time 56): send s3 mb3 bkt=0
[36m(PiperActor pid=580817)[0m 2026-04-09 09:21:57,426 - piper_actor - DEBUG - exec_send key (None, 3) to peer pp rank 0
[36m(PiperActor pid=580817)[0m 2026-04-09 09:21:57,427 - piper_actor - DEBUG - run_dag dispatch (time 60): backward s1 mb3 bkt=0
[36m(PiperActor pid=580799)[0m 2026-04-09 09:21:57,424 - piper_actor - DEBUG - run_dag dispatch (time 56): recv s1 mb3 bkt=0
[36m(PiperActor pid=580799)[0m 2026-04-09 09:21:57,424 - piper_actor - DEBUG - exec_recv key (None, 3) from peer pp rank 0
[36m(PiperActor pid=580799)[0m 2026-04-09 09:21:57,426 - piper_actor - DEBUG - run_dag dispatch (time 56): send s3 mb3 bkt=0
[36m(PiperActor pid=580799)[0m 2026-04-09 09:21:57,426 - piper_actor - DEBUG - exec_send key (None, 3) to peer pp rank 0
[36m(PiperActor pid=580799)[0m 2026-04-09 09:21:57,427 - piper_actor - DEBUG - run_dag dispatch (time 60): backward s1 mb3 bkt=0
[36m(PiperActor pid=580792)[0m 2026-04-09 09:21:57,462 - piper_actor - DEBUG - run_dag dispatch (time 56): send s2 mb3 bkt=0
[36m(PiperActor pid=580792)[0m 2026-04-09 09:21:57,462 - piper_actor - DEBUG - exec_send key (None, 3) to peer pp rank 1
[36m(PiperActor pid=580792)[0m 2026-04-09 09:21:57,463 - piper_actor - DEBUG - run_dag dispatch (time 56): recv s0 mb3 bkt=0
[36m(PiperActor pid=580792)[0m 2026-04-09 09:21:57,463 - piper_actor - DEBUG - exec_recv key (None, 3) from peer pp rank 1
[36m(PiperActor pid=580792)[0m 2026-04-09 09:21:57,464 - piper_actor - DEBUG - run_dag dispatch (time 60): backward s0 mb3 bkt=0
[36m(PiperActor pid=580817)[0m 2026-04-09 09:21:57,465 - piper_actor - DEBUG - run_dag dispatch (time 60): send s1 mb2 bkt=0
[36m(PiperActor pid=580817)[0m 2026-04-09 09:21:57,466 - piper_actor - DEBUG - exec_send key (None, 2) to peer pp rank 0
[36m(PiperActor pid=580817)[0m 2026-04-09 09:21:57,467 - piper_actor - DEBUG - run_dag dispatch (time 60): reduce_scatter s1 mb3 bkt=0
[36m(PiperActor pid=580817)[0m 2026-04-09 09:21:57,468 - piper_actor - DEBUG - run_dag dispatch (time 60): free_full_grads s1 mb0 bkt=-1
[36m(PiperActor pid=580817)[0m 2026-04-09 09:21:57,469 - piper_actor - DEBUG - run_dag dispatch (time 61): free_full_params s1 mb0 bkt=-1
[36m(PiperActor pid=580817)[0m 2026-04-09 09:21:57,469 - piper_actor - DEBUG - run_dag dispatch (time 64): update s1 mb3 bkt=0
[36m(PiperActor pid=580794)[0m 2026-04-09 09:21:57,461 - piper_actor - DEBUG - run_dag dispatch (time 56): send s2 mb3 bkt=0
[36m(PiperActor pid=580794)[0m 2026-04-09 09:21:57,462 - piper_actor - DEBUG - exec_send key (None, 3) to peer pp rank 1
[36m(PiperActor pid=580794)[0m 2026-04-09 09:21:57,463 - piper_actor - DEBUG - run_dag dispatch (time 56): recv s0 mb3 bkt=0
[36m(PiperActor pid=580794)[0m 2026-04-09 09:21:57,463 - piper_actor - DEBUG - exec_recv key (None, 3) from peer pp rank 1
[36m(PiperActor pid=580794)[0m 2026-04-09 09:21:57,464 - piper_actor - DEBUG - run_dag dispatch (time 60): backward s0 mb3 bkt=0
[36m(PiperActor pid=580799)[0m 2026-04-09 09:21:57,466 - piper_actor - DEBUG - run_dag dispatch (time 60): send s1 mb2 bkt=0
[36m(PiperActor pid=580799)[0m 2026-04-09 09:21:57,466 - piper_actor - DEBUG - exec_send key (None, 2) to peer pp rank 0
[36m(PiperActor pid=580799)[0m 2026-04-09 09:21:57,467 - piper_actor - DEBUG - run_dag dispatch (time 60): reduce_scatter s1 mb3 bkt=0
[36m(PiperActor pid=580799)[0m 2026-04-09 09:21:57,468 - piper_actor - DEBUG - run_dag dispatch (time 60): free_full_grads s1 mb0 bkt=-1
[36m(PiperActor pid=580799)[0m 2026-04-09 09:21:57,469 - piper_actor - DEBUG - run_dag dispatch (time 61): free_full_params s1 mb0 bkt=-1
[36m(PiperActor pid=580799)[0m 2026-04-09 09:21:57,470 - piper_actor - DEBUG - run_dag dispatch (time 64): update s1 mb3 bkt=0
[36m(PiperActor pid=580792)[0m 2026-04-09 09:21:57,506 - piper_actor - DEBUG - run_dag dispatch (time 60): reduce_scatter s0 mb3 bkt=0
[36m(PiperActor pid=580792)[0m 2026-04-09 09:21:57,507 - piper_actor - DEBUG - run_dag dispatch (time 60): free_full_grads s0 mb0 bkt=-1
[36m(PiperActor pid=580792)[0m 2026-04-09 09:21:57,509 - piper_actor - DEBUG - run_dag dispatch (time 61): free_full_params s0 mb0 bkt=-1
[36m(PiperActor pid=580794)[0m 2026-04-09 09:21:57,506 - piper_actor - DEBUG - run_dag dispatch (time 60): reduce_scatter s0 mb3 bkt=0
[36m(PiperActor pid=580794)[0m 2026-04-09 09:21:57,507 - piper_actor - DEBUG - run_dag dispatch (time 60): free_full_grads s0 mb0 bkt=-1
[36m(PiperActor pid=580794)[0m 2026-04-09 09:21:57,508 - piper_actor - DEBUG - run_dag dispatch (time 61): free_full_params s0 mb0 bkt=-1
[36m(PiperActor pid=580794)[0m 2026-04-09 09:21:57,509 - piper_actor - DEBUG - run_dag dispatch (time 64): update s0 mb3 bkt=0
[36m(PiperActor pid=580792)[0m 2026-04-09 09:21:57,509 - piper_actor - DEBUG - run_dag dispatch (time 64): update s0 mb3 bkt=0
[36m(PiperActor pid=580817)[0m 2026-04-09 09:21:57,525 - piper_actor - DEBUG - run_dag dispatch (time 64): send s1 mb3 bkt=0
[36m(PiperActor pid=580817)[0m 2026-04-09 09:21:57,525 - piper_actor - DEBUG - exec_send key (None, 3) to peer pp rank 0
[36m(PiperActor pid=580799)[0m 2026-04-09 09:21:57,525 - piper_actor - DEBUG - run_dag dispatch (time 64): send s1 mb3 bkt=0
[36m(PiperActor pid=580799)[0m 2026-04-09 09:21:57,525 - piper_actor - DEBUG - exec_send key (None, 3) to peer pp rank 0
[36m(run_dp_rank pid=563328)[0m rank 1 iter time= 0.76349 ± 0.00000 s (1 samples)
[36m(run_dp_rank pid=563328)[0m rank 1 throughput= 21459.442 tokens/s
[36m(run_dp_rank pid=563328)[0m rank 2 peak_memory= 6.782 GiB
[36m(run_dp_rank pid=563328)[0m rank 3 peak_memory= 8.739 GiB
[36m(run_dp_rank pid=563328)[0m Memory breakdown (after 1st timed iter):
[36m(run_dp_rank pid=563328)[0m   rank 2  allocated=6.782 GiB  reserved=43.734 GiB  params=3.359 GiB  grads=0.000 GiB  shard=1.680 GiB  other(acts+optim)=3.423 GiB
[36m(run_dp_rank pid=563328)[0m   rank 3  allocated=8.739 GiB  reserved=39.869 GiB  params=3.359 GiB  grads=0.000 GiB  shard=1.680 GiB  other(acts+optim)=5.380 GiB
[36m(run_dp_rank pid=563328)[0m 
[36m(run_dp_rank pid=563328)[0m === Rank 2 per-task memory debug ===
[36m(run_dp_rank pid=563328)[0m   iter start: alloc=6.782 GiB  reserved=41.977 GiB
[36m(run_dp_rank pid=563328)[0m   t-02 alloc_full_params_s0_b-1_mb0: peak_alloc=8.829 GiB  peak_reserved=41.977 GiB  alloc_after=8.829 GiB  reserved_after=41.977 GiB
[36m(run_dp_rank pid=563328)[0m   t-01 all_gather_s0_b0_mb0: peak_alloc=8.829 GiB  peak_reserved=41.977 GiB  alloc_after=8.829 GiB  reserved_after=41.977 GiB
[36m(run_dp_rank pid=563328)[0m   t000 forward_s0_b0_mb0: peak_alloc=13.603 GiB  peak_reserved=41.977 GiB  alloc_after=13.556 GiB  reserved_after=41.977 GiB
[36m(run_dp_rank pid=563328)[0m   t004 forward_s0_b0_mb1: peak_alloc=18.329 GiB  peak_reserved=41.977 GiB  alloc_after=18.282 GiB  reserved_after=41.977 GiB
[36m(run_dp_rank pid=563328)[0m   t004 send_s0_b0_mb0: peak_alloc=18.282 GiB  peak_reserved=41.977 GiB  alloc_after=18.282 GiB  reserved_after=41.977 GiB
[36m(run_dp_rank pid=563328)[0m   t004 recv_s2_b0_mb0: peak_alloc=18.306 GiB  peak_reserved=41.977 GiB  alloc_after=18.306 GiB  reserved_after=41.977 GiB
[36m(run_dp_rank pid=563328)[0m   t005 free_full_params_s0_b-1_mb0: peak_alloc=18.306 GiB  peak_reserved=41.977 GiB  alloc_after=16.259 GiB  reserved_after=41.977 GiB
[36m(run_dp_rank pid=563328)[0m   t006 alloc_full_params_s2_b-1_mb0: peak_alloc=17.572 GiB  peak_reserved=41.977 GiB  alloc_after=17.572 GiB  reserved_after=41.977 GiB
[36m(run_dp_rank pid=563328)[0m   t007 all_gather_s2_b0_mb0: peak_alloc=17.572 GiB  peak_reserved=41.977 GiB  alloc_after=17.572 GiB  reserved_after=41.977 GiB
[36m(run_dp_rank pid=563328)[0m   t008 forward_s2_b0_mb0: peak_alloc=22.345 GiB  peak_reserved=41.977 GiB  alloc_after=22.298 GiB  reserved_after=41.977 GiB
[36m(run_dp_rank pid=563328)[0m   t008 send_s0_b0_mb1: peak_alloc=22.298 GiB  peak_reserved=41.977 GiB  alloc_after=22.298 GiB  reserved_after=41.977 GiB
[36m(run_dp_rank pid=563328)[0m   t008 recv_s2_b0_mb1: peak_alloc=22.322 GiB  peak_reserved=41.977 GiB  alloc_after=22.322 GiB  reserved_after=41.977 GiB
[36m(run_dp_rank pid=563328)[0m   t012 forward_s2_b0_mb1: peak_alloc=27.095 GiB  peak_reserved=41.977 GiB  alloc_after=27.049 GiB  reserved_after=41.977 GiB
[36m(run_dp_rank pid=563328)[0m   t012 send_s2_b0_mb0: peak_alloc=27.049 GiB  peak_reserved=41.977 GiB  alloc_after=27.049 GiB  reserved_after=41.977 GiB
[36m(run_dp_rank pid=563328)[0m   t013 free_full_params_s2_b-1_mb0: peak_alloc=27.049 GiB  peak_reserved=41.977 GiB  alloc_after=25.736 GiB  reserved_after=41.977 GiB
[36m(run_dp_rank pid=563328)[0m   t014 alloc_full_params_s0_b-1_mb0: peak_alloc=27.783 GiB  peak_reserved=41.977 GiB  alloc_after=27.783 GiB  reserved_after=41.977 GiB
[36m(run_dp_rank pid=563328)[0m   t015 all_gather_s0_b0_mb0: peak_alloc=27.783 GiB  peak_reserved=41.977 GiB  alloc_after=27.783 GiB  reserved_after=41.977 GiB
[36m(run_dp_rank pid=563328)[0m   t016 forward_s0_b0_mb2: peak_alloc=32.557 GiB  peak_reserved=41.977 GiB  alloc_after=32.510 GiB  reserved_after=41.977 GiB
[36m(run_dp_rank pid=563328)[0m   t016 send_s2_b0_mb1: peak_alloc=32.510 GiB  peak_reserved=41.977 GiB  alloc_after=32.510 GiB  reserved_after=41.977 GiB
[36m(run_dp_rank pid=563328)[0m   t016 recv_s2_b0_mb0: peak_alloc=32.533 GiB  peak_reserved=41.977 GiB  alloc_after=32.533 GiB  reserved_after=41.977 GiB
[36m(run_dp_rank pid=563328)[0m   t017 free_full_params_s0_b-1_mb0: peak_alloc=32.533 GiB  peak_reserved=41.977 GiB  alloc_after=30.486 GiB  reserved_after=41.977 GiB
[36m(run_dp_rank pid=563328)[0m   t018 alloc_full_params_s2_b-1_mb0: peak_alloc=31.799 GiB  peak_reserved=41.977 GiB  alloc_after=31.799 GiB  reserved_after=41.977 GiB
[36m(run_dp_rank pid=563328)[0m   t019 all_gather_s2_b0_mb0: peak_alloc=31.799 GiB  peak_reserved=41.977 GiB  alloc_after=31.799 GiB  reserved_after=41.977 GiB
[36m(run_dp_rank pid=563328)[0m   t019 alloc_full_grads_s2_b-1_mb0: peak_alloc=33.111 GiB  peak_reserved=41.977 GiB  alloc_after=33.111 GiB  reserved_after=41.977 GiB
[36m(run_dp_rank pid=563328)[0m   t020 backward_s2_b0_mb0: peak_alloc=33.236 GiB  peak_reserved=41.977 GiB  alloc_after=28.361 GiB  reserved_after=41.977 GiB
[36m(run_dp_rank pid=563328)[0m   t020 send_s0_b0_mb2: peak_alloc=28.361 GiB  peak_reserved=41.977 GiB  alloc_after=28.361 GiB  reserved_after=41.977 GiB
[36m(run_dp_rank pid=563328)[0m   t020 reduce_scatter_s2_b0_mb0: peak_alloc=29.017 GiB  peak_reserved=41.977 GiB  alloc_after=28.361 GiB  reserved_after=41.977 GiB
[36m(run_dp_rank pid=563328)[0m   t020 free_full_grads_s2_b-1_mb0: peak_alloc=28.361 GiB  peak_reserved=41.977 GiB  alloc_after=27.049 GiB  reserved_after=41.977 GiB
[36m(run_dp_rank pid=563328)[0m   t021 free_full_params_s2_b-1_mb0: peak_alloc=27.049 GiB  peak_reserved=41.977 GiB  alloc_after=25.736 GiB  reserved_after=41.977 GiB
[36m(run_dp_rank pid=563328)[0m   t022 alloc_full_params_s0_b-1_mb0: peak_alloc=27.783 GiB  peak_reserved=41.977 GiB  alloc_after=27.783 GiB  reserved_after=41.977 GiB
[36m(run_dp_rank pid=563328)[0m   t023 all_gather_s0_b0_mb0: peak_alloc=27.783 GiB  peak_reserved=41.977 GiB  alloc_after=27.783 GiB  reserved_after=41.977 GiB
[36m(run_dp_rank pid=563328)[0m   t024 forward_s0_b0_mb3: peak_alloc=32.557 GiB  peak_reserved=41.977 GiB  alloc_after=32.510 GiB  reserved_after=41.977 GiB
[36m(run_dp_rank pid=563328)[0m   t024 send_s2_b0_mb0: peak_alloc=32.510 GiB  peak_reserved=41.977 GiB  alloc_after=32.486 GiB  reserved_after=41.977 GiB
[36m(run_dp_rank pid=563328)[0m   t024 recv_s2_b0_mb1: peak_alloc=32.510 GiB  peak_reserved=41.977 GiB  alloc_after=32.510 GiB  reserved_after=41.977 GiB
[36m(run_dp_rank pid=563328)[0m   t025 free_full_params_s0_b-1_mb0: peak_alloc=32.510 GiB  peak_reserved=41.977 GiB  alloc_after=30.463 GiB  reserved_after=41.977 GiB
[36m(run_dp_rank pid=563328)[0m   t026 alloc_full_params_s2_b-1_mb0: peak_alloc=31.775 GiB  peak_reserved=41.977 GiB  alloc_after=31.775 GiB  reserved_after=41.977 GiB
[36m(run_dp_rank pid=563328)[0m   t027 all_gather_s2_b0_mb0: peak_alloc=31.775 GiB  peak_reserved=41.977 GiB  alloc_after=31.775 GiB  reserved_after=41.977 GiB
[36m(run_dp_rank pid=563328)[0m   t027 alloc_full_grads_s2_b-1_mb0: peak_alloc=33.088 GiB  peak_reserved=41.977 GiB  alloc_after=33.088 GiB  reserved_after=41.977 GiB
[36m(run_dp_rank pid=563328)[0m   t028 backward_s2_b0_mb1: peak_alloc=33.213 GiB  peak_reserved=41.977 GiB  alloc_after=28.338 GiB  reserved_after=41.977 GiB
[36m(run_dp_rank pid=563328)[0m   t028 send_s0_b0_mb3: peak_alloc=28.338 GiB  peak_reserved=41.977 GiB  alloc_after=28.338 GiB  reserved_after=41.977 GiB
[36m(run_dp_rank pid=563328)[0m   t028 recv_s2_b0_mb2: peak_alloc=28.361 GiB  peak_reserved=41.977 GiB  alloc_after=28.361 GiB  reserved_after=41.977 GiB
[36m(run_dp_rank pid=563328)[0m   t028 reduce_scatter_s2_b0_mb1: peak_alloc=29.017 GiB  peak_reserved=41.977 GiB  alloc_after=28.361 GiB  reserved_after=41.977 GiB
[36m(run_dp_rank pid=563328)[0m   t028 free_full_grads_s2_b-1_mb0: peak_alloc=28.361 GiB  peak_reserved=41.977 GiB  alloc_after=27.049 GiB  reserved_after=41.977 GiB
[36m(run_dp_rank pid=563328)[0m   t032 forward_s2_b0_mb2: peak_alloc=31.822 GiB  peak_reserved=41.977 GiB  alloc_after=31.775 GiB  reserved_after=41.977 GiB
[36m(run_dp_rank pid=563328)[0m   t032 send_s2_b0_mb1: peak_alloc=31.775 GiB  peak_reserved=41.977 GiB  alloc_after=31.752 GiB  reserved_after=41.977 GiB
[36m(run_dp_rank pid=563328)[0m   t032 recv_s0_b0_mb0: peak_alloc=31.775 GiB  peak_reserved=41.977 GiB  alloc_after=31.775 GiB  reserved_after=41.977 GiB
[36m(run_dp_rank pid=563328)[0m   t033 free_full_params_s2_b-1_mb0: peak_alloc=31.775 GiB  peak_reserved=41.977 GiB  alloc_after=30.463 GiB  reserved_after=41.977 GiB
[36m(run_dp_rank pid=563328)[0m   t034 alloc_full_params_s0_b-1_mb0: peak_alloc=32.510 GiB  peak_reserved=41.977 GiB  alloc_after=32.510 GiB  reserved_after=41.977 GiB
[36m(run_dp_rank pid=563328)[0m   t035 all_gather_s0_b0_mb0: peak_alloc=32.510 GiB  peak_reserved=41.977 GiB  alloc_after=32.510 GiB  reserved_after=41.977 GiB
[36m(run_dp_rank pid=563328)[0m   t035 alloc_full_grads_s0_b-1_mb0: peak_alloc=34.557 GiB  peak_reserved=41.977 GiB  alloc_after=34.557 GiB  reserved_after=41.977 GiB
[36m(run_dp_rank pid=563328)[0m   t036 backward_s0_b0_mb0: peak_alloc=34.682 GiB  peak_reserved=42.711 GiB  alloc_after=29.806 GiB  reserved_after=42.711 GiB
[36m(run_dp_rank pid=563328)[0m   t036 send_s2_b0_mb2: peak_alloc=29.806 GiB  peak_reserved=42.711 GiB  alloc_after=29.806 GiB  reserved_after=42.711 GiB
[36m(run_dp_rank pid=563328)[0m   t036 recv_s2_b0_mb3: peak_alloc=29.830 GiB  peak_reserved=42.711 GiB  alloc_after=29.830 GiB  reserved_after=42.711 GiB
[36m(run_dp_rank pid=563328)[0m   t036 reduce_scatter_s0_b0_mb0: peak_alloc=30.853 GiB  peak_reserved=42.711 GiB  alloc_after=29.830 GiB  reserved_after=42.711 GiB
[36m(run_dp_rank pid=563328)[0m   t036 free_full_grads_s0_b-1_mb0: peak_alloc=29.830 GiB  peak_reserved=42.711 GiB  alloc_after=27.783 GiB  reserved_after=42.711 GiB
[36m(run_dp_rank pid=563328)[0m   t037 free_full_params_s0_b-1_mb0: peak_alloc=27.783 GiB  peak_reserved=42.711 GiB  alloc_after=25.736 GiB  reserved_after=42.711 GiB
[36m(run_dp_rank pid=563328)[0m   t038 alloc_full_params_s2_b-1_mb0: peak_alloc=27.049 GiB  peak_reserved=42.711 GiB  alloc_after=27.049 GiB  reserved_after=42.711 GiB
[36m(run_dp_rank pid=563328)[0m   t039 all_gather_s2_b0_mb0: peak_alloc=27.049 GiB  peak_reserved=42.711 GiB  alloc_after=27.049 GiB  reserved_after=42.711 GiB
[36m(run_dp_rank pid=563328)[0m   t040 forward_s2_b0_mb3: peak_alloc=31.822 GiB  peak_reserved=42.711 GiB  alloc_after=31.775 GiB  reserved_after=42.711 GiB
[36m(run_dp_rank pid=563328)[0m   t040 recv_s0_b0_mb1: peak_alloc=31.799 GiB  peak_reserved=42.711 GiB  alloc_after=31.799 GiB  reserved_after=42.711 GiB
[36m(run_dp_rank pid=563328)[0m   t041 free_full_params_s2_b-1_mb0: peak_alloc=31.799 GiB  peak_reserved=42.711 GiB  alloc_after=30.486 GiB  reserved_after=42.711 GiB
[36m(run_dp_rank pid=563328)[0m   t042 alloc_full_params_s0_b-1_mb0: peak_alloc=32.533 GiB  peak_reserved=42.711 GiB  alloc_after=32.533 GiB  reserved_after=42.711 GiB
[36m(run_dp_rank pid=563328)[0m   t043 all_gather_s0_b0_mb0: peak_alloc=32.533 GiB  peak_reserved=42.711 GiB  alloc_after=32.533 GiB  reserved_after=42.711 GiB
[36m(run_dp_rank pid=563328)[0m   t043 alloc_full_grads_s0_b-1_mb0: peak_alloc=34.580 GiB  peak_reserved=42.711 GiB  alloc_after=34.580 GiB  reserved_after=42.711 GiB
[36m(run_dp_rank pid=563328)[0m   t044 backward_s0_b0_mb1: peak_alloc=34.705 GiB  peak_reserved=42.711 GiB  alloc_after=29.830 GiB  reserved_after=42.711 GiB
[36m(run_dp_rank pid=563328)[0m   t044 send_s2_b0_mb3: peak_alloc=29.830 GiB  peak_reserved=42.711 GiB  alloc_after=29.830 GiB  reserved_after=42.711 GiB
[36m(run_dp_rank pid=563328)[0m   t044 recv_s2_b0_mb2: peak_alloc=29.853 GiB  peak_reserved=42.711 GiB  alloc_after=29.853 GiB  reserved_after=42.711 GiB
[36m(run_dp_rank pid=563328)[0m   t044 reduce_scatter_s0_b0_mb1: peak_alloc=30.877 GiB  peak_reserved=42.711 GiB  alloc_after=29.853 GiB  reserved_after=42.711 GiB
[36m(run_dp_rank pid=563328)[0m   t044 free_full_grads_s0_b-1_mb0: peak_alloc=29.853 GiB  peak_reserved=42.711 GiB  alloc_after=27.806 GiB  reserved_after=42.711 GiB
[36m(run_dp_rank pid=563328)[0m   t045 free_full_params_s0_b-1_mb0: peak_alloc=27.806 GiB  peak_reserved=42.711 GiB  alloc_after=25.759 GiB  reserved_after=42.711 GiB
[36m(run_dp_rank pid=563328)[0m   t046 alloc_full_params_s2_b-1_mb0: peak_alloc=27.072 GiB  peak_reserved=42.711 GiB  alloc_after=27.072 GiB  reserved_after=42.711 GiB
[36m(run_dp_rank pid=563328)[0m   t047 all_gather_s2_b0_mb0: peak_alloc=27.072 GiB  peak_reserved=42.711 GiB  alloc_after=27.072 GiB  reserved_after=42.711 GiB
[36m(run_dp_rank pid=563328)[0m   t047 alloc_full_grads_s2_b-1_mb0: peak_alloc=28.385 GiB  peak_reserved=42.711 GiB  alloc_after=28.385 GiB  reserved_after=42.711 GiB
[36m(run_dp_rank pid=563328)[0m   t048 backward_s2_b0_mb2: peak_alloc=28.510 GiB  peak_reserved=42.711 GiB  alloc_after=23.634 GiB  reserved_after=42.711 GiB
[36m(run_dp_rank pid=563328)[0m   t048 recv_s2_b0_mb3: peak_alloc=23.658 GiB  peak_reserved=42.711 GiB  alloc_after=23.658 GiB  reserved_after=42.711 GiB
[36m(run_dp_rank pid=563328)[0m   t052 backward_s2_b0_mb3: peak_alloc=23.783 GiB  peak_reserved=42.711 GiB  alloc_after=18.908 GiB  reserved_after=42.711 GiB
[36m(run_dp_rank pid=563328)[0m   t052 send_s2_b0_mb2: peak_alloc=18.908 GiB  peak_reserved=42.711 GiB  alloc_after=18.884 GiB  reserved_after=42.711 GiB
[36m(run_dp_rank pid=563328)[0m   t052 recv_s0_b0_mb2: peak_alloc=18.908 GiB  peak_reserved=42.711 GiB  alloc_after=18.908 GiB  reserved_after=42.711 GiB
[36m(run_dp_rank pid=563328)[0m   t052 reduce_scatter_s2_b0_mb3: peak_alloc=19.564 GiB  peak_reserved=42.711 GiB  alloc_after=18.908 GiB  reserved_after=42.711 GiB
[36m(run_dp_rank pid=563328)[0m   t052 free_full_grads_s2_b-1_mb0: peak_alloc=18.908 GiB  peak_reserved=42.711 GiB  alloc_after=17.595 GiB  reserved_after=42.711 GiB
[36m(run_dp_rank pid=563328)[0m   t053 free_full_params_s2_b-1_mb0: peak_alloc=17.595 GiB  peak_reserved=42.711 GiB  alloc_after=16.282 GiB  reserved_after=42.711 GiB
[36m(run_dp_rank pid=563328)[0m   t054 alloc_full_params_s0_b-1_mb0: peak_alloc=18.329 GiB  peak_reserved=42.711 GiB  alloc_after=18.329 GiB  reserved_after=42.711 GiB
[36m(run_dp_rank pid=563328)[0m   t055 all_gather_s0_b0_mb0: peak_alloc=18.329 GiB  peak_reserved=42.711 GiB  alloc_after=18.329 GiB  reserved_after=42.711 GiB
[36m(run_dp_rank pid=563328)[0m   t055 alloc_full_grads_s0_b-1_mb0: peak_alloc=20.376 GiB  peak_reserved=42.711 GiB  alloc_after=20.376 GiB  reserved_after=42.711 GiB
[36m(run_dp_rank pid=563328)[0m   t056 backward_s0_b0_mb2: peak_alloc=20.501 GiB  peak_reserved=42.711 GiB  alloc_after=15.626 GiB  reserved_after=42.711 GiB
[36m(run_dp_rank pid=563328)[0m   t056 send_s2_b0_mb3: peak_alloc=15.626 GiB  peak_reserved=42.711 GiB  alloc_after=15.603 GiB  reserved_after=42.711 GiB
[36m(run_dp_rank pid=563328)[0m   t056 recv_s0_b0_mb3: peak_alloc=15.626 GiB  peak_reserved=42.711 GiB  alloc_after=15.626 GiB  reserved_after=42.711 GiB
[36m(run_dp_rank pid=563328)[0m   t060 backward_s0_b0_mb3: peak_alloc=15.751 GiB  peak_reserved=42.711 GiB  alloc_after=10.876 GiB  reserved_after=42.711 GiB
[36m(run_dp_rank pid=563328)[0m   t060 reduce_scatter_s0_b0_mb3: peak_alloc=11.899 GiB  peak_reserved=42.711 GiB  alloc_after=10.876 GiB  reserved_after=42.711 GiB
[36m(run_dp_rank pid=563328)[0m   t060 free_full_grads_s0_b-1_mb0: peak_alloc=10.876 GiB  peak_reserved=42.711 GiB  alloc_after=8.829 GiB  reserved_after=42.711 GiB
[36m(run_dp_rank pid=563328)[0m   t061 free_full_params_s0_b-1_mb0: peak_alloc=8.829 GiB  peak_reserved=42.711 GiB  alloc_after=6.782 GiB  reserved_after=42.711 GiB
[36m(run_dp_rank pid=563328)[0m   t064 update_s0_b0_mb3: peak_alloc=7.805 GiB  peak_reserved=43.734 GiB  alloc_after=6.782 GiB  reserved_after=43.734 GiB
[36m(run_dp_rank pid=563328)[0m 
[36m(run_dp_rank pid=563328)[0m === Rank 3 per-task memory debug ===
[36m(run_dp_rank pid=563328)[0m   iter start: alloc=8.739 GiB  reserved=35.955 GiB
[36m(run_dp_rank pid=563328)[0m   t-04 recv_s1_b0_mb0: peak_alloc=8.762 GiB  peak_reserved=35.955 GiB  alloc_after=8.762 GiB  reserved_after=35.955 GiB
[36m(run_dp_rank pid=563328)[0m   t-02 alloc_full_params_s1_b-1_mb0: peak_alloc=10.075 GiB  peak_reserved=35.955 GiB  alloc_after=10.075 GiB  reserved_after=35.955 GiB
[36m(run_dp_rank pid=563328)[0m   t-01 all_gather_s1_b0_mb0: peak_alloc=10.075 GiB  peak_reserved=35.955 GiB  alloc_after=10.075 GiB  reserved_after=35.955 GiB
[36m(run_dp_rank pid=563328)[0m   t000 forward_s1_b0_mb0: peak_alloc=14.848 GiB  peak_reserved=35.955 GiB  alloc_after=14.801 GiB  reserved_after=35.955 GiB
[36m(run_dp_rank pid=563328)[0m   t000 recv_s1_b0_mb1: peak_alloc=14.825 GiB  peak_reserved=35.955 GiB  alloc_after=14.825 GiB  reserved_after=35.955 GiB
[36m(run_dp_rank pid=563328)[0m   t004 forward_s1_b0_mb1: peak_alloc=19.599 GiB  peak_reserved=35.955 GiB  alloc_after=19.552 GiB  reserved_after=35.955 GiB
[36m(run_dp_rank pid=563328)[0m   t004 recv_s3_b0_mb0: peak_alloc=19.575 GiB  peak_reserved=35.955 GiB  alloc_after=19.575 GiB  reserved_after=35.955 GiB
[36m(run_dp_rank pid=563328)[0m   t004 send_s1_b0_mb0: peak_alloc=19.575 GiB  peak_reserved=35.955 GiB  alloc_after=19.575 GiB  reserved_after=35.955 GiB
[36m(run_dp_rank pid=563328)[0m   t005 free_full_params_s1_b-1_mb0: peak_alloc=19.575 GiB  peak_reserved=35.955 GiB  alloc_after=18.263 GiB  reserved_after=35.955 GiB
[36m(run_dp_rank pid=563328)[0m   t006 alloc_full_params_s3_b-1_mb0: peak_alloc=20.309 GiB  peak_reserved=35.955 GiB  alloc_after=20.309 GiB  reserved_after=35.955 GiB
[36m(run_dp_rank pid=563328)[0m   t007 all_gather_s3_b0_mb0: peak_alloc=20.309 GiB  peak_reserved=35.955 GiB  alloc_after=20.309 GiB  reserved_after=35.955 GiB
[36m(run_dp_rank pid=563328)[0m   t008 forward_s3_b0_mb0: peak_alloc=28.042 GiB  peak_reserved=35.955 GiB  alloc_after=27.064 GiB  reserved_after=35.955 GiB
[36m(run_dp_rank pid=563328)[0m   t008 send_s1_b0_mb1: peak_alloc=27.064 GiB  peak_reserved=35.955 GiB  alloc_after=27.064 GiB  reserved_after=35.955 GiB
[36m(run_dp_rank pid=563328)[0m   t011 alloc_full_grads_s3_b-1_mb0: peak_alloc=29.110 GiB  peak_reserved=35.955 GiB  alloc_after=29.110 GiB  reserved_after=35.955 GiB
[36m(run_dp_rank pid=563328)[0m   t012 backward_s3_b0_mb0: peak_alloc=34.981 GiB  peak_reserved=39.869 GiB  alloc_after=22.356 GiB  reserved_after=39.869 GiB
[36m(run_dp_rank pid=563328)[0m   t012 recv_s3_b0_mb1: peak_alloc=22.380 GiB  peak_reserved=39.869 GiB  alloc_after=22.380 GiB  reserved_after=39.869 GiB
[36m(run_dp_rank pid=563328)[0m   t012 reduce_scatter_s3_b0_mb0: peak_alloc=23.403 GiB  peak_reserved=39.869 GiB  alloc_after=22.380 GiB  reserved_after=39.869 GiB
[36m(run_dp_rank pid=563328)[0m   t012 free_full_grads_s3_b-1_mb0: peak_alloc=22.380 GiB  peak_reserved=39.869 GiB  alloc_after=20.333 GiB  reserved_after=39.869 GiB
[36m(run_dp_rank pid=563328)[0m   t016 forward_s3_b0_mb1: peak_alloc=28.065 GiB  peak_reserved=39.869 GiB  alloc_after=27.087 GiB  reserved_after=39.869 GiB
[36m(run_dp_rank pid=563328)[0m   t016 send_s3_b0_mb0: peak_alloc=27.087 GiB  peak_reserved=39.869 GiB  alloc_after=27.064 GiB  reserved_after=39.869 GiB
[36m(run_dp_rank pid=563328)[0m   t019 alloc_full_grads_s3_b-1_mb0: peak_alloc=29.110 GiB  peak_reserved=39.869 GiB  alloc_after=29.110 GiB  reserved_after=39.869 GiB
[36m(run_dp_rank pid=563328)[0m   t020 backward_s3_b0_mb1: peak_alloc=34.981 GiB  peak_reserved=39.869 GiB  alloc_after=22.356 GiB  reserved_after=39.869 GiB
[36m(run_dp_rank pid=563328)[0m   t020 recv_s1_b0_mb2: peak_alloc=22.380 GiB  peak_reserved=39.869 GiB  alloc_after=22.380 GiB  reserved_after=39.869 GiB
[36m(run_dp_rank pid=563328)[0m   t020 reduce_scatter_s3_b0_mb1: peak_alloc=23.403 GiB  peak_reserved=39.869 GiB  alloc_after=22.380 GiB  reserved_after=39.869 GiB
[36m(run_dp_rank pid=563328)[0m   t020 free_full_grads_s3_b-1_mb0: peak_alloc=22.380 GiB  peak_reserved=39.869 GiB  alloc_after=20.333 GiB  reserved_after=39.869 GiB
[36m(run_dp_rank pid=563328)[0m   t021 free_full_params_s3_b-1_mb0: peak_alloc=20.333 GiB  peak_reserved=39.869 GiB  alloc_after=18.286 GiB  reserved_after=39.869 GiB
[36m(run_dp_rank pid=563328)[0m   t022 alloc_full_params_s1_b-1_mb0: peak_alloc=19.599 GiB  peak_reserved=39.869 GiB  alloc_after=19.599 GiB  reserved_after=39.869 GiB
[36m(run_dp_rank pid=563328)[0m   t023 all_gather_s1_b0_mb0: peak_alloc=19.599 GiB  peak_reserved=39.869 GiB  alloc_after=19.599 GiB  reserved_after=39.869 GiB
[36m(run_dp_rank pid=563328)[0m   t024 forward_s1_b0_mb2: peak_alloc=24.372 GiB  peak_reserved=39.869 GiB  alloc_after=24.325 GiB  reserved_after=39.869 GiB
[36m(run_dp_rank pid=563328)[0m   t024 recv_s1_b0_mb0: peak_alloc=24.349 GiB  peak_reserved=39.869 GiB  alloc_after=24.349 GiB  reserved_after=39.869 GiB
[36m(run_dp_rank pid=563328)[0m   t024 send_s3_b0_mb1: peak_alloc=24.349 GiB  peak_reserved=39.869 GiB  alloc_after=24.325 GiB  reserved_after=39.869 GiB
[36m(run_dp_rank pid=563328)[0m   t027 alloc_full_grads_s1_b-1_mb0: peak_alloc=25.638 GiB  peak_reserved=39.869 GiB  alloc_after=25.638 GiB  reserved_after=39.869 GiB
[36m(run_dp_rank pid=563328)[0m   t028 backward_s1_b0_mb0: peak_alloc=25.763 GiB  peak_reserved=39.869 GiB  alloc_after=20.888 GiB  reserved_after=39.869 GiB
[36m(run_dp_rank pid=563328)[0m   t028 recv_s1_b0_mb3: peak_alloc=20.911 GiB  peak_reserved=39.869 GiB  alloc_after=20.911 GiB  reserved_after=39.869 GiB
[36m(run_dp_rank pid=563328)[0m   t028 send_s1_b0_mb2: peak_alloc=20.911 GiB  peak_reserved=39.869 GiB  alloc_after=20.911 GiB  reserved_after=39.869 GiB
[36m(run_dp_rank pid=563328)[0m   t028 reduce_scatter_s1_b0_mb0: peak_alloc=21.567 GiB  peak_reserved=39.869 GiB  alloc_after=20.911 GiB  reserved_after=39.869 GiB
[36m(run_dp_rank pid=563328)[0m   t028 free_full_grads_s1_b-1_mb0: peak_alloc=20.911 GiB  peak_reserved=39.869 GiB  alloc_after=19.599 GiB  reserved_after=39.869 GiB
[36m(run_dp_rank pid=563328)[0m   t032 forward_s1_b0_mb3: peak_alloc=24.372 GiB  peak_reserved=39.869 GiB  alloc_after=24.325 GiB  reserved_after=39.869 GiB
[36m(run_dp_rank pid=563328)[0m   t032 recv_s1_b0_mb1: peak_alloc=24.349 GiB  peak_reserved=39.869 GiB  alloc_after=24.349 GiB  reserved_after=39.869 GiB
[36m(run_dp_rank pid=563328)[0m   t032 send_s1_b0_mb0: peak_alloc=24.349 GiB  peak_reserved=39.869 GiB  alloc_after=24.325 GiB  reserved_after=39.869 GiB
[36m(run_dp_rank pid=563328)[0m   t035 alloc_full_grads_s1_b-1_mb0: peak_alloc=25.638 GiB  peak_reserved=39.869 GiB  alloc_after=25.638 GiB  reserved_after=39.869 GiB
[36m(run_dp_rank pid=563328)[0m   t036 backward_s1_b0_mb1: peak_alloc=25.763 GiB  peak_reserved=39.869 GiB  alloc_after=20.888 GiB  reserved_after=39.869 GiB
[36m(run_dp_rank pid=563328)[0m   t036 recv_s3_b0_mb2: peak_alloc=20.911 GiB  peak_reserved=39.869 GiB  alloc_after=20.911 GiB  reserved_after=39.869 GiB
[36m(run_dp_rank pid=563328)[0m   t036 send_s1_b0_mb3: peak_alloc=20.911 GiB  peak_reserved=39.869 GiB  alloc_after=20.911 GiB  reserved_after=39.869 GiB
[36m(run_dp_rank pid=563328)[0m   t036 reduce_scatter_s1_b0_mb1: peak_alloc=21.567 GiB  peak_reserved=39.869 GiB  alloc_after=20.911 GiB  reserved_after=39.869 GiB
[36m(run_dp_rank pid=563328)[0m   t036 free_full_grads_s1_b-1_mb0: peak_alloc=20.911 GiB  peak_reserved=39.869 GiB  alloc_after=19.599 GiB  reserved_after=39.869 GiB
[36m(run_dp_rank pid=563328)[0m   t037 free_full_params_s1_b-1_mb0: peak_alloc=19.599 GiB  peak_reserved=39.869 GiB  alloc_after=18.286 GiB  reserved_after=39.869 GiB
[36m(run_dp_rank pid=563328)[0m   t038 alloc_full_params_s3_b-1_mb0: peak_alloc=20.333 GiB  peak_reserved=39.869 GiB  alloc_after=20.333 GiB  reserved_after=39.869 GiB
[36m(run_dp_rank pid=563328)[0m   t039 all_gather_s3_b0_mb0: peak_alloc=20.333 GiB  peak_reserved=39.869 GiB  alloc_after=20.333 GiB  reserved_after=39.869 GiB
[36m(run_dp_rank pid=563328)[0m   t040 forward_s3_b0_mb2: peak_alloc=28.065 GiB  peak_reserved=39.869 GiB  alloc_after=27.087 GiB  reserved_after=39.869 GiB
[36m(run_dp_rank pid=563328)[0m   t040 send_s1_b0_mb1: peak_alloc=27.087 GiB  peak_reserved=39.869 GiB  alloc_after=27.064 GiB  reserved_after=39.869 GiB
[36m(run_dp_rank pid=563328)[0m   t043 alloc_full_grads_s3_b-1_mb0: peak_alloc=29.110 GiB  peak_reserved=39.869 GiB  alloc_after=29.110 GiB  reserved_after=39.869 GiB
[36m(run_dp_rank pid=563328)[0m   t044 backward_s3_b0_mb2: peak_alloc=34.981 GiB  peak_reserved=39.869 GiB  alloc_after=22.356 GiB  reserved_after=39.869 GiB
[36m(run_dp_rank pid=563328)[0m   t044 recv_s3_b0_mb3: peak_alloc=22.380 GiB  peak_reserved=39.869 GiB  alloc_after=22.380 GiB  reserved_after=39.869 GiB
[36m(run_dp_rank pid=563328)[0m   t044 reduce_scatter_s3_b0_mb2: peak_alloc=23.403 GiB  peak_reserved=39.869 GiB  alloc_after=22.380 GiB  reserved_after=39.869 GiB
[36m(run_dp_rank pid=563328)[0m   t044 free_full_grads_s3_b-1_mb0: peak_alloc=22.380 GiB  peak_reserved=39.869 GiB  alloc_after=20.333 GiB  reserved_after=39.869 GiB
[36m(run_dp_rank pid=563328)[0m   t048 forward_s3_b0_mb3: peak_alloc=28.065 GiB  peak_reserved=39.869 GiB  alloc_after=27.087 GiB  reserved_after=39.869 GiB
[36m(run_dp_rank pid=563328)[0m   t048 send_s3_b0_mb2: peak_alloc=27.087 GiB  peak_reserved=39.869 GiB  alloc_after=27.064 GiB  reserved_after=39.869 GiB
[36m(run_dp_rank pid=563328)[0m   t051 alloc_full_grads_s3_b-1_mb0: peak_alloc=29.110 GiB  peak_reserved=39.869 GiB  alloc_after=29.110 GiB  reserved_after=39.869 GiB
[36m(run_dp_rank pid=563328)[0m   t052 backward_s3_b0_mb3: peak_alloc=34.981 GiB  peak_reserved=39.869 GiB  alloc_after=22.356 GiB  reserved_after=39.869 GiB
[36m(run_dp_rank pid=563328)[0m   t052 recv_s1_b0_mb2: peak_alloc=22.380 GiB  peak_reserved=39.869 GiB  alloc_after=22.380 GiB  reserved_after=39.869 GiB
[36m(run_dp_rank pid=563328)[0m   t052 reduce_scatter_s3_b0_mb3: peak_alloc=23.403 GiB  peak_reserved=39.869 GiB  alloc_after=22.380 GiB  reserved_after=39.869 GiB
[36m(run_dp_rank pid=563328)[0m   t052 free_full_grads_s3_b-1_mb0: peak_alloc=22.380 GiB  peak_reserved=39.869 GiB  alloc_after=20.333 GiB  reserved_after=39.869 GiB
[36m(run_dp_rank pid=563328)[0m   t053 free_full_params_s3_b-1_mb0: peak_alloc=20.333 GiB  peak_reserved=39.869 GiB  alloc_after=18.286 GiB  reserved_after=39.869 GiB
[36m(run_dp_rank pid=563328)[0m   t054 alloc_full_params_s1_b-1_mb0: peak_alloc=19.599 GiB  peak_reserved=39.869 GiB  alloc_after=19.599 GiB  reserved_after=39.869 GiB
[36m(run_dp_rank pid=563328)[0m   t055 all_gather_s1_b0_mb0: peak_alloc=19.599 GiB  peak_reserved=39.869 GiB  alloc_after=19.599 GiB  reserved_after=39.869 GiB
[36m(run_dp_rank pid=563328)[0m   t055 alloc_full_grads_s1_b-1_mb0: peak_alloc=20.911 GiB  peak_reserved=39.869 GiB  alloc_after=20.911 GiB  reserved_after=39.869 GiB
[36m(run_dp_rank pid=563328)[0m   t056 backward_s1_b0_mb2: peak_alloc=21.036 GiB  peak_reserved=39.869 GiB  alloc_after=16.161 GiB  reserved_after=39.869 GiB
[36m(run_dp_rank pid=563328)[0m   t056 recv_s1_b0_mb3: peak_alloc=16.184 GiB  peak_reserved=39.869 GiB  alloc_after=16.184 GiB  reserved_after=39.869 GiB
[36m(run_dp_rank pid=563328)[0m   t056 send_s3_b0_mb3: peak_alloc=16.184 GiB  peak_reserved=39.869 GiB  alloc_after=16.161 GiB  reserved_after=39.869 GiB
[36m(run_dp_rank pid=563328)[0m   t060 backward_s1_b0_mb3: peak_alloc=16.286 GiB  peak_reserved=39.869 GiB  alloc_after=11.411 GiB  reserved_after=39.869 GiB
[36m(run_dp_rank pid=563328)[0m   t060 send_s1_b0_mb2: peak_alloc=11.411 GiB  peak_reserved=39.869 GiB  alloc_after=11.387 GiB  reserved_after=39.869 GiB
[36m(run_dp_rank pid=563328)[0m   t060 reduce_scatter_s1_b0_mb3: peak_alloc=12.044 GiB  peak_reserved=39.869 GiB  alloc_after=11.387 GiB  reserved_after=39.869 GiB
[36m(run_dp_rank pid=563328)[0m   t060 free_full_grads_s1_b-1_mb0: peak_alloc=11.387 GiB  peak_reserved=39.869 GiB  alloc_after=10.075 GiB  reserved_after=39.869 GiB
[36m(run_dp_rank pid=563328)[0m   t061 free_full_params_s1_b-1_mb0: peak_alloc=10.075 GiB  peak_reserved=39.869 GiB  alloc_after=8.762 GiB  reserved_after=39.869 GiB
[36m(run_dp_rank pid=563328)[0m   t064 update_s1_b0_mb3: peak_alloc=9.785 GiB  peak_reserved=39.869 GiB  alloc_after=8.762 GiB  reserved_after=39.869 GiB
[36m(run_dp_rank pid=563328)[0m   t064 send_s1_b0_mb3: peak_alloc=8.762 GiB  peak_reserved=39.869 GiB  alloc_after=8.739 GiB  reserved_after=39.869 GiB
[36m(run_dp_rank pid=563381)[0m rank 0 iter time= 0.83944 ± 0.00000 s (1 samples)
[36m(run_dp_rank pid=563381)[0m rank 0 throughput= 19517.840 tokens/s
[36m(run_dp_rank pid=563381)[0m rank 0 peak_memory= 6.782 GiB
[36m(run_dp_rank pid=563381)[0m rank 1 peak_memory= 8.739 GiB
[36m(run_dp_rank pid=563381)[0m Memory breakdown (after 1st timed iter):
[36m(run_dp_rank pid=563381)[0m   rank 0  allocated=6.782 GiB  reserved=43.734 GiB  params=3.359 GiB  grads=0.000 GiB  shard=1.680 GiB  other(acts+optim)=3.423 GiB
[36m(run_dp_rank pid=563381)[0m   rank 1  allocated=8.739 GiB  reserved=39.869 GiB  params=3.359 GiB  grads=0.000 GiB  shard=1.680 GiB  other(acts+optim)=5.380 GiB
[36m(run_dp_rank pid=563381)[0m 
[36m(run_dp_rank pid=563381)[0m === Rank 0 per-task memory debug ===
[36m(run_dp_rank pid=563381)[0m   iter start: alloc=6.782 GiB  reserved=41.977 GiB
[36m(run_dp_rank pid=563381)[0m   t-02 alloc_full_params_s0_b-1_mb0: peak_alloc=8.829 GiB  peak_reserved=41.977 GiB  alloc_after=8.829 GiB  reserved_after=41.977 GiB
[36m(run_dp_rank pid=563381)[0m   t-01 all_gather_s0_b0_mb0: peak_alloc=8.829 GiB  peak_reserved=41.977 GiB  alloc_after=8.829 GiB  reserved_after=41.977 GiB
[36m(run_dp_rank pid=563381)[0m   t000 forward_s0_b0_mb0: peak_alloc=13.603 GiB  peak_reserved=41.977 GiB  alloc_after=13.556 GiB  reserved_after=41.977 GiB
[36m(run_dp_rank pid=563381)[0m   t004 forward_s0_b0_mb1: peak_alloc=18.329 GiB  peak_reserved=41.977 GiB  alloc_after=18.282 GiB  reserved_after=41.977 GiB
[36m(run_dp_rank pid=563381)[0m   t004 send_s0_b0_mb0: peak_alloc=18.282 GiB  peak_reserved=41.977 GiB  alloc_after=18.282 GiB  reserved_after=41.977 GiB
[36m(run_dp_rank pid=563381)[0m   t004 recv_s2_b0_mb0: peak_alloc=18.306 GiB  peak_reserved=41.977 GiB  alloc_after=18.306 GiB  reserved_after=41.977 GiB
[36m(run_dp_rank pid=563381)[0m   t005 free_full_params_s0_b-1_mb0: peak_alloc=18.306 GiB  peak_reserved=41.977 GiB  alloc_after=16.259 GiB  reserved_after=41.977 GiB
[36m(run_dp_rank pid=563381)[0m   t006 alloc_full_params_s2_b-1_mb0: peak_alloc=17.572 GiB  peak_reserved=41.977 GiB  alloc_after=17.572 GiB  reserved_after=41.977 GiB
[36m(run_dp_rank pid=563381)[0m   t007 all_gather_s2_b0_mb0: peak_alloc=17.572 GiB  peak_reserved=41.977 GiB  alloc_after=17.572 GiB  reserved_after=41.977 GiB
[36m(run_dp_rank pid=563381)[0m   t008 forward_s2_b0_mb0: peak_alloc=22.345 GiB  peak_reserved=41.977 GiB  alloc_after=22.298 GiB  reserved_after=41.977 GiB
[36m(run_dp_rank pid=563381)[0m   t008 send_s0_b0_mb1: peak_alloc=22.298 GiB  peak_reserved=41.977 GiB  alloc_after=22.298 GiB  reserved_after=41.977 GiB
[36m(run_dp_rank pid=563381)[0m   t008 recv_s2_b0_mb1: peak_alloc=22.322 GiB  peak_reserved=41.977 GiB  alloc_after=22.322 GiB  reserved_after=41.977 GiB
[36m(run_dp_rank pid=563381)[0m   t012 forward_s2_b0_mb1: peak_alloc=27.095 GiB  peak_reserved=41.977 GiB  alloc_after=27.049 GiB  reserved_after=41.977 GiB
[36m(run_dp_rank pid=563381)[0m   t012 send_s2_b0_mb0: peak_alloc=27.049 GiB  peak_reserved=41.977 GiB  alloc_after=27.049 GiB  reserved_after=41.977 GiB
[36m(run_dp_rank pid=563381)[0m   t013 free_full_params_s2_b-1_mb0: peak_alloc=27.049 GiB  peak_reserved=41.977 GiB  alloc_after=25.736 GiB  reserved_after=41.977 GiB
[36m(run_dp_rank pid=563381)[0m   t014 alloc_full_params_s0_b-1_mb0: peak_alloc=27.783 GiB  peak_reserved=41.977 GiB  alloc_after=27.783 GiB  reserved_after=41.977 GiB
[36m(run_dp_rank pid=563381)[0m   t015 all_gather_s0_b0_mb0: peak_alloc=27.783 GiB  peak_reserved=41.977 GiB  alloc_after=27.783 GiB  reserved_after=41.977 GiB
[36m(run_dp_rank pid=563381)[0m   t016 forward_s0_b0_mb2: peak_alloc=32.557 GiB  peak_reserved=41.977 GiB  alloc_after=32.510 GiB  reserved_after=41.977 GiB
[36m(run_dp_rank pid=563381)[0m   t016 send_s2_b0_mb1: peak_alloc=32.510 GiB  peak_reserved=41.977 GiB  alloc_after=32.510 GiB  reserved_after=41.977 GiB
[36m(run_dp_rank pid=563381)[0m   t016 recv_s2_b0_mb0: peak_alloc=32.533 GiB  peak_reserved=41.977 GiB  alloc_after=32.533 GiB  reserved_after=41.977 GiB
[36m(run_dp_rank pid=563381)[0m   t017 free_full_params_s0_b-1_mb0: peak_alloc=32.533 GiB  peak_reserved=41.977 GiB  alloc_after=30.486 GiB  reserved_after=41.977 GiB
[36m(run_dp_rank pid=563381)[0m   t018 alloc_full_params_s2_b-1_mb0: peak_alloc=31.799 GiB  peak_reserved=41.977 GiB  alloc_after=31.799 GiB  reserved_after=41.977 GiB
[36m(run_dp_rank pid=563381)[0m   t019 all_gather_s2_b0_mb0: peak_alloc=31.799 GiB  peak_reserved=41.977 GiB  alloc_after=31.799 GiB  reserved_after=41.977 GiB
[36m(run_dp_rank pid=563381)[0m   t019 alloc_full_grads_s2_b-1_mb0: peak_alloc=33.111 GiB  peak_reserved=41.977 GiB  alloc_after=33.111 GiB  reserved_after=41.977 GiB
[36m(run_dp_rank pid=563381)[0m   t020 backward_s2_b0_mb0: peak_alloc=33.236 GiB  peak_reserved=41.977 GiB  alloc_after=28.361 GiB  reserved_after=41.977 GiB
[36m(run_dp_rank pid=563381)[0m   t020 send_s0_b0_mb2: peak_alloc=28.361 GiB  peak_reserved=41.977 GiB  alloc_after=28.361 GiB  reserved_after=41.977 GiB
[36m(run_dp_rank pid=563381)[0m   t020 reduce_scatter_s2_b0_mb0: peak_alloc=29.017 GiB  peak_reserved=41.977 GiB  alloc_after=28.361 GiB  reserved_after=41.977 GiB
[36m(run_dp_rank pid=563381)[0m   t020 free_full_grads_s2_b-1_mb0: peak_alloc=28.361 GiB  peak_reserved=41.977 GiB  alloc_after=27.049 GiB  reserved_after=41.977 GiB
[36m(run_dp_rank pid=563381)[0m   t021 free_full_params_s2_b-1_mb0: peak_alloc=27.049 GiB  peak_reserved=41.977 GiB  alloc_after=25.736 GiB  reserved_after=41.977 GiB
[36m(run_dp_rank pid=563381)[0m   t022 alloc_full_params_s0_b-1_mb0: peak_alloc=27.783 GiB  peak_reserved=41.977 GiB  alloc_after=27.783 GiB  reserved_after=41.977 GiB
[36m(run_dp_rank pid=563381)[0m   t023 all_gather_s0_b0_mb0: peak_alloc=27.783 GiB  peak_reserved=41.977 GiB  alloc_after=27.783 GiB  reserved_after=41.977 GiB
[36m(run_dp_rank pid=563381)[0m   t024 forward_s0_b0_mb3: peak_alloc=32.557 GiB  peak_reserved=41.977 GiB  alloc_after=32.510 GiB  reserved_after=41.977 GiB
[36m(run_dp_rank pid=563381)[0m   t024 send_s2_b0_mb0: peak_alloc=32.510 GiB  peak_reserved=41.977 GiB  alloc_after=32.486 GiB  reserved_after=41.977 GiB
[36m(run_dp_rank pid=563381)[0m   t024 recv_s2_b0_mb1: peak_alloc=32.510 GiB  peak_reserved=41.977 GiB  alloc_after=32.510 GiB  reserved_after=41.977 GiB
[36m(run_dp_rank pid=563381)[0m   t025 free_full_params_s0_b-1_mb0: peak_alloc=32.510 GiB  peak_reserved=41.977 GiB  alloc_after=30.463 GiB  reserved_after=41.977 GiB
[36m(run_dp_rank pid=563381)[0m   t026 alloc_full_params_s2_b-1_mb0: peak_alloc=31.775 GiB  peak_reserved=41.977 GiB  alloc_after=31.775 GiB  reserved_after=41.977 GiB
[36m(run_dp_rank pid=563381)[0m   t027 all_gather_s2_b0_mb0: peak_alloc=31.775 GiB  peak_reserved=41.977 GiB  alloc_after=31.775 GiB  reserved_after=41.977 GiB
[36m(run_dp_rank pid=563381)[0m   t027 alloc_full_grads_s2_b-1_mb0: peak_alloc=33.088 GiB  peak_reserved=41.977 GiB  alloc_after=33.088 GiB  reserved_after=41.977 GiB
[36m(run_dp_rank pid=563381)[0m   t028 backward_s2_b0_mb1: peak_alloc=33.213 GiB  peak_reserved=41.977 GiB  alloc_after=28.338 GiB  reserved_after=41.977 GiB
[36m(run_dp_rank pid=563381)[0m   t028 send_s0_b0_mb3: peak_alloc=28.338 GiB  peak_reserved=41.977 GiB  alloc_after=28.338 GiB  reserved_after=41.977 GiB
[36m(run_dp_rank pid=563381)[0m   t028 recv_s2_b0_mb2: peak_alloc=28.361 GiB  peak_reserved=41.977 GiB  alloc_after=28.361 GiB  reserved_after=41.977 GiB
[36m(run_dp_rank pid=563381)[0m   t028 reduce_scatter_s2_b0_mb1: peak_alloc=29.017 GiB  peak_reserved=41.977 GiB  alloc_after=28.361 GiB  reserved_after=41.977 GiB
[36m(run_dp_rank pid=563381)[0m   t028 free_full_grads_s2_b-1_mb0: peak_alloc=28.361 GiB  peak_reserved=41.977 GiB  alloc_after=27.049 GiB  reserved_after=41.977 GiB
[36m(run_dp_rank pid=563381)[0m   t032 forward_s2_b0_mb2: peak_alloc=31.822 GiB  peak_reserved=41.977 GiB  alloc_after=31.775 GiB  reserved_after=41.977 GiB
[36m(run_dp_rank pid=563381)[0m   t032 send_s2_b0_mb1: peak_alloc=31.775 GiB  peak_reserved=41.977 GiB  alloc_after=31.752 GiB  reserved_after=41.977 GiB
[36m(run_dp_rank pid=563381)[0m   t032 recv_s0_b0_mb0: peak_alloc=31.775 GiB  peak_reserved=41.977 GiB  alloc_after=31.775 GiB  reserved_after=41.977 GiB
[36m(run_dp_rank pid=563381)[0m   t033 free_full_params_s2_b-1_mb0: peak_alloc=31.775 GiB  peak_reserved=41.977 GiB  alloc_after=30.463 GiB  reserved_after=41.977 GiB
[36m(run_dp_rank pid=563381)[0m   t034 alloc_full_params_s0_b-1_mb0: peak_alloc=32.510 GiB  peak_reserved=41.977 GiB  alloc_after=32.510 GiB  reserved_after=41.977 GiB
[36m(run_dp_rank pid=563381)[0m   t035 all_gather_s0_b0_mb0: peak_alloc=32.510 GiB  peak_reserved=41.977 GiB  alloc_after=32.510 GiB  reserved_after=41.977 GiB
[36m(run_dp_rank pid=563381)[0m   t035 alloc_full_grads_s0_b-1_mb0: peak_alloc=34.557 GiB  peak_reserved=41.977 GiB  alloc_after=34.557 GiB  reserved_after=41.977 GiB
[36m(run_dp_rank pid=563381)[0m   t036 backward_s0_b0_mb0: peak_alloc=34.682 GiB  peak_reserved=42.711 GiB  alloc_after=29.806 GiB  reserved_after=42.711 GiB
[36m(run_dp_rank pid=563381)[0m   t036 send_s2_b0_mb2: peak_alloc=29.806 GiB  peak_reserved=42.711 GiB  alloc_after=29.806 GiB  reserved_after=42.711 GiB
[36m(run_dp_rank pid=563381)[0m   t036 recv_s2_b0_mb3: peak_alloc=29.830 GiB  peak_reserved=42.711 GiB  alloc_after=29.830 GiB  reserved_after=42.711 GiB
[36m(run_dp_rank pid=563381)[0m   t036 reduce_scatter_s0_b0_mb0: peak_alloc=30.853 GiB  peak_reserved=42.711 GiB  alloc_after=29.830 GiB  reserved_after=42.711 GiB
[36m(run_dp_rank pid=563381)[0m   t036 free_full_grads_s0_b-1_mb0: peak_alloc=29.830 GiB  peak_reserved=42.711 GiB  alloc_after=27.783 GiB  reserved_after=42.711 GiB
[36m(run_dp_rank pid=563381)[0m   t037 free_full_params_s0_b-1_mb0: peak_alloc=27.783 GiB  peak_reserved=42.711 GiB  alloc_after=25.736 GiB  reserved_after=42.711 GiB
[36m(run_dp_rank pid=563381)[0m   t038 alloc_full_params_s2_b-1_mb0: peak_alloc=27.049 GiB  peak_reserved=42.711 GiB  alloc_after=27.049 GiB  reserved_after=42.711 GiB
[36m(run_dp_rank pid=563381)[0m   t039 all_gather_s2_b0_mb0: peak_alloc=27.049 GiB  peak_reserved=42.711 GiB  alloc_after=27.049 GiB  reserved_after=42.711 GiB
[36m(run_dp_rank pid=563381)[0m   t040 forward_s2_b0_mb3: peak_alloc=31.822 GiB  peak_reserved=42.711 GiB  alloc_after=31.775 GiB  reserved_after=42.711 GiB
[36m(run_dp_rank pid=563381)[0m   t040 recv_s0_b0_mb1: peak_alloc=31.799 GiB  peak_reserved=42.711 GiB  alloc_after=31.799 GiB  reserved_after=42.711 GiB
[36m(run_dp_rank pid=563381)[0m   t041 free_full_params_s2_b-1_mb0: peak_alloc=31.799 GiB  peak_reserved=42.711 GiB  alloc_after=30.486 GiB  reserved_after=42.711 GiB
[36m(run_dp_rank pid=563381)[0m   t042 alloc_full_params_s0_b-1_mb0: peak_alloc=32.533 GiB  peak_reserved=42.711 GiB  alloc_after=32.533 GiB  reserved_after=42.711 GiB
[36m(run_dp_rank pid=563381)[0m   t043 all_gather_s0_b0_mb0: peak_alloc=32.533 GiB  peak_reserved=42.711 GiB  alloc_after=32.533 GiB  reserved_after=42.711 GiB
[36m(run_dp_rank pid=563381)[0m   t043 alloc_full_grads_s0_b-1_mb0: peak_alloc=34.580 GiB  peak_reserved=42.711 GiB  alloc_after=34.580 GiB  reserved_after=42.711 GiB
[36m(run_dp_rank pid=563381)[0m   t044 backward_s0_b0_mb1: peak_alloc=34.705 GiB  peak_reserved=42.711 GiB  alloc_after=29.830 GiB  reserved_after=42.711 GiB
[36m(run_dp_rank pid=563381)[0m   t044 send_s2_b0_mb3: peak_alloc=29.830 GiB  peak_reserved=42.711 GiB  alloc_after=29.830 GiB  reserved_after=42.711 GiB
[36m(run_dp_rank pid=563381)[0m   t044 recv_s2_b0_mb2: peak_alloc=29.853 GiB  peak_reserved=42.711 GiB  alloc_after=29.853 GiB  reserved_after=42.711 GiB
[36m(run_dp_rank pid=563381)[0m   t044 reduce_scatter_s0_b0_mb1: peak_alloc=30.877 GiB  peak_reserved=42.711 GiB  alloc_after=29.853 GiB  reserved_after=42.711 GiB
[36m(run_dp_rank pid=563381)[0m   t044 free_full_grads_s0_b-1_mb0: peak_alloc=29.853 GiB  peak_reserved=42.711 GiB  alloc_after=27.806 GiB  reserved_after=42.711 GiB
[36m(run_dp_rank pid=563381)[0m   t045 free_full_params_s0_b-1_mb0: peak_alloc=27.806 GiB  peak_reserved=42.711 GiB  alloc_after=25.759 GiB  reserved_after=42.711 GiB
[36m(run_dp_rank pid=563381)[0m   t046 alloc_full_params_s2_b-1_mb0: peak_alloc=27.072 GiB  peak_reserved=42.711 GiB  alloc_after=27.072 GiB  reserved_after=42.711 GiB
[36m(run_dp_rank pid=563381)[0m   t047 all_gather_s2_b0_mb0: peak_alloc=27.072 GiB  peak_reserved=42.711 GiB  alloc_after=27.072 GiB  reserved_after=42.711 GiB
[36m(run_dp_rank pid=563381)[0m   t047 alloc_full_grads_s2_b-1_mb0: peak_alloc=28.385 GiB  peak_reserved=42.711 GiB  alloc_after=28.385 GiB  reserved_after=42.711 GiB
[36m(run_dp_rank pid=563381)[0m   t048 backward_s2_b0_mb2: peak_alloc=28.510 GiB  peak_reserved=42.711 GiB  alloc_after=23.634 GiB  reserved_after=42.711 GiB
[36m(run_dp_rank pid=563381)[0m   t048 recv_s2_b0_mb3: peak_alloc=23.658 GiB  peak_reserved=42.711 GiB  alloc_after=23.658 GiB  reserved_after=42.711 GiB
[36m(run_dp_rank pid=563381)[0m   t052 backward_s2_b0_mb3: peak_alloc=23.783 GiB  peak_reserved=42.711 GiB  alloc_after=18.908 GiB  reserved_after=42.711 GiB
[36m(run_dp_rank pid=563381)[0m   t052 send_s2_b0_mb2: peak_alloc=18.908 GiB  peak_reserved=42.711 GiB  alloc_after=18.884 GiB  reserved_after=42.711 GiB
[36m(run_dp_rank pid=563381)[0m   t052 recv_s0_b0_mb2: peak_alloc=18.908 GiB  peak_reserved=42.711 GiB  alloc_after=18.908 GiB  reserved_after=42.711 GiB
[36m(run_dp_rank pid=563381)[0m   t052 reduce_scatter_s2_b0_mb3: peak_alloc=19.564 GiB  peak_reserved=42.711 GiB  alloc_after=18.908 GiB  reserved_after=42.711 GiB
[36m(run_dp_rank pid=563381)[0m   t052 free_full_grads_s2_b-1_mb0: peak_alloc=18.908 GiB  peak_reserved=42.711 GiB  alloc_after=17.595 GiB  reserved_after=42.711 GiB
[36m(run_dp_rank pid=563381)[0m   t053 free_full_params_s2_b-1_mb0: peak_alloc=17.595 GiB  peak_reserved=42.711 GiB  alloc_after=16.282 GiB  reserved_after=42.711 GiB
[36m(run_dp_rank pid=563381)[0m   t054 alloc_full_params_s0_b-1_mb0: peak_alloc=18.329 GiB  peak_reserved=42.711 GiB  alloc_after=18.329 GiB  reserved_after=42.711 GiB
[36m(run_dp_rank pid=563381)[0m   t055 all_gather_s0_b0_mb0: peak_alloc=18.329 GiB  peak_reserved=42.711 GiB  alloc_after=18.329 GiB  reserved_after=42.711 GiB
[36m(run_dp_rank pid=563381)[0m   t055 alloc_full_grads_s0_b-1_mb0: peak_alloc=20.376 GiB  peak_reserved=42.711 GiB  alloc_after=20.376 GiB  reserved_after=42.711 GiB
[36m(run_dp_rank pid=563381)[0m   t056 backward_s0_b0_mb2: peak_alloc=20.501 GiB  peak_reserved=42.711 GiB  alloc_after=15.626 GiB  reserved_after=42.711 GiB
[36m(run_dp_rank pid=563381)[0m   t056 send_s2_b0_mb3: peak_alloc=15.626 GiB  peak_reserved=42.711 GiB  alloc_after=15.603 GiB  reserved_after=42.711 GiB
[36m(run_dp_rank pid=563381)[0m   t056 recv_s0_b0_mb3: peak_alloc=15.626 GiB  peak_reserved=42.711 GiB  alloc_after=15.626 GiB  reserved_after=42.711 GiB
[36m(run_dp_rank pid=563381)[0m   t060 backward_s0_b0_mb3: peak_alloc=15.751 GiB  peak_reserved=42.711 GiB  alloc_after=10.876 GiB  reserved_after=42.711 GiB
[36m(run_dp_rank pid=563381)[0m   t060 reduce_scatter_s0_b0_mb3: peak_alloc=11.899 GiB  peak_reserved=42.711 GiB  alloc_after=10.876 GiB  reserved_after=42.711 GiB
[36m(run_dp_rank pid=563381)[0m   t060 free_full_grads_s0_b-1_mb0: peak_alloc=10.876 GiB  peak_reserved=42.711 GiB  alloc_after=8.829 GiB  reserved_after=42.711 GiB
[36m(run_dp_rank pid=563381)[0m   t061 free_full_params_s0_b-1_mb0: peak_alloc=8.829 GiB  peak_reserved=42.711 GiB  alloc_after=6.782 GiB  reserved_after=42.711 GiB
[36m(run_dp_rank pid=563381)[0m   t064 update_s0_b0_mb3: peak_alloc=7.805 GiB  peak_reserved=43.734 GiB  alloc_after=6.782 GiB  reserved_after=43.734 GiB
[36m(run_dp_rank pid=563381)[0m 
[36m(run_dp_rank pid=563381)[0m === Rank 1 per-task memory debug ===
[36m(run_dp_rank pid=563381)[0m   iter start: alloc=8.739 GiB  reserved=35.955 GiB
[36m(run_dp_rank pid=563381)[0m   t-04 recv_s1_b0_mb0: peak_alloc=8.762 GiB  peak_reserved=35.955 GiB  alloc_after=8.762 GiB  reserved_after=35.955 GiB
[36m(run_dp_rank pid=563381)[0m   t-02 alloc_full_params_s1_b-1_mb0: peak_alloc=10.075 GiB  peak_reserved=35.955 GiB  alloc_after=10.075 GiB  reserved_after=35.955 GiB
[36m(run_dp_rank pid=563381)[0m   t-01 all_gather_s1_b0_mb0: peak_alloc=10.075 GiB  peak_reserved=35.955 GiB  alloc_after=10.075 GiB  reserved_after=35.955 GiB
[36m(run_dp_rank pid=563381)[0m   t000 forward_s1_b0_mb0: peak_alloc=14.848 GiB  peak_reserved=35.955 GiB  alloc_after=14.801 GiB  reserved_after=35.955 GiB
[36m(run_dp_rank pid=563381)[0m   t000 recv_s1_b0_mb1: peak_alloc=14.825 GiB  peak_reserved=35.955 GiB  alloc_after=14.825 GiB  reserved_after=35.955 GiB
[36m(run_dp_rank pid=563381)[0m   t004 forward_s1_b0_mb1: peak_alloc=19.599 GiB  peak_reserved=35.955 GiB  alloc_after=19.552 GiB  reserved_after=35.955 GiB
[36m(run_dp_rank pid=563381)[0m   t004 recv_s3_b0_mb0: peak_alloc=19.575 GiB  peak_reserved=35.955 GiB  alloc_after=19.575 GiB  reserved_after=35.955 GiB
[36m(run_dp_rank pid=563381)[0m   t004 send_s1_b0_mb0: peak_alloc=19.575 GiB  peak_reserved=35.955 GiB  alloc_after=19.575 GiB  reserved_after=35.955 GiB
[36m(run_dp_rank pid=563381)[0m   t005 free_full_params_s1_b-1_mb0: peak_alloc=19.575 GiB  peak_reserved=35.955 GiB  alloc_after=18.263 GiB  reserved_after=35.955 GiB
[36m(run_dp_rank pid=563381)[0m   t006 alloc_full_params_s3_b-1_mb0: peak_alloc=20.309 GiB  peak_reserved=35.955 GiB  alloc_after=20.309 GiB  reserved_after=35.955 GiB
[36m(run_dp_rank pid=563381)[0m   t007 all_gather_s3_b0_mb0: peak_alloc=20.309 GiB  peak_reserved=35.955 GiB  alloc_after=20.309 GiB  reserved_after=35.955 GiB
[36m(run_dp_rank pid=563381)[0m   t008 forward_s3_b0_mb0: peak_alloc=28.042 GiB  peak_reserved=35.955 GiB  alloc_after=27.064 GiB  reserved_after=35.955 GiB
[36m(run_dp_rank pid=563381)[0m   t008 send_s1_b0_mb1: peak_alloc=27.064 GiB  peak_reserved=35.955 GiB  alloc_after=27.064 GiB  reserved_after=35.955 GiB
[36m(run_dp_rank pid=563381)[0m   t011 alloc_full_grads_s3_b-1_mb0: peak_alloc=29.110 GiB  peak_reserved=35.955 GiB  alloc_after=29.110 GiB  reserved_after=35.955 GiB
[36m(run_dp_rank pid=563381)[0m   t012 backward_s3_b0_mb0: peak_alloc=34.981 GiB  peak_reserved=39.869 GiB  alloc_after=22.356 GiB  reserved_after=39.869 GiB
[36m(run_dp_rank pid=563381)[0m   t012 recv_s3_b0_mb1: peak_alloc=22.380 GiB  peak_reserved=39.869 GiB  alloc_after=22.380 GiB  reserved_after=39.869 GiB
[36m(run_dp_rank pid=563381)[0m   t012 reduce_scatter_s3_b0_mb0: peak_alloc=23.403 GiB  peak_reserved=39.869 GiB  alloc_after=22.380 GiB  reserved_after=39.869 GiB
[36m(run_dp_rank pid=563381)[0m   t012 free_full_grads_s3_b-1_mb0: peak_alloc=22.380 GiB  peak_reserved=39.869 GiB  alloc_after=20.333 GiB  reserved_after=39.869 GiB
[36m(run_dp_rank pid=563381)[0m   t016 forward_s3_b0_mb1: peak_alloc=28.065 GiB  peak_reserved=39.869 GiB  alloc_after=27.087 GiB  reserved_after=39.869 GiB
[36m(run_dp_rank pid=563381)[0m   t016 send_s3_b0_mb0: peak_alloc=27.087 GiB  peak_reserved=39.869 GiB  alloc_after=27.064 GiB  reserved_after=39.869 GiB
[36m(run_dp_rank pid=563381)[0m   t019 alloc_full_grads_s3_b-1_mb0: peak_alloc=29.110 GiB  peak_reserved=39.869 GiB  alloc_after=29.110 GiB  reserved_after=39.869 GiB
[36m(run_dp_rank pid=563381)[0m   t020 backward_s3_b0_mb1: peak_alloc=34.981 GiB  peak_reserved=39.869 GiB  alloc_after=22.356 GiB  reserved_after=39.869 GiB
[36m(run_dp_rank pid=563381)[0m   t020 recv_s1_b0_mb2: peak_alloc=22.380 GiB  peak_reserved=39.869 GiB  alloc_after=22.380 GiB  reserved_after=39.869 GiB
[36m(run_dp_rank pid=563381)[0m   t020 reduce_scatter_s3_b0_mb1: peak_alloc=23.403 GiB  peak_reserved=39.869 GiB  alloc_after=22.380 GiB  reserved_after=39.869 GiB
[36m(run_dp_rank pid=563381)[0m   t020 free_full_grads_s3_b-1_mb0: peak_alloc=22.380 GiB  peak_reserved=39.869 GiB  alloc_after=20.333 GiB  reserved_after=39.869 GiB
[36m(run_dp_rank pid=563381)[0m   t021 free_full_params_s3_b-1_mb0: peak_alloc=20.333 GiB  peak_reserved=39.869 GiB  alloc_after=18.286 GiB  reserved_after=39.869 GiB
[36m(run_dp_rank pid=563381)[0m   t022 alloc_full_params_s1_b-1_mb0: peak_alloc=19.599 GiB  peak_reserved=39.869 GiB  alloc_after=19.599 GiB  reserved_after=39.869 GiB
[36m(run_dp_rank pid=563381)[0m   t023 all_gather_s1_b0_mb0: peak_alloc=19.599 GiB  peak_reserved=39.869 GiB  alloc_after=19.599 GiB  reserved_after=39.869 GiB
[36m(run_dp_rank pid=563381)[0m   t024 forward_s1_b0_mb2: peak_alloc=24.372 GiB  peak_reserved=39.869 GiB  alloc_after=24.325 GiB  reserved_after=39.869 GiB
[36m(run_dp_rank pid=563381)[0m   t024 recv_s1_b0_mb0: peak_alloc=24.349 GiB  peak_reserved=39.869 GiB  alloc_after=24.349 GiB  reserved_after=39.869 GiB
[36m(run_dp_rank pid=563381)[0m   t024 send_s3_b0_mb1: peak_alloc=24.349 GiB  peak_reserved=39.869 GiB  alloc_after=24.325 GiB  reserved_after=39.869 GiB
[36m(run_dp_rank pid=563381)[0m   t027 alloc_full_grads_s1_b-1_mb0: peak_alloc=25.638 GiB  peak_reserved=39.869 GiB  alloc_after=25.638 GiB  reserved_after=39.869 GiB
[36m(run_dp_rank pid=563381)[0m   t028 backward_s1_b0_mb0: peak_alloc=25.763 GiB  peak_reserved=39.869 GiB  alloc_after=20.888 GiB  reserved_after=39.869 GiB
[36m(run_dp_rank pid=563381)[0m   t028 recv_s1_b0_mb3: peak_alloc=20.911 GiB  peak_reserved=39.869 GiB  alloc_after=20.911 GiB  reserved_after=39.869 GiB
[36m(run_dp_rank pid=563381)[0m   t028 send_s1_b0_mb2: peak_alloc=20.911 GiB  peak_reserved=39.869 GiB  alloc_after=20.911 GiB  reserved_after=39.869 GiB
[36m(run_dp_rank pid=563381)[0m   t028 reduce_scatter_s1_b0_mb0: peak_alloc=21.567 GiB  peak_reserved=39.869 GiB  alloc_after=20.911 GiB  reserved_after=39.869 GiB
[36m(run_dp_rank pid=563381)[0m   t028 free_full_grads_s1_b-1_mb0: peak_alloc=20.911 GiB  peak_reserved=39.869 GiB  alloc_after=19.599 GiB  reserved_after=39.869 GiB
[36m(run_dp_rank pid=563381)[0m   t032 forward_s1_b0_mb3: peak_alloc=24.372 GiB  peak_reserved=39.869 GiB  alloc_after=24.325 GiB  reserved_after=39.869 GiB
[36m(run_dp_rank pid=563381)[0m   t032 recv_s1_b0_mb1: peak_alloc=24.349 GiB  peak_reserved=39.869 GiB  alloc_after=24.349 GiB  reserved_after=39.869 GiB
[36m(run_dp_rank pid=563381)[0m   t032 send_s1_b0_mb0: peak_alloc=24.349 GiB  peak_reserved=39.869 GiB  alloc_after=24.325 GiB  reserved_after=39.869 GiB
[36m(run_dp_rank pid=563381)[0m   t035 alloc_full_grads_s1_b-1_mb0: peak_alloc=25.638 GiB  peak_reserved=39.869 GiB  alloc_after=25.638 GiB  reserved_after=39.869 GiB
[36m(run_dp_rank pid=563381)[0m   t036 backward_s1_b0_mb1: peak_alloc=25.763 GiB  peak_reserved=39.869 GiB  alloc_after=20.888 GiB  reserved_after=39.869 GiB
[36m(run_dp_rank pid=563381)[0m   t036 recv_s3_b0_mb2: peak_alloc=20.911 GiB  peak_reserved=39.869 GiB  alloc_after=20.911 GiB  reserved_after=39.869 GiB
[36m(run_dp_rank pid=563381)[0m   t036 send_s1_b0_mb3: peak_alloc=20.911 GiB  peak_reserved=39.869 GiB  alloc_after=20.911 GiB  reserved_after=39.869 GiB
[36m(run_dp_rank pid=563381)[0m   t036 reduce_scatter_s1_b0_mb1: peak_alloc=21.567 GiB  peak_reserved=39.869 GiB  alloc_after=20.911 GiB  reserved_after=39.869 GiB
[36m(run_dp_rank pid=563381)[0m   t036 free_full_grads_s1_b-1_mb0: peak_alloc=20.911 GiB  peak_reserved=39.869 GiB  alloc_after=19.599 GiB  reserved_after=39.869 GiB
[36m(run_dp_rank pid=563381)[0m   t037 free_full_params_s1_b-1_mb0: peak_alloc=19.599 GiB  peak_reserved=39.869 GiB  alloc_after=18.286 GiB  reserved_after=39.869 GiB
[36m(run_dp_rank pid=563381)[0m   t038 alloc_full_params_s3_b-1_mb0: peak_alloc=20.333 GiB  peak_reserved=39.869 GiB  alloc_after=20.333 GiB  reserved_after=39.869 GiB
[36m(run_dp_rank pid=563381)[0m   t039 all_gather_s3_b0_mb0: peak_alloc=20.333 GiB  peak_reserved=39.869 GiB  alloc_after=20.333 GiB  reserved_after=39.869 GiB
[36m(run_dp_rank pid=563381)[0m   t040 forward_s3_b0_mb2: peak_alloc=28.065 GiB  peak_reserved=39.869 GiB  alloc_after=27.087 GiB  reserved_after=39.869 GiB
[36m(run_dp_rank pid=563381)[0m   t040 send_s1_b0_mb1: peak_alloc=27.087 GiB  peak_reserved=39.869 GiB  alloc_after=27.064 GiB  reserved_after=39.869 GiB
[36m(run_dp_rank pid=563381)[0m   t043 alloc_full_grads_s3_b-1_mb0: peak_alloc=29.110 GiB  peak_reserved=39.869 GiB  alloc_after=29.110 GiB  reserved_after=39.869 GiB
[36m(run_dp_rank pid=563381)[0m   t044 backward_s3_b0_mb2: peak_alloc=34.981 GiB  peak_reserved=39.869 GiB  alloc_after=22.356 GiB  reserved_after=39.869 GiB
[36m(run_dp_rank pid=563381)[0m   t044 recv_s3_b0_mb3: peak_alloc=22.380 GiB  peak_reserved=39.869 GiB  alloc_after=22.380 GiB  reserved_after=39.869 GiB
[36m(run_dp_rank pid=563381)[0m   t044 reduce_scatter_s3_b0_mb2: peak_alloc=23.403 GiB  peak_reserved=39.869 GiB  alloc_after=22.380 GiB  reserved_after=39.869 GiB
[36m(run_dp_rank pid=563381)[0m   t044 free_full_grads_s3_b-1_mb0: peak_alloc=22.380 GiB  peak_reserved=39.869 GiB  alloc_after=20.333 GiB  reserved_after=39.869 GiB
[36m(run_dp_rank pid=563381)[0m   t048 forward_s3_b0_mb3: peak_alloc=28.065 GiB  peak_reserved=39.869 GiB  alloc_after=27.087 GiB  reserved_after=39.869 GiB
[36m(run_dp_rank pid=563381)[0m   t048 send_s3_b0_mb2: peak_alloc=27.087 GiB  peak_reserved=39.869 GiB  alloc_after=27.064 GiB  reserved_after=39.869 GiB
[36m(run_dp_rank pid=563381)[0m   t051 alloc_full_grads_s3_b-1_mb0: peak_alloc=29.110 GiB  peak_reserved=39.869 GiB  alloc_after=29.110 GiB  reserved_after=39.869 GiB
[36m(run_dp_rank pid=563381)[0m   t052 backward_s3_b0_mb3: peak_alloc=34.981 GiB  peak_reserved=39.869 GiB  alloc_after=22.356 GiB  reserved_after=39.869 GiB
[36m(run_dp_rank pid=563381)[0m   t052 recv_s1_b0_mb2: peak_alloc=22.380 GiB  peak_reserved=39.869 GiB  alloc_after=22.380 GiB  reserved_after=39.869 GiB
[36m(run_dp_rank pid=563381)[0m   t052 reduce_scatter_s3_b0_mb3: peak_alloc=23.403 GiB  peak_reserved=39.869 GiB  alloc_after=22.380 GiB  reserved_after=39.869 GiB
[36m(run_dp_rank pid=563381)[0m   t052 free_full_grads_s3_b-1_mb0: peak_alloc=22.380 GiB  peak_reserved=39.869 GiB  alloc_after=20.333 GiB  reserved_after=39.869 GiB
[36m(run_dp_rank pid=563381)[0m   t053 free_full_params_s3_b-1_mb0: peak_alloc=20.333 GiB  peak_reserved=39.869 GiB  alloc_after=18.286 GiB  reserved_after=39.869 GiB
[36m(run_dp_rank pid=563381)[0m   t054 alloc_full_params_s1_b-1_mb0: peak_alloc=19.599 GiB  peak_reserved=39.869 GiB  alloc_after=19.599 GiB  reserved_after=39.869 GiB
[36m(run_dp_rank pid=563381)[0m   t055 all_gather_s1_b0_mb0: peak_alloc=19.599 GiB  peak_reserved=39.869 GiB  alloc_after=19.599 GiB  reserved_after=39.869 GiB
[36m(run_dp_rank pid=563381)[0m   t055 alloc_full_grads_s1_b-1_mb0: peak_alloc=20.911 GiB  peak_reserved=39.869 GiB  alloc_after=20.911 GiB  reserved_after=39.869 GiB
[36m(run_dp_rank pid=563381)[0m   t056 backward_s1_b0_mb2: peak_alloc=21.036 GiB  peak_reserved=39.869 GiB  alloc_after=16.161 GiB  reserved_after=39.869 GiB
[36m(run_dp_rank pid=563381)[0m   t056 recv_s1_b0_mb3: peak_alloc=16.184 GiB  peak_reserved=39.869 GiB  alloc_after=16.184 GiB  reserved_after=39.869 GiB
[36m(run_dp_rank pid=563381)[0m   t056 send_s3_b0_mb3: peak_alloc=16.184 GiB  peak_reserved=39.869 GiB  alloc_after=16.161 GiB  reserved_after=39.869 GiB
[36m(run_dp_rank pid=563381)[0m   t060 backward_s1_b0_mb3: peak_alloc=16.286 GiB  peak_reserved=39.869 GiB  alloc_after=11.411 GiB  reserved_after=39.869 GiB
[36m(run_dp_rank pid=563381)[0m   t060 send_s1_b0_mb2: peak_alloc=11.411 GiB  peak_reserved=39.869 GiB  alloc_after=11.387 GiB  reserved_after=39.869 GiB
[36m(run_dp_rank pid=563381)[0m   t060 reduce_scatter_s1_b0_mb3: peak_alloc=12.044 GiB  peak_reserved=39.869 GiB  alloc_after=11.387 GiB  reserved_after=39.869 GiB
[36m(run_dp_rank pid=563381)[0m   t060 free_full_grads_s1_b-1_mb0: peak_alloc=11.387 GiB  peak_reserved=39.869 GiB  alloc_after=10.075 GiB  reserved_after=39.869 GiB
[36m(run_dp_rank pid=563381)[0m   t061 free_full_params_s1_b-1_mb0: peak_alloc=10.075 GiB  peak_reserved=39.869 GiB  alloc_after=8.762 GiB  reserved_after=39.869 GiB
[36m(run_dp_rank pid=563381)[0m   t064 update_s1_b0_mb3: peak_alloc=9.785 GiB  peak_reserved=39.869 GiB  alloc_after=8.762 GiB  reserved_after=39.869 GiB
[36m(run_dp_rank pid=563381)[0m   t064 send_s1_b0_mb3: peak_alloc=8.762 GiB  peak_reserved=39.869 GiB  alloc_after=8.739 GiB  reserved_after=39.869 GiB
[36m(run_dp_rank pid=563328)[0m Ray timeline saved to: out/llama-dag-pp2-dp2-interleaved-1f1b-zero3-20260409_092157
[36m(run_dp_rank pid=563381)[0m Ray timeline saved to: out/llama-dag-pp2-dp2-interleaved-1f1b-zero3-20260409_092157
