Namespace(model='3b', schedule='interleaved-1f1b', dp=2, pp=2, batch_size=16, mbs=4, seq_len=256, warmup=2, iters=5, trace_iters=3, tracing=True, naive_grad_sync=False, activation_checkpointing=False, bucketing=False, bucket_size=26214400, zero_stage=3, nsight=True, no_render_dag=True, no_nvtx=False, mem_debug=True)
2026-04-07 23:19:29,411	INFO worker.py:2007 -- Started a local Ray instance.
/m-coriander/coriander/wxdeng/conda-envs/piper_ref/lib/python3.10/site-packages/ray/_private/worker.py:2046: FutureWarning: Tip: In future versions of Ray, Ray will no longer override accelerator visible devices env var if num_gpus=0 or num_gpus=None (default). To enable this behavior and turn off this error message, set RAY_ACCEL_ENV_VAR_OVERRIDE_ON_ZERO=0
  warnings.warn(
{'placement_group_id': 'a526d5393c37d22222b106de84d901000000', 'name': '', 'bundles': {0: {'GPU': 2.0, 'CPU': 2.0}, 1: {'GPU': 2.0, 'CPU': 2.0}}, 'bundles_to_node_id': {0: '1f5e81795808d4fe8df7c0bb94fae1d0dc28f1785b300dd19e2dd551', 1: '1f5e81795808d4fe8df7c0bb94fae1d0dc28f1785b300dd19e2dd551'}, 'strategy': 'PACK', 'state': 'CREATED', 'stats': {'end_to_end_creation_latency_ms': 3.901, 'scheduling_latency_ms': 3.599, 'scheduling_attempt': 1, 'highest_retry_delay_ms': 0.0, 'scheduling_state': 'FINISHED'}}
[36m(run_dp_rank pid=3764781)[0m Namespace(model='3b', schedule='interleaved-1f1b', dp=2, pp=2, batch_size=16, mbs=4, seq_len=256, warmup=1, iters=1, trace_iters=3, tracing=False, naive_grad_sync=False, activation_checkpointing=False, bucketing=False, bucket_size=26214400, zero_stage=3, nsight=True, no_render_dag=True, no_nvtx=False, mem_debug=True)
[36m(run_dp_rank pid=3764781)[0m 2026-04-07 23:19:43,199 - piper_coordinator - DEBUG - Running DP rank 1 of 2 with 10.158.48.71:49193 as master address
[36m(run_dp_rank pid=3759696)[0m Namespace(model='3b', schedule='interleaved-1f1b', dp=2, pp=2, batch_size=16, mbs=4, seq_len=256, warmup=1, iters=1, trace_iters=3, tracing=False, naive_grad_sync=False, activation_checkpointing=False, bucketing=False, bucket_size=26214400, zero_stage=3, nsight=True, no_render_dag=True, no_nvtx=False, mem_debug=True)
[36m(run_dp_rank pid=3759696)[0m 2026-04-07 23:19:43,217 - piper_coordinator - DEBUG - Running DP rank 2 of 2 with 10.158.48.71:49193 as master address
[36m(run_dp_rank pid=3764781)[0m Schedule:
[36m(run_dp_rank pid=3764781)[0m 0:0:f    	0:1:f    	2:0:f    	2:1:f    	 ------ 	0:2:f    	2:0:b    	0:3:f    	2:1:b    	2:2:f    	0:0:b    	2:3:f    	0:1:b    	 ------ 	2:2:b    	2:3:b    	0:2:b    	0:3:b    	
[36m(run_dp_rank pid=3764781)[0m  ------ 	1:0:f    	1:1:f    	3:0:f    	3:0:b    	3:1:f    	3:1:b    	1:2:f    	1:0:b    	1:3:f    	1:1:b    	3:2:f    	3:2:b    	3:3:f    	3:3:b    	1:2:b    	1:3:b    	 ------ 	
[36m(run_dp_rank pid=3759696)[0m Schedule:
[36m(run_dp_rank pid=3759696)[0m 0:0:f    	0:1:f    	2:0:f    	2:1:f    	 ------ 	0:2:f    	2:0:b    	0:3:f    	2:1:b    	2:2:f    	0:0:b    	2:3:f    	0:1:b    	 ------ 	2:2:b    	2:3:b    	0:2:b    	0:3:b    	
[36m(run_dp_rank pid=3759696)[0m  ------ 	1:0:f    	1:1:f    	3:0:f    	3:0:b    	3:1:f    	3:1:b    	1:2:f    	1:0:b    	1:3:f    	1:1:b    	3:2:f    	3:2:b    	3:3:f    	3:3:b    	1:2:b    	1:3:b    	 ------ 	
[36m(run_dp_rank pid=3764781)[0m 2026-04-07 23:19:46,480 - piper_actor - DEBUG - DP rank 0 created actor Actor(PiperActor, c0f09919b6207e3762c2f8b401000000) global rank 0
[36m(run_dp_rank pid=3764781)[0m 2026-04-07 23:19:46,482 - piper_actor - DEBUG - DP rank 0 created actor Actor(PiperActor, 2928e8fc8f378fbeafe5745f01000000) global rank 1
[36m(run_dp_rank pid=3759696)[0m 2026-04-07 23:19:46,506 - piper_actor - DEBUG - DP rank 1 created actor Actor(PiperActor, 5782fa54adae1b1cdf6e9c1401000000) global rank 2
[36m(run_dp_rank pid=3759696)[0m 2026-04-07 23:19:46,507 - piper_actor - DEBUG - DP rank 1 created actor Actor(PiperActor, 57c07918f63254841cfbf86701000000) global rank 3
[36m(PiperActor pid=3779197)[0m 2026-04-07 23:20:42,383 - piper_actor - DEBUG - Initializing Ray actor 1 GPU 1
[36m(PiperActor pid=3779212)[0m 2026-04-07 23:20:42,472 - piper_actor - DEBUG - Initializing Ray actor 0 GPU 0
[36m(PiperActor pid=3779236)[0m 2026-04-07 23:20:42,877 - piper_actor - DEBUG - Initializing Ray actor 3 GPU 3
[36m(PiperActor pid=3779203)[0m 2026-04-07 23:20:42,981 - piper_actor - DEBUG - Initializing Ray actor 2 GPU 2
[36m(run_dp_rank pid=3764781)[0m 2026-04-07 23:20:46,208 - piper_compile - DEBUG - Master address for process groups: 10.158.48.71:52637
[36m(PiperActor pid=3779197)[0m 2026-04-07 23:20:46,213 - piper_actor - INFO - Actor 1 using GPU 1, master addr 10.158.48.71:52637
[36m(PiperActor pid=3779212)[0m 2026-04-07 23:20:46,210 - piper_actor - INFO - Actor 0 using GPU 0, master addr 10.158.48.71:52637
[36m(run_dp_rank pid=3759696)[0m 2026-04-07 23:20:46,381 - piper_compile - DEBUG - Master address for process groups: 10.158.48.71:52637
[36m(PiperActor pid=3779203)[0m 2026-04-07 23:20:46,386 - piper_actor - INFO - Actor 2 using GPU 2, master addr 10.158.48.71:52637
[36m(PiperActor pid=3779236)[0m 2026-04-07 23:20:46,387 - piper_actor - INFO - Actor 3 using GPU 3, master addr 10.158.48.71:52637
[36m(PiperActor pid=3779203)[0m 2026-04-07 23:20:47,116 - piper_actor - DEBUG - Actor 2 has GPU 2, joined the global process group
[36m(PiperActor pid=3779203)[0m 2026-04-07 23:20:47,118 - piper_actor - DEBUG - Global rank 2 joined its dp group 0 along with ranks [0, 2]
[36m(PiperActor pid=3779203)[0m 2026-04-07 23:20:47,120 - piper_actor - INFO - Global rank 2 warmed up pp communicators
[36m(PiperActor pid=3779236)[0m 2026-04-07 23:20:47,114 - piper_actor - DEBUG - Actor 3 has GPU 3, joined the global process group
[36m(PiperActor pid=3779236)[0m 2026-04-07 23:20:47,116 - piper_actor - DEBUG - Global rank 3 joined its dp group 1 along with ranks [1, 3]
[36m(PiperActor pid=3779236)[0m 2026-04-07 23:20:47,118 - piper_actor - INFO - Global rank 3 warmed up pp communicators
[36m(run_dp_rank pid=3759696)[0m 2026-04-07 23:20:47,256 - piper_compile - INFO - DP rank 1 waiting for dp_rank=0 to finish compiling...
[36m(PiperActor pid=3779197)[0m 2026-04-07 23:20:47,654 - piper_actor - DEBUG - Actor 1 has GPU 1, joined the global process group
[36m(PiperActor pid=3779197)[0m 2026-04-07 23:20:47,656 - piper_actor - DEBUG - Global rank 1 joined its dp group 1 along with ranks [1, 3]
[36m(PiperActor pid=3779197)[0m 2026-04-07 23:20:47,657 - piper_actor - INFO - Global rank 1 warmed up pp communicators
[36m(PiperActor pid=3779212)[0m 2026-04-07 23:20:47,661 - piper_actor - DEBUG - Actor 0 has GPU 0, joined the global process group
[36m(PiperActor pid=3779212)[0m 2026-04-07 23:20:47,662 - piper_actor - DEBUG - Global rank 0 joined its dp group 0 along with ranks [0, 2]
[36m(PiperActor pid=3779212)[0m 2026-04-07 23:20:47,664 - piper_actor - INFO - Global rank 0 warmed up pp communicators
[36m(run_dp_rank pid=3764781)[0m Model size: 3607 M parameters (6.72 GB), dtype: torch.bfloat16
[36m(run_dp_rank pid=3764781)[0m 2026-04-07 23:20:52,690 - piper_backend - DEBUG - Graph has stage annotations: True
[36m(run_dp_rank pid=3764781)[0m 2026-04-07 23:20:52,692 - piper_graph_transform - DEBUG - Found stage nodes in graph
[36m(PiperActor pid=3779212)[0m 2026-04-07 23:20:53,403 - piper_actor - DEBUG - Loading stage 0 (1 module(s)) on actor 0
[36m(PiperActor pid=3779197)[0m 2026-04-07 23:20:53,643 - piper_actor - DEBUG - Loading stage 1 (1 module(s)) on actor 1
[36m(PiperActor pid=3779212)[0m 2026-04-07 23:20:56,461 - piper_actor - DEBUG - Actor 0 imported and initialized Triton kernel modules
[36m(PiperActor pid=3779212)[0m 2026-04-07 23:20:56,461 - piper_actor - DEBUG - Manually registering Triton kernel at index 0 on actor 0...
[36m(PiperActor pid=3779197)[0m 2026-04-07 23:20:56,575 - piper_actor - DEBUG - Actor 1 imported and initialized Triton kernel modules
[36m(PiperActor pid=3779197)[0m 2026-04-07 23:20:56,576 - piper_actor - DEBUG - Manually registering Triton kernel at index 0 on actor 1...
[36m(PiperActor pid=3779197)[0m 2026-04-07 23:20:59,264 - piper_actor - DEBUG - Actor 1 registered kernel at id_to_kernel[0] (copied from index 0)
[36m(PiperActor pid=3779197)[0m 2026-04-07 23:20:59,313 - piper_actor - DEBUG - _replace_meta_constants: No meta device tensors found to replace! (checked 0 submodules)
[36m(PiperActor pid=3779197)[0m 2026-04-07 23:20:59,314 - piper_actor - DEBUG - Stage 1 module 0 input indices: [0]
[36m(PiperActor pid=3779212)[0m 2026-04-07 23:20:59,265 - piper_actor - DEBUG - Actor 0 registered kernel at id_to_kernel[0] (copied from index 0)
[36m(PiperActor pid=3779212)[0m 2026-04-07 23:20:59,318 - piper_actor - DEBUG - _replace_meta_constants: No meta device tensors found to replace! (checked 0 submodules)
[36m(PiperActor pid=3779212)[0m 2026-04-07 23:20:59,319 - piper_actor - DEBUG - Stage 0 module 0 input indices: [1]
[36m(PiperActor pid=3779197)[0m 2026-04-07 23:20:59,348 - piper_actor - DEBUG - Loading stage 3 (1 module(s)) on actor 1
[36m(PiperActor pid=3779197)[0m 2026-04-07 23:20:59,349 - piper_actor - DEBUG - Actor 1 imported and initialized Triton kernel modules
[36m(PiperActor pid=3779197)[0m 2026-04-07 23:20:59,349 - piper_actor - DEBUG - Manually registering Triton kernel at index 0 on actor 1...
[36m(PiperActor pid=3779212)[0m 2026-04-07 23:20:59,358 - piper_actor - DEBUG - Loading stage 2 (1 module(s)) on actor 0
[36m(PiperActor pid=3779212)[0m 2026-04-07 23:20:59,359 - piper_actor - DEBUG - Actor 0 imported and initialized Triton kernel modules
[36m(PiperActor pid=3779212)[0m 2026-04-07 23:20:59,359 - piper_actor - DEBUG - Manually registering Triton kernel at index 0 on actor 0...
[36m(PiperActor pid=3779197)[0m 2026-04-07 23:20:59,369 - piper_actor - DEBUG - Actor 1 registered kernel at id_to_kernel[0] (copied from index 0)
[36m(PiperActor pid=3779212)[0m 2026-04-07 23:20:59,387 - piper_actor - DEBUG - Actor 0 registered kernel at id_to_kernel[0] (copied from index 0)
[36m(PiperActor pid=3779197)[0m 2026-04-07 23:20:59,417 - piper_actor - DEBUG - _replace_meta_constants: No meta device tensors found to replace! (checked 0 submodules)
[36m(PiperActor pid=3779197)[0m 2026-04-07 23:20:59,417 - piper_actor - DEBUG - Stage 3 module 0 input indices: [0]
[36m(PiperActor pid=3779212)[0m 2026-04-07 23:20:59,441 - piper_actor - DEBUG - _replace_meta_constants: No meta device tensors found to replace! (checked 0 submodules)
[36m(PiperActor pid=3779212)[0m 2026-04-07 23:20:59,441 - piper_actor - DEBUG - Stage 2 module 0 input indices: [0]
[36m(run_dp_rank pid=3764781)[0m === DAG text: interleaved-1f1b zero3 ===
[36m(run_dp_rank pid=3764781)[0m   [r0 t=    -2 alloc_full_params  s0mb0 bkt=-1]
[36m(run_dp_rank pid=3764781)[0m   [r0 t=    -1 all_gather         s0mb0]
[36m(run_dp_rank pid=3764781)[0m   [r0 t=     0 forward            s0mb0]
[36m(run_dp_rank pid=3764781)[0m       data  --> [r0 t=     4 send               s0mb0]
[36m(run_dp_rank pid=3764781)[0m       temp  --> [r0 t=     4 forward            s0mb1]
[36m(run_dp_rank pid=3764781)[0m   [r0 t=     4 forward            s0mb1]
[36m(run_dp_rank pid=3764781)[0m       data  --> [r0 t=     8 send               s0mb1]
[36m(run_dp_rank pid=3764781)[0m       temp  --> [r0 t=     8 forward            s2mb0]
[36m(run_dp_rank pid=3764781)[0m   [r0 t=     4 send               s0mb0]
[36m(run_dp_rank pid=3764781)[0m   [r0 t=     4 recv               s2mb0]
[36m(run_dp_rank pid=3764781)[0m       data  --> [r0 t=     8 forward            s2mb0]
[36m(run_dp_rank pid=3764781)[0m   [r0 t=     5 free_full_params   s0mb0 bkt=-1]
[36m(run_dp_rank pid=3764781)[0m   [r0 t=     6 alloc_full_params  s2mb0 bkt=-1]
[36m(run_dp_rank pid=3764781)[0m   [r0 t=     7 all_gather         s2mb0]
[36m(run_dp_rank pid=3764781)[0m   [r0 t=     8 forward            s2mb0]
[36m(run_dp_rank pid=3764781)[0m       data  --> [r0 t=    12 send               s2mb0]
[36m(run_dp_rank pid=3764781)[0m       temp  --> [r0 t=    12 forward            s2mb1]
[36m(run_dp_rank pid=3764781)[0m   [r0 t=     8 send               s0mb1]
[36m(run_dp_rank pid=3764781)[0m   [r0 t=     8 recv               s2mb1]
[36m(run_dp_rank pid=3764781)[0m       data  --> [r0 t=    12 forward            s2mb1]
[36m(run_dp_rank pid=3764781)[0m   [r0 t=    12 forward            s2mb1]
[36m(run_dp_rank pid=3764781)[0m       data  --> [r0 t=    16 send               s2mb1]
[36m(run_dp_rank pid=3764781)[0m       temp  --> [r0 t=    16 forward            s0mb2]
[36m(run_dp_rank pid=3764781)[0m   [r0 t=    12 send               s2mb0]
[36m(run_dp_rank pid=3764781)[0m   [r0 t=    13 free_full_params   s2mb0 bkt=-1]
[36m(run_dp_rank pid=3764781)[0m   [r0 t=    14 alloc_full_params  s0mb0 bkt=-1]
[36m(run_dp_rank pid=3764781)[0m   [r0 t=    15 all_gather         s0mb0]
[36m(run_dp_rank pid=3764781)[0m   [r0 t=    16 forward            s0mb2]
[36m(run_dp_rank pid=3764781)[0m       data  --> [r0 t=    20 send               s0mb2]
[36m(run_dp_rank pid=3764781)[0m       temp  --> [r0 t=    20 backward           s2mb0]
[36m(run_dp_rank pid=3764781)[0m   [r0 t=    16 send               s2mb1]
[36m(run_dp_rank pid=3764781)[0m   [r0 t=    16 recv               s2mb0]
[36m(run_dp_rank pid=3764781)[0m       data  --> [r0 t=    20 backward           s2mb0]
[36m(run_dp_rank pid=3764781)[0m   [r0 t=    17 free_full_params   s0mb0 bkt=-1]
[36m(run_dp_rank pid=3764781)[0m   [r0 t=    18 alloc_full_params  s2mb0 bkt=-1]
[36m(run_dp_rank pid=3764781)[0m   [r0 t=    19 all_gather         s2mb0]
[36m(run_dp_rank pid=3764781)[0m   [r0 t=    19 alloc_full_grads   s2mb0 bkt=-1]
[36m(run_dp_rank pid=3764781)[0m   [r0 t=    20 backward           s2mb0]
[36m(run_dp_rank pid=3764781)[0m       data  --> [r0 t=    24 send               s2mb0]
[36m(run_dp_rank pid=3764781)[0m       data  --> [r0 t=    20 reduce_scatter     s2mb0]
[36m(run_dp_rank pid=3764781)[0m       temp  --> [r0 t=    24 forward            s0mb3]
[36m(run_dp_rank pid=3764781)[0m   [r0 t=    20 send               s0mb2]
[36m(run_dp_rank pid=3764781)[0m   [r0 t=    20 reduce_scatter     s2mb0]
[36m(run_dp_rank pid=3764781)[0m   [r0 t=    20 free_full_grads    s2mb0 bkt=-1]
[36m(run_dp_rank pid=3764781)[0m   [r0 t=    21 free_full_params   s2mb0 bkt=-1]
[36m(run_dp_rank pid=3764781)[0m   [r0 t=    22 alloc_full_params  s0mb0 bkt=-1]
[36m(run_dp_rank pid=3764781)[0m   [r0 t=    23 all_gather         s0mb0]
[36m(run_dp_rank pid=3764781)[0m   [r0 t=    24 forward            s0mb3]
[36m(run_dp_rank pid=3764781)[0m       data  --> [r0 t=    28 send               s0mb3]
[36m(run_dp_rank pid=3764781)[0m       temp  --> [r0 t=    28 backward           s2mb1]
[36m(run_dp_rank pid=3764781)[0m   [r0 t=    24 send               s2mb0]
[36m(run_dp_rank pid=3764781)[0m   [r0 t=    24 recv               s2mb1]
[36m(run_dp_rank pid=3764781)[0m       data  --> [r0 t=    28 backward           s2mb1]
[36m(run_dp_rank pid=3764781)[0m   [r0 t=    25 free_full_params   s0mb0 bkt=-1]
[36m(run_dp_rank pid=3764781)[0m   [r0 t=    26 alloc_full_params  s2mb0 bkt=-1]
[36m(run_dp_rank pid=3764781)[0m   [r0 t=    27 all_gather         s2mb0]
[36m(run_dp_rank pid=3764781)[0m   [r0 t=    27 alloc_full_grads   s2mb0 bkt=-1]
[36m(run_dp_rank pid=3764781)[0m   [r0 t=    28 backward           s2mb1]
[36m(run_dp_rank pid=3764781)[0m       data  --> [r0 t=    32 send               s2mb1]
[36m(run_dp_rank pid=3764781)[0m       data  --> [r0 t=    28 reduce_scatter     s2mb1]
[36m(run_dp_rank pid=3764781)[0m       temp  --> [r0 t=    32 forward            s2mb2]
[36m(run_dp_rank pid=3764781)[0m   [r0 t=    28 send               s0mb3]
[36m(run_dp_rank pid=3764781)[0m   [r0 t=    28 recv               s2mb2]
[36m(run_dp_rank pid=3764781)[0m       data  --> [r0 t=    32 forward            s2mb2]
[36m(run_dp_rank pid=3764781)[0m   [r0 t=    28 reduce_scatter     s2mb1]
[36m(run_dp_rank pid=3764781)[0m   [r0 t=    28 free_full_grads    s2mb0 bkt=-1]
[36m(run_dp_rank pid=3764781)[0m   [r0 t=    32 forward            s2mb2]
[36m(run_dp_rank pid=3764781)[0m       data  --> [r0 t=    36 send               s2mb2]
[36m(run_dp_rank pid=3764781)[0m       temp  --> [r0 t=    36 backward           s0mb0]
[36m(run_dp_rank pid=3764781)[0m   [r0 t=    32 send               s2mb1]
[36m(run_dp_rank pid=3764781)[0m   [r0 t=    32 recv               s0mb0]
[36m(run_dp_rank pid=3764781)[0m       data  --> [r0 t=    36 backward           s0mb0]
[36m(run_dp_rank pid=3764781)[0m   [r0 t=    33 free_full_params   s2mb0 bkt=-1]
[36m(run_dp_rank pid=3764781)[0m   [r0 t=    34 alloc_full_params  s0mb0 bkt=-1]
[36m(run_dp_rank pid=3764781)[0m   [r0 t=    35 all_gather         s0mb0]
[36m(run_dp_rank pid=3764781)[0m   [r0 t=    35 alloc_full_grads   s0mb0 bkt=-1]
[36m(run_dp_rank pid=3764781)[0m   [r0 t=    36 backward           s0mb0]
[36m(run_dp_rank pid=3764781)[0m       data  --> [r0 t=    36 reduce_scatter     s0mb0]
[36m(run_dp_rank pid=3764781)[0m       temp  --> [r0 t=    40 forward            s2mb3]
[36m(run_dp_rank pid=3764781)[0m   [r0 t=    36 send               s2mb2]
[36m(run_dp_rank pid=3764781)[0m   [r0 t=    36 recv               s2mb3]
[36m(run_dp_rank pid=3764781)[0m       data  --> [r0 t=    40 forward            s2mb3]
[36m(run_dp_rank pid=3764781)[0m   [r0 t=    36 reduce_scatter     s0mb0]
[36m(run_dp_rank pid=3764781)[0m   [r0 t=    36 free_full_grads    s0mb0 bkt=-1]
[36m(run_dp_rank pid=3764781)[0m   [r0 t=    37 free_full_params   s0mb0 bkt=-1]
[36m(run_dp_rank pid=3764781)[0m   [r0 t=    38 alloc_full_params  s2mb0 bkt=-1]
[36m(run_dp_rank pid=3764781)[0m   [r0 t=    39 all_gather         s2mb0]
[36m(run_dp_rank pid=3764781)[0m   [r0 t=    40 forward            s2mb3]
[36m(run_dp_rank pid=3764781)[0m       data  --> [r0 t=    44 send               s2mb3]
[36m(run_dp_rank pid=3764781)[0m       temp  --> [r0 t=    44 backward           s0mb1]
[36m(run_dp_rank pid=3764781)[0m   [r0 t=    40 recv               s0mb1]
[36m(run_dp_rank pid=3764781)[0m       data  --> [r0 t=    44 backward           s0mb1]
[36m(run_dp_rank pid=3764781)[0m   [r0 t=    41 free_full_params   s2mb0 bkt=-1]
[36m(run_dp_rank pid=3764781)[0m   [r0 t=    42 alloc_full_params  s0mb0 bkt=-1]
[36m(run_dp_rank pid=3764781)[0m   [r0 t=    43 all_gather         s0mb0]
[36m(run_dp_rank pid=3764781)[0m   [r0 t=    43 alloc_full_grads   s0mb0 bkt=-1]
[36m(run_dp_rank pid=3764781)[0m   [r0 t=    44 backward           s0mb1]
[36m(run_dp_rank pid=3764781)[0m       data  --> [r0 t=    44 reduce_scatter     s0mb1]
[36m(run_dp_rank pid=3764781)[0m       temp  --> [r0 t=    48 backward           s2mb2]
[36m(run_dp_rank pid=3764781)[0m   [r0 t=    44 send               s2mb3]
[36m(run_dp_rank pid=3764781)[0m   [r0 t=    44 recv               s2mb2]
[36m(run_dp_rank pid=3764781)[0m       data  --> [r0 t=    48 backward           s2mb2]
[36m(run_dp_rank pid=3764781)[0m   [r0 t=    44 reduce_scatter     s0mb1]
[36m(run_dp_rank pid=3764781)[0m   [r0 t=    44 free_full_grads    s0mb0 bkt=-1]
[36m(run_dp_rank pid=3764781)[0m   [r0 t=    45 free_full_params   s0mb0 bkt=-1]
[36m(run_dp_rank pid=3764781)[0m   [r0 t=    46 alloc_full_params  s2mb0 bkt=-1]
[36m(run_dp_rank pid=3764781)[0m   [r0 t=    47 all_gather         s2mb0]
[36m(run_dp_rank pid=3764781)[0m   [r0 t=    47 alloc_full_grads   s2mb0 bkt=-1]
[36m(run_dp_rank pid=3764781)[0m 2026-04-07 23:20:59,471 - piper_backend - DEBUG - Built task DAG: 34 nodes, 28 data edges, 32 temporal edges
[36m(run_dp_rank pid=3764781)[0m 2026-04-07 23:20:59,471 - piper_backend - DEBUG - Inserted ALL_REDUCE nodes for DP gradient sync
[36m(run_dp_rank pid=3764781)[0m 2026-04-07 23:20:59,472 - piper_backend - DEBUG - Inserted ZeRO-3 collective nodes
[36m(run_dp_rank pid=3764781)[0m   [r0 t=    48 backward           s2mb2]
[36m(run_dp_rank pid=3764781)[0m       data  --> [r0 t=    52 send               s2mb2]
[36m(run_dp_rank pid=3764781)[0m       temp  --> [r0 t=    52 backward           s2mb3]
[36m(run_dp_rank pid=3764781)[0m   [r0 t=    48 recv               s2mb3]
[36m(run_dp_rank pid=3764781)[0m       data  --> [r0 t=    52 backward           s2mb3]
[36m(run_dp_rank pid=3764781)[0m   [r0 t=    52 backward           s2mb3]
[36m(run_dp_rank pid=3764781)[0m       data  --> [r0 t=    56 send               s2mb3]
[36m(run_dp_rank pid=3764781)[0m       data  --> [r0 t=    52 reduce_scatter     s2mb3]
[36m(run_dp_rank pid=3764781)[0m       temp  --> [r0 t=    56 backward           s0mb2]
[36m(run_dp_rank pid=3764781)[0m   [r0 t=    52 send               s2mb2]
[36m(run_dp_rank pid=3764781)[0m   [r0 t=    52 recv               s0mb2]
[36m(run_dp_rank pid=3764781)[0m       data  --> [r0 t=    56 backward           s0mb2]
[36m(run_dp_rank pid=3764781)[0m   [r0 t=    52 reduce_scatter     s2mb3]
[36m(run_dp_rank pid=3764781)[0m   [r0 t=    52 free_full_grads    s2mb0 bkt=-1]
[36m(run_dp_rank pid=3764781)[0m   [r0 t=    53 free_full_params   s2mb0 bkt=-1]
[36m(run_dp_rank pid=3764781)[0m   [r0 t=    54 alloc_full_params  s0mb0 bkt=-1]
[36m(run_dp_rank pid=3764781)[0m   [r0 t=    55 all_gather         s0mb0]
[36m(run_dp_rank pid=3764781)[0m   [r0 t=    55 alloc_full_grads   s0mb0 bkt=-1]
[36m(run_dp_rank pid=3764781)[0m   [r0 t=    56 backward           s0mb2]
[36m(run_dp_rank pid=3764781)[0m       temp  --> [r0 t=    60 backward           s0mb3]
[36m(run_dp_rank pid=3764781)[0m   [r0 t=    56 send               s2mb3]
[36m(run_dp_rank pid=3764781)[0m   [r0 t=    56 recv               s0mb3]
[36m(run_dp_rank pid=3764781)[0m       data  --> [r0 t=    60 backward           s0mb3]
[36m(run_dp_rank pid=3764781)[0m   [r0 t=    60 backward           s0mb3]
[36m(run_dp_rank pid=3764781)[0m       data  --> [r0 t=    60 reduce_scatter     s0mb3]
[36m(run_dp_rank pid=3764781)[0m       temp  --> [r0 t=    64 update             s0mb3]
[36m(run_dp_rank pid=3764781)[0m   [r0 t=    60 reduce_scatter     s0mb3]
[36m(run_dp_rank pid=3764781)[0m   [r0 t=    60 free_full_grads    s0mb0 bkt=-1]
[36m(run_dp_rank pid=3764781)[0m   [r0 t=    61 free_full_params   s0mb0 bkt=-1]
[36m(run_dp_rank pid=3764781)[0m   [r0 t=    64 update             s0mb3]
[36m(run_dp_rank pid=3764781)[0m   [r1 t=    -4 recv               s1mb0]
[36m(run_dp_rank pid=3764781)[0m       data  --> [r1 t=     0 forward            s1mb0]
[36m(run_dp_rank pid=3764781)[0m   [r1 t=    -2 alloc_full_params  s1mb0 bkt=-1]
[36m(run_dp_rank pid=3764781)[0m   [r1 t=    -1 all_gather         s1mb0]
[36m(run_dp_rank pid=3764781)[0m   [r1 t=     0 forward            s1mb0]
[36m(run_dp_rank pid=3764781)[0m       data  --> [r1 t=     4 send               s1mb0]
[36m(run_dp_rank pid=3764781)[0m       temp  --> [r1 t=     4 forward            s1mb1]
[36m(run_dp_rank pid=3764781)[0m   [r1 t=     0 recv               s1mb1]
[36m(run_dp_rank pid=3764781)[0m       data  --> [r1 t=     4 forward            s1mb1]
[36m(run_dp_rank pid=3764781)[0m   [r1 t=     4 forward            s1mb1]
[36m(run_dp_rank pid=3764781)[0m       data  --> [r1 t=     8 send               s1mb1]
[36m(run_dp_rank pid=3764781)[0m       temp  --> [r1 t=     8 forward            s3mb0]
[36m(run_dp_rank pid=3764781)[0m   [r1 t=     4 recv               s3mb0]
[36m(run_dp_rank pid=3764781)[0m       data  --> [r1 t=     8 forward            s3mb0]
[36m(run_dp_rank pid=3764781)[0m   [r1 t=     4 send               s1mb0]
[36m(run_dp_rank pid=3764781)[0m   [r1 t=     5 free_full_params   s1mb0 bkt=-1]
[36m(run_dp_rank pid=3764781)[0m   [r1 t=     6 alloc_full_params  s3mb0 bkt=-1]
[36m(run_dp_rank pid=3764781)[0m   [r1 t=     7 all_gather         s3mb0]
[36m(run_dp_rank pid=3764781)[0m   [r1 t=     8 forward            s3mb0]
[36m(run_dp_rank pid=3764781)[0m       data  --> [r1 t=    12 backward           s3mb0]
[36m(run_dp_rank pid=3764781)[0m       temp  --> [r1 t=    12 backward           s3mb0]
[36m(run_dp_rank pid=3764781)[0m   [r1 t=     8 send               s1mb1]
[36m(run_dp_rank pid=3764781)[0m   [r1 t=    11 alloc_full_grads   s3mb0 bkt=-1]
[36m(run_dp_rank pid=3764781)[0m   [r1 t=    12 backward           s3mb0]
[36m(run_dp_rank pid=3764781)[0m       data  --> [r1 t=    16 send               s3mb0]
[36m(run_dp_rank pid=3764781)[0m       data  --> [r1 t=    12 reduce_scatter     s3mb0]
[36m(run_dp_rank pid=3764781)[0m       temp  --> [r1 t=    16 forward            s3mb1]
[36m(run_dp_rank pid=3764781)[0m   [r1 t=    12 recv               s3mb1]
[36m(run_dp_rank pid=3764781)[0m       data  --> [r1 t=    16 forward            s3mb1]
[36m(run_dp_rank pid=3764781)[0m   [r1 t=    12 reduce_scatter     s3mb0]
[36m(run_dp_rank pid=3764781)[0m   [r1 t=    12 free_full_grads    s3mb0 bkt=-1]
[36m(run_dp_rank pid=3764781)[0m   [r1 t=    16 forward            s3mb1]
[36m(run_dp_rank pid=3764781)[0m       data  --> [r1 t=    20 backward           s3mb1]
[36m(run_dp_rank pid=3764781)[0m       temp  --> [r1 t=    20 backward           s3mb1]
[36m(run_dp_rank pid=3764781)[0m   [r1 t=    16 send               s3mb0]
[36m(run_dp_rank pid=3764781)[0m   [r1 t=    19 alloc_full_grads   s3mb0 bkt=-1]
[36m(run_dp_rank pid=3764781)[0m   [r1 t=    20 backward           s3mb1]
[36m(run_dp_rank pid=3764781)[0m       data  --> [r1 t=    24 send               s3mb1]
[36m(run_dp_rank pid=3764781)[0m       data  --> [r1 t=    20 reduce_scatter     s3mb1]
[36m(run_dp_rank pid=3764781)[0m       temp  --> [r1 t=    24 forward            s1mb2]
[36m(run_dp_rank pid=3764781)[0m   [r1 t=    20 recv               s1mb2]
[36m(run_dp_rank pid=3764781)[0m       data  --> [r1 t=    24 forward            s1mb2]
[36m(run_dp_rank pid=3764781)[0m   [r1 t=    20 reduce_scatter     s3mb1]
[36m(run_dp_rank pid=3764781)[0m   [r1 t=    20 free_full_grads    s3mb0 bkt=-1]
[36m(run_dp_rank pid=3764781)[0m   [r1 t=    21 free_full_params   s3mb0 bkt=-1]
[36m(run_dp_rank pid=3764781)[0m   [r1 t=    22 alloc_full_params  s1mb0 bkt=-1]
[36m(run_dp_rank pid=3764781)[0m   [r1 t=    23 all_gather         s1mb0]
[36m(run_dp_rank pid=3764781)[0m   [r1 t=    24 forward            s1mb2]
[36m(run_dp_rank pid=3764781)[0m       data  --> [r1 t=    28 send               s1mb2]
[36m(run_dp_rank pid=3764781)[0m       temp  --> [r1 t=    28 backward           s1mb0]
[36m(run_dp_rank pid=3764781)[0m   [r1 t=    24 recv               s1mb0]
[36m(run_dp_rank pid=3764781)[0m       data  --> [r1 t=    28 backward           s1mb0]
[36m(run_dp_rank pid=3764781)[0m   [r1 t=    24 send               s3mb1]
[36m(run_dp_rank pid=3764781)[0m   [r1 t=    27 alloc_full_grads   s1mb0 bkt=-1]
[36m(run_dp_rank pid=3764781)[0m   [r1 t=    28 backward           s1mb0]
[36m(run_dp_rank pid=3764781)[0m       data  --> [r1 t=    32 send               s1mb0]
[36m(run_dp_rank pid=3764781)[0m       data  --> [r1 t=    28 reduce_scatter     s1mb0]
[36m(run_dp_rank pid=3764781)[0m       temp  --> [r1 t=    32 forward            s1mb3]
[36m(run_dp_rank pid=3764781)[0m   [r1 t=    28 recv               s1mb3]
[36m(run_dp_rank pid=3764781)[0m       data  --> [r1 t=    32 forward            s1mb3]
[36m(run_dp_rank pid=3764781)[0m   [r1 t=    28 send               s1mb2]
[36m(run_dp_rank pid=3764781)[0m   [r1 t=    28 reduce_scatter     s1mb0]
[36m(run_dp_rank pid=3764781)[0m   [r1 t=    28 free_full_grads    s1mb0 bkt=-1]
[36m(run_dp_rank pid=3764781)[0m   [r1 t=    32 forward            s1mb3]
[36m(run_dp_rank pid=3764781)[0m       data  --> [r1 t=    36 send               s1mb3]
[36m(run_dp_rank pid=3764781)[0m       temp  --> [r1 t=    36 backward           s1mb1]
[36m(run_dp_rank pid=3764781)[0m   [r1 t=    32 recv               s1mb1]
[36m(run_dp_rank pid=3764781)[0m       data  --> [r1 t=    36 backward           s1mb1]
[36m(run_dp_rank pid=3764781)[0m   [r1 t=    32 send               s1mb0]
[36m(run_dp_rank pid=3764781)[0m   [r1 t=    35 alloc_full_grads   s1mb0 bkt=-1]
[36m(run_dp_rank pid=3764781)[0m   [r1 t=    36 backward           s1mb1]
[36m(run_dp_rank pid=3764781)[0m       data  --> [r1 t=    40 send               s1mb1]
[36m(run_dp_rank pid=3764781)[0m       data  --> [r1 t=    36 reduce_scatter     s1mb1]
[36m(run_dp_rank pid=3764781)[0m       temp  --> [r1 t=    40 forward            s3mb2]
[36m(run_dp_rank pid=3764781)[0m   [r1 t=    36 recv               s3mb2]
[36m(run_dp_rank pid=3764781)[0m       data  --> [r1 t=    40 forward            s3mb2]
[36m(run_dp_rank pid=3764781)[0m   [r1 t=    36 send               s1mb3]
[36m(run_dp_rank pid=3764781)[0m   [r1 t=    36 reduce_scatter     s1mb1]
[36m(run_dp_rank pid=3764781)[0m   [r1 t=    36 free_full_grads    s1mb0 bkt=-1]
[36m(run_dp_rank pid=3764781)[0m   [r1 t=    37 free_full_params   s1mb0 bkt=-1]
[36m(run_dp_rank pid=3764781)[0m   [r1 t=    38 alloc_full_params  s3mb0 bkt=-1]
[36m(run_dp_rank pid=3764781)[0m   [r1 t=    39 all_gather         s3mb0]
[36m(run_dp_rank pid=3764781)[0m   [r1 t=    40 forward            s3mb2]
[36m(run_dp_rank pid=3764781)[0m       data  --> [r1 t=    44 backward           s3mb2]
[36m(run_dp_rank pid=3764781)[0m       temp  --> [r1 t=    44 backward           s3mb2]
[36m(run_dp_rank pid=3764781)[0m   [r1 t=    40 send               s1mb1]
[36m(run_dp_rank pid=3764781)[0m   [r1 t=    43 alloc_full_grads   s3mb0 bkt=-1]
[36m(run_dp_rank pid=3764781)[0m   [r1 t=    44 backward           s3mb2]
[36m(run_dp_rank pid=3764781)[0m       data  --> [r1 t=    48 send               s3mb2]
[36m(run_dp_rank pid=3764781)[0m       data  --> [r1 t=    44 reduce_scatter     s3mb2]
[36m(run_dp_rank pid=3764781)[0m       temp  --> [r1 t=    48 forward            s3mb3]
[36m(run_dp_rank pid=3764781)[0m   [r1 t=    44 recv               s3mb3]
[36m(run_dp_rank pid=3764781)[0m       data  --> [r1 t=    48 forward            s3mb3]
[36m(run_dp_rank pid=3764781)[0m   [r1 t=    44 reduce_scatter     s3mb2]
[36m(run_dp_rank pid=3764781)[0m   [r1 t=    44 free_full_grads    s3mb0 bkt=-1]
[36m(run_dp_rank pid=3764781)[0m   [r1 t=    48 forward            s3mb3]
[36m(run_dp_rank pid=3764781)[0m       data  --> [r1 t=    52 backward           s3mb3]
[36m(run_dp_rank pid=3764781)[0m       temp  --> [r1 t=    52 backward           s3mb3]
[36m(run_dp_rank pid=3764781)[0m   [r1 t=    48 send               s3mb2]
[36m(run_dp_rank pid=3764781)[0m   [r1 t=    51 alloc_full_grads   s3mb0 bkt=-1]
[36m(run_dp_rank pid=3764781)[0m   [r1 t=    52 backward           s3mb3]
[36m(run_dp_rank pid=3764781)[0m       data  --> [r1 t=    56 send               s3mb3]
[36m(run_dp_rank pid=3764781)[0m       data  --> [r1 t=    52 reduce_scatter     s3mb3]
[36m(run_dp_rank pid=3764781)[0m       temp  --> [r1 t=    56 backward           s1mb2]
[36m(run_dp_rank pid=3764781)[0m   [r1 t=    52 recv               s1mb2]
[36m(run_dp_rank pid=3764781)[0m       data  --> [r1 t=    56 backward           s1mb2]
[36m(run_dp_rank pid=3764781)[0m   [r1 t=    52 reduce_scatter     s3mb3]
[36m(run_dp_rank pid=3764781)[0m   [r1 t=    52 free_full_grads    s3mb0 bkt=-1]
[36m(run_dp_rank pid=3764781)[0m   [r1 t=    53 free_full_params   s3mb0 bkt=-1]
[36m(run_dp_rank pid=3764781)[0m   [r1 t=    54 alloc_full_params  s1mb0 bkt=-1]
[36m(run_dp_rank pid=3764781)[0m   [r1 t=    55 all_gather         s1mb0]
[36m(run_dp_rank pid=3764781)[0m   [r1 t=    55 alloc_full_grads   s1mb0 bkt=-1]
[36m(run_dp_rank pid=3764781)[0m   [r1 t=    56 backward           s1mb2]
[36m(run_dp_rank pid=3764781)[0m       data  --> [r1 t=    60 send               s1mb2]
[36m(run_dp_rank pid=3764781)[0m       temp  --> [r1 t=    60 backward           s1mb3]
[36m(run_dp_rank pid=3764781)[0m   [r1 t=    56 recv               s1mb3]
[36m(run_dp_rank pid=3764781)[0m       data  --> [r1 t=    60 backward           s1mb3]
[36m(run_dp_rank pid=3764781)[0m   [r1 t=    56 send               s3mb3]
[36m(run_dp_rank pid=3764781)[0m   [r1 t=    60 backward           s1mb3]
[36m(run_dp_rank pid=3764781)[0m       data  --> [r1 t=    64 send               s1mb3]
[36m(run_dp_rank pid=3764781)[0m       data  --> [r1 t=    60 reduce_scatter     s1mb3]
[36m(run_dp_rank pid=3764781)[0m       temp  --> [r1 t=    64 update             s1mb3]
[36m(run_dp_rank pid=3764781)[0m   [r1 t=    60 send               s1mb2]
[36m(run_dp_rank pid=3764781)[0m   [r1 t=    60 reduce_scatter     s1mb3]
[36m(run_dp_rank pid=3764781)[0m   [r1 t=    60 free_full_grads    s1mb0 bkt=-1]
[36m(run_dp_rank pid=3764781)[0m   [r1 t=    61 free_full_params   s1mb0 bkt=-1]
[36m(run_dp_rank pid=3764781)[0m   [r1 t=    64 update             s1mb3]
[36m(run_dp_rank pid=3764781)[0m   [r1 t=    64 send               s1mb3]
[36m(run_dp_rank pid=3764781)[0m ========================================
[36m(run_dp_rank pid=3764781)[0m === Per-rank execution schedules: interleaved-1f1b zero3 ===
[36m(run_dp_rank pid=3764781)[0m   -- Rank 0 --
[36m(run_dp_rank pid=3764781)[0m        0  [r0 t=    -2 alloc_full_params  s0mb0 bkt=-1]
[36m(run_dp_rank pid=3764781)[0m        1  [r0 t=    -1 all_gather         s0mb0]
[36m(run_dp_rank pid=3764781)[0m        2  [r0 t=     0 forward            s0mb0]
[36m(run_dp_rank pid=3764781)[0m        3  [r0 t=     4 forward            s0mb1]
[36m(run_dp_rank pid=3764781)[0m        4  [r0 t=     4 send               s0mb0]
[36m(run_dp_rank pid=3764781)[0m        5  [r0 t=     4 recv               s2mb0]
[36m(run_dp_rank pid=3764781)[0m        6  [r0 t=     5 free_full_params   s0mb0 bkt=-1]
[36m(run_dp_rank pid=3764781)[0m        7  [r0 t=     6 alloc_full_params  s2mb0 bkt=-1]
[36m(run_dp_rank pid=3764781)[0m        8  [r0 t=     7 all_gather         s2mb0]
[36m(run_dp_rank pid=3764781)[0m        9  [r0 t=     8 forward            s2mb0]
[36m(run_dp_rank pid=3764781)[0m       10  [r0 t=     8 send               s0mb1]
[36m(run_dp_rank pid=3764781)[0m       11  [r0 t=     8 recv               s2mb1]
[36m(run_dp_rank pid=3764781)[0m       12  [r0 t=    12 forward            s2mb1]
[36m(run_dp_rank pid=3764781)[0m       13  [r0 t=    12 send               s2mb0]
[36m(run_dp_rank pid=3764781)[0m       14  [r0 t=    13 free_full_params   s2mb0 bkt=-1]
[36m(run_dp_rank pid=3764781)[0m       15  [r0 t=    14 alloc_full_params  s0mb0 bkt=-1]
[36m(run_dp_rank pid=3764781)[0m       16  [r0 t=    15 all_gather         s0mb0]
[36m(run_dp_rank pid=3764781)[0m       17  [r0 t=    16 forward            s0mb2]
[36m(run_dp_rank pid=3764781)[0m       18  [r0 t=    16 send               s2mb1]
[36m(run_dp_rank pid=3764781)[0m       19  [r0 t=    16 recv               s2mb0]
[36m(run_dp_rank pid=3764781)[0m       20  [r0 t=    17 free_full_params   s0mb0 bkt=-1]
[36m(run_dp_rank pid=3764781)[0m       21  [r0 t=    18 alloc_full_params  s2mb0 bkt=-1]
[36m(run_dp_rank pid=3764781)[0m       22  [r0 t=    19 all_gather         s2mb0]
[36m(run_dp_rank pid=3764781)[0m       23  [r0 t=    19 alloc_full_grads   s2mb0 bkt=-1]
[36m(run_dp_rank pid=3764781)[0m       24  [r0 t=    20 backward           s2mb0]
[36m(run_dp_rank pid=3764781)[0m       25  [r0 t=    20 send               s0mb2]
[36m(run_dp_rank pid=3764781)[0m       26  [r0 t=    20 reduce_scatter     s2mb0]
[36m(run_dp_rank pid=3764781)[0m       27  [r0 t=    20 free_full_grads    s2mb0 bkt=-1]
[36m(run_dp_rank pid=3764781)[0m       28  [r0 t=    21 free_full_params   s2mb0 bkt=-1]
[36m(run_dp_rank pid=3764781)[0m       29  [r0 t=    22 alloc_full_params  s0mb0 bkt=-1]
[36m(run_dp_rank pid=3764781)[0m       30  [r0 t=    23 all_gather         s0mb0]
[36m(run_dp_rank pid=3764781)[0m       31  [r0 t=    24 forward            s0mb3]
[36m(run_dp_rank pid=3764781)[0m       32  [r0 t=    24 send               s2mb0]
[36m(run_dp_rank pid=3764781)[0m       33  [r0 t=    24 recv               s2mb1]
[36m(run_dp_rank pid=3764781)[0m       34  [r0 t=    25 free_full_params   s0mb0 bkt=-1]
[36m(run_dp_rank pid=3764781)[0m       35  [r0 t=    26 alloc_full_params  s2mb0 bkt=-1]
[36m(run_dp_rank pid=3764781)[0m       36  [r0 t=    27 all_gather         s2mb0]
[36m(run_dp_rank pid=3764781)[0m       37  [r0 t=    27 alloc_full_grads   s2mb0 bkt=-1]
[36m(run_dp_rank pid=3764781)[0m       38  [r0 t=    28 backward           s2mb1]
[36m(run_dp_rank pid=3764781)[0m       39  [r0 t=    28 send               s0mb3]
[36m(run_dp_rank pid=3764781)[0m       40  [r0 t=    28 recv               s2mb2]
[36m(run_dp_rank pid=3764781)[0m       41  [r0 t=    28 reduce_scatter     s2mb1]
[36m(run_dp_rank pid=3764781)[0m       42  [r0 t=    28 free_full_grads    s2mb0 bkt=-1]
[36m(run_dp_rank pid=3764781)[0m       43  [r0 t=    32 forward            s2mb2]
[36m(run_dp_rank pid=3764781)[0m       44  [r0 t=    32 send               s2mb1]
[36m(run_dp_rank pid=3764781)[0m       45  [r0 t=    32 recv               s0mb0]
[36m(run_dp_rank pid=3764781)[0m       46  [r0 t=    33 free_full_params   s2mb0 bkt=-1]
[36m(run_dp_rank pid=3764781)[0m       47  [r0 t=    34 alloc_full_params  s0mb0 bkt=-1]
[36m(run_dp_rank pid=3764781)[0m       48  [r0 t=    35 all_gather         s0mb0]
[36m(run_dp_rank pid=3764781)[0m       49  [r0 t=    35 alloc_full_grads   s0mb0 bkt=-1]
[36m(run_dp_rank pid=3764781)[0m       50  [r0 t=    36 backward           s0mb0]
[36m(run_dp_rank pid=3764781)[0m       51  [r0 t=    36 send               s2mb2]
[36m(run_dp_rank pid=3764781)[0m       52  [r0 t=    36 recv               s2mb3]
[36m(run_dp_rank pid=3764781)[0m       53  [r0 t=    36 reduce_scatter     s0mb0]
[36m(run_dp_rank pid=3764781)[0m       54  [r0 t=    36 free_full_grads    s0mb0 bkt=-1]
[36m(run_dp_rank pid=3764781)[0m       55  [r0 t=    37 free_full_params   s0mb0 bkt=-1]
[36m(run_dp_rank pid=3764781)[0m       56  [r0 t=    38 alloc_full_params  s2mb0 bkt=-1]
[36m(run_dp_rank pid=3764781)[0m       57  [r0 t=    39 all_gather         s2mb0]
[36m(run_dp_rank pid=3764781)[0m       58  [r0 t=    40 forward            s2mb3]
[36m(run_dp_rank pid=3764781)[0m       59  [r0 t=    40 recv               s0mb1]
[36m(run_dp_rank pid=3764781)[0m       60  [r0 t=    41 free_full_params   s2mb0 bkt=-1]
[36m(run_dp_rank pid=3764781)[0m       61  [r0 t=    42 alloc_full_params  s0mb0 bkt=-1]
[36m(run_dp_rank pid=3764781)[0m       62  [r0 t=    43 all_gather         s0mb0]
[36m(run_dp_rank pid=3764781)[0m       63  [r0 t=    43 alloc_full_grads   s0mb0 bkt=-1]
[36m(run_dp_rank pid=3764781)[0m       64  [r0 t=    44 backward           s0mb1]
[36m(run_dp_rank pid=3764781)[0m       65  [r0 t=    44 send               s2mb3]
[36m(run_dp_rank pid=3764781)[0m       66  [r0 t=    44 recv               s2mb2]
[36m(run_dp_rank pid=3764781)[0m       67  [r0 t=    44 reduce_scatter     s0mb1]
[36m(run_dp_rank pid=3764781)[0m       68  [r0 t=    44 free_full_grads    s0mb0 bkt=-1]
[36m(run_dp_rank pid=3764781)[0m       69  [r0 t=    45 free_full_params   s0mb0 bkt=-1]
[36m(run_dp_rank pid=3764781)[0m       70  [r0 t=    46 alloc_full_params  s2mb0 bkt=-1]
[36m(run_dp_rank pid=3764781)[0m       71  [r0 t=    47 all_gather         s2mb0]
[36m(run_dp_rank pid=3764781)[0m       72  [r0 t=    47 alloc_full_grads   s2mb0 bkt=-1]
[36m(run_dp_rank pid=3764781)[0m       73  [r0 t=    48 backward           s2mb2]
[36m(run_dp_rank pid=3764781)[0m       74  [r0 t=    48 recv               s2mb3]
[36m(run_dp_rank pid=3764781)[0m       75  [r0 t=    52 backward           s2mb3]
[36m(run_dp_rank pid=3764781)[0m       76  [r0 t=    52 send               s2mb2]
[36m(run_dp_rank pid=3764781)[0m       77  [r0 t=    52 recv               s0mb2]
[36m(run_dp_rank pid=3764781)[0m       78  [r0 t=    52 reduce_scatter     s2mb3]
[36m(run_dp_rank pid=3764781)[0m       79  [r0 t=    52 free_full_grads    s2mb0 bkt=-1]
[36m(run_dp_rank pid=3764781)[0m       80  [r0 t=    53 free_full_params   s2mb0 bkt=-1]
[36m(run_dp_rank pid=3764781)[0m       81  [r0 t=    54 alloc_full_params  s0mb0 bkt=-1]
[36m(run_dp_rank pid=3764781)[0m       82  [r0 t=    55 all_gather         s0mb0]
[36m(run_dp_rank pid=3764781)[0m       83  [r0 t=    55 alloc_full_grads   s0mb0 bkt=-1]
[36m(run_dp_rank pid=3764781)[0m       84  [r0 t=    56 backward           s0mb2]
[36m(run_dp_rank pid=3764781)[0m       85  [r0 t=    56 send               s2mb3]
[36m(run_dp_rank pid=3764781)[0m       86  [r0 t=    56 recv               s0mb3]
[36m(run_dp_rank pid=3764781)[0m       87  [r0 t=    60 backward           s0mb3]
[36m(run_dp_rank pid=3764781)[0m       88  [r0 t=    60 reduce_scatter     s0mb3]
[36m(run_dp_rank pid=3764781)[0m       89  [r0 t=    60 free_full_grads    s0mb0 bkt=-1]
[36m(run_dp_rank pid=3764781)[0m       90  [r0 t=    61 free_full_params   s0mb0 bkt=-1]
[36m(run_dp_rank pid=3764781)[0m       91  [r0 t=    64 update             s0mb3]
[36m(run_dp_rank pid=3764781)[0m   -- Rank 1 --
[36m(run_dp_rank pid=3764781)[0m        0  [r1 t=    -4 recv               s1mb0]
[36m(run_dp_rank pid=3764781)[0m        1  [r1 t=    -2 alloc_full_params  s1mb0 bkt=-1]
[36m(run_dp_rank pid=3764781)[0m        2  [r1 t=    -1 all_gather         s1mb0]
[36m(run_dp_rank pid=3764781)[0m        3  [r1 t=     0 forward            s1mb0]
[36m(run_dp_rank pid=3764781)[0m        4  [r1 t=     0 recv               s1mb1]
[36m(run_dp_rank pid=3764781)[0m        5  [r1 t=     4 forward            s1mb1]
[36m(run_dp_rank pid=3764781)[0m        6  [r1 t=     4 recv               s3mb0]
[36m(run_dp_rank pid=3764781)[0m        7  [r1 t=     4 send               s1mb0]
[36m(run_dp_rank pid=3764781)[0m        8  [r1 t=     5 free_full_params   s1mb0 bkt=-1]
[36m(run_dp_rank pid=3764781)[0m        9  [r1 t=     6 alloc_full_params  s3mb0 bkt=-1]
[36m(run_dp_rank pid=3764781)[0m       10  [r1 t=     7 all_gather         s3mb0]
[36m(run_dp_rank pid=3764781)[0m       11  [r1 t=     8 forward            s3mb0]
[36m(run_dp_rank pid=3764781)[0m       12  [r1 t=     8 send               s1mb1]
[36m(run_dp_rank pid=3764781)[0m       13  [r1 t=    11 alloc_full_grads   s3mb0 bkt=-1]
[36m(run_dp_rank pid=3764781)[0m       14  [r1 t=    12 backward           s3mb0]
[36m(run_dp_rank pid=3764781)[0m       15  [r1 t=    12 recv               s3mb1]
[36m(run_dp_rank pid=3764781)[0m       16  [r1 t=    12 reduce_scatter     s3mb0]
[36m(run_dp_rank pid=3764781)[0m       17  [r1 t=    12 free_full_grads    s3mb0 bkt=-1]
[36m(run_dp_rank pid=3764781)[0m       18  [r1 t=    16 forward            s3mb1]
[36m(run_dp_rank pid=3764781)[0m       19  [r1 t=    16 send               s3mb0]
[36m(run_dp_rank pid=3764781)[0m       20  [r1 t=    19 alloc_full_grads   s3mb0 bkt=-1]
[36m(run_dp_rank pid=3764781)[0m       21  [r1 t=    20 backward           s3mb1]
[36m(run_dp_rank pid=3764781)[0m       22  [r1 t=    20 recv               s1mb2]
[36m(run_dp_rank pid=3764781)[0m       23  [r1 t=    20 reduce_scatter     s3mb1]
[36m(run_dp_rank pid=3764781)[0m       24  [r1 t=    20 free_full_grads    s3mb0 bkt=-1]
[36m(run_dp_rank pid=3764781)[0m       25  [r1 t=    21 free_full_params   s3mb0 bkt=-1]
[36m(run_dp_rank pid=3764781)[0m       26  [r1 t=    22 alloc_full_params  s1mb0 bkt=-1]
[36m(run_dp_rank pid=3764781)[0m       27  [r1 t=    23 all_gather         s1mb0]
[36m(run_dp_rank pid=3764781)[0m       28  [r1 t=    24 forward            s1mb2]
[36m(run_dp_rank pid=3764781)[0m       29  [r1 t=    24 recv               s1mb0]
[36m(run_dp_rank pid=3764781)[0m       30  [r1 t=    24 send               s3mb1]
[36m(run_dp_rank pid=3764781)[0m       31  [r1 t=    27 alloc_full_grads   s1mb0 bkt=-1]
[36m(run_dp_rank pid=3764781)[0m       32  [r1 t=    28 backward           s1mb0]
[36m(run_dp_rank pid=3764781)[0m       33  [r1 t=    28 recv               s1mb3]
[36m(run_dp_rank pid=3764781)[0m       34  [r1 t=    28 send               s1mb2]
[36m(run_dp_rank pid=3764781)[0m       35  [r1 t=    28 reduce_scatter     s1mb0]
[36m(run_dp_rank pid=3764781)[0m       36  [r1 t=    28 free_full_grads    s1mb0 bkt=-1]
[36m(run_dp_rank pid=3764781)[0m       37  [r1 t=    32 forward            s1mb3]
[36m(run_dp_rank pid=3764781)[0m       38  [r1 t=    32 recv               s1mb1]
[36m(run_dp_rank pid=3764781)[0m       39  [r1 t=    32 send               s1mb0]
[36m(run_dp_rank pid=3764781)[0m       40  [r1 t=    35 alloc_full_grads   s1mb0 bkt=-1]
[36m(run_dp_rank pid=3764781)[0m       41  [r1 t=    36 backward           s1mb1]
[36m(run_dp_rank pid=3764781)[0m       42  [r1 t=    36 recv               s3mb2]
[36m(run_dp_rank pid=3764781)[0m       43  [r1 t=    36 send               s1mb3]
[36m(run_dp_rank pid=3764781)[0m       44  [r1 t=    36 reduce_scatter     s1mb1]
[36m(run_dp_rank pid=3764781)[0m       45  [r1 t=    36 free_full_grads    s1mb0 bkt=-1]
[36m(run_dp_rank pid=3764781)[0m       46  [r1 t=    37 free_full_params   s1mb0 bkt=-1]
[36m(run_dp_rank pid=3764781)[0m       47  [r1 t=    38 alloc_full_params  s3mb0 bkt=-1]
[36m(run_dp_rank pid=3764781)[0m       48  [r1 t=    39 all_gather         s3mb0]
[36m(run_dp_rank pid=3764781)[0m       49  [r1 t=    40 forward            s3mb2]
[36m(run_dp_rank pid=3764781)[0m       50  [r1 t=    40 send               s1mb1]
[36m(run_dp_rank pid=3764781)[0m       51  [r1 t=    43 alloc_full_grads   s3mb0 bkt=-1]
[36m(run_dp_rank pid=3764781)[0m       52  [r1 t=    44 backward           s3mb2]
[36m(run_dp_rank pid=3764781)[0m       53  [r1 t=    44 recv               s3mb3]
[36m(run_dp_rank pid=3764781)[0m       54  [r1 t=    44 reduce_scatter     s3mb2]
[36m(run_dp_rank pid=3764781)[0m       55  [r1 t=    44 free_full_grads    s3mb0 bkt=-1]
[36m(run_dp_rank pid=3764781)[0m       56  [r1 t=    48 forward            s3mb3]
[36m(run_dp_rank pid=3764781)[0m       57  [r1 t=    48 send               s3mb2]
[36m(run_dp_rank pid=3764781)[0m       58  [r1 t=    51 alloc_full_grads   s3mb0 bkt=-1]
[36m(run_dp_rank pid=3764781)[0m       59  [r1 t=    52 backward           s3mb3]
[36m(run_dp_rank pid=3764781)[0m       60  [r1 t=    52 recv               s1mb2]
[36m(run_dp_rank pid=3764781)[0m       61  [r1 t=    52 reduce_scatter     s3mb3]
[36m(run_dp_rank pid=3764781)[0m       62  [r1 t=    52 free_full_grads    s3mb0 bkt=-1]
[36m(run_dp_rank pid=3764781)[0m       63  [r1 t=    53 free_full_params   s3mb0 bkt=-1]
[36m(run_dp_rank pid=3764781)[0m       64  [r1 t=    54 alloc_full_params  s1mb0 bkt=-1]
[36m(run_dp_rank pid=3764781)[0m       65  [r1 t=    55 all_gather         s1mb0]
[36m(run_dp_rank pid=3764781)[0m       66  [r1 t=    55 alloc_full_grads   s1mb0 bkt=-1]
[36m(run_dp_rank pid=3764781)[0m       67  [r1 t=    56 backward           s1mb2]
[36m(run_dp_rank pid=3764781)[0m       68  [r1 t=    56 recv               s1mb3]
[36m(run_dp_rank pid=3764781)[0m       69  [r1 t=    56 send               s3mb3]
[36m(run_dp_rank pid=3764781)[0m       70  [r1 t=    60 backward           s1mb3]
[36m(run_dp_rank pid=3764781)[0m       71  [r1 t=    60 send               s1mb2]
[36m(run_dp_rank pid=3764781)[0m       72  [r1 t=    60 reduce_scatter     s1mb3]
[36m(run_dp_rank pid=3764781)[0m       73  [r1 t=    60 free_full_grads    s1mb0 bkt=-1]
[36m(run_dp_rank pid=3764781)[0m       74  [r1 t=    61 free_full_params   s1mb0 bkt=-1]
[36m(run_dp_rank pid=3764781)[0m       75  [r1 t=    64 update             s1mb3]
[36m(run_dp_rank pid=3764781)[0m       76  [r1 t=    64 send               s1mb3]
[36m(run_dp_rank pid=3764781)[0m ============================================================
[36m(run_dp_rank pid=3764781)[0m 2026-04-07 23:20:59,540 - piper_graph_transform - WARNING - graphviz Python package not installed; skipping DAG visualisation
[36m(run_dp_rank pid=3764781)[0m 2026-04-07 23:20:59,541 - piper_graph_transform - WARNING - graphviz Python package not installed; skipping DAG visualisation
[36m(run_dp_rank pid=3764781)[0m 2026-04-07 23:20:59,546 - piper_backend - DEBUG - Loaded per-rank DAGs onto 2 actors
[36m(run_dp_rank pid=3764781)[0m 2026-04-07 23:21:00,236 - piper_backend - WARNING - Should not directly call compiled module, running non-distributed execution
[36m(run_dp_rank pid=3764781)[0m 2026-04-07 23:21:00,236 - piper_compile - INFO - DP rank 0 stage graphs loaded onto actors.
[36m(run_dp_rank pid=3764781)[0m 2026-04-07 23:21:02,917 - piper_compile - INFO - DP rank 0 published compiled stage data.
[36m(run_dp_rank pid=3759696)[0m 2026-04-07 23:21:02,930 - piper_compile - INFO - DP rank 1 received compiled stage data, loading onto actors...
[36m(PiperActor pid=3779212)[0m 2026-04-07 23:21:02,924 - piper_actor - DEBUG - Actor 0 loaded inputs 1
[36m(PiperActor pid=3779203)[0m 2026-04-07 23:21:02,940 - piper_actor - DEBUG - Loading stage 0 (1 module(s)) on actor 2
[36m(PiperActor pid=3779236)[0m 2026-04-07 23:21:02,946 - piper_actor - DEBUG - Loading stage 1 (1 module(s)) on actor 3
[36m(PiperActor pid=3779203)[0m 2026-04-07 23:21:05,946 - piper_actor - DEBUG - Actor 2 imported and initialized Triton kernel modules
[36m(PiperActor pid=3779203)[0m 2026-04-07 23:21:05,946 - piper_actor - DEBUG - Manually registering Triton kernel at index 0 on actor 2...
[36m(PiperActor pid=3779236)[0m 2026-04-07 23:21:05,996 - piper_actor - DEBUG - Actor 3 imported and initialized Triton kernel modules
[36m(PiperActor pid=3779236)[0m 2026-04-07 23:21:05,996 - piper_actor - DEBUG - Manually registering Triton kernel at index 0 on actor 3...
[36m(PiperActor pid=3779203)[0m 2026-04-07 23:21:07,676 - piper_actor - DEBUG - Actor 2 registered kernel at id_to_kernel[0] (copied from index 0)
[36m(PiperActor pid=3779203)[0m 2026-04-07 23:21:07,728 - piper_actor - DEBUG - _replace_meta_constants: No meta device tensors found to replace! (checked 0 submodules)
[36m(PiperActor pid=3779203)[0m 2026-04-07 23:21:07,728 - piper_actor - DEBUG - Stage 0 module 0 input indices: [1]
[36m(PiperActor pid=3779236)[0m 2026-04-07 23:21:07,716 - piper_actor - DEBUG - Actor 3 registered kernel at id_to_kernel[0] (copied from index 0)
[36m(PiperActor pid=3779236)[0m 2026-04-07 23:21:07,771 - piper_actor - DEBUG - _replace_meta_constants: No meta device tensors found to replace! (checked 0 submodules)
[36m(PiperActor pid=3779236)[0m 2026-04-07 23:21:07,771 - piper_actor - DEBUG - Stage 1 module 0 input indices: [0]
[36m(PiperActor pid=3779203)[0m 2026-04-07 23:21:07,871 - piper_actor - DEBUG - Loading stage 2 (1 module(s)) on actor 2
[36m(PiperActor pid=3779203)[0m 2026-04-07 23:21:07,871 - piper_actor - DEBUG - Actor 2 imported and initialized Triton kernel modules
[36m(PiperActor pid=3779203)[0m 2026-04-07 23:21:07,872 - piper_actor - DEBUG - Manually registering Triton kernel at index 0 on actor 2...
[36m(PiperActor pid=3779203)[0m 2026-04-07 23:21:07,904 - piper_actor - DEBUG - Actor 2 registered kernel at id_to_kernel[0] (copied from index 0)
[36m(PiperActor pid=3779203)[0m 2026-04-07 23:21:07,953 - piper_actor - DEBUG - _replace_meta_constants: No meta device tensors found to replace! (checked 0 submodules)
[36m(PiperActor pid=3779203)[0m 2026-04-07 23:21:07,954 - piper_actor - DEBUG - Stage 2 module 0 input indices: [0]
[36m(PiperActor pid=3779236)[0m 2026-04-07 23:21:07,870 - piper_actor - DEBUG - Loading stage 3 (1 module(s)) on actor 3
[36m(PiperActor pid=3779236)[0m 2026-04-07 23:21:07,871 - piper_actor - DEBUG - Actor 3 imported and initialized Triton kernel modules
[36m(PiperActor pid=3779236)[0m 2026-04-07 23:21:07,871 - piper_actor - DEBUG - Manually registering Triton kernel at index 0 on actor 3...
[36m(PiperActor pid=3779236)[0m 2026-04-07 23:21:07,899 - piper_actor - DEBUG - Actor 3 registered kernel at id_to_kernel[0] (copied from index 0)
[36m(PiperActor pid=3779236)[0m 2026-04-07 23:21:07,950 - piper_actor - DEBUG - _replace_meta_constants: No meta device tensors found to replace! (checked 0 submodules)
[36m(PiperActor pid=3779236)[0m 2026-04-07 23:21:07,951 - piper_actor - DEBUG - Stage 3 module 0 input indices: [0]
[36m(run_dp_rank pid=3759696)[0m 2026-04-07 23:21:08,021 - piper_compile - INFO - DP rank 1 stage graphs and DAGs loaded onto actors.
[36m(PiperActor pid=3779203)[0m 2026-04-07 23:21:08,026 - piper_actor - DEBUG - Actor 2 loaded inputs 1
[36m(PiperActor pid=3779197)[0m 2026-04-07 23:21:14,083 - piper_actor - DEBUG - Actor 1 loaded labels torch.Size([16, 256, 128256])
[36m(run_dp_rank pid=3764781)[0m Running 1 warmup iterations...
[36m(run_dp_rank pid=3764781)[0m 2026-04-07 23:21:14,318 - piper_compile - INFO - DP rank 0 real inputs/labels loaded onto actors.
[36m(run_dp_rank pid=3764781)[0m 2026-04-07 23:21:14,319 - piper_compile - INFO - DP rank 0 done.
[36m(PiperActor pid=3779197)[0m 2026-04-07 23:21:14,325 - piper_actor - DEBUG - run_dag dispatch (time -4): recv s1 mb0 bkt=0
[36m(PiperActor pid=3779197)[0m 2026-04-07 23:21:14,325 - piper_actor - DEBUG - exec_recv key ((1, 0), 0) from peer pp rank 0
[36m(PiperActor pid=3779197)[0m [rank1]:[W407 23:21:14.784617120 ProcessGroupNCCL.cpp:4068] Warning: An unbatched P2P op (send/recv) was called on this ProcessGroup with size 2.  In lazy initialization mode, this will result in a new 2-rank NCCL communicator to be created. (function operator())
[36m(PiperActor pid=3779212)[0m 2026-04-07 23:21:14,324 - piper_actor - DEBUG - run_dag dispatch (time -2): alloc_full_params s0 mb0 bkt=-1
[36m(PiperActor pid=3779212)[0m 2026-04-07 23:21:14,327 - piper_actor - DEBUG - run_dag dispatch (time -1): all_gather s0 mb0 bkt=0
[36m(run_dp_rank pid=3759696)[0m Running 1 warmup iterations...
[36m(run_dp_rank pid=3759696)[0m 2026-04-07 23:21:16,319 - piper_compile - INFO - DP rank 1 real inputs/labels loaded onto actors.
[36m(run_dp_rank pid=3759696)[0m 2026-04-07 23:21:16,319 - piper_compile - INFO - DP rank 1 done.
[36m(PiperActor pid=3779203)[0m 2026-04-07 23:21:16,325 - piper_actor - DEBUG - run_dag dispatch (time -2): alloc_full_params s0 mb0 bkt=-1
[36m(PiperActor pid=3779203)[0m 2026-04-07 23:21:16,327 - piper_actor - DEBUG - run_dag dispatch (time -1): all_gather s0 mb0 bkt=0
[36m(PiperActor pid=3779236)[0m 2026-04-07 23:21:16,305 - piper_actor - DEBUG - Actor 3 loaded labels torch.Size([16, 256, 128256])
[36m(PiperActor pid=3779236)[0m 2026-04-07 23:21:16,325 - piper_actor - DEBUG - run_dag dispatch (time -4): recv s1 mb0 bkt=0
[36m(PiperActor pid=3779236)[0m 2026-04-07 23:21:16,325 - piper_actor - DEBUG - exec_recv key ((1, 0), 0) from peer pp rank 0
[36m(PiperActor pid=3779236)[0m [rank3]:[W407 23:21:16.785125427 ProcessGroupNCCL.cpp:4068] Warning: An unbatched P2P op (send/recv) was called on this ProcessGroup with size 2.  In lazy initialization mode, this will result in a new 2-rank NCCL communicator to be created. (function operator())
[36m(PiperActor pid=3779212)[0m 2026-04-07 23:21:20,065 - piper_actor - DEBUG - run_dag dispatch (time 0): forward s0 mb0 bkt=0
[36m(PiperActor pid=3779203)[0m 2026-04-07 23:21:20,067 - piper_actor - DEBUG - run_dag dispatch (time 0): forward s0 mb0 bkt=0
[36m(PiperActor pid=3779212)[0m 2026-04-07 23:21:20,627 - piper_actor - DEBUG - run_dag dispatch (time 4): forward s0 mb1 bkt=0
[36m(PiperActor pid=3779212)[0m 2026-04-07 23:21:20,713 - piper_actor - DEBUG - run_dag dispatch (time 4): send s0 mb0 bkt=0
[36m(PiperActor pid=3779212)[0m 2026-04-07 23:21:20,713 - piper_actor - DEBUG - exec_send key ((0, 0), 0) to peer pp rank 1
[36m(PiperActor pid=3779212)[0m [rank0]:[W407 23:21:20.172735473 ProcessGroupNCCL.cpp:4068] Warning: An unbatched P2P op (send/recv) was called on this ProcessGroup with size 2.  In lazy initialization mode, this will result in a new 2-rank NCCL communicator to be created. (function operator())
[36m(PiperActor pid=3779203)[0m 2026-04-07 23:21:20,622 - piper_actor - DEBUG - run_dag dispatch (time 4): forward s0 mb1 bkt=0
[36m(PiperActor pid=3779203)[0m 2026-04-07 23:21:20,713 - piper_actor - DEBUG - run_dag dispatch (time 4): send s0 mb0 bkt=0
[36m(PiperActor pid=3779203)[0m 2026-04-07 23:21:20,713 - piper_actor - DEBUG - exec_send key ((0, 0), 0) to peer pp rank 1
[36m(PiperActor pid=3779203)[0m [rank2]:[W407 23:21:20.172840479 ProcessGroupNCCL.cpp:4068] Warning: An unbatched P2P op (send/recv) was called on this ProcessGroup with size 2.  In lazy initialization mode, this will result in a new 2-rank NCCL communicator to be created. (function operator())
[36m(PiperActor pid=3779203)[0m 2026-04-07 23:21:24,240 - piper_actor - DEBUG - run_dag dispatch (time 4): recv s2 mb0 bkt=0
[36m(PiperActor pid=3779203)[0m 2026-04-07 23:21:24,241 - piper_actor - DEBUG - exec_recv key ((2, 0), 0) from peer pp rank 1
[36m(PiperActor pid=3779203)[0m [rank2]:[W407 23:21:24.700928340 ProcessGroupNCCL.cpp:4068] Warning: An unbatched P2P op (send/recv) was called on this ProcessGroup with size 2.  In lazy initialization mode, this will result in a new 2-rank NCCL communicator to be created. (function operator())
[36m(PiperActor pid=3779236)[0m 2026-04-07 23:21:24,251 - piper_actor - DEBUG - run_dag dispatch (time -2): alloc_full_params s1 mb0 bkt=-1
[36m(PiperActor pid=3779236)[0m 2026-04-07 23:21:24,255 - piper_actor - DEBUG - run_dag dispatch (time -1): all_gather s1 mb0 bkt=0
[36m(PiperActor pid=3779197)[0m 2026-04-07 23:21:24,726 - piper_actor - DEBUG - run_dag dispatch (time -2): alloc_full_params s1 mb0 bkt=-1
[36m(PiperActor pid=3779197)[0m 2026-04-07 23:21:24,751 - piper_actor - DEBUG - run_dag dispatch (time -1): all_gather s1 mb0 bkt=0
[36m(PiperActor pid=3779212)[0m 2026-04-07 23:21:24,717 - piper_actor - DEBUG - run_dag dispatch (time 4): recv s2 mb0 bkt=0
[36m(PiperActor pid=3779212)[0m 2026-04-07 23:21:24,717 - piper_actor - DEBUG - exec_recv key ((2, 0), 0) from peer pp rank 1
[36m(PiperActor pid=3779212)[0m [rank0]:[W407 23:21:24.177146385 ProcessGroupNCCL.cpp:4068] Warning: An unbatched P2P op (send/recv) was called on this ProcessGroup with size 2.  In lazy initialization mode, this will result in a new 2-rank NCCL communicator to be created. (function operator())
[36m(PiperActor pid=3779197)[0m 2026-04-07 23:21:27,073 - piper_actor - DEBUG - run_dag dispatch (time 0): forward s1 mb0 bkt=0
[36m(PiperActor pid=3779236)[0m 2026-04-07 23:21:27,073 - piper_actor - DEBUG - run_dag dispatch (time 0): forward s1 mb0 bkt=0
[36m(PiperActor pid=3779197)[0m 2026-04-07 23:21:27,530 - piper_actor - DEBUG - run_dag dispatch (time 0): recv s1 mb1 bkt=0
[36m(PiperActor pid=3779197)[0m 2026-04-07 23:21:27,530 - piper_actor - DEBUG - exec_recv key ((1, 0), 1) from peer pp rank 0
[36m(PiperActor pid=3779197)[0m 2026-04-07 23:21:27,531 - piper_actor - DEBUG - run_dag dispatch (time 4): forward s1 mb1 bkt=0
[36m(PiperActor pid=3779236)[0m 2026-04-07 23:21:27,533 - piper_actor - DEBUG - run_dag dispatch (time 0): recv s1 mb1 bkt=0
[36m(PiperActor pid=3779236)[0m 2026-04-07 23:21:27,533 - piper_actor - DEBUG - exec_recv key ((1, 0), 1) from peer pp rank 0
[36m(PiperActor pid=3779236)[0m 2026-04-07 23:21:27,534 - piper_actor - DEBUG - run_dag dispatch (time 4): forward s1 mb1 bkt=0
[36m(PiperActor pid=3779197)[0m 2026-04-07 23:21:27,593 - piper_actor - DEBUG - run_dag dispatch (time 4): recv s3 mb0 bkt=0
[36m(PiperActor pid=3779197)[0m 2026-04-07 23:21:27,593 - piper_actor - DEBUG - exec_recv key ((3, 0), 0) from peer pp rank 0
[36m(PiperActor pid=3779197)[0m 2026-04-07 23:21:27,594 - piper_actor - DEBUG - run_dag dispatch (time 4): send s1 mb0 bkt=0
[36m(PiperActor pid=3779197)[0m 2026-04-07 23:21:27,594 - piper_actor - DEBUG - exec_send key ((1, 0), 0) to peer pp rank 0
[36m(PiperActor pid=3779197)[0m [rank1]:[W407 23:21:27.053390147 ProcessGroupNCCL.cpp:4068] Warning: An unbatched P2P op (send/recv) was called on this ProcessGroup with size 2.  In lazy initialization mode, this will result in a new 2-rank NCCL communicator to be created. (function operator())
[36m(PiperActor pid=3779236)[0m 2026-04-07 23:21:27,599 - piper_actor - DEBUG - run_dag dispatch (time 4): recv s3 mb0 bkt=0
[36m(PiperActor pid=3779236)[0m 2026-04-07 23:21:27,600 - piper_actor - DEBUG - exec_recv key ((3, 0), 0) from peer pp rank 0
[36m(PiperActor pid=3779236)[0m 2026-04-07 23:21:27,601 - piper_actor - DEBUG - run_dag dispatch (time 4): send s1 mb0 bkt=0
[36m(PiperActor pid=3779236)[0m 2026-04-07 23:21:27,601 - piper_actor - DEBUG - exec_send key ((1, 0), 0) to peer pp rank 0
[36m(PiperActor pid=3779236)[0m [rank3]:[W407 23:21:27.060202557 ProcessGroupNCCL.cpp:4068] Warning: An unbatched P2P op (send/recv) was called on this ProcessGroup with size 2.  In lazy initialization mode, this will result in a new 2-rank NCCL communicator to be created. (function operator())
[36m(PiperActor pid=3779197)[0m 2026-04-07 23:21:30,025 - piper_actor - DEBUG - run_dag dispatch (time 5): free_full_params s1 mb0 bkt=-1
[36m(PiperActor pid=3779197)[0m 2026-04-07 23:21:30,026 - piper_actor - DEBUG - run_dag dispatch (time 6): alloc_full_params s3 mb0 bkt=-1
[36m(PiperActor pid=3779197)[0m 2026-04-07 23:21:30,028 - piper_actor - DEBUG - run_dag dispatch (time 7): all_gather s3 mb0 bkt=0
[36m(PiperActor pid=3779197)[0m 2026-04-07 23:21:30,028 - piper_actor - DEBUG - run_dag dispatch (time 8): forward s3 mb0 bkt=0
[36m(PiperActor pid=3779212)[0m 2026-04-07 23:21:30,025 - piper_actor - DEBUG - run_dag dispatch (time 5): free_full_params s0 mb0 bkt=-1
[36m(PiperActor pid=3779212)[0m 2026-04-07 23:21:30,026 - piper_actor - DEBUG - run_dag dispatch (time 6): alloc_full_params s2 mb0 bkt=-1
[36m(PiperActor pid=3779212)[0m 2026-04-07 23:21:30,026 - piper_actor - DEBUG - run_dag dispatch (time 7): all_gather s2 mb0 bkt=0
[36m(PiperActor pid=3779212)[0m 2026-04-07 23:21:30,027 - piper_actor - DEBUG - run_dag dispatch (time 8): forward s2 mb0 bkt=0
[36m(PiperActor pid=3779203)[0m 2026-04-07 23:21:30,023 - piper_actor - DEBUG - run_dag dispatch (time 5): free_full_params s0 mb0 bkt=-1
[36m(PiperActor pid=3779203)[0m 2026-04-07 23:21:30,025 - piper_actor - DEBUG - run_dag dispatch (time 6): alloc_full_params s2 mb0 bkt=-1
[36m(PiperActor pid=3779203)[0m 2026-04-07 23:21:30,026 - piper_actor - DEBUG - run_dag dispatch (time 7): all_gather s2 mb0 bkt=0
[36m(PiperActor pid=3779203)[0m 2026-04-07 23:21:30,027 - piper_actor - DEBUG - run_dag dispatch (time 8): forward s2 mb0 bkt=0
[36m(PiperActor pid=3779236)[0m 2026-04-07 23:21:30,022 - piper_actor - DEBUG - run_dag dispatch (time 5): free_full_params s1 mb0 bkt=-1
[36m(PiperActor pid=3779236)[0m 2026-04-07 23:21:30,023 - piper_actor - DEBUG - run_dag dispatch (time 6): alloc_full_params s3 mb0 bkt=-1
[36m(PiperActor pid=3779236)[0m 2026-04-07 23:21:30,026 - piper_actor - DEBUG - run_dag dispatch (time 7): all_gather s3 mb0 bkt=0
[36m(PiperActor pid=3779236)[0m 2026-04-07 23:21:30,027 - piper_actor - DEBUG - run_dag dispatch (time 8): forward s3 mb0 bkt=0
[36m(PiperActor pid=3779212)[0m 2026-04-07 23:21:30,366 - piper_actor - DEBUG - run_dag dispatch (time 8): send s0 mb1 bkt=0
[36m(PiperActor pid=3779212)[0m 2026-04-07 23:21:30,367 - piper_actor - DEBUG - exec_send key ((0, 0), 1) to peer pp rank 1
[36m(PiperActor pid=3779212)[0m 2026-04-07 23:21:30,367 - piper_actor - DEBUG - run_dag dispatch (time 8): recv s2 mb1 bkt=0
[36m(PiperActor pid=3779212)[0m 2026-04-07 23:21:30,367 - piper_actor - DEBUG - exec_recv key ((2, 0), 1) from peer pp rank 1
[36m(PiperActor pid=3779212)[0m 2026-04-07 23:21:30,368 - piper_actor - DEBUG - run_dag dispatch (time 12): forward s2 mb1 bkt=0
[36m(PiperActor pid=3779203)[0m 2026-04-07 23:21:30,412 - piper_actor - DEBUG - run_dag dispatch (time 8): send s0 mb1 bkt=0
[36m(PiperActor pid=3779203)[0m 2026-04-07 23:21:30,413 - piper_actor - DEBUG - exec_send key ((0, 0), 1) to peer pp rank 1
[36m(PiperActor pid=3779203)[0m 2026-04-07 23:21:30,414 - piper_actor - DEBUG - run_dag dispatch (time 8): recv s2 mb1 bkt=0
[36m(PiperActor pid=3779203)[0m 2026-04-07 23:21:30,414 - piper_actor - DEBUG - exec_recv key ((2, 0), 1) from peer pp rank 1
[36m(PiperActor pid=3779203)[0m 2026-04-07 23:21:30,414 - piper_actor - DEBUG - run_dag dispatch (time 12): forward s2 mb1 bkt=0
[36m(PiperActor pid=3779197)[0m 2026-04-07 23:21:30,595 - piper_actor - DEBUG - run_dag dispatch (time 8): send s1 mb1 bkt=0
[36m(PiperActor pid=3779197)[0m 2026-04-07 23:21:30,596 - piper_actor - DEBUG - exec_send key ((1, 0), 1) to peer pp rank 0
[36m(PiperActor pid=3779197)[0m 2026-04-07 23:21:30,596 - piper_actor - DEBUG - run_dag dispatch (time 11): alloc_full_grads s3 mb0 bkt=-1
[36m(PiperActor pid=3779197)[0m 2026-04-07 23:21:30,598 - piper_actor - DEBUG - run_dag dispatch (time 12): backward s3 mb0 bkt=0
[36m(PiperActor pid=3779212)[0m 2026-04-07 23:21:30,565 - piper_actor - DEBUG - run_dag dispatch (time 12): send s2 mb0 bkt=0
[36m(PiperActor pid=3779212)[0m 2026-04-07 23:21:30,566 - piper_actor - DEBUG - exec_send key ((2, 0), 0) to peer pp rank 1
[36m(PiperActor pid=3779212)[0m 2026-04-07 23:21:30,566 - piper_actor - DEBUG - run_dag dispatch (time 13): free_full_params s2 mb0 bkt=-1
[36m(PiperActor pid=3779212)[0m 2026-04-07 23:21:30,567 - piper_actor - DEBUG - run_dag dispatch (time 14): alloc_full_params s0 mb0 bkt=-1
[36m(PiperActor pid=3779212)[0m 2026-04-07 23:21:30,569 - piper_actor - DEBUG - run_dag dispatch (time 15): all_gather s0 mb0 bkt=0
[36m(PiperActor pid=3779212)[0m 2026-04-07 23:21:30,569 - piper_actor - DEBUG - run_dag dispatch (time 16): forward s0 mb2 bkt=0
[36m(PiperActor pid=3779203)[0m 2026-04-07 23:21:30,571 - piper_actor - DEBUG - run_dag dispatch (time 12): send s2 mb0 bkt=0
[36m(PiperActor pid=3779203)[0m 2026-04-07 23:21:30,572 - piper_actor - DEBUG - exec_send key ((2, 0), 0) to peer pp rank 1
[36m(PiperActor pid=3779203)[0m 2026-04-07 23:21:30,572 - piper_actor - DEBUG - run_dag dispatch (time 13): free_full_params s2 mb0 bkt=-1
[36m(PiperActor pid=3779203)[0m 2026-04-07 23:21:30,573 - piper_actor - DEBUG - run_dag dispatch (time 14): alloc_full_params s0 mb0 bkt=-1
[36m(PiperActor pid=3779203)[0m 2026-04-07 23:21:30,574 - piper_actor - DEBUG - run_dag dispatch (time 15): all_gather s0 mb0 bkt=0
[36m(PiperActor pid=3779203)[0m 2026-04-07 23:21:30,574 - piper_actor - DEBUG - run_dag dispatch (time 16): forward s0 mb2 bkt=0
[36m(PiperActor pid=3779236)[0m 2026-04-07 23:21:30,597 - piper_actor - DEBUG - run_dag dispatch (time 8): send s1 mb1 bkt=0
[36m(PiperActor pid=3779236)[0m 2026-04-07 23:21:30,597 - piper_actor - DEBUG - exec_send key ((1, 0), 1) to peer pp rank 0
[36m(PiperActor pid=3779236)[0m 2026-04-07 23:21:30,598 - piper_actor - DEBUG - run_dag dispatch (time 11): alloc_full_grads s3 mb0 bkt=-1
[36m(PiperActor pid=3779236)[0m 2026-04-07 23:21:30,600 - piper_actor - DEBUG - run_dag dispatch (time 12): backward s3 mb0 bkt=0
[36m(PiperActor pid=3779212)[0m 2026-04-07 23:21:30,673 - piper_actor - DEBUG - run_dag dispatch (time 16): send s2 mb1 bkt=0
[36m(PiperActor pid=3779212)[0m 2026-04-07 23:21:30,674 - piper_actor - DEBUG - exec_send key ((2, 0), 1) to peer pp rank 1
[36m(PiperActor pid=3779212)[0m 2026-04-07 23:21:30,674 - piper_actor - DEBUG - run_dag dispatch (time 16): recv s2 mb0 bkt=0
[36m(PiperActor pid=3779212)[0m 2026-04-07 23:21:30,674 - piper_actor - DEBUG - exec_recv key (None, 0) from peer pp rank 1
[36m(PiperActor pid=3779212)[0m 2026-04-07 23:21:30,675 - piper_actor - DEBUG - run_dag dispatch (time 17): free_full_params s0 mb0 bkt=-1
[36m(PiperActor pid=3779212)[0m 2026-04-07 23:21:30,675 - piper_actor - DEBUG - run_dag dispatch (time 18): alloc_full_params s2 mb0 bkt=-1
[36m(PiperActor pid=3779212)[0m 2026-04-07 23:21:30,676 - piper_actor - DEBUG - run_dag dispatch (time 19): all_gather s2 mb0 bkt=0
[36m(PiperActor pid=3779212)[0m 2026-04-07 23:21:30,676 - piper_actor - DEBUG - run_dag dispatch (time 19): alloc_full_grads s2 mb0 bkt=-1
[36m(PiperActor pid=3779212)[0m 2026-04-07 23:21:30,677 - piper_actor - DEBUG - run_dag dispatch (time 20): backward s2 mb0 bkt=0
[36m(PiperActor pid=3779203)[0m 2026-04-07 23:21:30,676 - piper_actor - DEBUG - run_dag dispatch (time 16): send s2 mb1 bkt=0
[36m(PiperActor pid=3779203)[0m 2026-04-07 23:21:30,677 - piper_actor - DEBUG - exec_send key ((2, 0), 1) to peer pp rank 1
[36m(PiperActor pid=3779203)[0m 2026-04-07 23:21:30,677 - piper_actor - DEBUG - run_dag dispatch (time 16): recv s2 mb0 bkt=0
[36m(PiperActor pid=3779203)[0m 2026-04-07 23:21:30,678 - piper_actor - DEBUG - exec_recv key (None, 0) from peer pp rank 1
[36m(PiperActor pid=3779203)[0m 2026-04-07 23:21:30,678 - piper_actor - DEBUG - run_dag dispatch (time 17): free_full_params s0 mb0 bkt=-1
[36m(PiperActor pid=3779203)[0m 2026-04-07 23:21:30,679 - piper_actor - DEBUG - run_dag dispatch (time 18): alloc_full_params s2 mb0 bkt=-1
[36m(PiperActor pid=3779203)[0m 2026-04-07 23:21:30,680 - piper_actor - DEBUG - run_dag dispatch (time 19): all_gather s2 mb0 bkt=0
[36m(PiperActor pid=3779203)[0m 2026-04-07 23:21:30,680 - piper_actor - DEBUG - run_dag dispatch (time 19): alloc_full_grads s2 mb0 bkt=-1
[36m(PiperActor pid=3779203)[0m 2026-04-07 23:21:30,681 - piper_actor - DEBUG - run_dag dispatch (time 20): backward s2 mb0 bkt=0
[36m(PiperActor pid=3779197)[0m 2026-04-07 23:21:30,695 - piper_actor - DEBUG - run_dag dispatch (time 12): recv s3 mb1 bkt=0
[36m(PiperActor pid=3779197)[0m 2026-04-07 23:21:30,695 - piper_actor - DEBUG - exec_recv key ((3, 0), 1) from peer pp rank 0
[36m(PiperActor pid=3779197)[0m 2026-04-07 23:21:30,696 - piper_actor - DEBUG - run_dag dispatch (time 12): reduce_scatter s3 mb0 bkt=0
[36m(PiperActor pid=3779197)[0m 2026-04-07 23:21:30,699 - piper_actor - DEBUG - run_dag dispatch (time 12): free_full_grads s3 mb0 bkt=-1
[36m(PiperActor pid=3779197)[0m 2026-04-07 23:21:30,699 - piper_actor - DEBUG - run_dag dispatch (time 16): forward s3 mb1 bkt=0
[36m(PiperActor pid=3779197)[0m 2026-04-07 23:21:30,710 - piper_actor - DEBUG - run_dag dispatch (time 16): send s3 mb0 bkt=0
[36m(PiperActor pid=3779197)[0m 2026-04-07 23:21:30,710 - piper_actor - DEBUG - exec_send key (None, 0) to peer pp rank 0
[36m(PiperActor pid=3779197)[0m 2026-04-07 23:21:30,711 - piper_actor - DEBUG - run_dag dispatch (time 19): alloc_full_grads s3 mb0 bkt=-1
[36m(PiperActor pid=3779197)[0m 2026-04-07 23:21:30,711 - piper_actor - DEBUG - run_dag dispatch (time 20): backward s3 mb1 bkt=0
[36m(PiperActor pid=3779236)[0m 2026-04-07 23:21:30,706 - piper_actor - DEBUG - run_dag dispatch (time 12): recv s3 mb1 bkt=0
[36m(PiperActor pid=3779236)[0m 2026-04-07 23:21:30,707 - piper_actor - DEBUG - exec_recv key ((3, 0), 1) from peer pp rank 0
[36m(PiperActor pid=3779236)[0m 2026-04-07 23:21:30,708 - piper_actor - DEBUG - run_dag dispatch (time 12): reduce_scatter s3 mb0 bkt=0
[36m(PiperActor pid=3779236)[0m 2026-04-07 23:21:30,721 - piper_actor - DEBUG - run_dag dispatch (time 12): free_full_grads s3 mb0 bkt=-1
[36m(PiperActor pid=3779236)[0m 2026-04-07 23:21:30,721 - piper_actor - DEBUG - run_dag dispatch (time 16): forward s3 mb1 bkt=0
[36m(PiperActor pid=3779197)[0m 2026-04-07 23:21:30,735 - piper_actor - DEBUG - run_dag dispatch (time 20): recv s1 mb2 bkt=0
[36m(PiperActor pid=3779197)[0m 2026-04-07 23:21:30,735 - piper_actor - DEBUG - exec_recv key ((1, 0), 2) from peer pp rank 0
[36m(PiperActor pid=3779197)[0m 2026-04-07 23:21:30,736 - piper_actor - DEBUG - run_dag dispatch (time 20): reduce_scatter s3 mb1 bkt=0
[36m(PiperActor pid=3779197)[0m 2026-04-07 23:21:30,736 - piper_actor - DEBUG - run_dag dispatch (time 20): free_full_grads s3 mb0 bkt=-1
[36m(PiperActor pid=3779197)[0m 2026-04-07 23:21:30,736 - piper_actor - DEBUG - run_dag dispatch (time 21): free_full_params s3 mb0 bkt=-1
[36m(PiperActor pid=3779197)[0m 2026-04-07 23:21:30,737 - piper_actor - DEBUG - run_dag dispatch (time 22): alloc_full_params s1 mb0 bkt=-1
[36m(PiperActor pid=3779197)[0m 2026-04-07 23:21:30,738 - piper_actor - DEBUG - run_dag dispatch (time 23): all_gather s1 mb0 bkt=0
[36m(PiperActor pid=3779197)[0m 2026-04-07 23:21:30,738 - piper_actor - DEBUG - run_dag dispatch (time 24): forward s1 mb2 bkt=0
[36m(PiperActor pid=3779236)[0m 2026-04-07 23:21:30,733 - piper_actor - DEBUG - run_dag dispatch (time 16): send s3 mb0 bkt=0
[36m(PiperActor pid=3779236)[0m 2026-04-07 23:21:30,733 - piper_actor - DEBUG - exec_send key (None, 0) to peer pp rank 0
[36m(PiperActor pid=3779236)[0m 2026-04-07 23:21:30,733 - piper_actor - DEBUG - run_dag dispatch (time 19): alloc_full_grads s3 mb0 bkt=-1
[36m(PiperActor pid=3779236)[0m 2026-04-07 23:21:30,734 - piper_actor - DEBUG - run_dag dispatch (time 20): backward s3 mb1 bkt=0
[36m(PiperActor pid=3779236)[0m 2026-04-07 23:21:30,758 - piper_actor - DEBUG - run_dag dispatch (time 20): recv s1 mb2 bkt=0
[36m(PiperActor pid=3779236)[0m 2026-04-07 23:21:30,758 - piper_actor - DEBUG - exec_recv key ((1, 0), 2) from peer pp rank 0
[36m(PiperActor pid=3779236)[0m 2026-04-07 23:21:30,759 - piper_actor - DEBUG - run_dag dispatch (time 20): reduce_scatter s3 mb1 bkt=0
[36m(PiperActor pid=3779236)[0m 2026-04-07 23:21:30,759 - piper_actor - DEBUG - run_dag dispatch (time 20): free_full_grads s3 mb0 bkt=-1
[36m(PiperActor pid=3779236)[0m 2026-04-07 23:21:30,759 - piper_actor - DEBUG - run_dag dispatch (time 21): free_full_params s3 mb0 bkt=-1
[36m(PiperActor pid=3779236)[0m 2026-04-07 23:21:30,760 - piper_actor - DEBUG - run_dag dispatch (time 22): alloc_full_params s1 mb0 bkt=-1
[36m(PiperActor pid=3779236)[0m 2026-04-07 23:21:30,761 - piper_actor - DEBUG - run_dag dispatch (time 23): all_gather s1 mb0 bkt=0
[36m(PiperActor pid=3779236)[0m 2026-04-07 23:21:30,761 - piper_actor - DEBUG - run_dag dispatch (time 24): forward s1 mb2 bkt=0
[36m(PiperActor pid=3779197)[0m 2026-04-07 23:21:30,774 - piper_actor - DEBUG - run_dag dispatch (time 24): recv s1 mb0 bkt=0
[36m(PiperActor pid=3779197)[0m 2026-04-07 23:21:30,774 - piper_actor - DEBUG - exec_recv key (None, 0) from peer pp rank 0
[36m(PiperActor pid=3779197)[0m 2026-04-07 23:21:30,775 - piper_actor - DEBUG - run_dag dispatch (time 24): send s3 mb1 bkt=0
[36m(PiperActor pid=3779197)[0m 2026-04-07 23:21:30,775 - piper_actor - DEBUG - exec_send key (None, 1) to peer pp rank 0
[36m(PiperActor pid=3779197)[0m 2026-04-07 23:21:30,775 - piper_actor - DEBUG - run_dag dispatch (time 27): alloc_full_grads s1 mb0 bkt=-1
[36m(PiperActor pid=3779197)[0m 2026-04-07 23:21:30,776 - piper_actor - DEBUG - run_dag dispatch (time 28): backward s1 mb0 bkt=0
[36m(PiperActor pid=3779236)[0m 2026-04-07 23:21:30,772 - piper_actor - DEBUG - run_dag dispatch (time 24): recv s1 mb0 bkt=0
[36m(PiperActor pid=3779236)[0m 2026-04-07 23:21:30,772 - piper_actor - DEBUG - exec_recv key (None, 0) from peer pp rank 0
[36m(PiperActor pid=3779236)[0m 2026-04-07 23:21:30,773 - piper_actor - DEBUG - run_dag dispatch (time 24): send s3 mb1 bkt=0
[36m(PiperActor pid=3779236)[0m 2026-04-07 23:21:30,773 - piper_actor - DEBUG - exec_send key (None, 1) to peer pp rank 0
[36m(PiperActor pid=3779236)[0m 2026-04-07 23:21:30,773 - piper_actor - DEBUG - run_dag dispatch (time 27): alloc_full_grads s1 mb0 bkt=-1
[36m(PiperActor pid=3779236)[0m 2026-04-07 23:21:30,774 - piper_actor - DEBUG - run_dag dispatch (time 28): backward s1 mb0 bkt=0
[36m(PiperActor pid=3779197)[0m 2026-04-07 23:21:30,817 - piper_actor - DEBUG - run_dag dispatch (time 28): recv s1 mb3 bkt=0
[36m(PiperActor pid=3779197)[0m 2026-04-07 23:21:30,817 - piper_actor - DEBUG - exec_recv key ((1, 0), 3) from peer pp rank 0
[36m(PiperActor pid=3779197)[0m 2026-04-07 23:21:30,818 - piper_actor - DEBUG - run_dag dispatch (time 28): send s1 mb2 bkt=0
[36m(PiperActor pid=3779197)[0m 2026-04-07 23:21:30,818 - piper_actor - DEBUG - exec_send key ((1, 0), 2) to peer pp rank 0
[36m(PiperActor pid=3779197)[0m 2026-04-07 23:21:30,818 - piper_actor - DEBUG - run_dag dispatch (time 28): reduce_scatter s1 mb0 bkt=0
[36m(PiperActor pid=3779197)[0m 2026-04-07 23:21:30,819 - piper_actor - DEBUG - run_dag dispatch (time 28): free_full_grads s1 mb0 bkt=-1
[36m(PiperActor pid=3779197)[0m 2026-04-07 23:21:30,819 - piper_actor - DEBUG - run_dag dispatch (time 32): forward s1 mb3 bkt=0
[36m(PiperActor pid=3779197)[0m 2026-04-07 23:21:30,838 - piper_actor - DEBUG - run_dag dispatch (time 32): recv s1 mb1 bkt=0
[36m(PiperActor pid=3779197)[0m 2026-04-07 23:21:30,838 - piper_actor - DEBUG - exec_recv key (None, 1) from peer pp rank 0
[36m(PiperActor pid=3779197)[0m 2026-04-07 23:21:30,838 - piper_actor - DEBUG - run_dag dispatch (time 32): send s1 mb0 bkt=0
[36m(PiperActor pid=3779197)[0m 2026-04-07 23:21:30,838 - piper_actor - DEBUG - exec_send key (None, 0) to peer pp rank 0
[36m(PiperActor pid=3779197)[0m 2026-04-07 23:21:30,839 - piper_actor - DEBUG - run_dag dispatch (time 35): alloc_full_grads s1 mb0 bkt=-1
[36m(PiperActor pid=3779197)[0m 2026-04-07 23:21:30,839 - piper_actor - DEBUG - run_dag dispatch (time 36): backward s1 mb1 bkt=0
[36m(PiperActor pid=3779212)[0m 2026-04-07 23:21:30,814 - piper_actor - DEBUG - run_dag dispatch (time 20): send s0 mb2 bkt=0
[36m(PiperActor pid=3779212)[0m 2026-04-07 23:21:30,814 - piper_actor - DEBUG - exec_send key ((0, 0), 2) to peer pp rank 1
[36m(PiperActor pid=3779212)[0m 2026-04-07 23:21:30,815 - piper_actor - DEBUG - run_dag dispatch (time 20): reduce_scatter s2 mb0 bkt=0
[36m(PiperActor pid=3779212)[0m 2026-04-07 23:21:30,821 - piper_actor - DEBUG - run_dag dispatch (time 20): free_full_grads s2 mb0 bkt=-1
[36m(PiperActor pid=3779212)[0m 2026-04-07 23:21:30,822 - piper_actor - DEBUG - run_dag dispatch (time 21): free_full_params s2 mb0 bkt=-1
[36m(PiperActor pid=3779212)[0m 2026-04-07 23:21:30,822 - piper_actor - DEBUG - run_dag dispatch (time 22): alloc_full_params s0 mb0 bkt=-1
[36m(PiperActor pid=3779212)[0m 2026-04-07 23:21:30,823 - piper_actor - DEBUG - run_dag dispatch (time 23): all_gather s0 mb0 bkt=0
[36m(PiperActor pid=3779212)[0m 2026-04-07 23:21:30,823 - piper_actor - DEBUG - run_dag dispatch (time 24): forward s0 mb3 bkt=0
[36m(PiperActor pid=3779212)[0m 2026-04-07 23:21:30,834 - piper_actor - DEBUG - run_dag dispatch (time 24): send s2 mb0 bkt=0
[36m(PiperActor pid=3779212)[0m 2026-04-07 23:21:30,834 - piper_actor - DEBUG - exec_send key (None, 0) to peer pp rank 1
[36m(PiperActor pid=3779212)[0m 2026-04-07 23:21:30,835 - piper_actor - DEBUG - run_dag dispatch (time 24): recv s2 mb1 bkt=0
[36m(PiperActor pid=3779212)[0m 2026-04-07 23:21:30,835 - piper_actor - DEBUG - exec_recv key (None, 1) from peer pp rank 1
[36m(PiperActor pid=3779212)[0m 2026-04-07 23:21:30,835 - piper_actor - DEBUG - run_dag dispatch (time 25): free_full_params s0 mb0 bkt=-1
[36m(PiperActor pid=3779212)[0m 2026-04-07 23:21:30,836 - piper_actor - DEBUG - run_dag dispatch (time 26): alloc_full_params s2 mb0 bkt=-1
[36m(PiperActor pid=3779212)[0m 2026-04-07 23:21:30,836 - piper_actor - DEBUG - run_dag dispatch (time 27): all_gather s2 mb0 bkt=0
[36m(PiperActor pid=3779212)[0m 2026-04-07 23:21:30,837 - piper_actor - DEBUG - run_dag dispatch (time 27): alloc_full_grads s2 mb0 bkt=-1
[36m(PiperActor pid=3779212)[0m 2026-04-07 23:21:30,837 - piper_actor - DEBUG - run_dag dispatch (time 28): backward s2 mb1 bkt=0
[36m(PiperActor pid=3779203)[0m 2026-04-07 23:21:30,836 - piper_actor - DEBUG - run_dag dispatch (time 20): send s0 mb2 bkt=0
[36m(PiperActor pid=3779203)[0m 2026-04-07 23:21:30,836 - piper_actor - DEBUG - exec_send key ((0, 0), 2) to peer pp rank 1
[36m(PiperActor pid=3779203)[0m 2026-04-07 23:21:30,837 - piper_actor - DEBUG - run_dag dispatch (time 20): reduce_scatter s2 mb0 bkt=0
[36m(PiperActor pid=3779203)[0m 2026-04-07 23:21:30,843 - piper_actor - DEBUG - run_dag dispatch (time 20): free_full_grads s2 mb0 bkt=-1
[36m(PiperActor pid=3779203)[0m 2026-04-07 23:21:30,843 - piper_actor - DEBUG - run_dag dispatch (time 21): free_full_params s2 mb0 bkt=-1
[36m(PiperActor pid=3779203)[0m 2026-04-07 23:21:30,844 - piper_actor - DEBUG - run_dag dispatch (time 22): alloc_full_params s0 mb0 bkt=-1
[36m(PiperActor pid=3779203)[0m 2026-04-07 23:21:30,844 - piper_actor - DEBUG - run_dag dispatch (time 23): all_gather s0 mb0 bkt=0
[36m(PiperActor pid=3779203)[0m 2026-04-07 23:21:30,845 - piper_actor - DEBUG - run_dag dispatch (time 24): forward s0 mb3 bkt=0
[36m(PiperActor pid=3779236)[0m 2026-04-07 23:21:30,839 - piper_actor - DEBUG - run_dag dispatch (time 28): recv s1 mb3 bkt=0
[36m(PiperActor pid=3779236)[0m 2026-04-07 23:21:30,840 - piper_actor - DEBUG - exec_recv key ((1, 0), 3) from peer pp rank 0
[36m(PiperActor pid=3779236)[0m 2026-04-07 23:21:30,840 - piper_actor - DEBUG - run_dag dispatch (time 28): send s1 mb2 bkt=0
[36m(PiperActor pid=3779236)[0m 2026-04-07 23:21:30,841 - piper_actor - DEBUG - exec_send key ((1, 0), 2) to peer pp rank 0
[36m(PiperActor pid=3779236)[0m 2026-04-07 23:21:30,841 - piper_actor - DEBUG - run_dag dispatch (time 28): reduce_scatter s1 mb0 bkt=0
[36m(PiperActor pid=3779236)[0m 2026-04-07 23:21:30,841 - piper_actor - DEBUG - run_dag dispatch (time 28): free_full_grads s1 mb0 bkt=-1
[36m(PiperActor pid=3779236)[0m 2026-04-07 23:21:30,842 - piper_actor - DEBUG - run_dag dispatch (time 32): forward s1 mb3 bkt=0
[36m(PiperActor pid=3779212)[0m 2026-04-07 23:21:30,862 - piper_actor - DEBUG - run_dag dispatch (time 28): send s0 mb3 bkt=0
[36m(PiperActor pid=3779212)[0m 2026-04-07 23:21:30,862 - piper_actor - DEBUG - exec_send key ((0, 0), 3) to peer pp rank 1
[36m(PiperActor pid=3779212)[0m 2026-04-07 23:21:30,862 - piper_actor - DEBUG - run_dag dispatch (time 28): recv s2 mb2 bkt=0
[36m(PiperActor pid=3779212)[0m 2026-04-07 23:21:30,863 - piper_actor - DEBUG - exec_recv key ((2, 0), 2) from peer pp rank 1
[36m(PiperActor pid=3779212)[0m 2026-04-07 23:21:30,863 - piper_actor - DEBUG - run_dag dispatch (time 28): reduce_scatter s2 mb1 bkt=0
[36m(PiperActor pid=3779212)[0m 2026-04-07 23:21:30,863 - piper_actor - DEBUG - run_dag dispatch (time 28): free_full_grads s2 mb0 bkt=-1
[36m(PiperActor pid=3779212)[0m 2026-04-07 23:21:30,864 - piper_actor - DEBUG - run_dag dispatch (time 32): forward s2 mb2 bkt=0
[36m(PiperActor pid=3779212)[0m 2026-04-07 23:21:30,875 - piper_actor - DEBUG - run_dag dispatch (time 32): send s2 mb1 bkt=0
[36m(PiperActor pid=3779212)[0m 2026-04-07 23:21:30,875 - piper_actor - DEBUG - exec_send key (None, 1) to peer pp rank 1
[36m(PiperActor pid=3779212)[0m 2026-04-07 23:21:30,875 - piper_actor - DEBUG - run_dag dispatch (time 32): recv s0 mb0 bkt=0
[36m(PiperActor pid=3779212)[0m 2026-04-07 23:21:30,876 - piper_actor - DEBUG - exec_recv key (None, 0) from peer pp rank 1
[36m(PiperActor pid=3779212)[0m 2026-04-07 23:21:30,876 - piper_actor - DEBUG - run_dag dispatch (time 33): free_full_params s2 mb0 bkt=-1
[36m(PiperActor pid=3779212)[0m 2026-04-07 23:21:30,877 - piper_actor - DEBUG - run_dag dispatch (time 34): alloc_full_params s0 mb0 bkt=-1
[36m(PiperActor pid=3779212)[0m 2026-04-07 23:21:30,877 - piper_actor - DEBUG - run_dag dispatch (time 35): all_gather s0 mb0 bkt=0
[36m(PiperActor pid=3779212)[0m 2026-04-07 23:21:30,877 - piper_actor - DEBUG - run_dag dispatch (time 35): alloc_full_grads s0 mb0 bkt=-1
[36m(PiperActor pid=3779212)[0m 2026-04-07 23:21:30,878 - piper_actor - DEBUG - run_dag dispatch (time 36): backward s0 mb0 bkt=0
[36m(PiperActor pid=3779203)[0m 2026-04-07 23:21:30,856 - piper_actor - DEBUG - run_dag dispatch (time 24): send s2 mb0 bkt=0
[36m(PiperActor pid=3779203)[0m 2026-04-07 23:21:30,856 - piper_actor - DEBUG - exec_send key (None, 0) to peer pp rank 1
[36m(PiperActor pid=3779203)[0m 2026-04-07 23:21:30,857 - piper_actor - DEBUG - run_dag dispatch (time 24): recv s2 mb1 bkt=0
[36m(PiperActor pid=3779203)[0m 2026-04-07 23:21:30,857 - piper_actor - DEBUG - exec_recv key (None, 1) from peer pp rank 1
[36m(PiperActor pid=3779203)[0m 2026-04-07 23:21:30,857 - piper_actor - DEBUG - run_dag dispatch (time 25): free_full_params s0 mb0 bkt=-1
[36m(PiperActor pid=3779203)[0m 2026-04-07 23:21:30,858 - piper_actor - DEBUG - run_dag dispatch (time 26): alloc_full_params s2 mb0 bkt=-1
[36m(PiperActor pid=3779203)[0m 2026-04-07 23:21:30,858 - piper_actor - DEBUG - run_dag dispatch (time 27): all_gather s2 mb0 bkt=0
[36m(PiperActor pid=3779203)[0m 2026-04-07 23:21:30,859 - piper_actor - DEBUG - run_dag dispatch (time 27): alloc_full_grads s2 mb0 bkt=-1
[36m(PiperActor pid=3779203)[0m 2026-04-07 23:21:30,859 - piper_actor - DEBUG - run_dag dispatch (time 28): backward s2 mb1 bkt=0
[36m(PiperActor pid=3779203)[0m 2026-04-07 23:21:30,882 - piper_actor - DEBUG - run_dag dispatch (time 28): send s0 mb3 bkt=0
[36m(PiperActor pid=3779203)[0m 2026-04-07 23:21:30,882 - piper_actor - DEBUG - exec_send key ((0, 0), 3) to peer pp rank 1
[36m(PiperActor pid=3779203)[0m 2026-04-07 23:21:30,883 - piper_actor - DEBUG - run_dag dispatch (time 28): recv s2 mb2 bkt=0
[36m(PiperActor pid=3779203)[0m 2026-04-07 23:21:30,883 - piper_actor - DEBUG - exec_recv key ((2, 0), 2) from peer pp rank 1
[36m(PiperActor pid=3779203)[0m 2026-04-07 23:21:30,883 - piper_actor - DEBUG - run_dag dispatch (time 28): reduce_scatter s2 mb1 bkt=0
[36m(PiperActor pid=3779203)[0m 2026-04-07 23:21:30,884 - piper_actor - DEBUG - run_dag dispatch (time 28): free_full_grads s2 mb0 bkt=-1
[36m(PiperActor pid=3779203)[0m 2026-04-07 23:21:30,884 - piper_actor - DEBUG - run_dag dispatch (time 32): forward s2 mb2 bkt=0
[36m(PiperActor pid=3779236)[0m 2026-04-07 23:21:30,860 - piper_actor - DEBUG - run_dag dispatch (time 32): recv s1 mb1 bkt=0
[36m(PiperActor pid=3779236)[0m 2026-04-07 23:21:30,860 - piper_actor - DEBUG - exec_recv key (None, 1) from peer pp rank 0
[36m(PiperActor pid=3779236)[0m 2026-04-07 23:21:30,861 - piper_actor - DEBUG - run_dag dispatch (time 32): send s1 mb0 bkt=0
[36m(PiperActor pid=3779236)[0m 2026-04-07 23:21:30,861 - piper_actor - DEBUG - exec_send key (None, 0) to peer pp rank 0
[36m(PiperActor pid=3779236)[0m 2026-04-07 23:21:30,861 - piper_actor - DEBUG - run_dag dispatch (time 35): alloc_full_grads s1 mb0 bkt=-1
[36m(PiperActor pid=3779236)[0m 2026-04-07 23:21:30,862 - piper_actor - DEBUG - run_dag dispatch (time 36): backward s1 mb1 bkt=0
[36m(PiperActor pid=3779197)[0m 2026-04-07 23:21:30,900 - piper_actor - DEBUG - run_dag dispatch (time 36): recv s3 mb2 bkt=0
[36m(PiperActor pid=3779197)[0m 2026-04-07 23:21:30,900 - piper_actor - DEBUG - exec_recv key ((3, 0), 2) from peer pp rank 0
[36m(PiperActor pid=3779197)[0m 2026-04-07 23:21:30,901 - piper_actor - DEBUG - run_dag dispatch (time 36): send s1 mb3 bkt=0
[36m(PiperActor pid=3779197)[0m 2026-04-07 23:21:30,901 - piper_actor - DEBUG - exec_send key ((1, 0), 3) to peer pp rank 0
[36m(PiperActor pid=3779197)[0m 2026-04-07 23:21:30,901 - piper_actor - DEBUG - run_dag dispatch (time 36): reduce_scatter s1 mb1 bkt=0
[36m(PiperActor pid=3779197)[0m 2026-04-07 23:21:30,902 - piper_actor - DEBUG - run_dag dispatch (time 36): free_full_grads s1 mb0 bkt=-1
[36m(PiperActor pid=3779197)[0m 2026-04-07 23:21:30,902 - piper_actor - DEBUG - run_dag dispatch (time 37): free_full_params s1 mb0 bkt=-1
[36m(PiperActor pid=3779197)[0m 2026-04-07 23:21:30,902 - piper_actor - DEBUG - run_dag dispatch (time 38): alloc_full_params s3 mb0 bkt=-1
[36m(PiperActor pid=3779197)[0m 2026-04-07 23:21:30,903 - piper_actor - DEBUG - run_dag dispatch (time 39): all_gather s3 mb0 bkt=0
[36m(PiperActor pid=3779197)[0m 2026-04-07 23:21:30,903 - piper_actor - DEBUG - run_dag dispatch (time 40): forward s3 mb2 bkt=0
[36m(PiperActor pid=3779197)[0m 2026-04-07 23:21:30,920 - piper_actor - DEBUG - run_dag dispatch (time 40): send s1 mb1 bkt=0
[36m(PiperActor pid=3779197)[0m 2026-04-07 23:21:30,920 - piper_actor - DEBUG - exec_send key (None, 1) to peer pp rank 0
[36m(PiperActor pid=3779197)[0m 2026-04-07 23:21:30,920 - piper_actor - DEBUG - run_dag dispatch (time 43): alloc_full_grads s3 mb0 bkt=-1
[36m(PiperActor pid=3779197)[0m 2026-04-07 23:21:30,921 - piper_actor - DEBUG - run_dag dispatch (time 44): backward s3 mb2 bkt=0
[36m(PiperActor pid=3779203)[0m 2026-04-07 23:21:30,895 - piper_actor - DEBUG - run_dag dispatch (time 32): send s2 mb1 bkt=0
[36m(PiperActor pid=3779203)[0m 2026-04-07 23:21:30,895 - piper_actor - DEBUG - exec_send key (None, 1) to peer pp rank 1
[36m(PiperActor pid=3779203)[0m 2026-04-07 23:21:30,896 - piper_actor - DEBUG - run_dag dispatch (time 32): recv s0 mb0 bkt=0
[36m(PiperActor pid=3779203)[0m 2026-04-07 23:21:30,896 - piper_actor - DEBUG - exec_recv key (None, 0) from peer pp rank 1
[36m(PiperActor pid=3779203)[0m 2026-04-07 23:21:30,896 - piper_actor - DEBUG - run_dag dispatch (time 33): free_full_params s2 mb0 bkt=-1
[36m(PiperActor pid=3779203)[0m 2026-04-07 23:21:30,897 - piper_actor - DEBUG - run_dag dispatch (time 34): alloc_full_params s0 mb0 bkt=-1
[36m(PiperActor pid=3779203)[0m 2026-04-07 23:21:30,898 - piper_actor - DEBUG - run_dag dispatch (time 35): all_gather s0 mb0 bkt=0
[36m(PiperActor pid=3779203)[0m 2026-04-07 23:21:30,898 - piper_actor - DEBUG - run_dag dispatch (time 35): alloc_full_grads s0 mb0 bkt=-1
[36m(PiperActor pid=3779203)[0m 2026-04-07 23:21:30,899 - piper_actor - DEBUG - run_dag dispatch (time 36): backward s0 mb0 bkt=0
[36m(PiperActor pid=3779236)[0m 2026-04-07 23:21:30,900 - piper_actor - DEBUG - run_dag dispatch (time 36): recv s3 mb2 bkt=0
[36m(PiperActor pid=3779236)[0m 2026-04-07 23:21:30,900 - piper_actor - DEBUG - exec_recv key ((3, 0), 2) from peer pp rank 0
[36m(PiperActor pid=3779236)[0m 2026-04-07 23:21:30,901 - piper_actor - DEBUG - run_dag dispatch (time 36): send s1 mb3 bkt=0
[36m(PiperActor pid=3779236)[0m 2026-04-07 23:21:30,901 - piper_actor - DEBUG - exec_send key ((1, 0), 3) to peer pp rank 0
[36m(PiperActor pid=3779236)[0m 2026-04-07 23:21:30,901 - piper_actor - DEBUG - run_dag dispatch (time 36): reduce_scatter s1 mb1 bkt=0
[36m(PiperActor pid=3779236)[0m 2026-04-07 23:21:30,902 - piper_actor - DEBUG - run_dag dispatch (time 36): free_full_grads s1 mb0 bkt=-1
[36m(PiperActor pid=3779236)[0m 2026-04-07 23:21:30,902 - piper_actor - DEBUG - run_dag dispatch (time 37): free_full_params s1 mb0 bkt=-1
[36m(PiperActor pid=3779236)[0m 2026-04-07 23:21:30,902 - piper_actor - DEBUG - run_dag dispatch (time 38): alloc_full_params s3 mb0 bkt=-1
[36m(PiperActor pid=3779236)[0m 2026-04-07 23:21:30,903 - piper_actor - DEBUG - run_dag dispatch (time 39): all_gather s3 mb0 bkt=0
[36m(PiperActor pid=3779236)[0m 2026-04-07 23:21:30,903 - piper_actor - DEBUG - run_dag dispatch (time 40): forward s3 mb2 bkt=0
[36m(PiperActor pid=3779236)[0m 2026-04-07 23:21:30,919 - piper_actor - DEBUG - run_dag dispatch (time 40): send s1 mb1 bkt=0
[36m(PiperActor pid=3779236)[0m 2026-04-07 23:21:30,920 - piper_actor - DEBUG - exec_send key (None, 1) to peer pp rank 0
[36m(PiperActor pid=3779236)[0m 2026-04-07 23:21:30,920 - piper_actor - DEBUG - run_dag dispatch (time 43): alloc_full_grads s3 mb0 bkt=-1
[36m(PiperActor pid=3779236)[0m 2026-04-07 23:21:30,921 - piper_actor - DEBUG - run_dag dispatch (time 44): backward s3 mb2 bkt=0
[36m(PiperActor pid=3779197)[0m 2026-04-07 23:21:31,032 - piper_actor - DEBUG - run_dag dispatch (time 44): recv s3 mb3 bkt=0
[36m(PiperActor pid=3779197)[0m 2026-04-07 23:21:31,032 - piper_actor - DEBUG - exec_recv key ((3, 0), 3) from peer pp rank 0
[36m(PiperActor pid=3779197)[0m 2026-04-07 23:21:31,033 - piper_actor - DEBUG - run_dag dispatch (time 44): reduce_scatter s3 mb2 bkt=0
[36m(PiperActor pid=3779197)[0m 2026-04-07 23:21:31,033 - piper_actor - DEBUG - run_dag dispatch (time 44): free_full_grads s3 mb0 bkt=-1
[36m(PiperActor pid=3779197)[0m 2026-04-07 23:21:31,033 - piper_actor - DEBUG - run_dag dispatch (time 48): forward s3 mb3 bkt=0
[36m(PiperActor pid=3779197)[0m 2026-04-07 23:21:31,078 - piper_actor - DEBUG - run_dag dispatch (time 48): send s3 mb2 bkt=0
[36m(PiperActor pid=3779197)[0m 2026-04-07 23:21:31,078 - piper_actor - DEBUG - exec_send key (None, 2) to peer pp rank 0
[36m(PiperActor pid=3779197)[0m 2026-04-07 23:21:31,079 - piper_actor - DEBUG - run_dag dispatch (time 51): alloc_full_grads s3 mb0 bkt=-1
[36m(PiperActor pid=3779197)[0m 2026-04-07 23:21:31,080 - piper_actor - DEBUG - run_dag dispatch (time 52): backward s3 mb3 bkt=0
[36m(PiperActor pid=3779212)[0m 2026-04-07 23:21:31,027 - piper_actor - DEBUG - run_dag dispatch (time 36): send s2 mb2 bkt=0
[36m(PiperActor pid=3779212)[0m 2026-04-07 23:21:31,027 - piper_actor - DEBUG - exec_send key ((2, 0), 2) to peer pp rank 1
[36m(PiperActor pid=3779212)[0m 2026-04-07 23:21:31,028 - piper_actor - DEBUG - run_dag dispatch (time 36): recv s2 mb3 bkt=0
[36m(PiperActor pid=3779212)[0m 2026-04-07 23:21:31,028 - piper_actor - DEBUG - exec_recv key ((2, 0), 3) from peer pp rank 1
[36m(PiperActor pid=3779212)[0m 2026-04-07 23:21:31,028 - piper_actor - DEBUG - run_dag dispatch (time 36): reduce_scatter s0 mb0 bkt=0
[36m(PiperActor pid=3779212)[0m 2026-04-07 23:21:31,046 - piper_actor - DEBUG - run_dag dispatch (time 36): free_full_grads s0 mb0 bkt=-1
[36m(PiperActor pid=3779212)[0m 2026-04-07 23:21:31,046 - piper_actor - DEBUG - run_dag dispatch (time 37): free_full_params s0 mb0 bkt=-1
[36m(PiperActor pid=3779212)[0m 2026-04-07 23:21:31,047 - piper_actor - DEBUG - run_dag dispatch (time 38): alloc_full_params s2 mb0 bkt=-1
[36m(PiperActor pid=3779212)[0m 2026-04-07 23:21:31,048 - piper_actor - DEBUG - run_dag dispatch (time 39): all_gather s2 mb0 bkt=0
[36m(PiperActor pid=3779212)[0m 2026-04-07 23:21:31,048 - piper_actor - DEBUG - run_dag dispatch (time 40): forward s2 mb3 bkt=0
[36m(PiperActor pid=3779212)[0m 2026-04-07 23:21:31,058 - piper_actor - DEBUG - run_dag dispatch (time 40): recv s0 mb1 bkt=0
[36m(PiperActor pid=3779212)[0m 2026-04-07 23:21:31,059 - piper_actor - DEBUG - exec_recv key (None, 1) from peer pp rank 1
[36m(PiperActor pid=3779212)[0m 2026-04-07 23:21:31,059 - piper_actor - DEBUG - run_dag dispatch (time 41): free_full_params s2 mb0 bkt=-1
[36m(PiperActor pid=3779212)[0m 2026-04-07 23:21:31,059 - piper_actor - DEBUG - run_dag dispatch (time 42): alloc_full_params s0 mb0 bkt=-1
[36m(PiperActor pid=3779212)[0m 2026-04-07 23:21:31,060 - piper_actor - DEBUG - run_dag dispatch (time 43): all_gather s0 mb0 bkt=0
[36m(PiperActor pid=3779212)[0m 2026-04-07 23:21:31,060 - piper_actor - DEBUG - run_dag dispatch (time 43): alloc_full_grads s0 mb0 bkt=-1
[36m(PiperActor pid=3779212)[0m 2026-04-07 23:21:31,061 - piper_actor - DEBUG - run_dag dispatch (time 44): backward s0 mb1 bkt=0
[36m(PiperActor pid=3779212)[0m 2026-04-07 23:21:31,086 - piper_actor - DEBUG - run_dag dispatch (time 44): send s2 mb3 bkt=0
[36m(PiperActor pid=3779212)[0m 2026-04-07 23:21:31,087 - piper_actor - DEBUG - exec_send key ((2, 0), 3) to peer pp rank 1
[36m(PiperActor pid=3779212)[0m 2026-04-07 23:21:31,087 - piper_actor - DEBUG - run_dag dispatch (time 44): recv s2 mb2 bkt=0
[36m(PiperActor pid=3779212)[0m 2026-04-07 23:21:31,088 - piper_actor - DEBUG - exec_recv key (None, 2) from peer pp rank 1
[36m(PiperActor pid=3779212)[0m 2026-04-07 23:21:31,088 - piper_actor - DEBUG - run_dag dispatch (time 44): reduce_scatter s0 mb1 bkt=0
[36m(PiperActor pid=3779212)[0m 2026-04-07 23:21:31,088 - piper_actor - DEBUG - run_dag dispatch (time 44): free_full_grads s0 mb0 bkt=-1
[36m(PiperActor pid=3779212)[0m 2026-04-07 23:21:31,089 - piper_actor - DEBUG - run_dag dispatch (time 45): free_full_params s0 mb0 bkt=-1
[36m(PiperActor pid=3779212)[0m 2026-04-07 23:21:31,089 - piper_actor - DEBUG - run_dag dispatch (time 46): alloc_full_params s2 mb0 bkt=-1
[36m(PiperActor pid=3779212)[0m 2026-04-07 23:21:31,090 - piper_actor - DEBUG - run_dag dispatch (time 47): all_gather s2 mb0 bkt=0
[36m(PiperActor pid=3779212)[0m 2026-04-07 23:21:31,090 - piper_actor - DEBUG - run_dag dispatch (time 47): alloc_full_grads s2 mb0 bkt=-1
[36m(PiperActor pid=3779212)[0m 2026-04-07 23:21:31,091 - piper_actor - DEBUG - run_dag dispatch (time 48): backward s2 mb2 bkt=0
[36m(PiperActor pid=3779203)[0m 2026-04-07 23:21:31,014 - piper_actor - DEBUG - run_dag dispatch (time 36): send s2 mb2 bkt=0
[36m(PiperActor pid=3779203)[0m 2026-04-07 23:21:31,015 - piper_actor - DEBUG - exec_send key ((2, 0), 2) to peer pp rank 1
[36m(PiperActor pid=3779203)[0m 2026-04-07 23:21:31,017 - piper_actor - DEBUG - run_dag dispatch (time 36): recv s2 mb3 bkt=0
[36m(PiperActor pid=3779203)[0m 2026-04-07 23:21:31,017 - piper_actor - DEBUG - exec_recv key ((2, 0), 3) from peer pp rank 1
[36m(PiperActor pid=3779203)[0m 2026-04-07 23:21:31,018 - piper_actor - DEBUG - run_dag dispatch (time 36): reduce_scatter s0 mb0 bkt=0
[36m(PiperActor pid=3779203)[0m 2026-04-07 23:21:31,020 - piper_actor - DEBUG - run_dag dispatch (time 36): free_full_grads s0 mb0 bkt=-1
[36m(PiperActor pid=3779203)[0m 2026-04-07 23:21:31,020 - piper_actor - DEBUG - run_dag dispatch (time 37): free_full_params s0 mb0 bkt=-1
[36m(PiperActor pid=3779203)[0m 2026-04-07 23:21:31,021 - piper_actor - DEBUG - run_dag dispatch (time 38): alloc_full_params s2 mb0 bkt=-1
[36m(PiperActor pid=3779203)[0m 2026-04-07 23:21:31,022 - piper_actor - DEBUG - run_dag dispatch (time 39): all_gather s2 mb0 bkt=0
[36m(PiperActor pid=3779203)[0m 2026-04-07 23:21:31,023 - piper_actor - DEBUG - run_dag dispatch (time 40): forward s2 mb3 bkt=0
[36m(PiperActor pid=3779203)[0m 2026-04-07 23:21:31,036 - piper_actor - DEBUG - run_dag dispatch (time 40): recv s0 mb1 bkt=0
[36m(PiperActor pid=3779203)[0m 2026-04-07 23:21:31,036 - piper_actor - DEBUG - exec_recv key (None, 1) from peer pp rank 1
[36m(PiperActor pid=3779203)[0m 2026-04-07 23:21:31,036 - piper_actor - DEBUG - run_dag dispatch (time 41): free_full_params s2 mb0 bkt=-1
[36m(PiperActor pid=3779203)[0m 2026-04-07 23:21:31,037 - piper_actor - DEBUG - run_dag dispatch (time 42): alloc_full_params s0 mb0 bkt=-1
[36m(PiperActor pid=3779203)[0m 2026-04-07 23:21:31,038 - piper_actor - DEBUG - run_dag dispatch (time 43): all_gather s0 mb0 bkt=0
[36m(PiperActor pid=3779203)[0m 2026-04-07 23:21:31,038 - piper_actor - DEBUG - run_dag dispatch (time 43): alloc_full_grads s0 mb0 bkt=-1
[36m(PiperActor pid=3779203)[0m 2026-04-07 23:21:31,039 - piper_actor - DEBUG - run_dag dispatch (time 44): backward s0 mb1 bkt=0
[36m(PiperActor pid=3779203)[0m 2026-04-07 23:21:31,063 - piper_actor - DEBUG - run_dag dispatch (time 44): send s2 mb3 bkt=0
[36m(PiperActor pid=3779203)[0m 2026-04-07 23:21:31,064 - piper_actor - DEBUG - exec_send key ((2, 0), 3) to peer pp rank 1
[36m(PiperActor pid=3779203)[0m 2026-04-07 23:21:31,064 - piper_actor - DEBUG - run_dag dispatch (time 44): recv s2 mb2 bkt=0
[36m(PiperActor pid=3779203)[0m 2026-04-07 23:21:31,065 - piper_actor - DEBUG - exec_recv key (None, 2) from peer pp rank 1
[36m(PiperActor pid=3779203)[0m 2026-04-07 23:21:31,065 - piper_actor - DEBUG - run_dag dispatch (time 44): reduce_scatter s0 mb1 bkt=0
[36m(PiperActor pid=3779203)[0m 2026-04-07 23:21:31,065 - piper_actor - DEBUG - run_dag dispatch (time 44): free_full_grads s0 mb0 bkt=-1
[36m(PiperActor pid=3779203)[0m 2026-04-07 23:21:31,066 - piper_actor - DEBUG - run_dag dispatch (time 45): free_full_params s0 mb0 bkt=-1
[36m(PiperActor pid=3779203)[0m 2026-04-07 23:21:31,066 - piper_actor - DEBUG - run_dag dispatch (time 46): alloc_full_params s2 mb0 bkt=-1
[36m(PiperActor pid=3779203)[0m 2026-04-07 23:21:31,067 - piper_actor - DEBUG - run_dag dispatch (time 47): all_gather s2 mb0 bkt=0
[36m(PiperActor pid=3779203)[0m 2026-04-07 23:21:31,067 - piper_actor - DEBUG - run_dag dispatch (time 47): alloc_full_grads s2 mb0 bkt=-1
[36m(PiperActor pid=3779203)[0m 2026-04-07 23:21:31,068 - piper_actor - DEBUG - run_dag dispatch (time 48): backward s2 mb2 bkt=0
[36m(PiperActor pid=3779203)[0m 2026-04-07 23:21:31,091 - piper_actor - DEBUG - run_dag dispatch (time 48): recv s2 mb3 bkt=0
[36m(PiperActor pid=3779203)[0m 2026-04-07 23:21:31,092 - piper_actor - DEBUG - exec_recv key (None, 3) from peer pp rank 1
[36m(PiperActor pid=3779203)[0m 2026-04-07 23:21:31,092 - piper_actor - DEBUG - run_dag dispatch (time 52): backward s2 mb3 bkt=0
[36m(PiperActor pid=3779236)[0m 2026-04-07 23:21:31,021 - piper_actor - DEBUG - run_dag dispatch (time 44): recv s3 mb3 bkt=0
[36m(PiperActor pid=3779236)[0m 2026-04-07 23:21:31,022 - piper_actor - DEBUG - exec_recv key ((3, 0), 3) from peer pp rank 0
[36m(PiperActor pid=3779236)[0m 2026-04-07 23:21:31,022 - piper_actor - DEBUG - run_dag dispatch (time 44): reduce_scatter s3 mb2 bkt=0
[36m(PiperActor pid=3779236)[0m 2026-04-07 23:21:31,023 - piper_actor - DEBUG - run_dag dispatch (time 44): free_full_grads s3 mb0 bkt=-1
[36m(PiperActor pid=3779236)[0m 2026-04-07 23:21:31,023 - piper_actor - DEBUG - run_dag dispatch (time 48): forward s3 mb3 bkt=0
[36m(PiperActor pid=3779236)[0m 2026-04-07 23:21:31,067 - piper_actor - DEBUG - run_dag dispatch (time 48): send s3 mb2 bkt=0
[36m(PiperActor pid=3779236)[0m 2026-04-07 23:21:31,067 - piper_actor - DEBUG - exec_send key (None, 2) to peer pp rank 0
[36m(PiperActor pid=3779236)[0m 2026-04-07 23:21:31,068 - piper_actor - DEBUG - run_dag dispatch (time 51): alloc_full_grads s3 mb0 bkt=-1
[36m(PiperActor pid=3779236)[0m 2026-04-07 23:21:31,069 - piper_actor - DEBUG - run_dag dispatch (time 52): backward s3 mb3 bkt=0
[36m(PiperActor pid=3779197)[0m 2026-04-07 23:21:31,116 - piper_actor - DEBUG - run_dag dispatch (time 52): recv s1 mb2 bkt=0
[36m(PiperActor pid=3779197)[0m 2026-04-07 23:21:31,116 - piper_actor - DEBUG - exec_recv key (None, 2) from peer pp rank 0
[36m(PiperActor pid=3779197)[0m 2026-04-07 23:21:31,117 - piper_actor - DEBUG - run_dag dispatch (time 52): reduce_scatter s3 mb3 bkt=0
[36m(PiperActor pid=3779197)[0m 2026-04-07 23:21:31,117 - piper_actor - DEBUG - run_dag dispatch (time 52): free_full_grads s3 mb0 bkt=-1
[36m(PiperActor pid=3779197)[0m 2026-04-07 23:21:31,118 - piper_actor - DEBUG - run_dag dispatch (time 53): free_full_params s3 mb0 bkt=-1
[36m(PiperActor pid=3779197)[0m 2026-04-07 23:21:31,118 - piper_actor - DEBUG - run_dag dispatch (time 54): alloc_full_params s1 mb0 bkt=-1
[36m(PiperActor pid=3779197)[0m 2026-04-07 23:21:31,119 - piper_actor - DEBUG - run_dag dispatch (time 55): all_gather s1 mb0 bkt=0
[36m(PiperActor pid=3779197)[0m 2026-04-07 23:21:31,119 - piper_actor - DEBUG - run_dag dispatch (time 55): alloc_full_grads s1 mb0 bkt=-1
[36m(PiperActor pid=3779197)[0m 2026-04-07 23:21:31,120 - piper_actor - DEBUG - run_dag dispatch (time 56): backward s1 mb2 bkt=0
[36m(PiperActor pid=3779212)[0m 2026-04-07 23:21:31,117 - piper_actor - DEBUG - run_dag dispatch (time 48): recv s2 mb3 bkt=0
[36m(PiperActor pid=3779212)[0m 2026-04-07 23:21:31,118 - piper_actor - DEBUG - exec_recv key (None, 3) from peer pp rank 1
[36m(PiperActor pid=3779212)[0m 2026-04-07 23:21:31,118 - piper_actor - DEBUG - run_dag dispatch (time 52): backward s2 mb3 bkt=0
[36m(PiperActor pid=3779203)[0m 2026-04-07 23:21:31,130 - piper_actor - DEBUG - run_dag dispatch (time 52): send s2 mb2 bkt=0
[36m(PiperActor pid=3779203)[0m 2026-04-07 23:21:31,130 - piper_actor - DEBUG - exec_send key (None, 2) to peer pp rank 1
[36m(PiperActor pid=3779203)[0m 2026-04-07 23:21:31,131 - piper_actor - DEBUG - run_dag dispatch (time 52): recv s0 mb2 bkt=0
[36m(PiperActor pid=3779203)[0m 2026-04-07 23:21:31,131 - piper_actor - DEBUG - exec_recv key (None, 2) from peer pp rank 1
[36m(PiperActor pid=3779203)[0m 2026-04-07 23:21:31,131 - piper_actor - DEBUG - run_dag dispatch (time 52): reduce_scatter s2 mb3 bkt=0
[36m(PiperActor pid=3779203)[0m 2026-04-07 23:21:31,132 - piper_actor - DEBUG - run_dag dispatch (time 52): free_full_grads s2 mb0 bkt=-1
[36m(PiperActor pid=3779203)[0m 2026-04-07 23:21:31,132 - piper_actor - DEBUG - run_dag dispatch (time 53): free_full_params s2 mb0 bkt=-1
[36m(PiperActor pid=3779203)[0m 2026-04-07 23:21:31,133 - piper_actor - DEBUG - run_dag dispatch (time 54): alloc_full_params s0 mb0 bkt=-1
[36m(PiperActor pid=3779203)[0m 2026-04-07 23:21:31,133 - piper_actor - DEBUG - run_dag dispatch (time 55): all_gather s0 mb0 bkt=0
[36m(PiperActor pid=3779203)[0m 2026-04-07 23:21:31,134 - piper_actor - DEBUG - run_dag dispatch (time 55): alloc_full_grads s0 mb0 bkt=-1
[36m(PiperActor pid=3779203)[0m 2026-04-07 23:21:31,135 - piper_actor - DEBUG - run_dag dispatch (time 56): backward s0 mb2 bkt=0
[36m(PiperActor pid=3779236)[0m 2026-04-07 23:21:31,116 - piper_actor - DEBUG - run_dag dispatch (time 52): recv s1 mb2 bkt=0
[36m(PiperActor pid=3779236)[0m 2026-04-07 23:21:31,116 - piper_actor - DEBUG - exec_recv key (None, 2) from peer pp rank 0
[36m(PiperActor pid=3779236)[0m 2026-04-07 23:21:31,117 - piper_actor - DEBUG - run_dag dispatch (time 52): reduce_scatter s3 mb3 bkt=0
[36m(PiperActor pid=3779236)[0m 2026-04-07 23:21:31,117 - piper_actor - DEBUG - run_dag dispatch (time 52): free_full_grads s3 mb0 bkt=-1
[36m(PiperActor pid=3779236)[0m 2026-04-07 23:21:31,118 - piper_actor - DEBUG - run_dag dispatch (time 53): free_full_params s3 mb0 bkt=-1
[36m(PiperActor pid=3779236)[0m 2026-04-07 23:21:31,118 - piper_actor - DEBUG - run_dag dispatch (time 54): alloc_full_params s1 mb0 bkt=-1
[36m(PiperActor pid=3779236)[0m 2026-04-07 23:21:31,119 - piper_actor - DEBUG - run_dag dispatch (time 55): all_gather s1 mb0 bkt=0
[36m(PiperActor pid=3779236)[0m 2026-04-07 23:21:31,119 - piper_actor - DEBUG - run_dag dispatch (time 55): alloc_full_grads s1 mb0 bkt=-1
[36m(PiperActor pid=3779236)[0m 2026-04-07 23:21:31,120 - piper_actor - DEBUG - run_dag dispatch (time 56): backward s1 mb2 bkt=0
[36m(PiperActor pid=3779197)[0m 2026-04-07 23:21:31,173 - piper_actor - DEBUG - run_dag dispatch (time 56): recv s1 mb3 bkt=0
[36m(PiperActor pid=3779197)[0m 2026-04-07 23:21:31,174 - piper_actor - DEBUG - exec_recv key (None, 3) from peer pp rank 0
[36m(PiperActor pid=3779197)[0m 2026-04-07 23:21:31,174 - piper_actor - DEBUG - run_dag dispatch (time 56): send s3 mb3 bkt=0
[36m(PiperActor pid=3779197)[0m 2026-04-07 23:21:31,175 - piper_actor - DEBUG - exec_send key (None, 3) to peer pp rank 0
[36m(PiperActor pid=3779197)[0m 2026-04-07 23:21:31,175 - piper_actor - DEBUG - run_dag dispatch (time 60): backward s1 mb3 bkt=0
[36m(PiperActor pid=3779212)[0m 2026-04-07 23:21:31,144 - piper_actor - DEBUG - run_dag dispatch (time 52): send s2 mb2 bkt=0
[36m(PiperActor pid=3779212)[0m 2026-04-07 23:21:31,144 - piper_actor - DEBUG - exec_send key (None, 2) to peer pp rank 1
[36m(PiperActor pid=3779212)[0m 2026-04-07 23:21:31,145 - piper_actor - DEBUG - run_dag dispatch (time 52): recv s0 mb2 bkt=0
[36m(PiperActor pid=3779212)[0m 2026-04-07 23:21:31,145 - piper_actor - DEBUG - exec_recv key (None, 2) from peer pp rank 1
[36m(PiperActor pid=3779212)[0m 2026-04-07 23:21:31,146 - piper_actor - DEBUG - run_dag dispatch (time 52): reduce_scatter s2 mb3 bkt=0
[36m(PiperActor pid=3779212)[0m 2026-04-07 23:21:31,146 - piper_actor - DEBUG - run_dag dispatch (time 52): free_full_grads s2 mb0 bkt=-1
[36m(PiperActor pid=3779212)[0m 2026-04-07 23:21:31,146 - piper_actor - DEBUG - run_dag dispatch (time 53): free_full_params s2 mb0 bkt=-1
[36m(PiperActor pid=3779212)[0m 2026-04-07 23:21:31,147 - piper_actor - DEBUG - run_dag dispatch (time 54): alloc_full_params s0 mb0 bkt=-1
[36m(PiperActor pid=3779212)[0m 2026-04-07 23:21:31,148 - piper_actor - DEBUG - run_dag dispatch (time 55): all_gather s0 mb0 bkt=0
[36m(PiperActor pid=3779212)[0m 2026-04-07 23:21:31,148 - piper_actor - DEBUG - run_dag dispatch (time 55): alloc_full_grads s0 mb0 bkt=-1
[36m(PiperActor pid=3779212)[0m 2026-04-07 23:21:31,149 - piper_actor - DEBUG - run_dag dispatch (time 56): backward s0 mb2 bkt=0
[36m(PiperActor pid=3779236)[0m 2026-04-07 23:21:31,173 - piper_actor - DEBUG - run_dag dispatch (time 56): recv s1 mb3 bkt=0
[36m(PiperActor pid=3779236)[0m 2026-04-07 23:21:31,174 - piper_actor - DEBUG - exec_recv key (None, 3) from peer pp rank 0
[36m(PiperActor pid=3779236)[0m 2026-04-07 23:21:31,174 - piper_actor - DEBUG - run_dag dispatch (time 56): send s3 mb3 bkt=0
[36m(PiperActor pid=3779236)[0m 2026-04-07 23:21:31,174 - piper_actor - DEBUG - exec_send key (None, 3) to peer pp rank 0
[36m(PiperActor pid=3779236)[0m 2026-04-07 23:21:31,175 - piper_actor - DEBUG - run_dag dispatch (time 60): backward s1 mb3 bkt=0
[36m(PiperActor pid=3779197)[0m 2026-04-07 23:21:31,215 - piper_actor - DEBUG - run_dag dispatch (time 60): send s1 mb2 bkt=0
[36m(PiperActor pid=3779197)[0m 2026-04-07 23:21:31,216 - piper_actor - DEBUG - exec_send key (None, 2) to peer pp rank 0
[36m(PiperActor pid=3779197)[0m 2026-04-07 23:21:31,216 - piper_actor - DEBUG - run_dag dispatch (time 60): reduce_scatter s1 mb3 bkt=0
[36m(PiperActor pid=3779197)[0m 2026-04-07 23:21:31,217 - piper_actor - DEBUG - run_dag dispatch (time 60): free_full_grads s1 mb0 bkt=-1
[36m(PiperActor pid=3779197)[0m 2026-04-07 23:21:31,217 - piper_actor - DEBUG - run_dag dispatch (time 61): free_full_params s1 mb0 bkt=-1
[36m(PiperActor pid=3779197)[0m 2026-04-07 23:21:31,218 - piper_actor - DEBUG - run_dag dispatch (time 64): update s1 mb3 bkt=0
[36m(PiperActor pid=3779212)[0m 2026-04-07 23:21:31,211 - piper_actor - DEBUG - run_dag dispatch (time 56): send s2 mb3 bkt=0
[36m(PiperActor pid=3779212)[0m 2026-04-07 23:21:31,212 - piper_actor - DEBUG - exec_send key (None, 3) to peer pp rank 1
[36m(PiperActor pid=3779212)[0m 2026-04-07 23:21:31,212 - piper_actor - DEBUG - run_dag dispatch (time 56): recv s0 mb3 bkt=0
[36m(PiperActor pid=3779212)[0m 2026-04-07 23:21:31,212 - piper_actor - DEBUG - exec_recv key (None, 3) from peer pp rank 1
[36m(PiperActor pid=3779212)[0m 2026-04-07 23:21:31,213 - piper_actor - DEBUG - run_dag dispatch (time 60): backward s0 mb3 bkt=0
[36m(PiperActor pid=3779203)[0m 2026-04-07 23:21:31,212 - piper_actor - DEBUG - run_dag dispatch (time 56): send s2 mb3 bkt=0
[36m(PiperActor pid=3779203)[0m 2026-04-07 23:21:31,212 - piper_actor - DEBUG - exec_send key (None, 3) to peer pp rank 1
[36m(PiperActor pid=3779203)[0m 2026-04-07 23:21:31,213 - piper_actor - DEBUG - run_dag dispatch (time 56): recv s0 mb3 bkt=0
[36m(PiperActor pid=3779203)[0m 2026-04-07 23:21:31,213 - piper_actor - DEBUG - exec_recv key (None, 3) from peer pp rank 1
[36m(PiperActor pid=3779203)[0m 2026-04-07 23:21:31,214 - piper_actor - DEBUG - run_dag dispatch (time 60): backward s0 mb3 bkt=0
[36m(PiperActor pid=3779236)[0m 2026-04-07 23:21:31,216 - piper_actor - DEBUG - run_dag dispatch (time 60): send s1 mb2 bkt=0
[36m(PiperActor pid=3779236)[0m 2026-04-07 23:21:31,216 - piper_actor - DEBUG - exec_send key (None, 2) to peer pp rank 0
[36m(PiperActor pid=3779236)[0m 2026-04-07 23:21:31,217 - piper_actor - DEBUG - run_dag dispatch (time 60): reduce_scatter s1 mb3 bkt=0
[36m(PiperActor pid=3779236)[0m 2026-04-07 23:21:31,217 - piper_actor - DEBUG - run_dag dispatch (time 60): free_full_grads s1 mb0 bkt=-1
[36m(PiperActor pid=3779236)[0m 2026-04-07 23:21:31,218 - piper_actor - DEBUG - run_dag dispatch (time 61): free_full_params s1 mb0 bkt=-1
[36m(PiperActor pid=3779236)[0m 2026-04-07 23:21:31,218 - piper_actor - DEBUG - run_dag dispatch (time 64): update s1 mb3 bkt=0
[36m(PiperActor pid=3779212)[0m 2026-04-07 23:21:31,256 - piper_actor - DEBUG - run_dag dispatch (time 60): reduce_scatter s0 mb3 bkt=0
[36m(PiperActor pid=3779212)[0m 2026-04-07 23:21:31,257 - piper_actor - DEBUG - run_dag dispatch (time 60): free_full_grads s0 mb0 bkt=-1
[36m(PiperActor pid=3779212)[0m 2026-04-07 23:21:31,257 - piper_actor - DEBUG - run_dag dispatch (time 61): free_full_params s0 mb0 bkt=-1
[36m(PiperActor pid=3779212)[0m 2026-04-07 23:21:31,258 - piper_actor - DEBUG - run_dag dispatch (time 64): update s0 mb3 bkt=0
[36m(PiperActor pid=3779203)[0m 2026-04-07 23:21:31,255 - piper_actor - DEBUG - run_dag dispatch (time 60): reduce_scatter s0 mb3 bkt=0
[36m(PiperActor pid=3779203)[0m 2026-04-07 23:21:31,257 - piper_actor - DEBUG - run_dag dispatch (time 60): free_full_grads s0 mb0 bkt=-1
[36m(PiperActor pid=3779203)[0m 2026-04-07 23:21:31,258 - piper_actor - DEBUG - run_dag dispatch (time 61): free_full_params s0 mb0 bkt=-1
[36m(PiperActor pid=3779203)[0m 2026-04-07 23:21:31,258 - piper_actor - DEBUG - run_dag dispatch (time 64): update s0 mb3 bkt=0
[36m(PiperActor pid=3779197)[0m 2026-04-07 23:21:31,319 - piper_actor - DEBUG - run_dag dispatch (time 64): send s1 mb3 bkt=0
[36m(PiperActor pid=3779197)[0m 2026-04-07 23:21:31,320 - piper_actor - DEBUG - exec_send key (None, 3) to peer pp rank 0
[36m(PiperActor pid=3779236)[0m 2026-04-07 23:21:31,324 - piper_actor - DEBUG - run_dag dispatch (time 64): send s1 mb3 bkt=0
[36m(PiperActor pid=3779236)[0m 2026-04-07 23:21:31,324 - piper_actor - DEBUG - exec_send key (None, 3) to peer pp rank 0
[36m(run_dp_rank pid=3764781)[0m Running 1 timed iterations...
[36m(run_dp_rank pid=3759696)[0m Running 1 timed iterations...
[36m(PiperActor pid=3779197)[0m 2026-04-07 23:21:32,430 - piper_actor - DEBUG - run_dag dispatch (time -4): recv s1 mb0 bkt=0
[36m(PiperActor pid=3779197)[0m 2026-04-07 23:21:32,430 - piper_actor - DEBUG - exec_recv key ((1, 0), 0) from peer pp rank 0
[36m(PiperActor pid=3779197)[0m 2026-04-07 23:21:32,431 - piper_actor - DEBUG - run_dag dispatch (time -2): alloc_full_params s1 mb0 bkt=-1
[36m(PiperActor pid=3779197)[0m 2026-04-07 23:21:32,433 - piper_actor - DEBUG - run_dag dispatch (time -1): all_gather s1 mb0 bkt=0
[36m(PiperActor pid=3779197)[0m 2026-04-07 23:21:32,434 - piper_actor - DEBUG - run_dag dispatch (time 0): forward s1 mb0 bkt=0
[36m(PiperActor pid=3779197)[0m 2026-04-07 23:21:32,445 - piper_actor - DEBUG - run_dag dispatch (time 0): recv s1 mb1 bkt=0
[36m(PiperActor pid=3779197)[0m 2026-04-07 23:21:32,445 - piper_actor - DEBUG - exec_recv key ((1, 0), 1) from peer pp rank 0
[36m(PiperActor pid=3779197)[0m 2026-04-07 23:21:32,446 - piper_actor - DEBUG - run_dag dispatch (time 4): forward s1 mb1 bkt=0
[36m(PiperActor pid=3779197)[0m 2026-04-07 23:21:32,458 - piper_actor - DEBUG - run_dag dispatch (time 4): recv s3 mb0 bkt=0
[36m(PiperActor pid=3779197)[0m 2026-04-07 23:21:32,459 - piper_actor - DEBUG - exec_recv key ((3, 0), 0) from peer pp rank 0
[36m(PiperActor pid=3779197)[0m 2026-04-07 23:21:32,460 - piper_actor - DEBUG - run_dag dispatch (time 4): send s1 mb0 bkt=0
[36m(PiperActor pid=3779197)[0m 2026-04-07 23:21:32,460 - piper_actor - DEBUG - exec_send key ((1, 0), 0) to peer pp rank 0
[36m(PiperActor pid=3779197)[0m 2026-04-07 23:21:32,461 - piper_actor - DEBUG - run_dag dispatch (time 5): free_full_params s1 mb0 bkt=-1
[36m(PiperActor pid=3779197)[0m 2026-04-07 23:21:32,462 - piper_actor - DEBUG - run_dag dispatch (time 6): alloc_full_params s3 mb0 bkt=-1
[36m(PiperActor pid=3779197)[0m 2026-04-07 23:21:32,463 - piper_actor - DEBUG - run_dag dispatch (time 7): all_gather s3 mb0 bkt=0
[36m(PiperActor pid=3779197)[0m 2026-04-07 23:21:32,464 - piper_actor - DEBUG - run_dag dispatch (time 8): forward s3 mb0 bkt=0
[36m(PiperActor pid=3779197)[0m 2026-04-07 23:21:32,476 - piper_actor - DEBUG - run_dag dispatch (time 8): send s1 mb1 bkt=0
[36m(PiperActor pid=3779197)[0m 2026-04-07 23:21:32,476 - piper_actor - DEBUG - exec_send key ((1, 0), 1) to peer pp rank 0
[36m(PiperActor pid=3779197)[0m 2026-04-07 23:21:32,477 - piper_actor - DEBUG - run_dag dispatch (time 11): alloc_full_grads s3 mb0 bkt=-1
[36m(PiperActor pid=3779197)[0m 2026-04-07 23:21:32,479 - piper_actor - DEBUG - run_dag dispatch (time 12): backward s3 mb0 bkt=0
[36m(PiperActor pid=3779212)[0m 2026-04-07 23:21:32,429 - piper_actor - DEBUG - run_dag dispatch (time -2): alloc_full_params s0 mb0 bkt=-1
[36m(PiperActor pid=3779212)[0m 2026-04-07 23:21:32,431 - piper_actor - DEBUG - run_dag dispatch (time -1): all_gather s0 mb0 bkt=0
[36m(PiperActor pid=3779212)[0m 2026-04-07 23:21:32,432 - piper_actor - DEBUG - run_dag dispatch (time 0): forward s0 mb0 bkt=0
[36m(PiperActor pid=3779212)[0m 2026-04-07 23:21:32,443 - piper_actor - DEBUG - run_dag dispatch (time 4): forward s0 mb1 bkt=0
[36m(PiperActor pid=3779212)[0m 2026-04-07 23:21:32,455 - piper_actor - DEBUG - run_dag dispatch (time 4): send s0 mb0 bkt=0
[36m(PiperActor pid=3779212)[0m 2026-04-07 23:21:32,455 - piper_actor - DEBUG - exec_send key ((0, 0), 0) to peer pp rank 1
[36m(PiperActor pid=3779212)[0m 2026-04-07 23:21:32,456 - piper_actor - DEBUG - run_dag dispatch (time 4): recv s2 mb0 bkt=0
[36m(PiperActor pid=3779212)[0m 2026-04-07 23:21:32,456 - piper_actor - DEBUG - exec_recv key ((2, 0), 0) from peer pp rank 1
[36m(PiperActor pid=3779212)[0m 2026-04-07 23:21:32,458 - piper_actor - DEBUG - run_dag dispatch (time 5): free_full_params s0 mb0 bkt=-1
[36m(PiperActor pid=3779212)[0m 2026-04-07 23:21:32,459 - piper_actor - DEBUG - run_dag dispatch (time 6): alloc_full_params s2 mb0 bkt=-1
[36m(PiperActor pid=3779212)[0m 2026-04-07 23:21:32,460 - piper_actor - DEBUG - run_dag dispatch (time 7): all_gather s2 mb0 bkt=0
[36m(PiperActor pid=3779212)[0m 2026-04-07 23:21:32,461 - piper_actor - DEBUG - run_dag dispatch (time 8): forward s2 mb0 bkt=0
[36m(PiperActor pid=3779212)[0m 2026-04-07 23:21:32,473 - piper_actor - DEBUG - run_dag dispatch (time 8): send s0 mb1 bkt=0
[36m(PiperActor pid=3779212)[0m 2026-04-07 23:21:32,474 - piper_actor - DEBUG - exec_send key ((0, 0), 1) to peer pp rank 1
[36m(PiperActor pid=3779212)[0m 2026-04-07 23:21:32,474 - piper_actor - DEBUG - run_dag dispatch (time 8): recv s2 mb1 bkt=0
[36m(PiperActor pid=3779212)[0m 2026-04-07 23:21:32,475 - piper_actor - DEBUG - exec_recv key ((2, 0), 1) from peer pp rank 1
[36m(PiperActor pid=3779212)[0m 2026-04-07 23:21:32,476 - piper_actor - DEBUG - run_dag dispatch (time 12): forward s2 mb1 bkt=0
[36m(PiperActor pid=3779212)[0m 2026-04-07 23:21:32,488 - piper_actor - DEBUG - run_dag dispatch (time 12): send s2 mb0 bkt=0
[36m(PiperActor pid=3779212)[0m 2026-04-07 23:21:32,488 - piper_actor - DEBUG - exec_send key ((2, 0), 0) to peer pp rank 1
[36m(PiperActor pid=3779212)[0m 2026-04-07 23:21:32,489 - piper_actor - DEBUG - run_dag dispatch (time 13): free_full_params s2 mb0 bkt=-1
[36m(PiperActor pid=3779212)[0m 2026-04-07 23:21:32,490 - piper_actor - DEBUG - run_dag dispatch (time 14): alloc_full_params s0 mb0 bkt=-1
[36m(PiperActor pid=3779212)[0m 2026-04-07 23:21:32,492 - piper_actor - DEBUG - run_dag dispatch (time 15): all_gather s0 mb0 bkt=0
[36m(PiperActor pid=3779212)[0m 2026-04-07 23:21:32,492 - piper_actor - DEBUG - run_dag dispatch (time 16): forward s0 mb2 bkt=0
[36m(PiperActor pid=3779203)[0m 2026-04-07 23:21:32,436 - piper_actor - DEBUG - run_dag dispatch (time -2): alloc_full_params s0 mb0 bkt=-1
[36m(PiperActor pid=3779203)[0m 2026-04-07 23:21:32,438 - piper_actor - DEBUG - run_dag dispatch (time -1): all_gather s0 mb0 bkt=0
[36m(PiperActor pid=3779203)[0m 2026-04-07 23:21:32,439 - piper_actor - DEBUG - run_dag dispatch (time 0): forward s0 mb0 bkt=0
[36m(PiperActor pid=3779203)[0m 2026-04-07 23:21:32,452 - piper_actor - DEBUG - run_dag dispatch (time 4): forward s0 mb1 bkt=0
[36m(PiperActor pid=3779203)[0m 2026-04-07 23:21:32,464 - piper_actor - DEBUG - run_dag dispatch (time 4): send s0 mb0 bkt=0
[36m(PiperActor pid=3779203)[0m 2026-04-07 23:21:32,464 - piper_actor - DEBUG - exec_send key ((0, 0), 0) to peer pp rank 1
[36m(PiperActor pid=3779203)[0m 2026-04-07 23:21:32,465 - piper_actor - DEBUG - run_dag dispatch (time 4): recv s2 mb0 bkt=0
[36m(PiperActor pid=3779203)[0m 2026-04-07 23:21:32,466 - piper_actor - DEBUG - exec_recv key ((2, 0), 0) from peer pp rank 1
[36m(PiperActor pid=3779203)[0m 2026-04-07 23:21:32,469 - piper_actor - DEBUG - run_dag dispatch (time 5): free_full_params s0 mb0 bkt=-1
[36m(PiperActor pid=3779203)[0m 2026-04-07 23:21:32,470 - piper_actor - DEBUG - run_dag dispatch (time 6): alloc_full_params s2 mb0 bkt=-1
[36m(PiperActor pid=3779203)[0m 2026-04-07 23:21:32,471 - piper_actor - DEBUG - run_dag dispatch (time 7): all_gather s2 mb0 bkt=0
[36m(PiperActor pid=3779203)[0m 2026-04-07 23:21:32,472 - piper_actor - DEBUG - run_dag dispatch (time 8): forward s2 mb0 bkt=0
[36m(PiperActor pid=3779203)[0m 2026-04-07 23:21:32,484 - piper_actor - DEBUG - run_dag dispatch (time 8): send s0 mb1 bkt=0
[36m(PiperActor pid=3779203)[0m 2026-04-07 23:21:32,485 - piper_actor - DEBUG - exec_send key ((0, 0), 1) to peer pp rank 1
[36m(PiperActor pid=3779203)[0m 2026-04-07 23:21:32,486 - piper_actor - DEBUG - run_dag dispatch (time 8): recv s2 mb1 bkt=0
[36m(PiperActor pid=3779203)[0m 2026-04-07 23:21:32,486 - piper_actor - DEBUG - exec_recv key ((2, 0), 1) from peer pp rank 1
[36m(PiperActor pid=3779203)[0m 2026-04-07 23:21:32,487 - piper_actor - DEBUG - run_dag dispatch (time 12): forward s2 mb1 bkt=0
[36m(PiperActor pid=3779236)[0m 2026-04-07 23:21:32,435 - piper_actor - DEBUG - run_dag dispatch (time -4): recv s1 mb0 bkt=0
[36m(PiperActor pid=3779236)[0m 2026-04-07 23:21:32,436 - piper_actor - DEBUG - exec_recv key ((1, 0), 0) from peer pp rank 0
[36m(PiperActor pid=3779236)[0m 2026-04-07 23:21:32,437 - piper_actor - DEBUG - run_dag dispatch (time -2): alloc_full_params s1 mb0 bkt=-1
[36m(PiperActor pid=3779236)[0m 2026-04-07 23:21:32,438 - piper_actor - DEBUG - run_dag dispatch (time -1): all_gather s1 mb0 bkt=0
[36m(PiperActor pid=3779236)[0m 2026-04-07 23:21:32,439 - piper_actor - DEBUG - run_dag dispatch (time 0): forward s1 mb0 bkt=0
[36m(PiperActor pid=3779236)[0m 2026-04-07 23:21:32,451 - piper_actor - DEBUG - run_dag dispatch (time 0): recv s1 mb1 bkt=0
[36m(PiperActor pid=3779236)[0m 2026-04-07 23:21:32,451 - piper_actor - DEBUG - exec_recv key ((1, 0), 1) from peer pp rank 0
[36m(PiperActor pid=3779236)[0m 2026-04-07 23:21:32,452 - piper_actor - DEBUG - run_dag dispatch (time 4): forward s1 mb1 bkt=0
[36m(PiperActor pid=3779236)[0m 2026-04-07 23:21:32,466 - piper_actor - DEBUG - run_dag dispatch (time 4): recv s3 mb0 bkt=0
[36m(PiperActor pid=3779236)[0m 2026-04-07 23:21:32,466 - piper_actor - DEBUG - exec_recv key ((3, 0), 0) from peer pp rank 0
[36m(PiperActor pid=3779236)[0m 2026-04-07 23:21:32,467 - piper_actor - DEBUG - run_dag dispatch (time 4): send s1 mb0 bkt=0
[36m(PiperActor pid=3779236)[0m 2026-04-07 23:21:32,467 - piper_actor - DEBUG - exec_send key ((1, 0), 0) to peer pp rank 0
[36m(PiperActor pid=3779236)[0m 2026-04-07 23:21:32,468 - piper_actor - DEBUG - run_dag dispatch (time 5): free_full_params s1 mb0 bkt=-1
[36m(PiperActor pid=3779236)[0m 2026-04-07 23:21:32,469 - piper_actor - DEBUG - run_dag dispatch (time 6): alloc_full_params s3 mb0 bkt=-1
[36m(PiperActor pid=3779236)[0m 2026-04-07 23:21:32,470 - piper_actor - DEBUG - run_dag dispatch (time 7): all_gather s3 mb0 bkt=0
[36m(PiperActor pid=3779236)[0m 2026-04-07 23:21:32,471 - piper_actor - DEBUG - run_dag dispatch (time 8): forward s3 mb0 bkt=0
[36m(PiperActor pid=3779236)[0m 2026-04-07 23:21:32,484 - piper_actor - DEBUG - run_dag dispatch (time 8): send s1 mb1 bkt=0
[36m(PiperActor pid=3779236)[0m 2026-04-07 23:21:32,484 - piper_actor - DEBUG - exec_send key ((1, 0), 1) to peer pp rank 0
[36m(PiperActor pid=3779236)[0m 2026-04-07 23:21:32,485 - piper_actor - DEBUG - run_dag dispatch (time 11): alloc_full_grads s3 mb0 bkt=-1
[36m(PiperActor pid=3779236)[0m 2026-04-07 23:21:32,486 - piper_actor - DEBUG - run_dag dispatch (time 12): backward s3 mb0 bkt=0
[36m(PiperActor pid=3779197)[0m 2026-04-07 23:21:32,510 - piper_actor - DEBUG - run_dag dispatch (time 12): recv s3 mb1 bkt=0
[36m(PiperActor pid=3779197)[0m 2026-04-07 23:21:32,510 - piper_actor - DEBUG - exec_recv key ((3, 0), 1) from peer pp rank 0
[36m(PiperActor pid=3779197)[0m 2026-04-07 23:21:32,512 - piper_actor - DEBUG - run_dag dispatch (time 12): reduce_scatter s3 mb0 bkt=0
[36m(PiperActor pid=3779197)[0m 2026-04-07 23:21:32,513 - piper_actor - DEBUG - run_dag dispatch (time 12): free_full_grads s3 mb0 bkt=-1
[36m(PiperActor pid=3779197)[0m 2026-04-07 23:21:32,513 - piper_actor - DEBUG - run_dag dispatch (time 16): forward s3 mb1 bkt=0
[36m(PiperActor pid=3779212)[0m 2026-04-07 23:21:32,504 - piper_actor - DEBUG - run_dag dispatch (time 16): send s2 mb1 bkt=0
[36m(PiperActor pid=3779212)[0m 2026-04-07 23:21:32,505 - piper_actor - DEBUG - exec_send key ((2, 0), 1) to peer pp rank 1
[36m(PiperActor pid=3779212)[0m 2026-04-07 23:21:32,506 - piper_actor - DEBUG - run_dag dispatch (time 16): recv s2 mb0 bkt=0
[36m(PiperActor pid=3779212)[0m 2026-04-07 23:21:32,506 - piper_actor - DEBUG - exec_recv key (None, 0) from peer pp rank 1
[36m(PiperActor pid=3779212)[0m 2026-04-07 23:21:32,507 - piper_actor - DEBUG - run_dag dispatch (time 17): free_full_params s0 mb0 bkt=-1
[36m(PiperActor pid=3779212)[0m 2026-04-07 23:21:32,508 - piper_actor - DEBUG - run_dag dispatch (time 18): alloc_full_params s2 mb0 bkt=-1
[36m(PiperActor pid=3779212)[0m 2026-04-07 23:21:32,509 - piper_actor - DEBUG - run_dag dispatch (time 19): all_gather s2 mb0 bkt=0
[36m(PiperActor pid=3779212)[0m 2026-04-07 23:21:32,510 - piper_actor - DEBUG - run_dag dispatch (time 19): alloc_full_grads s2 mb0 bkt=-1
[36m(PiperActor pid=3779212)[0m 2026-04-07 23:21:32,511 - piper_actor - DEBUG - run_dag dispatch (time 20): backward s2 mb0 bkt=0
[36m(PiperActor pid=3779203)[0m 2026-04-07 23:21:32,499 - piper_actor - DEBUG - run_dag dispatch (time 12): send s2 mb0 bkt=0
[36m(PiperActor pid=3779203)[0m 2026-04-07 23:21:32,499 - piper_actor - DEBUG - exec_send key ((2, 0), 0) to peer pp rank 1
[36m(PiperActor pid=3779203)[0m 2026-04-07 23:21:32,501 - piper_actor - DEBUG - run_dag dispatch (time 13): free_full_params s2 mb0 bkt=-1
[36m(PiperActor pid=3779203)[0m 2026-04-07 23:21:32,502 - piper_actor - DEBUG - run_dag dispatch (time 14): alloc_full_params s0 mb0 bkt=-1
[36m(PiperActor pid=3779203)[0m 2026-04-07 23:21:32,503 - piper_actor - DEBUG - run_dag dispatch (time 15): all_gather s0 mb0 bkt=0
[36m(PiperActor pid=3779203)[0m 2026-04-07 23:21:32,504 - piper_actor - DEBUG - run_dag dispatch (time 16): forward s0 mb2 bkt=0
[36m(PiperActor pid=3779203)[0m 2026-04-07 23:21:32,517 - piper_actor - DEBUG - run_dag dispatch (time 16): send s2 mb1 bkt=0
[36m(PiperActor pid=3779203)[0m 2026-04-07 23:21:32,517 - piper_actor - DEBUG - exec_send key ((2, 0), 1) to peer pp rank 1
[36m(PiperActor pid=3779203)[0m 2026-04-07 23:21:32,518 - piper_actor - DEBUG - run_dag dispatch (time 16): recv s2 mb0 bkt=0
[36m(PiperActor pid=3779203)[0m 2026-04-07 23:21:32,518 - piper_actor - DEBUG - exec_recv key (None, 0) from peer pp rank 1
[36m(PiperActor pid=3779203)[0m 2026-04-07 23:21:32,519 - piper_actor - DEBUG - run_dag dispatch (time 17): free_full_params s0 mb0 bkt=-1
[36m(PiperActor pid=3779203)[0m 2026-04-07 23:21:32,521 - piper_actor - DEBUG - run_dag dispatch (time 18): alloc_full_params s2 mb0 bkt=-1
[36m(PiperActor pid=3779203)[0m 2026-04-07 23:21:32,522 - piper_actor - DEBUG - run_dag dispatch (time 19): all_gather s2 mb0 bkt=0
[36m(PiperActor pid=3779203)[0m 2026-04-07 23:21:32,523 - piper_actor - DEBUG - run_dag dispatch (time 19): alloc_full_grads s2 mb0 bkt=-1
[36m(PiperActor pid=3779203)[0m 2026-04-07 23:21:32,524 - piper_actor - DEBUG - run_dag dispatch (time 20): backward s2 mb0 bkt=0
[36m(PiperActor pid=3779197)[0m 2026-04-07 23:21:32,545 - piper_actor - DEBUG - run_dag dispatch (time 16): send s3 mb0 bkt=0
[36m(PiperActor pid=3779197)[0m 2026-04-07 23:21:32,546 - piper_actor - DEBUG - exec_send key (None, 0) to peer pp rank 0
[36m(PiperActor pid=3779197)[0m 2026-04-07 23:21:32,547 - piper_actor - DEBUG - run_dag dispatch (time 19): alloc_full_grads s3 mb0 bkt=-1
[36m(PiperActor pid=3779197)[0m 2026-04-07 23:21:32,548 - piper_actor - DEBUG - run_dag dispatch (time 20): backward s3 mb1 bkt=0
[36m(PiperActor pid=3779212)[0m 2026-04-07 23:21:32,535 - piper_actor - DEBUG - run_dag dispatch (time 20): send s0 mb2 bkt=0
[36m(PiperActor pid=3779212)[0m 2026-04-07 23:21:32,535 - piper_actor - DEBUG - exec_send key ((0, 0), 2) to peer pp rank 1
[36m(PiperActor pid=3779212)[0m 2026-04-07 23:21:32,537 - piper_actor - DEBUG - run_dag dispatch (time 20): reduce_scatter s2 mb0 bkt=0
[36m(PiperActor pid=3779212)[0m 2026-04-07 23:21:32,538 - piper_actor - DEBUG - run_dag dispatch (time 20): free_full_grads s2 mb0 bkt=-1
[36m(PiperActor pid=3779212)[0m 2026-04-07 23:21:32,538 - piper_actor - DEBUG - run_dag dispatch (time 21): free_full_params s2 mb0 bkt=-1
[36m(PiperActor pid=3779212)[0m 2026-04-07 23:21:32,539 - piper_actor - DEBUG - run_dag dispatch (time 22): alloc_full_params s0 mb0 bkt=-1
[36m(PiperActor pid=3779212)[0m 2026-04-07 23:21:32,541 - piper_actor - DEBUG - run_dag dispatch (time 23): all_gather s0 mb0 bkt=0
[36m(PiperActor pid=3779212)[0m 2026-04-07 23:21:32,542 - piper_actor - DEBUG - run_dag dispatch (time 24): forward s0 mb3 bkt=0
[36m(PiperActor pid=3779203)[0m 2026-04-07 23:21:32,548 - piper_actor - DEBUG - run_dag dispatch (time 20): send s0 mb2 bkt=0
[36m(PiperActor pid=3779203)[0m 2026-04-07 23:21:32,549 - piper_actor - DEBUG - exec_send key ((0, 0), 2) to peer pp rank 1
[36m(PiperActor pid=3779203)[0m 2026-04-07 23:21:32,550 - piper_actor - DEBUG - run_dag dispatch (time 20): reduce_scatter s2 mb0 bkt=0
[36m(PiperActor pid=3779203)[0m 2026-04-07 23:21:32,551 - piper_actor - DEBUG - run_dag dispatch (time 20): free_full_grads s2 mb0 bkt=-1
[36m(PiperActor pid=3779203)[0m 2026-04-07 23:21:32,552 - piper_actor - DEBUG - run_dag dispatch (time 21): free_full_params s2 mb0 bkt=-1
[36m(PiperActor pid=3779203)[0m 2026-04-07 23:21:32,553 - piper_actor - DEBUG - run_dag dispatch (time 22): alloc_full_params s0 mb0 bkt=-1
[36m(PiperActor pid=3779203)[0m 2026-04-07 23:21:32,555 - piper_actor - DEBUG - run_dag dispatch (time 23): all_gather s0 mb0 bkt=0
[36m(PiperActor pid=3779203)[0m 2026-04-07 23:21:32,556 - piper_actor - DEBUG - run_dag dispatch (time 24): forward s0 mb3 bkt=0
[36m(PiperActor pid=3779236)[0m 2026-04-07 23:21:32,537 - piper_actor - DEBUG - run_dag dispatch (time 12): recv s3 mb1 bkt=0
[36m(PiperActor pid=3779236)[0m 2026-04-07 23:21:32,538 - piper_actor - DEBUG - exec_recv key ((3, 0), 1) from peer pp rank 0
[36m(PiperActor pid=3779236)[0m 2026-04-07 23:21:32,539 - piper_actor - DEBUG - run_dag dispatch (time 12): reduce_scatter s3 mb0 bkt=0
[36m(PiperActor pid=3779236)[0m 2026-04-07 23:21:32,540 - piper_actor - DEBUG - run_dag dispatch (time 12): free_full_grads s3 mb0 bkt=-1
[36m(PiperActor pid=3779236)[0m 2026-04-07 23:21:32,541 - piper_actor - DEBUG - run_dag dispatch (time 16): forward s3 mb1 bkt=0
[36m(PiperActor pid=3779236)[0m 2026-04-07 23:21:32,553 - piper_actor - DEBUG - run_dag dispatch (time 16): send s3 mb0 bkt=0
[36m(PiperActor pid=3779236)[0m 2026-04-07 23:21:32,553 - piper_actor - DEBUG - exec_send key (None, 0) to peer pp rank 0
[36m(PiperActor pid=3779236)[0m 2026-04-07 23:21:32,554 - piper_actor - DEBUG - run_dag dispatch (time 19): alloc_full_grads s3 mb0 bkt=-1
[36m(PiperActor pid=3779236)[0m 2026-04-07 23:21:32,556 - piper_actor - DEBUG - run_dag dispatch (time 20): backward s3 mb1 bkt=0
[36m(PiperActor pid=3779197)[0m 2026-04-07 23:21:32,586 - piper_actor - DEBUG - run_dag dispatch (time 20): recv s1 mb2 bkt=0
[36m(PiperActor pid=3779197)[0m 2026-04-07 23:21:32,586 - piper_actor - DEBUG - exec_recv key ((1, 0), 2) from peer pp rank 0
[36m(PiperActor pid=3779197)[0m 2026-04-07 23:21:32,587 - piper_actor - DEBUG - run_dag dispatch (time 20): reduce_scatter s3 mb1 bkt=0
[36m(PiperActor pid=3779197)[0m 2026-04-07 23:21:32,588 - piper_actor - DEBUG - run_dag dispatch (time 20): free_full_grads s3 mb0 bkt=-1
[36m(PiperActor pid=3779197)[0m 2026-04-07 23:21:32,589 - piper_actor - DEBUG - run_dag dispatch (time 21): free_full_params s3 mb0 bkt=-1
[36m(PiperActor pid=3779197)[0m 2026-04-07 23:21:32,590 - piper_actor - DEBUG - run_dag dispatch (time 22): alloc_full_params s1 mb0 bkt=-1
[36m(PiperActor pid=3779197)[0m 2026-04-07 23:21:32,592 - piper_actor - DEBUG - run_dag dispatch (time 23): all_gather s1 mb0 bkt=0
[36m(PiperActor pid=3779197)[0m 2026-04-07 23:21:32,592 - piper_actor - DEBUG - run_dag dispatch (time 24): forward s1 mb2 bkt=0
[36m(PiperActor pid=3779212)[0m 2026-04-07 23:21:32,576 - piper_actor - DEBUG - run_dag dispatch (time 24): send s2 mb0 bkt=0
[36m(PiperActor pid=3779212)[0m 2026-04-07 23:21:32,576 - piper_actor - DEBUG - exec_send key (None, 0) to peer pp rank 1
[36m(PiperActor pid=3779212)[0m 2026-04-07 23:21:32,577 - piper_actor - DEBUG - run_dag dispatch (time 24): recv s2 mb1 bkt=0
[36m(PiperActor pid=3779212)[0m 2026-04-07 23:21:32,577 - piper_actor - DEBUG - exec_recv key (None, 1) from peer pp rank 1
[36m(PiperActor pid=3779212)[0m 2026-04-07 23:21:32,578 - piper_actor - DEBUG - run_dag dispatch (time 25): free_full_params s0 mb0 bkt=-1
[36m(PiperActor pid=3779212)[0m 2026-04-07 23:21:32,579 - piper_actor - DEBUG - run_dag dispatch (time 26): alloc_full_params s2 mb0 bkt=-1
[36m(PiperActor pid=3779212)[0m 2026-04-07 23:21:32,581 - piper_actor - DEBUG - run_dag dispatch (time 27): all_gather s2 mb0 bkt=0
[36m(PiperActor pid=3779212)[0m 2026-04-07 23:21:32,581 - piper_actor - DEBUG - run_dag dispatch (time 27): alloc_full_grads s2 mb0 bkt=-1
[36m(PiperActor pid=3779212)[0m 2026-04-07 23:21:32,582 - piper_actor - DEBUG - run_dag dispatch (time 28): backward s2 mb1 bkt=0
[36m(PiperActor pid=3779203)[0m 2026-04-07 23:21:32,580 - piper_actor - DEBUG - run_dag dispatch (time 24): send s2 mb0 bkt=0
[36m(PiperActor pid=3779203)[0m 2026-04-07 23:21:32,580 - piper_actor - DEBUG - exec_send key (None, 0) to peer pp rank 1
[36m(PiperActor pid=3779203)[0m 2026-04-07 23:21:32,581 - piper_actor - DEBUG - run_dag dispatch (time 24): recv s2 mb1 bkt=0
[36m(PiperActor pid=3779203)[0m 2026-04-07 23:21:32,581 - piper_actor - DEBUG - exec_recv key (None, 1) from peer pp rank 1
[36m(PiperActor pid=3779203)[0m 2026-04-07 23:21:32,582 - piper_actor - DEBUG - run_dag dispatch (time 25): free_full_params s0 mb0 bkt=-1
[36m(PiperActor pid=3779203)[0m 2026-04-07 23:21:32,584 - piper_actor - DEBUG - run_dag dispatch (time 26): alloc_full_params s2 mb0 bkt=-1
[36m(PiperActor pid=3779203)[0m 2026-04-07 23:21:32,585 - piper_actor - DEBUG - run_dag dispatch (time 27): all_gather s2 mb0 bkt=0
[36m(PiperActor pid=3779203)[0m 2026-04-07 23:21:32,586 - piper_actor - DEBUG - run_dag dispatch (time 27): alloc_full_grads s2 mb0 bkt=-1
[36m(PiperActor pid=3779203)[0m 2026-04-07 23:21:32,587 - piper_actor - DEBUG - run_dag dispatch (time 28): backward s2 mb1 bkt=0
[36m(PiperActor pid=3779236)[0m 2026-04-07 23:21:32,586 - piper_actor - DEBUG - run_dag dispatch (time 20): recv s1 mb2 bkt=0
[36m(PiperActor pid=3779236)[0m 2026-04-07 23:21:32,586 - piper_actor - DEBUG - exec_recv key ((1, 0), 2) from peer pp rank 0
[36m(PiperActor pid=3779236)[0m 2026-04-07 23:21:32,587 - piper_actor - DEBUG - run_dag dispatch (time 20): reduce_scatter s3 mb1 bkt=0
[36m(PiperActor pid=3779236)[0m 2026-04-07 23:21:32,589 - piper_actor - DEBUG - run_dag dispatch (time 20): free_full_grads s3 mb0 bkt=-1
[36m(PiperActor pid=3779236)[0m 2026-04-07 23:21:32,589 - piper_actor - DEBUG - run_dag dispatch (time 21): free_full_params s3 mb0 bkt=-1
[36m(PiperActor pid=3779236)[0m 2026-04-07 23:21:32,591 - piper_actor - DEBUG - run_dag dispatch (time 22): alloc_full_params s1 mb0 bkt=-1
[36m(PiperActor pid=3779236)[0m 2026-04-07 23:21:32,592 - piper_actor - DEBUG - run_dag dispatch (time 23): all_gather s1 mb0 bkt=0
[36m(PiperActor pid=3779236)[0m 2026-04-07 23:21:32,593 - piper_actor - DEBUG - run_dag dispatch (time 24): forward s1 mb2 bkt=0
[36m(PiperActor pid=3779197)[0m 2026-04-07 23:21:32,626 - piper_actor - DEBUG - run_dag dispatch (time 24): recv s1 mb0 bkt=0
[36m(PiperActor pid=3779197)[0m 2026-04-07 23:21:32,626 - piper_actor - DEBUG - exec_recv key (None, 0) from peer pp rank 0
[36m(PiperActor pid=3779197)[0m 2026-04-07 23:21:32,627 - piper_actor - DEBUG - run_dag dispatch (time 24): send s3 mb1 bkt=0
[36m(PiperActor pid=3779197)[0m 2026-04-07 23:21:32,627 - piper_actor - DEBUG - exec_send key (None, 1) to peer pp rank 0
[36m(PiperActor pid=3779197)[0m 2026-04-07 23:21:32,628 - piper_actor - DEBUG - run_dag dispatch (time 27): alloc_full_grads s1 mb0 bkt=-1
[36m(PiperActor pid=3779197)[0m 2026-04-07 23:21:32,629 - piper_actor - DEBUG - run_dag dispatch (time 28): backward s1 mb0 bkt=0
[36m(PiperActor pid=3779212)[0m 2026-04-07 23:21:32,618 - piper_actor - DEBUG - run_dag dispatch (time 28): send s0 mb3 bkt=0
[36m(PiperActor pid=3779212)[0m 2026-04-07 23:21:32,619 - piper_actor - DEBUG - exec_send key ((0, 0), 3) to peer pp rank 1
[36m(PiperActor pid=3779212)[0m 2026-04-07 23:21:32,620 - piper_actor - DEBUG - run_dag dispatch (time 28): recv s2 mb2 bkt=0
[36m(PiperActor pid=3779212)[0m 2026-04-07 23:21:32,620 - piper_actor - DEBUG - exec_recv key ((2, 0), 2) from peer pp rank 1
[36m(PiperActor pid=3779212)[0m 2026-04-07 23:21:32,621 - piper_actor - DEBUG - run_dag dispatch (time 28): reduce_scatter s2 mb1 bkt=0
[36m(PiperActor pid=3779212)[0m 2026-04-07 23:21:32,623 - piper_actor - DEBUG - run_dag dispatch (time 28): free_full_grads s2 mb0 bkt=-1
[36m(PiperActor pid=3779212)[0m 2026-04-07 23:21:32,623 - piper_actor - DEBUG - run_dag dispatch (time 32): forward s2 mb2 bkt=0
[36m(PiperActor pid=3779203)[0m 2026-04-07 23:21:32,619 - piper_actor - DEBUG - run_dag dispatch (time 28): send s0 mb3 bkt=0
[36m(PiperActor pid=3779203)[0m 2026-04-07 23:21:32,619 - piper_actor - DEBUG - exec_send key ((0, 0), 3) to peer pp rank 1
[36m(PiperActor pid=3779203)[0m 2026-04-07 23:21:32,620 - piper_actor - DEBUG - run_dag dispatch (time 28): recv s2 mb2 bkt=0
[36m(PiperActor pid=3779203)[0m 2026-04-07 23:21:32,620 - piper_actor - DEBUG - exec_recv key ((2, 0), 2) from peer pp rank 1
[36m(PiperActor pid=3779203)[0m 2026-04-07 23:21:32,621 - piper_actor - DEBUG - run_dag dispatch (time 28): reduce_scatter s2 mb1 bkt=0
[36m(PiperActor pid=3779203)[0m 2026-04-07 23:21:32,623 - piper_actor - DEBUG - run_dag dispatch (time 28): free_full_grads s2 mb0 bkt=-1
[36m(PiperActor pid=3779203)[0m 2026-04-07 23:21:32,624 - piper_actor - DEBUG - run_dag dispatch (time 32): forward s2 mb2 bkt=0
[36m(PiperActor pid=3779236)[0m 2026-04-07 23:21:32,626 - piper_actor - DEBUG - run_dag dispatch (time 24): recv s1 mb0 bkt=0
[36m(PiperActor pid=3779236)[0m 2026-04-07 23:21:32,627 - piper_actor - DEBUG - exec_recv key (None, 0) from peer pp rank 0
[36m(PiperActor pid=3779236)[0m 2026-04-07 23:21:32,628 - piper_actor - DEBUG - run_dag dispatch (time 24): send s3 mb1 bkt=0
[36m(PiperActor pid=3779236)[0m 2026-04-07 23:21:32,628 - piper_actor - DEBUG - exec_send key (None, 1) to peer pp rank 0
[36m(PiperActor pid=3779236)[0m 2026-04-07 23:21:32,629 - piper_actor - DEBUG - run_dag dispatch (time 27): alloc_full_grads s1 mb0 bkt=-1
[36m(PiperActor pid=3779236)[0m 2026-04-07 23:21:32,630 - piper_actor - DEBUG - run_dag dispatch (time 28): backward s1 mb0 bkt=0
[36m(PiperActor pid=3779197)[0m 2026-04-07 23:21:32,661 - piper_actor - DEBUG - run_dag dispatch (time 28): recv s1 mb3 bkt=0
[36m(PiperActor pid=3779197)[0m 2026-04-07 23:21:32,661 - piper_actor - DEBUG - exec_recv key ((1, 0), 3) from peer pp rank 0
[36m(PiperActor pid=3779197)[0m 2026-04-07 23:21:32,662 - piper_actor - DEBUG - run_dag dispatch (time 28): send s1 mb2 bkt=0
[36m(PiperActor pid=3779197)[0m 2026-04-07 23:21:32,663 - piper_actor - DEBUG - exec_send key ((1, 0), 2) to peer pp rank 0
[36m(PiperActor pid=3779197)[0m 2026-04-07 23:21:32,664 - piper_actor - DEBUG - run_dag dispatch (time 28): reduce_scatter s1 mb0 bkt=0
[36m(PiperActor pid=3779197)[0m 2026-04-07 23:21:32,665 - piper_actor - DEBUG - run_dag dispatch (time 28): free_full_grads s1 mb0 bkt=-1
[36m(PiperActor pid=3779197)[0m 2026-04-07 23:21:32,666 - piper_actor - DEBUG - run_dag dispatch (time 32): forward s1 mb3 bkt=0
[36m(PiperActor pid=3779197)[0m 2026-04-07 23:21:32,678 - piper_actor - DEBUG - run_dag dispatch (time 32): recv s1 mb1 bkt=0
[36m(PiperActor pid=3779197)[0m 2026-04-07 23:21:32,678 - piper_actor - DEBUG - exec_recv key (None, 1) from peer pp rank 0
[36m(PiperActor pid=3779197)[0m 2026-04-07 23:21:32,679 - piper_actor - DEBUG - run_dag dispatch (time 32): send s1 mb0 bkt=0
[36m(PiperActor pid=3779197)[0m 2026-04-07 23:21:32,679 - piper_actor - DEBUG - exec_send key (None, 0) to peer pp rank 0
[36m(PiperActor pid=3779197)[0m 2026-04-07 23:21:32,680 - piper_actor - DEBUG - run_dag dispatch (time 35): alloc_full_grads s1 mb0 bkt=-1
[36m(PiperActor pid=3779197)[0m 2026-04-07 23:21:32,681 - piper_actor - DEBUG - run_dag dispatch (time 36): backward s1 mb1 bkt=0
[36m(PiperActor pid=3779212)[0m 2026-04-07 23:21:32,657 - piper_actor - DEBUG - run_dag dispatch (time 32): send s2 mb1 bkt=0
[36m(PiperActor pid=3779212)[0m 2026-04-07 23:21:32,657 - piper_actor - DEBUG - exec_send key (None, 1) to peer pp rank 1
[36m(PiperActor pid=3779212)[0m 2026-04-07 23:21:32,658 - piper_actor - DEBUG - run_dag dispatch (time 32): recv s0 mb0 bkt=0
[36m(PiperActor pid=3779212)[0m 2026-04-07 23:21:32,658 - piper_actor - DEBUG - exec_recv key (None, 0) from peer pp rank 1
[36m(PiperActor pid=3779212)[0m 2026-04-07 23:21:32,659 - piper_actor - DEBUG - run_dag dispatch (time 33): free_full_params s2 mb0 bkt=-1
[36m(PiperActor pid=3779212)[0m 2026-04-07 23:21:32,660 - piper_actor - DEBUG - run_dag dispatch (time 34): alloc_full_params s0 mb0 bkt=-1
[36m(PiperActor pid=3779212)[0m 2026-04-07 23:21:32,662 - piper_actor - DEBUG - run_dag dispatch (time 35): all_gather s0 mb0 bkt=0
[36m(PiperActor pid=3779212)[0m 2026-04-07 23:21:32,662 - piper_actor - DEBUG - run_dag dispatch (time 35): alloc_full_grads s0 mb0 bkt=-1
[36m(PiperActor pid=3779212)[0m 2026-04-07 23:21:32,663 - piper_actor - DEBUG - run_dag dispatch (time 36): backward s0 mb0 bkt=0
[36m(PiperActor pid=3779203)[0m 2026-04-07 23:21:32,658 - piper_actor - DEBUG - run_dag dispatch (time 32): send s2 mb1 bkt=0
[36m(PiperActor pid=3779203)[0m 2026-04-07 23:21:32,658 - piper_actor - DEBUG - exec_send key (None, 1) to peer pp rank 1
[36m(PiperActor pid=3779203)[0m 2026-04-07 23:21:32,659 - piper_actor - DEBUG - run_dag dispatch (time 32): recv s0 mb0 bkt=0
[36m(PiperActor pid=3779203)[0m 2026-04-07 23:21:32,659 - piper_actor - DEBUG - exec_recv key (None, 0) from peer pp rank 1
[36m(PiperActor pid=3779203)[0m 2026-04-07 23:21:32,660 - piper_actor - DEBUG - run_dag dispatch (time 33): free_full_params s2 mb0 bkt=-1
[36m(PiperActor pid=3779203)[0m 2026-04-07 23:21:32,662 - piper_actor - DEBUG - run_dag dispatch (time 34): alloc_full_params s0 mb0 bkt=-1
[36m(PiperActor pid=3779203)[0m 2026-04-07 23:21:32,663 - piper_actor - DEBUG - run_dag dispatch (time 35): all_gather s0 mb0 bkt=0
[36m(PiperActor pid=3779203)[0m 2026-04-07 23:21:32,664 - piper_actor - DEBUG - run_dag dispatch (time 35): alloc_full_grads s0 mb0 bkt=-1
[36m(PiperActor pid=3779203)[0m 2026-04-07 23:21:32,665 - piper_actor - DEBUG - run_dag dispatch (time 36): backward s0 mb0 bkt=0
[36m(PiperActor pid=3779236)[0m 2026-04-07 23:21:32,661 - piper_actor - DEBUG - run_dag dispatch (time 28): recv s1 mb3 bkt=0
[36m(PiperActor pid=3779236)[0m 2026-04-07 23:21:32,662 - piper_actor - DEBUG - exec_recv key ((1, 0), 3) from peer pp rank 0
[36m(PiperActor pid=3779236)[0m 2026-04-07 23:21:32,663 - piper_actor - DEBUG - run_dag dispatch (time 28): send s1 mb2 bkt=0
[36m(PiperActor pid=3779236)[0m 2026-04-07 23:21:32,663 - piper_actor - DEBUG - exec_send key ((1, 0), 2) to peer pp rank 0
[36m(PiperActor pid=3779236)[0m 2026-04-07 23:21:32,664 - piper_actor - DEBUG - run_dag dispatch (time 28): reduce_scatter s1 mb0 bkt=0
[36m(PiperActor pid=3779236)[0m 2026-04-07 23:21:32,665 - piper_actor - DEBUG - run_dag dispatch (time 28): free_full_grads s1 mb0 bkt=-1
[36m(PiperActor pid=3779236)[0m 2026-04-07 23:21:32,666 - piper_actor - DEBUG - run_dag dispatch (time 32): forward s1 mb3 bkt=0
[36m(PiperActor pid=3779236)[0m 2026-04-07 23:21:32,678 - piper_actor - DEBUG - run_dag dispatch (time 32): recv s1 mb1 bkt=0
[36m(PiperActor pid=3779236)[0m 2026-04-07 23:21:32,678 - piper_actor - DEBUG - exec_recv key (None, 1) from peer pp rank 0
[36m(PiperActor pid=3779236)[0m 2026-04-07 23:21:32,679 - piper_actor - DEBUG - run_dag dispatch (time 32): send s1 mb0 bkt=0
[36m(PiperActor pid=3779236)[0m 2026-04-07 23:21:32,679 - piper_actor - DEBUG - exec_send key (None, 0) to peer pp rank 0
[36m(PiperActor pid=3779236)[0m 2026-04-07 23:21:32,680 - piper_actor - DEBUG - run_dag dispatch (time 35): alloc_full_grads s1 mb0 bkt=-1
[36m(PiperActor pid=3779236)[0m 2026-04-07 23:21:32,681 - piper_actor - DEBUG - run_dag dispatch (time 36): backward s1 mb1 bkt=0
[36m(PiperActor pid=3779197)[0m 2026-04-07 23:21:32,713 - piper_actor - DEBUG - run_dag dispatch (time 36): recv s3 mb2 bkt=0
[36m(PiperActor pid=3779197)[0m 2026-04-07 23:21:32,714 - piper_actor - DEBUG - exec_recv key ((3, 0), 2) from peer pp rank 0
[36m(PiperActor pid=3779197)[0m 2026-04-07 23:21:32,715 - piper_actor - DEBUG - run_dag dispatch (time 36): send s1 mb3 bkt=0
[36m(PiperActor pid=3779197)[0m 2026-04-07 23:21:32,715 - piper_actor - DEBUG - exec_send key ((1, 0), 3) to peer pp rank 0
[36m(PiperActor pid=3779197)[0m 2026-04-07 23:21:32,716 - piper_actor - DEBUG - run_dag dispatch (time 36): reduce_scatter s1 mb1 bkt=0
[36m(PiperActor pid=3779197)[0m 2026-04-07 23:21:32,716 - piper_actor - DEBUG - run_dag dispatch (time 36): free_full_grads s1 mb0 bkt=-1
[36m(PiperActor pid=3779197)[0m 2026-04-07 23:21:32,717 - piper_actor - DEBUG - run_dag dispatch (time 37): free_full_params s1 mb0 bkt=-1
[36m(PiperActor pid=3779197)[0m 2026-04-07 23:21:32,718 - piper_actor - DEBUG - run_dag dispatch (time 38): alloc_full_params s3 mb0 bkt=-1
[36m(PiperActor pid=3779197)[0m 2026-04-07 23:21:32,720 - piper_actor - DEBUG - run_dag dispatch (time 39): all_gather s3 mb0 bkt=0
[36m(PiperActor pid=3779197)[0m 2026-04-07 23:21:32,721 - piper_actor - DEBUG - run_dag dispatch (time 40): forward s3 mb2 bkt=0
[36m(PiperActor pid=3779212)[0m 2026-04-07 23:21:32,700 - piper_actor - DEBUG - run_dag dispatch (time 36): send s2 mb2 bkt=0
[36m(PiperActor pid=3779212)[0m 2026-04-07 23:21:32,701 - piper_actor - DEBUG - exec_send key ((2, 0), 2) to peer pp rank 1
[36m(PiperActor pid=3779212)[0m 2026-04-07 23:21:32,702 - piper_actor - DEBUG - run_dag dispatch (time 36): recv s2 mb3 bkt=0
[36m(PiperActor pid=3779212)[0m 2026-04-07 23:21:32,702 - piper_actor - DEBUG - exec_recv key ((2, 0), 3) from peer pp rank 1
[36m(PiperActor pid=3779212)[0m 2026-04-07 23:21:32,703 - piper_actor - DEBUG - run_dag dispatch (time 36): reduce_scatter s0 mb0 bkt=0
[36m(PiperActor pid=3779212)[0m 2026-04-07 23:21:32,704 - piper_actor - DEBUG - run_dag dispatch (time 36): free_full_grads s0 mb0 bkt=-1
[36m(PiperActor pid=3779212)[0m 2026-04-07 23:21:32,705 - piper_actor - DEBUG - run_dag dispatch (time 37): free_full_params s0 mb0 bkt=-1
[36m(PiperActor pid=3779212)[0m 2026-04-07 23:21:32,706 - piper_actor - DEBUG - run_dag dispatch (time 38): alloc_full_params s2 mb0 bkt=-1
[36m(PiperActor pid=3779212)[0m 2026-04-07 23:21:32,707 - piper_actor - DEBUG - run_dag dispatch (time 39): all_gather s2 mb0 bkt=0
[36m(PiperActor pid=3779212)[0m 2026-04-07 23:21:32,708 - piper_actor - DEBUG - run_dag dispatch (time 40): forward s2 mb3 bkt=0
[36m(PiperActor pid=3779212)[0m 2026-04-07 23:21:32,720 - piper_actor - DEBUG - run_dag dispatch (time 40): recv s0 mb1 bkt=0
[36m(PiperActor pid=3779212)[0m 2026-04-07 23:21:32,720 - piper_actor - DEBUG - exec_recv key (None, 1) from peer pp rank 1
[36m(PiperActor pid=3779212)[0m 2026-04-07 23:21:32,721 - piper_actor - DEBUG - run_dag dispatch (time 41): free_full_params s2 mb0 bkt=-1
[36m(PiperActor pid=3779212)[0m 2026-04-07 23:21:32,722 - piper_actor - DEBUG - run_dag dispatch (time 42): alloc_full_params s0 mb0 bkt=-1
[36m(PiperActor pid=3779212)[0m 2026-04-07 23:21:32,723 - piper_actor - DEBUG - run_dag dispatch (time 43): all_gather s0 mb0 bkt=0
[36m(PiperActor pid=3779212)[0m 2026-04-07 23:21:32,724 - piper_actor - DEBUG - run_dag dispatch (time 43): alloc_full_grads s0 mb0 bkt=-1
[36m(PiperActor pid=3779212)[0m 2026-04-07 23:21:32,726 - piper_actor - DEBUG - run_dag dispatch (time 44): backward s0 mb1 bkt=0
[36m(PiperActor pid=3779203)[0m 2026-04-07 23:21:32,700 - piper_actor - DEBUG - run_dag dispatch (time 36): send s2 mb2 bkt=0
[36m(PiperActor pid=3779203)[0m 2026-04-07 23:21:32,700 - piper_actor - DEBUG - exec_send key ((2, 0), 2) to peer pp rank 1
[36m(PiperActor pid=3779203)[0m 2026-04-07 23:21:32,702 - piper_actor - DEBUG - run_dag dispatch (time 36): recv s2 mb3 bkt=0
[36m(PiperActor pid=3779203)[0m 2026-04-07 23:21:32,702 - piper_actor - DEBUG - exec_recv key ((2, 0), 3) from peer pp rank 1
[36m(PiperActor pid=3779203)[0m 2026-04-07 23:21:32,703 - piper_actor - DEBUG - run_dag dispatch (time 36): reduce_scatter s0 mb0 bkt=0
[36m(PiperActor pid=3779203)[0m 2026-04-07 23:21:32,704 - piper_actor - DEBUG - run_dag dispatch (time 36): free_full_grads s0 mb0 bkt=-1
[36m(PiperActor pid=3779203)[0m 2026-04-07 23:21:32,705 - piper_actor - DEBUG - run_dag dispatch (time 37): free_full_params s0 mb0 bkt=-1
[36m(PiperActor pid=3779203)[0m 2026-04-07 23:21:32,706 - piper_actor - DEBUG - run_dag dispatch (time 38): alloc_full_params s2 mb0 bkt=-1
[36m(PiperActor pid=3779203)[0m 2026-04-07 23:21:32,707 - piper_actor - DEBUG - run_dag dispatch (time 39): all_gather s2 mb0 bkt=0
[36m(PiperActor pid=3779203)[0m 2026-04-07 23:21:32,708 - piper_actor - DEBUG - run_dag dispatch (time 40): forward s2 mb3 bkt=0
[36m(PiperActor pid=3779203)[0m 2026-04-07 23:21:32,719 - piper_actor - DEBUG - run_dag dispatch (time 40): recv s0 mb1 bkt=0
[36m(PiperActor pid=3779203)[0m 2026-04-07 23:21:32,719 - piper_actor - DEBUG - exec_recv key (None, 1) from peer pp rank 1
[36m(PiperActor pid=3779203)[0m 2026-04-07 23:21:32,721 - piper_actor - DEBUG - run_dag dispatch (time 41): free_full_params s2 mb0 bkt=-1
[36m(PiperActor pid=3779203)[0m 2026-04-07 23:21:32,722 - piper_actor - DEBUG - run_dag dispatch (time 42): alloc_full_params s0 mb0 bkt=-1
[36m(PiperActor pid=3779203)[0m 2026-04-07 23:21:32,723 - piper_actor - DEBUG - run_dag dispatch (time 43): all_gather s0 mb0 bkt=0
[36m(PiperActor pid=3779203)[0m 2026-04-07 23:21:32,724 - piper_actor - DEBUG - run_dag dispatch (time 43): alloc_full_grads s0 mb0 bkt=-1
[36m(PiperActor pid=3779203)[0m 2026-04-07 23:21:32,725 - piper_actor - DEBUG - run_dag dispatch (time 44): backward s0 mb1 bkt=0
[36m(PiperActor pid=3779236)[0m 2026-04-07 23:21:32,713 - piper_actor - DEBUG - run_dag dispatch (time 36): recv s3 mb2 bkt=0
[36m(PiperActor pid=3779236)[0m 2026-04-07 23:21:32,714 - piper_actor - DEBUG - exec_recv key ((3, 0), 2) from peer pp rank 0
[36m(PiperActor pid=3779236)[0m 2026-04-07 23:21:32,715 - piper_actor - DEBUG - run_dag dispatch (time 36): send s1 mb3 bkt=0
[36m(PiperActor pid=3779236)[0m 2026-04-07 23:21:32,715 - piper_actor - DEBUG - exec_send key ((1, 0), 3) to peer pp rank 0
[36m(PiperActor pid=3779236)[0m 2026-04-07 23:21:32,716 - piper_actor - DEBUG - run_dag dispatch (time 36): reduce_scatter s1 mb1 bkt=0
[36m(PiperActor pid=3779236)[0m 2026-04-07 23:21:32,717 - piper_actor - DEBUG - run_dag dispatch (time 36): free_full_grads s1 mb0 bkt=-1
[36m(PiperActor pid=3779236)[0m 2026-04-07 23:21:32,718 - piper_actor - DEBUG - run_dag dispatch (time 37): free_full_params s1 mb0 bkt=-1
[36m(PiperActor pid=3779236)[0m 2026-04-07 23:21:32,719 - piper_actor - DEBUG - run_dag dispatch (time 38): alloc_full_params s3 mb0 bkt=-1
[36m(PiperActor pid=3779236)[0m 2026-04-07 23:21:32,720 - piper_actor - DEBUG - run_dag dispatch (time 39): all_gather s3 mb0 bkt=0
[36m(PiperActor pid=3779236)[0m 2026-04-07 23:21:32,721 - piper_actor - DEBUG - run_dag dispatch (time 40): forward s3 mb2 bkt=0
[36m(PiperActor pid=3779236)[0m 2026-04-07 23:21:32,733 - piper_actor - DEBUG - run_dag dispatch (time 40): send s1 mb1 bkt=0
[36m(PiperActor pid=3779197)[0m 2026-04-07 23:21:32,732 - piper_actor - DEBUG - run_dag dispatch (time 40): send s1 mb1 bkt=0
[36m(PiperActor pid=3779197)[0m 2026-04-07 23:21:32,732 - piper_actor - DEBUG - exec_send key (None, 1) to peer pp rank 0
[36m(PiperActor pid=3779197)[0m 2026-04-07 23:21:32,733 - piper_actor - DEBUG - run_dag dispatch (time 43): alloc_full_grads s3 mb0 bkt=-1
[36m(PiperActor pid=3779197)[0m 2026-04-07 23:21:32,734 - piper_actor - DEBUG - run_dag dispatch (time 44): backward s3 mb2 bkt=0
[36m(PiperActor pid=3779197)[0m 2026-04-07 23:21:32,765 - piper_actor - DEBUG - run_dag dispatch (time 44): recv s3 mb3 bkt=0
[36m(PiperActor pid=3779197)[0m 2026-04-07 23:21:32,765 - piper_actor - DEBUG - exec_recv key ((3, 0), 3) from peer pp rank 0
[36m(PiperActor pid=3779197)[0m 2026-04-07 23:21:32,766 - piper_actor - DEBUG - run_dag dispatch (time 44): reduce_scatter s3 mb2 bkt=0
[36m(PiperActor pid=3779197)[0m 2026-04-07 23:21:32,767 - piper_actor - DEBUG - run_dag dispatch (time 44): free_full_grads s3 mb0 bkt=-1
[36m(PiperActor pid=3779197)[0m 2026-04-07 23:21:32,767 - piper_actor - DEBUG - run_dag dispatch (time 48): forward s3 mb3 bkt=0
[36m(PiperActor pid=3779212)[0m 2026-04-07 23:21:32,760 - piper_actor - DEBUG - run_dag dispatch (time 44): send s2 mb3 bkt=0
[36m(PiperActor pid=3779212)[0m 2026-04-07 23:21:32,761 - piper_actor - DEBUG - exec_send key ((2, 0), 3) to peer pp rank 1
[36m(PiperActor pid=3779212)[0m 2026-04-07 23:21:32,762 - piper_actor - DEBUG - run_dag dispatch (time 44): recv s2 mb2 bkt=0
[36m(PiperActor pid=3779212)[0m 2026-04-07 23:21:32,762 - piper_actor - DEBUG - exec_recv key (None, 2) from peer pp rank 1
[36m(PiperActor pid=3779212)[0m 2026-04-07 23:21:32,763 - piper_actor - DEBUG - run_dag dispatch (time 44): reduce_scatter s0 mb1 bkt=0
[36m(PiperActor pid=3779212)[0m 2026-04-07 23:21:32,764 - piper_actor - DEBUG - run_dag dispatch (time 44): free_full_grads s0 mb0 bkt=-1
[36m(PiperActor pid=3779212)[0m 2026-04-07 23:21:32,765 - piper_actor - DEBUG - run_dag dispatch (time 45): free_full_params s0 mb0 bkt=-1
[36m(PiperActor pid=3779212)[0m 2026-04-07 23:21:32,766 - piper_actor - DEBUG - run_dag dispatch (time 46): alloc_full_params s2 mb0 bkt=-1
[36m(PiperActor pid=3779212)[0m 2026-04-07 23:21:32,768 - piper_actor - DEBUG - run_dag dispatch (time 47): all_gather s2 mb0 bkt=0
[36m(PiperActor pid=3779212)[0m 2026-04-07 23:21:32,768 - piper_actor - DEBUG - run_dag dispatch (time 47): alloc_full_grads s2 mb0 bkt=-1
[36m(PiperActor pid=3779212)[0m 2026-04-07 23:21:32,769 - piper_actor - DEBUG - run_dag dispatch (time 48): backward s2 mb2 bkt=0
[36m(PiperActor pid=3779203)[0m 2026-04-07 23:21:32,760 - piper_actor - DEBUG - run_dag dispatch (time 44): send s2 mb3 bkt=0
[36m(PiperActor pid=3779203)[0m 2026-04-07 23:21:32,760 - piper_actor - DEBUG - exec_send key ((2, 0), 3) to peer pp rank 1
[36m(PiperActor pid=3779203)[0m 2026-04-07 23:21:32,761 - piper_actor - DEBUG - run_dag dispatch (time 44): recv s2 mb2 bkt=0
[36m(PiperActor pid=3779203)[0m 2026-04-07 23:21:32,761 - piper_actor - DEBUG - exec_recv key (None, 2) from peer pp rank 1
[36m(PiperActor pid=3779203)[0m 2026-04-07 23:21:32,762 - piper_actor - DEBUG - run_dag dispatch (time 44): reduce_scatter s0 mb1 bkt=0
[36m(PiperActor pid=3779203)[0m 2026-04-07 23:21:32,765 - piper_actor - DEBUG - run_dag dispatch (time 44): free_full_grads s0 mb0 bkt=-1
[36m(PiperActor pid=3779203)[0m 2026-04-07 23:21:32,765 - piper_actor - DEBUG - run_dag dispatch (time 45): free_full_params s0 mb0 bkt=-1
[36m(PiperActor pid=3779203)[0m 2026-04-07 23:21:32,766 - piper_actor - DEBUG - run_dag dispatch (time 46): alloc_full_params s2 mb0 bkt=-1
[36m(PiperActor pid=3779203)[0m 2026-04-07 23:21:32,768 - piper_actor - DEBUG - run_dag dispatch (time 47): all_gather s2 mb0 bkt=0
[36m(PiperActor pid=3779203)[0m 2026-04-07 23:21:32,768 - piper_actor - DEBUG - run_dag dispatch (time 47): alloc_full_grads s2 mb0 bkt=-1
[36m(PiperActor pid=3779203)[0m 2026-04-07 23:21:32,770 - piper_actor - DEBUG - run_dag dispatch (time 48): backward s2 mb2 bkt=0
[36m(PiperActor pid=3779236)[0m 2026-04-07 23:21:32,733 - piper_actor - DEBUG - exec_send key (None, 1) to peer pp rank 0
[36m(PiperActor pid=3779236)[0m 2026-04-07 23:21:32,734 - piper_actor - DEBUG - run_dag dispatch (time 43): alloc_full_grads s3 mb0 bkt=-1
[36m(PiperActor pid=3779236)[0m 2026-04-07 23:21:32,735 - piper_actor - DEBUG - run_dag dispatch (time 44): backward s3 mb2 bkt=0
[36m(PiperActor pid=3779236)[0m 2026-04-07 23:21:32,765 - piper_actor - DEBUG - run_dag dispatch (time 44): recv s3 mb3 bkt=0
[36m(PiperActor pid=3779236)[0m 2026-04-07 23:21:32,765 - piper_actor - DEBUG - exec_recv key ((3, 0), 3) from peer pp rank 0
[36m(PiperActor pid=3779236)[0m 2026-04-07 23:21:32,766 - piper_actor - DEBUG - run_dag dispatch (time 44): reduce_scatter s3 mb2 bkt=0
[36m(PiperActor pid=3779236)[0m 2026-04-07 23:21:32,767 - piper_actor - DEBUG - run_dag dispatch (time 44): free_full_grads s3 mb0 bkt=-1
[36m(PiperActor pid=3779236)[0m 2026-04-07 23:21:32,768 - piper_actor - DEBUG - run_dag dispatch (time 48): forward s3 mb3 bkt=0
[36m(PiperActor pid=3779197)[0m 2026-04-07 23:21:32,806 - piper_actor - DEBUG - run_dag dispatch (time 48): send s3 mb2 bkt=0
[36m(PiperActor pid=3779197)[0m 2026-04-07 23:21:32,806 - piper_actor - DEBUG - exec_send key (None, 2) to peer pp rank 0
[36m(PiperActor pid=3779197)[0m 2026-04-07 23:21:32,808 - piper_actor - DEBUG - run_dag dispatch (time 51): alloc_full_grads s3 mb0 bkt=-1
[36m(PiperActor pid=3779197)[0m 2026-04-07 23:21:32,809 - piper_actor - DEBUG - run_dag dispatch (time 52): backward s3 mb3 bkt=0
[36m(PiperActor pid=3779212)[0m 2026-04-07 23:21:32,797 - piper_actor - DEBUG - run_dag dispatch (time 48): recv s2 mb3 bkt=0
[36m(PiperActor pid=3779212)[0m 2026-04-07 23:21:32,797 - piper_actor - DEBUG - exec_recv key (None, 3) from peer pp rank 1
[36m(PiperActor pid=3779212)[0m 2026-04-07 23:21:32,799 - piper_actor - DEBUG - run_dag dispatch (time 52): backward s2 mb3 bkt=0
[36m(PiperActor pid=3779203)[0m 2026-04-07 23:21:32,797 - piper_actor - DEBUG - run_dag dispatch (time 48): recv s2 mb3 bkt=0
[36m(PiperActor pid=3779203)[0m 2026-04-07 23:21:32,797 - piper_actor - DEBUG - exec_recv key (None, 3) from peer pp rank 1
[36m(PiperActor pid=3779203)[0m 2026-04-07 23:21:32,799 - piper_actor - DEBUG - run_dag dispatch (time 52): backward s2 mb3 bkt=0
[36m(PiperActor pid=3779236)[0m 2026-04-07 23:21:32,806 - piper_actor - DEBUG - run_dag dispatch (time 48): send s3 mb2 bkt=0
[36m(PiperActor pid=3779236)[0m 2026-04-07 23:21:32,806 - piper_actor - DEBUG - exec_send key (None, 2) to peer pp rank 0
[36m(PiperActor pid=3779236)[0m 2026-04-07 23:21:32,808 - piper_actor - DEBUG - run_dag dispatch (time 51): alloc_full_grads s3 mb0 bkt=-1
[36m(PiperActor pid=3779236)[0m 2026-04-07 23:21:32,809 - piper_actor - DEBUG - run_dag dispatch (time 52): backward s3 mb3 bkt=0
[36m(PiperActor pid=3779197)[0m 2026-04-07 23:21:32,842 - piper_actor - DEBUG - run_dag dispatch (time 52): recv s1 mb2 bkt=0
[36m(PiperActor pid=3779197)[0m 2026-04-07 23:21:32,842 - piper_actor - DEBUG - exec_recv key (None, 2) from peer pp rank 0
[36m(PiperActor pid=3779197)[0m 2026-04-07 23:21:32,843 - piper_actor - DEBUG - run_dag dispatch (time 52): reduce_scatter s3 mb3 bkt=0
[36m(PiperActor pid=3779197)[0m 2026-04-07 23:21:32,844 - piper_actor - DEBUG - run_dag dispatch (time 52): free_full_grads s3 mb0 bkt=-1
[36m(PiperActor pid=3779197)[0m 2026-04-07 23:21:32,846 - piper_actor - DEBUG - run_dag dispatch (time 53): free_full_params s3 mb0 bkt=-1
[36m(PiperActor pid=3779197)[0m 2026-04-07 23:21:32,847 - piper_actor - DEBUG - run_dag dispatch (time 54): alloc_full_params s1 mb0 bkt=-1
[36m(PiperActor pid=3779197)[0m 2026-04-07 23:21:32,848 - piper_actor - DEBUG - run_dag dispatch (time 55): all_gather s1 mb0 bkt=0
[36m(PiperActor pid=3779197)[0m 2026-04-07 23:21:32,849 - piper_actor - DEBUG - run_dag dispatch (time 55): alloc_full_grads s1 mb0 bkt=-1
[36m(PiperActor pid=3779197)[0m 2026-04-07 23:21:32,850 - piper_actor - DEBUG - run_dag dispatch (time 56): backward s1 mb2 bkt=0
[36m(PiperActor pid=3779236)[0m 2026-04-07 23:21:32,842 - piper_actor - DEBUG - run_dag dispatch (time 52): recv s1 mb2 bkt=0
[36m(PiperActor pid=3779236)[0m 2026-04-07 23:21:32,842 - piper_actor - DEBUG - exec_recv key (None, 2) from peer pp rank 0
[36m(PiperActor pid=3779236)[0m 2026-04-07 23:21:32,843 - piper_actor - DEBUG - run_dag dispatch (time 52): reduce_scatter s3 mb3 bkt=0
[36m(PiperActor pid=3779236)[0m 2026-04-07 23:21:32,845 - piper_actor - DEBUG - run_dag dispatch (time 52): free_full_grads s3 mb0 bkt=-1
[36m(PiperActor pid=3779236)[0m 2026-04-07 23:21:32,846 - piper_actor - DEBUG - run_dag dispatch (time 53): free_full_params s3 mb0 bkt=-1
[36m(PiperActor pid=3779236)[0m 2026-04-07 23:21:32,847 - piper_actor - DEBUG - run_dag dispatch (time 54): alloc_full_params s1 mb0 bkt=-1
[36m(PiperActor pid=3779236)[0m 2026-04-07 23:21:32,848 - piper_actor - DEBUG - run_dag dispatch (time 55): all_gather s1 mb0 bkt=0
[36m(PiperActor pid=3779236)[0m 2026-04-07 23:21:32,849 - piper_actor - DEBUG - run_dag dispatch (time 55): alloc_full_grads s1 mb0 bkt=-1
[36m(PiperActor pid=3779236)[0m 2026-04-07 23:21:32,850 - piper_actor - DEBUG - run_dag dispatch (time 56): backward s1 mb2 bkt=0
[36m(PiperActor pid=3779212)[0m 2026-04-07 23:21:32,854 - piper_actor - DEBUG - run_dag dispatch (time 52): send s2 mb2 bkt=0
[36m(PiperActor pid=3779212)[0m 2026-04-07 23:21:32,854 - piper_actor - DEBUG - exec_send key (None, 2) to peer pp rank 1
[36m(PiperActor pid=3779212)[0m 2026-04-07 23:21:32,855 - piper_actor - DEBUG - run_dag dispatch (time 52): recv s0 mb2 bkt=0
[36m(PiperActor pid=3779212)[0m 2026-04-07 23:21:32,856 - piper_actor - DEBUG - exec_recv key (None, 2) from peer pp rank 1
[36m(PiperActor pid=3779212)[0m 2026-04-07 23:21:32,857 - piper_actor - DEBUG - run_dag dispatch (time 52): reduce_scatter s2 mb3 bkt=0
[36m(PiperActor pid=3779212)[0m 2026-04-07 23:21:32,858 - piper_actor - DEBUG - run_dag dispatch (time 52): free_full_grads s2 mb0 bkt=-1
[36m(PiperActor pid=3779212)[0m 2026-04-07 23:21:32,859 - piper_actor - DEBUG - run_dag dispatch (time 53): free_full_params s2 mb0 bkt=-1
[36m(PiperActor pid=3779212)[0m 2026-04-07 23:21:32,860 - piper_actor - DEBUG - run_dag dispatch (time 54): alloc_full_params s0 mb0 bkt=-1
[36m(PiperActor pid=3779212)[0m 2026-04-07 23:21:32,862 - piper_actor - DEBUG - run_dag dispatch (time 55): all_gather s0 mb0 bkt=0
[36m(PiperActor pid=3779212)[0m 2026-04-07 23:21:32,862 - piper_actor - DEBUG - run_dag dispatch (time 55): alloc_full_grads s0 mb0 bkt=-1
[36m(PiperActor pid=3779212)[0m 2026-04-07 23:21:32,864 - piper_actor - DEBUG - run_dag dispatch (time 56): backward s0 mb2 bkt=0
[36m(PiperActor pid=3779203)[0m 2026-04-07 23:21:32,854 - piper_actor - DEBUG - run_dag dispatch (time 52): send s2 mb2 bkt=0
[36m(PiperActor pid=3779203)[0m 2026-04-07 23:21:32,854 - piper_actor - DEBUG - exec_send key (None, 2) to peer pp rank 1
[36m(PiperActor pid=3779203)[0m 2026-04-07 23:21:32,855 - piper_actor - DEBUG - run_dag dispatch (time 52): recv s0 mb2 bkt=0
[36m(PiperActor pid=3779203)[0m 2026-04-07 23:21:32,856 - piper_actor - DEBUG - exec_recv key (None, 2) from peer pp rank 1
[36m(PiperActor pid=3779203)[0m 2026-04-07 23:21:32,857 - piper_actor - DEBUG - run_dag dispatch (time 52): reduce_scatter s2 mb3 bkt=0
[36m(PiperActor pid=3779203)[0m 2026-04-07 23:21:32,858 - piper_actor - DEBUG - run_dag dispatch (time 52): free_full_grads s2 mb0 bkt=-1
[36m(PiperActor pid=3779203)[0m 2026-04-07 23:21:32,859 - piper_actor - DEBUG - run_dag dispatch (time 53): free_full_params s2 mb0 bkt=-1
[36m(PiperActor pid=3779203)[0m 2026-04-07 23:21:32,860 - piper_actor - DEBUG - run_dag dispatch (time 54): alloc_full_params s0 mb0 bkt=-1
[36m(PiperActor pid=3779203)[0m 2026-04-07 23:21:32,862 - piper_actor - DEBUG - run_dag dispatch (time 55): all_gather s0 mb0 bkt=0
[36m(PiperActor pid=3779203)[0m 2026-04-07 23:21:32,862 - piper_actor - DEBUG - run_dag dispatch (time 55): alloc_full_grads s0 mb0 bkt=-1
[36m(PiperActor pid=3779203)[0m 2026-04-07 23:21:32,864 - piper_actor - DEBUG - run_dag dispatch (time 56): backward s0 mb2 bkt=0
[36m(PiperActor pid=3779197)[0m 2026-04-07 23:21:32,900 - piper_actor - DEBUG - run_dag dispatch (time 56): recv s1 mb3 bkt=0
[36m(PiperActor pid=3779197)[0m 2026-04-07 23:21:32,900 - piper_actor - DEBUG - exec_recv key (None, 3) from peer pp rank 0
[36m(PiperActor pid=3779197)[0m 2026-04-07 23:21:32,902 - piper_actor - DEBUG - run_dag dispatch (time 56): send s3 mb3 bkt=0
[36m(PiperActor pid=3779197)[0m 2026-04-07 23:21:32,903 - piper_actor - DEBUG - exec_send key (None, 3) to peer pp rank 0
[36m(PiperActor pid=3779197)[0m 2026-04-07 23:21:32,903 - piper_actor - DEBUG - run_dag dispatch (time 60): backward s1 mb3 bkt=0
[36m(PiperActor pid=3779236)[0m 2026-04-07 23:21:32,900 - piper_actor - DEBUG - run_dag dispatch (time 56): recv s1 mb3 bkt=0
[36m(PiperActor pid=3779236)[0m 2026-04-07 23:21:32,900 - piper_actor - DEBUG - exec_recv key (None, 3) from peer pp rank 0
[36m(PiperActor pid=3779236)[0m 2026-04-07 23:21:32,902 - piper_actor - DEBUG - run_dag dispatch (time 56): send s3 mb3 bkt=0
[36m(PiperActor pid=3779236)[0m 2026-04-07 23:21:32,902 - piper_actor - DEBUG - exec_send key (None, 3) to peer pp rank 0
[36m(PiperActor pid=3779236)[0m 2026-04-07 23:21:32,903 - piper_actor - DEBUG - run_dag dispatch (time 60): backward s1 mb3 bkt=0
[36m(PiperActor pid=3779197)[0m 2026-04-07 23:21:32,941 - piper_actor - DEBUG - run_dag dispatch (time 60): send s1 mb2 bkt=0
[36m(PiperActor pid=3779197)[0m 2026-04-07 23:21:32,941 - piper_actor - DEBUG - exec_send key (None, 2) to peer pp rank 0
[36m(PiperActor pid=3779197)[0m 2026-04-07 23:21:32,942 - piper_actor - DEBUG - run_dag dispatch (time 60): reduce_scatter s1 mb3 bkt=0
[36m(PiperActor pid=3779197)[0m 2026-04-07 23:21:32,943 - piper_actor - DEBUG - run_dag dispatch (time 60): free_full_grads s1 mb0 bkt=-1
[36m(PiperActor pid=3779197)[0m 2026-04-07 23:21:32,944 - piper_actor - DEBUG - run_dag dispatch (time 61): free_full_params s1 mb0 bkt=-1
[36m(PiperActor pid=3779197)[0m 2026-04-07 23:21:32,945 - piper_actor - DEBUG - run_dag dispatch (time 64): update s1 mb3 bkt=0
[36m(PiperActor pid=3779212)[0m 2026-04-07 23:21:32,937 - piper_actor - DEBUG - run_dag dispatch (time 56): send s2 mb3 bkt=0
[36m(PiperActor pid=3779212)[0m 2026-04-07 23:21:32,937 - piper_actor - DEBUG - exec_send key (None, 3) to peer pp rank 1
[36m(PiperActor pid=3779212)[0m 2026-04-07 23:21:32,938 - piper_actor - DEBUG - run_dag dispatch (time 56): recv s0 mb3 bkt=0
[36m(PiperActor pid=3779212)[0m 2026-04-07 23:21:32,938 - piper_actor - DEBUG - exec_recv key (None, 3) from peer pp rank 1
[36m(PiperActor pid=3779212)[0m 2026-04-07 23:21:32,939 - piper_actor - DEBUG - run_dag dispatch (time 60): backward s0 mb3 bkt=0
[36m(PiperActor pid=3779203)[0m 2026-04-07 23:21:32,937 - piper_actor - DEBUG - run_dag dispatch (time 56): send s2 mb3 bkt=0
[36m(PiperActor pid=3779203)[0m 2026-04-07 23:21:32,937 - piper_actor - DEBUG - exec_send key (None, 3) to peer pp rank 1
[36m(PiperActor pid=3779203)[0m 2026-04-07 23:21:32,938 - piper_actor - DEBUG - run_dag dispatch (time 56): recv s0 mb3 bkt=0
[36m(PiperActor pid=3779203)[0m 2026-04-07 23:21:32,939 - piper_actor - DEBUG - exec_recv key (None, 3) from peer pp rank 1
[36m(PiperActor pid=3779203)[0m 2026-04-07 23:21:32,940 - piper_actor - DEBUG - run_dag dispatch (time 60): backward s0 mb3 bkt=0
[36m(PiperActor pid=3779236)[0m 2026-04-07 23:21:32,941 - piper_actor - DEBUG - run_dag dispatch (time 60): send s1 mb2 bkt=0
[36m(PiperActor pid=3779236)[0m 2026-04-07 23:21:32,941 - piper_actor - DEBUG - exec_send key (None, 2) to peer pp rank 0
[36m(PiperActor pid=3779236)[0m 2026-04-07 23:21:32,942 - piper_actor - DEBUG - run_dag dispatch (time 60): reduce_scatter s1 mb3 bkt=0
[36m(PiperActor pid=3779236)[0m 2026-04-07 23:21:32,944 - piper_actor - DEBUG - run_dag dispatch (time 60): free_full_grads s1 mb0 bkt=-1
[36m(PiperActor pid=3779236)[0m 2026-04-07 23:21:32,945 - piper_actor - DEBUG - run_dag dispatch (time 61): free_full_params s1 mb0 bkt=-1
[36m(PiperActor pid=3779236)[0m 2026-04-07 23:21:32,946 - piper_actor - DEBUG - run_dag dispatch (time 64): update s1 mb3 bkt=0
[36m(PiperActor pid=3779197)[0m 2026-04-07 23:21:33,000 - piper_actor - DEBUG - run_dag dispatch (time 64): send s1 mb3 bkt=0
[36m(PiperActor pid=3779197)[0m 2026-04-07 23:21:33,000 - piper_actor - DEBUG - exec_send key (None, 3) to peer pp rank 0
[36m(PiperActor pid=3779212)[0m 2026-04-07 23:21:32,980 - piper_actor - DEBUG - run_dag dispatch (time 60): reduce_scatter s0 mb3 bkt=0
[36m(PiperActor pid=3779212)[0m 2026-04-07 23:21:32,981 - piper_actor - DEBUG - run_dag dispatch (time 60): free_full_grads s0 mb0 bkt=-1
[36m(PiperActor pid=3779212)[0m 2026-04-07 23:21:32,982 - piper_actor - DEBUG - run_dag dispatch (time 61): free_full_params s0 mb0 bkt=-1
[36m(PiperActor pid=3779212)[0m 2026-04-07 23:21:32,983 - piper_actor - DEBUG - run_dag dispatch (time 64): update s0 mb3 bkt=0
[36m(PiperActor pid=3779203)[0m 2026-04-07 23:21:32,980 - piper_actor - DEBUG - run_dag dispatch (time 60): reduce_scatter s0 mb3 bkt=0
[36m(PiperActor pid=3779203)[0m 2026-04-07 23:21:32,982 - piper_actor - DEBUG - run_dag dispatch (time 60): free_full_grads s0 mb0 bkt=-1
[36m(PiperActor pid=3779203)[0m 2026-04-07 23:21:32,983 - piper_actor - DEBUG - run_dag dispatch (time 61): free_full_params s0 mb0 bkt=-1
[36m(PiperActor pid=3779203)[0m 2026-04-07 23:21:32,984 - piper_actor - DEBUG - run_dag dispatch (time 64): update s0 mb3 bkt=0
[36m(PiperActor pid=3779236)[0m 2026-04-07 23:21:33,000 - piper_actor - DEBUG - run_dag dispatch (time 64): send s1 mb3 bkt=0
[36m(PiperActor pid=3779236)[0m 2026-04-07 23:21:33,000 - piper_actor - DEBUG - exec_send key (None, 3) to peer pp rank 0
[36m(run_dp_rank pid=3764781)[0m rank 0 iter time= 0.62249 ± 0.00000 s (1 samples)
[36m(run_dp_rank pid=3764781)[0m rank 0 throughput= 26320.045 tokens/s
[36m(run_dp_rank pid=3764781)[0m rank 0 peak_memory= 6.782 GiB
[36m(run_dp_rank pid=3764781)[0m rank 1 peak_memory= 8.739 GiB
[36m(run_dp_rank pid=3764781)[0m Memory breakdown (after 1st timed iter):
[36m(run_dp_rank pid=3764781)[0m   rank 0  allocated=6.782 GiB  reserved=43.734 GiB  params=0.000 GiB  grads=0.000 GiB  shard=1.680 GiB  other(acts+optim)=6.782 GiB
[36m(run_dp_rank pid=3764781)[0m   rank 1  allocated=8.739 GiB  reserved=42.498 GiB  params=0.000 GiB  grads=0.000 GiB  shard=1.680 GiB  other(acts+optim)=8.739 GiB
[36m(run_dp_rank pid=3764781)[0m 
[36m(run_dp_rank pid=3764781)[0m === Rank 0 per-task memory debug ===
[36m(run_dp_rank pid=3764781)[0m   iter start: alloc=6.782 GiB  reserved=41.977 GiB
[36m(run_dp_rank pid=3764781)[0m   t-02 alloc_full_params_s0_b-1_mb0: peak_alloc=8.829 GiB  peak_reserved=41.977 GiB  alloc_after=8.829 GiB  reserved_after=41.977 GiB
[36m(run_dp_rank pid=3764781)[0m   t-01 all_gather_s0_b0_mb0: peak_alloc=8.829 GiB  peak_reserved=41.977 GiB  alloc_after=8.829 GiB  reserved_after=41.977 GiB
[36m(run_dp_rank pid=3764781)[0m   t000 forward_s0_b0_mb0: peak_alloc=13.603 GiB  peak_reserved=41.977 GiB  alloc_after=13.556 GiB  reserved_after=41.977 GiB
[36m(run_dp_rank pid=3764781)[0m   t004 forward_s0_b0_mb1: peak_alloc=18.329 GiB  peak_reserved=41.977 GiB  alloc_after=18.282 GiB  reserved_after=41.977 GiB
[36m(run_dp_rank pid=3764781)[0m   t004 send_s0_b0_mb0: peak_alloc=18.282 GiB  peak_reserved=41.977 GiB  alloc_after=18.282 GiB  reserved_after=41.977 GiB
[36m(run_dp_rank pid=3764781)[0m   t004 recv_s2_b0_mb0: peak_alloc=18.306 GiB  peak_reserved=41.977 GiB  alloc_after=18.306 GiB  reserved_after=41.977 GiB
[36m(run_dp_rank pid=3764781)[0m   t005 free_full_params_s0_b-1_mb0: peak_alloc=18.306 GiB  peak_reserved=41.977 GiB  alloc_after=18.306 GiB  reserved_after=41.977 GiB
[36m(run_dp_rank pid=3764781)[0m   t006 alloc_full_params_s2_b-1_mb0: peak_alloc=19.618 GiB  peak_reserved=41.977 GiB  alloc_after=19.618 GiB  reserved_after=41.977 GiB
[36m(run_dp_rank pid=3764781)[0m   t007 all_gather_s2_b0_mb0: peak_alloc=19.618 GiB  peak_reserved=41.977 GiB  alloc_after=19.618 GiB  reserved_after=41.977 GiB
[36m(run_dp_rank pid=3764781)[0m   t008 forward_s2_b0_mb0: peak_alloc=24.392 GiB  peak_reserved=41.977 GiB  alloc_after=24.345 GiB  reserved_after=41.977 GiB
[36m(run_dp_rank pid=3764781)[0m   t008 send_s0_b0_mb1: peak_alloc=24.345 GiB  peak_reserved=41.977 GiB  alloc_after=24.345 GiB  reserved_after=41.977 GiB
[36m(run_dp_rank pid=3764781)[0m   t008 recv_s2_b0_mb1: peak_alloc=24.369 GiB  peak_reserved=41.977 GiB  alloc_after=24.369 GiB  reserved_after=41.977 GiB
[36m(run_dp_rank pid=3764781)[0m   t012 forward_s2_b0_mb1: peak_alloc=29.142 GiB  peak_reserved=41.977 GiB  alloc_after=29.095 GiB  reserved_after=41.977 GiB
[36m(run_dp_rank pid=3764781)[0m   t012 send_s2_b0_mb0: peak_alloc=29.095 GiB  peak_reserved=41.977 GiB  alloc_after=29.095 GiB  reserved_after=41.977 GiB
[36m(run_dp_rank pid=3764781)[0m   t013 free_full_params_s2_b-1_mb0: peak_alloc=29.095 GiB  peak_reserved=41.977 GiB  alloc_after=29.095 GiB  reserved_after=41.977 GiB
[36m(run_dp_rank pid=3764781)[0m   t014 alloc_full_params_s0_b-1_mb0: peak_alloc=29.095 GiB  peak_reserved=41.977 GiB  alloc_after=29.095 GiB  reserved_after=41.977 GiB
[36m(run_dp_rank pid=3764781)[0m   t015 all_gather_s0_b0_mb0: peak_alloc=29.095 GiB  peak_reserved=41.977 GiB  alloc_after=29.095 GiB  reserved_after=41.977 GiB
[36m(run_dp_rank pid=3764781)[0m   t016 forward_s0_b0_mb2: peak_alloc=33.869 GiB  peak_reserved=41.977 GiB  alloc_after=33.822 GiB  reserved_after=41.977 GiB
[36m(run_dp_rank pid=3764781)[0m   t016 send_s2_b0_mb1: peak_alloc=33.822 GiB  peak_reserved=41.977 GiB  alloc_after=33.822 GiB  reserved_after=41.977 GiB
[36m(run_dp_rank pid=3764781)[0m   t016 recv_s2_b0_mb0: peak_alloc=33.846 GiB  peak_reserved=41.977 GiB  alloc_after=33.846 GiB  reserved_after=41.977 GiB
[36m(run_dp_rank pid=3764781)[0m   t017 free_full_params_s0_b-1_mb0: peak_alloc=33.846 GiB  peak_reserved=41.977 GiB  alloc_after=33.846 GiB  reserved_after=41.977 GiB
[36m(run_dp_rank pid=3764781)[0m   t018 alloc_full_params_s2_b-1_mb0: peak_alloc=33.846 GiB  peak_reserved=41.977 GiB  alloc_after=33.846 GiB  reserved_after=41.977 GiB
[36m(run_dp_rank pid=3764781)[0m   t019 all_gather_s2_b0_mb0: peak_alloc=33.846 GiB  peak_reserved=41.977 GiB  alloc_after=33.846 GiB  reserved_after=41.977 GiB
[36m(run_dp_rank pid=3764781)[0m   t019 alloc_full_grads_s2_b-1_mb0: peak_alloc=35.158 GiB  peak_reserved=41.977 GiB  alloc_after=35.158 GiB  reserved_after=41.977 GiB
[36m(run_dp_rank pid=3764781)[0m   t020 backward_s2_b0_mb0: peak_alloc=35.283 GiB  peak_reserved=41.977 GiB  alloc_after=30.408 GiB  reserved_after=41.977 GiB
[36m(run_dp_rank pid=3764781)[0m   t020 send_s0_b0_mb2: peak_alloc=30.408 GiB  peak_reserved=41.977 GiB  alloc_after=30.408 GiB  reserved_after=41.977 GiB
[36m(run_dp_rank pid=3764781)[0m   t020 reduce_scatter_s2_b0_mb0: peak_alloc=31.064 GiB  peak_reserved=41.977 GiB  alloc_after=30.408 GiB  reserved_after=41.977 GiB
[36m(run_dp_rank pid=3764781)[0m   t020 free_full_grads_s2_b-1_mb0: peak_alloc=30.408 GiB  peak_reserved=41.977 GiB  alloc_after=29.095 GiB  reserved_after=41.977 GiB
[36m(run_dp_rank pid=3764781)[0m   t021 free_full_params_s2_b-1_mb0: peak_alloc=29.095 GiB  peak_reserved=41.977 GiB  alloc_after=29.095 GiB  reserved_after=41.977 GiB
[36m(run_dp_rank pid=3764781)[0m   t022 alloc_full_params_s0_b-1_mb0: peak_alloc=29.095 GiB  peak_reserved=41.977 GiB  alloc_after=29.095 GiB  reserved_after=41.977 GiB
[36m(run_dp_rank pid=3764781)[0m   t023 all_gather_s0_b0_mb0: peak_alloc=29.095 GiB  peak_reserved=41.977 GiB  alloc_after=29.095 GiB  reserved_after=41.977 GiB
[36m(run_dp_rank pid=3764781)[0m   t024 forward_s0_b0_mb3: peak_alloc=33.869 GiB  peak_reserved=41.977 GiB  alloc_after=33.822 GiB  reserved_after=41.977 GiB
[36m(run_dp_rank pid=3764781)[0m   t024 send_s2_b0_mb0: peak_alloc=33.822 GiB  peak_reserved=41.977 GiB  alloc_after=33.799 GiB  reserved_after=41.977 GiB
[36m(run_dp_rank pid=3764781)[0m   t024 recv_s2_b0_mb1: peak_alloc=33.822 GiB  peak_reserved=41.977 GiB  alloc_after=33.822 GiB  reserved_after=41.977 GiB
[36m(run_dp_rank pid=3764781)[0m   t025 free_full_params_s0_b-1_mb0: peak_alloc=33.822 GiB  peak_reserved=41.977 GiB  alloc_after=33.822 GiB  reserved_after=41.977 GiB
[36m(run_dp_rank pid=3764781)[0m   t026 alloc_full_params_s2_b-1_mb0: peak_alloc=33.822 GiB  peak_reserved=41.977 GiB  alloc_after=33.822 GiB  reserved_after=41.977 GiB
[36m(run_dp_rank pid=3764781)[0m   t027 all_gather_s2_b0_mb0: peak_alloc=33.822 GiB  peak_reserved=41.977 GiB  alloc_after=33.822 GiB  reserved_after=41.977 GiB
[36m(run_dp_rank pid=3764781)[0m   t027 alloc_full_grads_s2_b-1_mb0: peak_alloc=35.135 GiB  peak_reserved=41.977 GiB  alloc_after=35.135 GiB  reserved_after=41.977 GiB
[36m(run_dp_rank pid=3764781)[0m   t028 backward_s2_b0_mb1: peak_alloc=35.260 GiB  peak_reserved=41.977 GiB  alloc_after=30.385 GiB  reserved_after=41.977 GiB
[36m(run_dp_rank pid=3764781)[0m   t028 send_s0_b0_mb3: peak_alloc=30.385 GiB  peak_reserved=41.977 GiB  alloc_after=30.385 GiB  reserved_after=41.977 GiB
[36m(run_dp_rank pid=3764781)[0m   t028 recv_s2_b0_mb2: peak_alloc=30.408 GiB  peak_reserved=41.977 GiB  alloc_after=30.408 GiB  reserved_after=41.977 GiB
[36m(run_dp_rank pid=3764781)[0m   t028 reduce_scatter_s2_b0_mb1: peak_alloc=31.064 GiB  peak_reserved=41.977 GiB  alloc_after=30.408 GiB  reserved_after=41.977 GiB
[36m(run_dp_rank pid=3764781)[0m   t028 free_full_grads_s2_b-1_mb0: peak_alloc=30.408 GiB  peak_reserved=41.977 GiB  alloc_after=29.095 GiB  reserved_after=41.977 GiB
[36m(run_dp_rank pid=3764781)[0m   t032 forward_s2_b0_mb2: peak_alloc=33.869 GiB  peak_reserved=41.977 GiB  alloc_after=33.822 GiB  reserved_after=41.977 GiB
[36m(run_dp_rank pid=3764781)[0m   t032 send_s2_b0_mb1: peak_alloc=33.822 GiB  peak_reserved=41.977 GiB  alloc_after=33.799 GiB  reserved_after=41.977 GiB
[36m(run_dp_rank pid=3764781)[0m   t032 recv_s0_b0_mb0: peak_alloc=33.822 GiB  peak_reserved=41.977 GiB  alloc_after=33.822 GiB  reserved_after=41.977 GiB
[36m(run_dp_rank pid=3764781)[0m   t033 free_full_params_s2_b-1_mb0: peak_alloc=33.822 GiB  peak_reserved=41.977 GiB  alloc_after=33.822 GiB  reserved_after=41.977 GiB
[36m(run_dp_rank pid=3764781)[0m   t034 alloc_full_params_s0_b-1_mb0: peak_alloc=33.822 GiB  peak_reserved=41.977 GiB  alloc_after=33.822 GiB  reserved_after=41.977 GiB
[36m(run_dp_rank pid=3764781)[0m   t035 all_gather_s0_b0_mb0: peak_alloc=33.822 GiB  peak_reserved=41.977 GiB  alloc_after=33.822 GiB  reserved_after=41.977 GiB
[36m(run_dp_rank pid=3764781)[0m   t035 alloc_full_grads_s0_b-1_mb0: peak_alloc=35.869 GiB  peak_reserved=41.977 GiB  alloc_after=35.869 GiB  reserved_after=41.977 GiB
[36m(run_dp_rank pid=3764781)[0m   t036 backward_s0_b0_mb0: peak_alloc=35.994 GiB  peak_reserved=42.711 GiB  alloc_after=31.119 GiB  reserved_after=42.711 GiB
[36m(run_dp_rank pid=3764781)[0m   t036 send_s2_b0_mb2: peak_alloc=31.119 GiB  peak_reserved=42.711 GiB  alloc_after=31.119 GiB  reserved_after=42.711 GiB
[36m(run_dp_rank pid=3764781)[0m   t036 recv_s2_b0_mb3: peak_alloc=31.142 GiB  peak_reserved=42.711 GiB  alloc_after=31.142 GiB  reserved_after=42.711 GiB
[36m(run_dp_rank pid=3764781)[0m   t036 reduce_scatter_s0_b0_mb0: peak_alloc=32.166 GiB  peak_reserved=42.711 GiB  alloc_after=31.142 GiB  reserved_after=42.711 GiB
[36m(run_dp_rank pid=3764781)[0m   t036 free_full_grads_s0_b-1_mb0: peak_alloc=31.142 GiB  peak_reserved=42.711 GiB  alloc_after=29.095 GiB  reserved_after=42.711 GiB
[36m(run_dp_rank pid=3764781)[0m   t037 free_full_params_s0_b-1_mb0: peak_alloc=29.095 GiB  peak_reserved=42.711 GiB  alloc_after=29.095 GiB  reserved_after=42.711 GiB
[36m(run_dp_rank pid=3764781)[0m   t038 alloc_full_params_s2_b-1_mb0: peak_alloc=29.095 GiB  peak_reserved=42.711 GiB  alloc_after=29.095 GiB  reserved_after=42.711 GiB
[36m(run_dp_rank pid=3764781)[0m   t039 all_gather_s2_b0_mb0: peak_alloc=29.095 GiB  peak_reserved=42.711 GiB  alloc_after=29.095 GiB  reserved_after=42.711 GiB
[36m(run_dp_rank pid=3764781)[0m   t040 forward_s2_b0_mb3: peak_alloc=33.869 GiB  peak_reserved=42.711 GiB  alloc_after=33.822 GiB  reserved_after=42.711 GiB
[36m(run_dp_rank pid=3764781)[0m   t040 recv_s0_b0_mb1: peak_alloc=33.846 GiB  peak_reserved=42.711 GiB  alloc_after=33.846 GiB  reserved_after=42.711 GiB
[36m(run_dp_rank pid=3764781)[0m   t041 free_full_params_s2_b-1_mb0: peak_alloc=33.846 GiB  peak_reserved=42.711 GiB  alloc_after=33.846 GiB  reserved_after=42.711 GiB
[36m(run_dp_rank pid=3764781)[0m   t042 alloc_full_params_s0_b-1_mb0: peak_alloc=33.846 GiB  peak_reserved=42.711 GiB  alloc_after=33.846 GiB  reserved_after=42.711 GiB
[36m(run_dp_rank pid=3764781)[0m   t043 all_gather_s0_b0_mb0: peak_alloc=33.846 GiB  peak_reserved=42.711 GiB  alloc_after=33.846 GiB  reserved_after=42.711 GiB
[36m(run_dp_rank pid=3764781)[0m   t043 alloc_full_grads_s0_b-1_mb0: peak_alloc=35.893 GiB  peak_reserved=42.711 GiB  alloc_after=35.893 GiB  reserved_after=42.711 GiB
[36m(run_dp_rank pid=3764781)[0m   t044 backward_s0_b0_mb1: peak_alloc=36.018 GiB  peak_reserved=42.711 GiB  alloc_after=31.142 GiB  reserved_after=42.711 GiB
[36m(run_dp_rank pid=3764781)[0m   t044 send_s2_b0_mb3: peak_alloc=31.142 GiB  peak_reserved=42.711 GiB  alloc_after=31.142 GiB  reserved_after=42.711 GiB
[36m(run_dp_rank pid=3764781)[0m   t044 recv_s2_b0_mb2: peak_alloc=31.166 GiB  peak_reserved=42.711 GiB  alloc_after=31.166 GiB  reserved_after=42.711 GiB
[36m(run_dp_rank pid=3764781)[0m   t044 reduce_scatter_s0_b0_mb1: peak_alloc=32.189 GiB  peak_reserved=42.711 GiB  alloc_after=31.166 GiB  reserved_after=42.711 GiB
[36m(run_dp_rank pid=3764781)[0m   t044 free_full_grads_s0_b-1_mb0: peak_alloc=31.166 GiB  peak_reserved=42.711 GiB  alloc_after=29.119 GiB  reserved_after=42.711 GiB
[36m(run_dp_rank pid=3764781)[0m   t045 free_full_params_s0_b-1_mb0: peak_alloc=29.119 GiB  peak_reserved=42.711 GiB  alloc_after=29.119 GiB  reserved_after=42.711 GiB
[36m(run_dp_rank pid=3764781)[0m   t046 alloc_full_params_s2_b-1_mb0: peak_alloc=29.119 GiB  peak_reserved=42.711 GiB  alloc_after=29.119 GiB  reserved_after=42.711 GiB
[36m(run_dp_rank pid=3764781)[0m   t047 all_gather_s2_b0_mb0: peak_alloc=29.119 GiB  peak_reserved=42.711 GiB  alloc_after=29.119 GiB  reserved_after=42.711 GiB
[36m(run_dp_rank pid=3764781)[0m   t047 alloc_full_grads_s2_b-1_mb0: peak_alloc=30.432 GiB  peak_reserved=42.711 GiB  alloc_after=30.432 GiB  reserved_after=42.711 GiB
[36m(run_dp_rank pid=3764781)[0m   t048 backward_s2_b0_mb2: peak_alloc=30.557 GiB  peak_reserved=42.711 GiB  alloc_after=25.681 GiB  reserved_after=42.711 GiB
[36m(run_dp_rank pid=3764781)[0m   t048 recv_s2_b0_mb3: peak_alloc=25.705 GiB  peak_reserved=42.711 GiB  alloc_after=25.705 GiB  reserved_after=42.711 GiB
[36m(run_dp_rank pid=3764781)[0m   t052 backward_s2_b0_mb3: peak_alloc=25.830 GiB  peak_reserved=42.711 GiB  alloc_after=20.955 GiB  reserved_after=42.711 GiB
[36m(run_dp_rank pid=3764781)[0m   t052 send_s2_b0_mb2: peak_alloc=20.955 GiB  peak_reserved=42.711 GiB  alloc_after=20.931 GiB  reserved_after=42.711 GiB
[36m(run_dp_rank pid=3764781)[0m   t052 recv_s0_b0_mb2: peak_alloc=20.955 GiB  peak_reserved=42.711 GiB  alloc_after=20.955 GiB  reserved_after=42.711 GiB
[36m(run_dp_rank pid=3764781)[0m   t052 reduce_scatter_s2_b0_mb3: peak_alloc=21.611 GiB  peak_reserved=42.711 GiB  alloc_after=20.955 GiB  reserved_after=42.711 GiB
[36m(run_dp_rank pid=3764781)[0m   t052 free_full_grads_s2_b-1_mb0: peak_alloc=20.955 GiB  peak_reserved=42.711 GiB  alloc_after=19.642 GiB  reserved_after=42.711 GiB
[36m(run_dp_rank pid=3764781)[0m   t053 free_full_params_s2_b-1_mb0: peak_alloc=19.642 GiB  peak_reserved=42.711 GiB  alloc_after=19.642 GiB  reserved_after=42.711 GiB
[36m(run_dp_rank pid=3764781)[0m   t054 alloc_full_params_s0_b-1_mb0: peak_alloc=19.642 GiB  peak_reserved=42.711 GiB  alloc_after=19.642 GiB  reserved_after=42.711 GiB
[36m(run_dp_rank pid=3764781)[0m   t055 all_gather_s0_b0_mb0: peak_alloc=19.642 GiB  peak_reserved=42.711 GiB  alloc_after=19.642 GiB  reserved_after=42.711 GiB
[36m(run_dp_rank pid=3764781)[0m   t055 alloc_full_grads_s0_b-1_mb0: peak_alloc=21.689 GiB  peak_reserved=42.711 GiB  alloc_after=21.689 GiB  reserved_after=42.711 GiB
[36m(run_dp_rank pid=3764781)[0m   t056 backward_s0_b0_mb2: peak_alloc=21.814 GiB  peak_reserved=42.711 GiB  alloc_after=16.939 GiB  reserved_after=42.711 GiB
[36m(run_dp_rank pid=3764781)[0m   t056 send_s2_b0_mb3: peak_alloc=16.939 GiB  peak_reserved=42.711 GiB  alloc_after=16.915 GiB  reserved_after=42.711 GiB
[36m(run_dp_rank pid=3764781)[0m   t056 recv_s0_b0_mb3: peak_alloc=16.939 GiB  peak_reserved=42.711 GiB  alloc_after=16.939 GiB  reserved_after=42.711 GiB
[36m(run_dp_rank pid=3764781)[0m   t060 backward_s0_b0_mb3: peak_alloc=17.064 GiB  peak_reserved=42.711 GiB  alloc_after=12.188 GiB  reserved_after=42.711 GiB
[36m(run_dp_rank pid=3764781)[0m   t060 reduce_scatter_s0_b0_mb3: peak_alloc=13.212 GiB  peak_reserved=42.711 GiB  alloc_after=12.188 GiB  reserved_after=42.711 GiB
[36m(run_dp_rank pid=3764781)[0m   t060 free_full_grads_s0_b-1_mb0: peak_alloc=12.188 GiB  peak_reserved=42.711 GiB  alloc_after=10.142 GiB  reserved_after=42.711 GiB
[36m(run_dp_rank pid=3764781)[0m   t061 free_full_params_s0_b-1_mb0: peak_alloc=10.142 GiB  peak_reserved=42.711 GiB  alloc_after=10.142 GiB  reserved_after=42.711 GiB
[36m(run_dp_rank pid=3764781)[0m   t064 update_s0_b0_mb3: peak_alloc=11.165 GiB  peak_reserved=43.734 GiB  alloc_after=6.782 GiB  reserved_after=43.734 GiB
[36m(run_dp_rank pid=3764781)[0m 
[36m(run_dp_rank pid=3764781)[0m === Rank 1 per-task memory debug ===
[36m(run_dp_rank pid=3764781)[0m   iter start: alloc=8.739 GiB  reserved=38.584 GiB
[36m(run_dp_rank pid=3764781)[0m   t-04 recv_s1_b0_mb0: peak_alloc=8.762 GiB  peak_reserved=38.584 GiB  alloc_after=8.762 GiB  reserved_after=38.584 GiB
[36m(run_dp_rank pid=3764781)[0m   t-02 alloc_full_params_s1_b-1_mb0: peak_alloc=10.075 GiB  peak_reserved=38.584 GiB  alloc_after=10.075 GiB  reserved_after=38.584 GiB
[36m(run_dp_rank pid=3764781)[0m   t-01 all_gather_s1_b0_mb0: peak_alloc=10.075 GiB  peak_reserved=38.584 GiB  alloc_after=10.075 GiB  reserved_after=38.584 GiB
[36m(run_dp_rank pid=3764781)[0m   t000 forward_s1_b0_mb0: peak_alloc=14.848 GiB  peak_reserved=38.584 GiB  alloc_after=14.801 GiB  reserved_after=38.584 GiB
[36m(run_dp_rank pid=3764781)[0m   t000 recv_s1_b0_mb1: peak_alloc=14.825 GiB  peak_reserved=38.584 GiB  alloc_after=14.825 GiB  reserved_after=38.584 GiB
[36m(run_dp_rank pid=3764781)[0m   t004 forward_s1_b0_mb1: peak_alloc=19.599 GiB  peak_reserved=38.584 GiB  alloc_after=19.552 GiB  reserved_after=38.584 GiB
[36m(run_dp_rank pid=3764781)[0m   t004 recv_s3_b0_mb0: peak_alloc=19.575 GiB  peak_reserved=38.584 GiB  alloc_after=19.575 GiB  reserved_after=38.584 GiB
[36m(run_dp_rank pid=3764781)[0m   t004 send_s1_b0_mb0: peak_alloc=19.575 GiB  peak_reserved=38.584 GiB  alloc_after=19.575 GiB  reserved_after=38.584 GiB
[36m(run_dp_rank pid=3764781)[0m   t005 free_full_params_s1_b-1_mb0: peak_alloc=19.575 GiB  peak_reserved=38.584 GiB  alloc_after=19.575 GiB  reserved_after=38.584 GiB
[36m(run_dp_rank pid=3764781)[0m   t006 alloc_full_params_s3_b-1_mb0: peak_alloc=21.622 GiB  peak_reserved=38.584 GiB  alloc_after=21.622 GiB  reserved_after=38.584 GiB
[36m(run_dp_rank pid=3764781)[0m   t007 all_gather_s3_b0_mb0: peak_alloc=21.622 GiB  peak_reserved=38.584 GiB  alloc_after=21.622 GiB  reserved_after=38.584 GiB
[36m(run_dp_rank pid=3764781)[0m   t008 forward_s3_b0_mb0: peak_alloc=29.355 GiB  peak_reserved=38.584 GiB  alloc_after=28.376 GiB  reserved_after=38.584 GiB
[36m(run_dp_rank pid=3764781)[0m   t008 send_s1_b0_mb1: peak_alloc=28.376 GiB  peak_reserved=38.584 GiB  alloc_after=28.376 GiB  reserved_after=38.584 GiB
[36m(run_dp_rank pid=3764781)[0m   t011 alloc_full_grads_s3_b-1_mb0: peak_alloc=30.423 GiB  peak_reserved=38.584 GiB  alloc_after=30.423 GiB  reserved_after=38.584 GiB
[36m(run_dp_rank pid=3764781)[0m   t012 backward_s3_b0_mb0: peak_alloc=36.294 GiB  peak_reserved=42.498 GiB  alloc_after=23.669 GiB  reserved_after=42.498 GiB
[36m(run_dp_rank pid=3764781)[0m   t012 recv_s3_b0_mb1: peak_alloc=23.692 GiB  peak_reserved=42.498 GiB  alloc_after=23.692 GiB  reserved_after=42.498 GiB
[36m(run_dp_rank pid=3764781)[0m   t012 reduce_scatter_s3_b0_mb0: peak_alloc=24.716 GiB  peak_reserved=42.498 GiB  alloc_after=23.692 GiB  reserved_after=42.498 GiB
[36m(run_dp_rank pid=3764781)[0m   t012 free_full_grads_s3_b-1_mb0: peak_alloc=23.692 GiB  peak_reserved=42.498 GiB  alloc_after=21.645 GiB  reserved_after=42.498 GiB
[36m(run_dp_rank pid=3764781)[0m   t016 forward_s3_b0_mb1: peak_alloc=29.378 GiB  peak_reserved=42.498 GiB  alloc_after=28.400 GiB  reserved_after=42.498 GiB
[36m(run_dp_rank pid=3764781)[0m   t016 send_s3_b0_mb0: peak_alloc=28.400 GiB  peak_reserved=42.498 GiB  alloc_after=28.376 GiB  reserved_after=42.498 GiB
[36m(run_dp_rank pid=3764781)[0m   t019 alloc_full_grads_s3_b-1_mb0: peak_alloc=30.423 GiB  peak_reserved=42.498 GiB  alloc_after=30.423 GiB  reserved_after=42.498 GiB
[36m(run_dp_rank pid=3764781)[0m   t020 backward_s3_b0_mb1: peak_alloc=36.294 GiB  peak_reserved=42.498 GiB  alloc_after=23.669 GiB  reserved_after=42.498 GiB
[36m(run_dp_rank pid=3764781)[0m   t020 recv_s1_b0_mb2: peak_alloc=23.692 GiB  peak_reserved=42.498 GiB  alloc_after=23.692 GiB  reserved_after=42.498 GiB
[36m(run_dp_rank pid=3764781)[0m   t020 reduce_scatter_s3_b0_mb1: peak_alloc=24.716 GiB  peak_reserved=42.498 GiB  alloc_after=23.692 GiB  reserved_after=42.498 GiB
[36m(run_dp_rank pid=3764781)[0m   t020 free_full_grads_s3_b-1_mb0: peak_alloc=23.692 GiB  peak_reserved=42.498 GiB  alloc_after=21.645 GiB  reserved_after=42.498 GiB
[36m(run_dp_rank pid=3764781)[0m   t021 free_full_params_s3_b-1_mb0: peak_alloc=21.645 GiB  peak_reserved=42.498 GiB  alloc_after=21.645 GiB  reserved_after=42.498 GiB
[36m(run_dp_rank pid=3764781)[0m   t022 alloc_full_params_s1_b-1_mb0: peak_alloc=21.645 GiB  peak_reserved=42.498 GiB  alloc_after=21.645 GiB  reserved_after=42.498 GiB
[36m(run_dp_rank pid=3764781)[0m   t023 all_gather_s1_b0_mb0: peak_alloc=21.645 GiB  peak_reserved=42.498 GiB  alloc_after=21.645 GiB  reserved_after=42.498 GiB
[36m(run_dp_rank pid=3764781)[0m   t024 forward_s1_b0_mb2: peak_alloc=26.419 GiB  peak_reserved=42.498 GiB  alloc_after=26.372 GiB  reserved_after=42.498 GiB
[36m(run_dp_rank pid=3764781)[0m   t024 recv_s1_b0_mb0: peak_alloc=26.396 GiB  peak_reserved=42.498 GiB  alloc_after=26.396 GiB  reserved_after=42.498 GiB
[36m(run_dp_rank pid=3764781)[0m   t024 send_s3_b0_mb1: peak_alloc=26.396 GiB  peak_reserved=42.498 GiB  alloc_after=26.372 GiB  reserved_after=42.498 GiB
[36m(run_dp_rank pid=3764781)[0m   t027 alloc_full_grads_s1_b-1_mb0: peak_alloc=27.685 GiB  peak_reserved=42.498 GiB  alloc_after=27.685 GiB  reserved_after=42.498 GiB
[36m(run_dp_rank pid=3764781)[0m   t028 backward_s1_b0_mb0: peak_alloc=27.810 GiB  peak_reserved=42.498 GiB  alloc_after=22.935 GiB  reserved_after=42.498 GiB
[36m(run_dp_rank pid=3764781)[0m   t028 recv_s1_b0_mb3: peak_alloc=22.958 GiB  peak_reserved=42.498 GiB  alloc_after=22.958 GiB  reserved_after=42.498 GiB
[36m(run_dp_rank pid=3764781)[0m   t028 send_s1_b0_mb2: peak_alloc=22.958 GiB  peak_reserved=42.498 GiB  alloc_after=22.958 GiB  reserved_after=42.498 GiB
[36m(run_dp_rank pid=3764781)[0m   t028 reduce_scatter_s1_b0_mb0: peak_alloc=23.614 GiB  peak_reserved=42.498 GiB  alloc_after=22.958 GiB  reserved_after=42.498 GiB
[36m(run_dp_rank pid=3764781)[0m   t028 free_full_grads_s1_b-1_mb0: peak_alloc=22.958 GiB  peak_reserved=42.498 GiB  alloc_after=21.645 GiB  reserved_after=42.498 GiB
[36m(run_dp_rank pid=3764781)[0m   t032 forward_s1_b0_mb3: peak_alloc=26.419 GiB  peak_reserved=42.498 GiB  alloc_after=26.372 GiB  reserved_after=42.498 GiB
[36m(run_dp_rank pid=3764781)[0m   t032 recv_s1_b0_mb1: peak_alloc=26.396 GiB  peak_reserved=42.498 GiB  alloc_after=26.396 GiB  reserved_after=42.498 GiB
[36m(run_dp_rank pid=3764781)[0m   t032 send_s1_b0_mb0: peak_alloc=26.396 GiB  peak_reserved=42.498 GiB  alloc_after=26.372 GiB  reserved_after=42.498 GiB
[36m(run_dp_rank pid=3764781)[0m   t035 alloc_full_grads_s1_b-1_mb0: peak_alloc=27.685 GiB  peak_reserved=42.498 GiB  alloc_after=27.685 GiB  reserved_after=42.498 GiB
[36m(run_dp_rank pid=3764781)[0m   t036 backward_s1_b0_mb1: peak_alloc=27.810 GiB  peak_reserved=42.498 GiB  alloc_after=22.935 GiB  reserved_after=42.498 GiB
[36m(run_dp_rank pid=3764781)[0m   t036 recv_s3_b0_mb2: peak_alloc=22.958 GiB  peak_reserved=42.498 GiB  alloc_after=22.958 GiB  reserved_after=42.498 GiB
[36m(run_dp_rank pid=3764781)[0m   t036 send_s1_b0_mb3: peak_alloc=22.958 GiB  peak_reserved=42.498 GiB  alloc_after=22.958 GiB  reserved_after=42.498 GiB
[36m(run_dp_rank pid=3764781)[0m   t036 reduce_scatter_s1_b0_mb1: peak_alloc=23.614 GiB  peak_reserved=42.498 GiB  alloc_after=22.958 GiB  reserved_after=42.498 GiB
[36m(run_dp_rank pid=3764781)[0m   t036 free_full_grads_s1_b-1_mb0: peak_alloc=22.958 GiB  peak_reserved=42.498 GiB  alloc_after=21.645 GiB  reserved_after=42.498 GiB
[36m(run_dp_rank pid=3764781)[0m   t037 free_full_params_s1_b-1_mb0: peak_alloc=21.645 GiB  peak_reserved=42.498 GiB  alloc_after=21.645 GiB  reserved_after=42.498 GiB
[36m(run_dp_rank pid=3764781)[0m   t038 alloc_full_params_s3_b-1_mb0: peak_alloc=21.645 GiB  peak_reserved=42.498 GiB  alloc_after=21.645 GiB  reserved_after=42.498 GiB
[36m(run_dp_rank pid=3764781)[0m   t039 all_gather_s3_b0_mb0: peak_alloc=21.645 GiB  peak_reserved=42.498 GiB  alloc_after=21.645 GiB  reserved_after=42.498 GiB
[36m(run_dp_rank pid=3764781)[0m   t040 forward_s3_b0_mb2: peak_alloc=29.378 GiB  peak_reserved=42.498 GiB  alloc_after=28.400 GiB  reserved_after=42.498 GiB
[36m(run_dp_rank pid=3764781)[0m   t040 send_s1_b0_mb1: peak_alloc=28.400 GiB  peak_reserved=42.498 GiB  alloc_after=28.376 GiB  reserved_after=42.498 GiB
[36m(run_dp_rank pid=3764781)[0m   t043 alloc_full_grads_s3_b-1_mb0: peak_alloc=30.423 GiB  peak_reserved=42.498 GiB  alloc_after=30.423 GiB  reserved_after=42.498 GiB
[36m(run_dp_rank pid=3764781)[0m   t044 backward_s3_b0_mb2: peak_alloc=36.294 GiB  peak_reserved=42.498 GiB  alloc_after=23.669 GiB  reserved_after=42.498 GiB
[36m(run_dp_rank pid=3764781)[0m   t044 recv_s3_b0_mb3: peak_alloc=23.692 GiB  peak_reserved=42.498 GiB  alloc_after=23.692 GiB  reserved_after=42.498 GiB
[36m(run_dp_rank pid=3764781)[0m   t044 reduce_scatter_s3_b0_mb2: peak_alloc=24.716 GiB  peak_reserved=42.498 GiB  alloc_after=23.692 GiB  reserved_after=42.498 GiB
[36m(run_dp_rank pid=3764781)[0m   t044 free_full_grads_s3_b-1_mb0: peak_alloc=23.692 GiB  peak_reserved=42.498 GiB  alloc_after=21.645 GiB  reserved_after=42.498 GiB
[36m(run_dp_rank pid=3764781)[0m   t048 forward_s3_b0_mb3: peak_alloc=29.378 GiB  peak_reserved=42.498 GiB  alloc_after=28.400 GiB  reserved_after=42.498 GiB
[36m(run_dp_rank pid=3764781)[0m   t048 send_s3_b0_mb2: peak_alloc=28.400 GiB  peak_reserved=42.498 GiB  alloc_after=28.376 GiB  reserved_after=42.498 GiB
[36m(run_dp_rank pid=3764781)[0m   t051 alloc_full_grads_s3_b-1_mb0: peak_alloc=30.423 GiB  peak_reserved=42.498 GiB  alloc_after=30.423 GiB  reserved_after=42.498 GiB
[36m(run_dp_rank pid=3764781)[0m   t052 backward_s3_b0_mb3: peak_alloc=36.294 GiB  peak_reserved=42.498 GiB  alloc_after=23.669 GiB  reserved_after=42.498 GiB
[36m(run_dp_rank pid=3764781)[0m   t052 recv_s1_b0_mb2: peak_alloc=23.692 GiB  peak_reserved=42.498 GiB  alloc_after=23.692 GiB  reserved_after=42.498 GiB
[36m(run_dp_rank pid=3764781)[0m   t052 reduce_scatter_s3_b0_mb3: peak_alloc=24.716 GiB  peak_reserved=42.498 GiB  alloc_after=23.692 GiB  reserved_after=42.498 GiB
[36m(run_dp_rank pid=3764781)[0m   t052 free_full_grads_s3_b-1_mb0: peak_alloc=23.692 GiB  peak_reserved=42.498 GiB  alloc_after=21.645 GiB  reserved_after=42.498 GiB
[36m(run_dp_rank pid=3764781)[0m   t053 free_full_params_s3_b-1_mb0: peak_alloc=21.645 GiB  peak_reserved=42.498 GiB  alloc_after=21.645 GiB  reserved_after=42.498 GiB
[36m(run_dp_rank pid=3764781)[0m   t054 alloc_full_params_s1_b-1_mb0: peak_alloc=21.645 GiB  peak_reserved=42.498 GiB  alloc_after=21.645 GiB  reserved_after=42.498 GiB
[36m(run_dp_rank pid=3764781)[0m   t055 all_gather_s1_b0_mb0: peak_alloc=21.645 GiB  peak_reserved=42.498 GiB  alloc_after=21.645 GiB  reserved_after=42.498 GiB
[36m(run_dp_rank pid=3764781)[0m   t055 alloc_full_grads_s1_b-1_mb0: peak_alloc=22.958 GiB  peak_reserved=42.498 GiB  alloc_after=22.958 GiB  reserved_after=42.498 GiB
[36m(run_dp_rank pid=3764781)[0m   t056 backward_s1_b0_mb2: peak_alloc=23.083 GiB  peak_reserved=42.498 GiB  alloc_after=18.208 GiB  reserved_after=42.498 GiB
[36m(run_dp_rank pid=3764781)[0m   t056 recv_s1_b0_mb3: peak_alloc=18.231 GiB  peak_reserved=42.498 GiB  alloc_after=18.231 GiB  reserved_after=42.498 GiB
[36m(run_dp_rank pid=3764781)[0m   t056 send_s3_b0_mb3: peak_alloc=18.231 GiB  peak_reserved=42.498 GiB  alloc_after=18.208 GiB  reserved_after=42.498 GiB
[36m(run_dp_rank pid=3764781)[0m   t060 backward_s1_b0_mb3: peak_alloc=18.333 GiB  peak_reserved=42.498 GiB  alloc_after=13.458 GiB  reserved_after=42.498 GiB
[36m(run_dp_rank pid=3764781)[0m   t060 send_s1_b0_mb2: peak_alloc=13.458 GiB  peak_reserved=42.498 GiB  alloc_after=13.434 GiB  reserved_after=42.498 GiB
[36m(run_dp_rank pid=3764781)[0m   t060 reduce_scatter_s1_b0_mb3: peak_alloc=14.090 GiB  peak_reserved=42.498 GiB  alloc_after=13.434 GiB  reserved_after=42.498 GiB
[36m(run_dp_rank pid=3764781)[0m   t060 free_full_grads_s1_b-1_mb0: peak_alloc=13.434 GiB  peak_reserved=42.498 GiB  alloc_after=12.122 GiB  reserved_after=42.498 GiB
[36m(run_dp_rank pid=3764781)[0m   t061 free_full_params_s1_b-1_mb0: peak_alloc=12.122 GiB  peak_reserved=42.498 GiB  alloc_after=12.122 GiB  reserved_after=42.498 GiB
[36m(run_dp_rank pid=3764781)[0m   t064 update_s1_b0_mb3: peak_alloc=13.145 GiB  peak_reserved=42.498 GiB  alloc_after=8.762 GiB  reserved_after=42.498 GiB
[36m(run_dp_rank pid=3764781)[0m   t064 send_s1_b0_mb3: peak_alloc=8.762 GiB  peak_reserved=42.498 GiB  alloc_after=8.739 GiB  reserved_after=42.498 GiB
[36m(run_dp_rank pid=3759696)[0m rank 1 iter time= 0.61667 ± 0.00000 s (1 samples)
[36m(run_dp_rank pid=3759696)[0m rank 1 throughput= 26568.634 tokens/s
[36m(run_dp_rank pid=3759696)[0m rank 2 peak_memory= 6.782 GiB
[36m(run_dp_rank pid=3759696)[0m rank 3 peak_memory= 8.739 GiB
[36m(run_dp_rank pid=3759696)[0m Memory breakdown (after 1st timed iter):
[36m(run_dp_rank pid=3759696)[0m   rank 2  allocated=6.782 GiB  reserved=43.734 GiB  params=0.000 GiB  grads=0.000 GiB  shard=1.680 GiB  other(acts+optim)=6.782 GiB
[36m(run_dp_rank pid=3759696)[0m   rank 3  allocated=8.739 GiB  reserved=42.498 GiB  params=0.000 GiB  grads=0.000 GiB  shard=1.680 GiB  other(acts+optim)=8.739 GiB
[36m(run_dp_rank pid=3759696)[0m 
[36m(run_dp_rank pid=3759696)[0m === Rank 2 per-task memory debug ===
[36m(run_dp_rank pid=3759696)[0m   iter start: alloc=6.782 GiB  reserved=41.977 GiB
[36m(run_dp_rank pid=3759696)[0m   t-02 alloc_full_params_s0_b-1_mb0: peak_alloc=8.829 GiB  peak_reserved=41.977 GiB  alloc_after=8.829 GiB  reserved_after=41.977 GiB
[36m(run_dp_rank pid=3759696)[0m   t-01 all_gather_s0_b0_mb0: peak_alloc=8.829 GiB  peak_reserved=41.977 GiB  alloc_after=8.829 GiB  reserved_after=41.977 GiB
[36m(run_dp_rank pid=3759696)[0m   t000 forward_s0_b0_mb0: peak_alloc=13.603 GiB  peak_reserved=41.977 GiB  alloc_after=13.556 GiB  reserved_after=41.977 GiB
[36m(run_dp_rank pid=3759696)[0m   t004 forward_s0_b0_mb1: peak_alloc=18.329 GiB  peak_reserved=41.977 GiB  alloc_after=18.282 GiB  reserved_after=41.977 GiB
[36m(run_dp_rank pid=3759696)[0m   t004 send_s0_b0_mb0: peak_alloc=18.282 GiB  peak_reserved=41.977 GiB  alloc_after=18.282 GiB  reserved_after=41.977 GiB
[36m(run_dp_rank pid=3759696)[0m   t004 recv_s2_b0_mb0: peak_alloc=18.306 GiB  peak_reserved=41.977 GiB  alloc_after=18.306 GiB  reserved_after=41.977 GiB
[36m(run_dp_rank pid=3759696)[0m   t005 free_full_params_s0_b-1_mb0: peak_alloc=18.306 GiB  peak_reserved=41.977 GiB  alloc_after=18.306 GiB  reserved_after=41.977 GiB
[36m(run_dp_rank pid=3759696)[0m   t006 alloc_full_params_s2_b-1_mb0: peak_alloc=19.618 GiB  peak_reserved=41.977 GiB  alloc_after=19.618 GiB  reserved_after=41.977 GiB
[36m(run_dp_rank pid=3759696)[0m   t007 all_gather_s2_b0_mb0: peak_alloc=19.618 GiB  peak_reserved=41.977 GiB  alloc_after=19.618 GiB  reserved_after=41.977 GiB
[36m(run_dp_rank pid=3759696)[0m   t008 forward_s2_b0_mb0: peak_alloc=24.392 GiB  peak_reserved=41.977 GiB  alloc_after=24.345 GiB  reserved_after=41.977 GiB
[36m(run_dp_rank pid=3759696)[0m   t008 send_s0_b0_mb1: peak_alloc=24.345 GiB  peak_reserved=41.977 GiB  alloc_after=24.345 GiB  reserved_after=41.977 GiB
[36m(run_dp_rank pid=3759696)[0m   t008 recv_s2_b0_mb1: peak_alloc=24.369 GiB  peak_reserved=41.977 GiB  alloc_after=24.369 GiB  reserved_after=41.977 GiB
[36m(run_dp_rank pid=3759696)[0m   t012 forward_s2_b0_mb1: peak_alloc=29.142 GiB  peak_reserved=41.977 GiB  alloc_after=29.095 GiB  reserved_after=41.977 GiB
[36m(run_dp_rank pid=3759696)[0m   t012 send_s2_b0_mb0: peak_alloc=29.095 GiB  peak_reserved=41.977 GiB  alloc_after=29.095 GiB  reserved_after=41.977 GiB
[36m(run_dp_rank pid=3759696)[0m   t013 free_full_params_s2_b-1_mb0: peak_alloc=29.095 GiB  peak_reserved=41.977 GiB  alloc_after=29.095 GiB  reserved_after=41.977 GiB
[36m(run_dp_rank pid=3759696)[0m   t014 alloc_full_params_s0_b-1_mb0: peak_alloc=29.095 GiB  peak_reserved=41.977 GiB  alloc_after=29.095 GiB  reserved_after=41.977 GiB
[36m(run_dp_rank pid=3759696)[0m   t015 all_gather_s0_b0_mb0: peak_alloc=29.095 GiB  peak_reserved=41.977 GiB  alloc_after=29.095 GiB  reserved_after=41.977 GiB
[36m(run_dp_rank pid=3759696)[0m   t016 forward_s0_b0_mb2: peak_alloc=33.869 GiB  peak_reserved=41.977 GiB  alloc_after=33.822 GiB  reserved_after=41.977 GiB
[36m(run_dp_rank pid=3759696)[0m   t016 send_s2_b0_mb1: peak_alloc=33.822 GiB  peak_reserved=41.977 GiB  alloc_after=33.822 GiB  reserved_after=41.977 GiB
[36m(run_dp_rank pid=3759696)[0m   t016 recv_s2_b0_mb0: peak_alloc=33.846 GiB  peak_reserved=41.977 GiB  alloc_after=33.846 GiB  reserved_after=41.977 GiB
[36m(run_dp_rank pid=3759696)[0m   t017 free_full_params_s0_b-1_mb0: peak_alloc=33.846 GiB  peak_reserved=41.977 GiB  alloc_after=33.846 GiB  reserved_after=41.977 GiB
[36m(run_dp_rank pid=3759696)[0m   t018 alloc_full_params_s2_b-1_mb0: peak_alloc=33.846 GiB  peak_reserved=41.977 GiB  alloc_after=33.846 GiB  reserved_after=41.977 GiB
[36m(run_dp_rank pid=3759696)[0m   t019 all_gather_s2_b0_mb0: peak_alloc=33.846 GiB  peak_reserved=41.977 GiB  alloc_after=33.846 GiB  reserved_after=41.977 GiB
[36m(run_dp_rank pid=3759696)[0m   t019 alloc_full_grads_s2_b-1_mb0: peak_alloc=35.158 GiB  peak_reserved=41.977 GiB  alloc_after=35.158 GiB  reserved_after=41.977 GiB
[36m(run_dp_rank pid=3759696)[0m   t020 backward_s2_b0_mb0: peak_alloc=35.283 GiB  peak_reserved=41.977 GiB  alloc_after=30.408 GiB  reserved_after=41.977 GiB
[36m(run_dp_rank pid=3759696)[0m   t020 send_s0_b0_mb2: peak_alloc=30.408 GiB  peak_reserved=41.977 GiB  alloc_after=30.408 GiB  reserved_after=41.977 GiB
[36m(run_dp_rank pid=3759696)[0m   t020 reduce_scatter_s2_b0_mb0: peak_alloc=31.064 GiB  peak_reserved=41.977 GiB  alloc_after=30.408 GiB  reserved_after=41.977 GiB
[36m(run_dp_rank pid=3759696)[0m   t020 free_full_grads_s2_b-1_mb0: peak_alloc=30.408 GiB  peak_reserved=41.977 GiB  alloc_after=29.095 GiB  reserved_after=41.977 GiB
[36m(run_dp_rank pid=3759696)[0m   t021 free_full_params_s2_b-1_mb0: peak_alloc=29.095 GiB  peak_reserved=41.977 GiB  alloc_after=29.095 GiB  reserved_after=41.977 GiB
[36m(run_dp_rank pid=3759696)[0m   t022 alloc_full_params_s0_b-1_mb0: peak_alloc=29.095 GiB  peak_reserved=41.977 GiB  alloc_after=29.095 GiB  reserved_after=41.977 GiB
[36m(run_dp_rank pid=3759696)[0m   t023 all_gather_s0_b0_mb0: peak_alloc=29.095 GiB  peak_reserved=41.977 GiB  alloc_after=29.095 GiB  reserved_after=41.977 GiB
[36m(run_dp_rank pid=3759696)[0m   t024 forward_s0_b0_mb3: peak_alloc=33.869 GiB  peak_reserved=41.977 GiB  alloc_after=33.822 GiB  reserved_after=41.977 GiB
[36m(run_dp_rank pid=3759696)[0m   t024 send_s2_b0_mb0: peak_alloc=33.822 GiB  peak_reserved=41.977 GiB  alloc_after=33.799 GiB  reserved_after=41.977 GiB
[36m(run_dp_rank pid=3759696)[0m   t024 recv_s2_b0_mb1: peak_alloc=33.822 GiB  peak_reserved=41.977 GiB  alloc_after=33.822 GiB  reserved_after=41.977 GiB
[36m(run_dp_rank pid=3759696)[0m   t025 free_full_params_s0_b-1_mb0: peak_alloc=33.822 GiB  peak_reserved=41.977 GiB  alloc_after=33.822 GiB  reserved_after=41.977 GiB
[36m(run_dp_rank pid=3759696)[0m   t026 alloc_full_params_s2_b-1_mb0: peak_alloc=33.822 GiB  peak_reserved=41.977 GiB  alloc_after=33.822 GiB  reserved_after=41.977 GiB
[36m(run_dp_rank pid=3759696)[0m   t027 all_gather_s2_b0_mb0: peak_alloc=33.822 GiB  peak_reserved=41.977 GiB  alloc_after=33.822 GiB  reserved_after=41.977 GiB
[36m(run_dp_rank pid=3759696)[0m   t027 alloc_full_grads_s2_b-1_mb0: peak_alloc=35.135 GiB  peak_reserved=41.977 GiB  alloc_after=35.135 GiB  reserved_after=41.977 GiB
[36m(run_dp_rank pid=3759696)[0m   t028 backward_s2_b0_mb1: peak_alloc=35.260 GiB  peak_reserved=41.977 GiB  alloc_after=30.385 GiB  reserved_after=41.977 GiB
[36m(run_dp_rank pid=3759696)[0m   t028 send_s0_b0_mb3: peak_alloc=30.385 GiB  peak_reserved=41.977 GiB  alloc_after=30.385 GiB  reserved_after=41.977 GiB
[36m(run_dp_rank pid=3759696)[0m   t028 recv_s2_b0_mb2: peak_alloc=30.408 GiB  peak_reserved=41.977 GiB  alloc_after=30.408 GiB  reserved_after=41.977 GiB
[36m(run_dp_rank pid=3759696)[0m   t028 reduce_scatter_s2_b0_mb1: peak_alloc=31.064 GiB  peak_reserved=41.977 GiB  alloc_after=30.408 GiB  reserved_after=41.977 GiB
[36m(run_dp_rank pid=3759696)[0m   t028 free_full_grads_s2_b-1_mb0: peak_alloc=30.408 GiB  peak_reserved=41.977 GiB  alloc_after=29.095 GiB  reserved_after=41.977 GiB
[36m(run_dp_rank pid=3759696)[0m   t032 forward_s2_b0_mb2: peak_alloc=33.869 GiB  peak_reserved=41.977 GiB  alloc_after=33.822 GiB  reserved_after=41.977 GiB
[36m(run_dp_rank pid=3759696)[0m   t032 send_s2_b0_mb1: peak_alloc=33.822 GiB  peak_reserved=41.977 GiB  alloc_after=33.799 GiB  reserved_after=41.977 GiB
[36m(run_dp_rank pid=3759696)[0m   t032 recv_s0_b0_mb0: peak_alloc=33.822 GiB  peak_reserved=41.977 GiB  alloc_after=33.822 GiB  reserved_after=41.977 GiB
[36m(run_dp_rank pid=3759696)[0m   t033 free_full_params_s2_b-1_mb0: peak_alloc=33.822 GiB  peak_reserved=41.977 GiB  alloc_after=33.822 GiB  reserved_after=41.977 GiB
[36m(run_dp_rank pid=3759696)[0m   t034 alloc_full_params_s0_b-1_mb0: peak_alloc=33.822 GiB  peak_reserved=41.977 GiB  alloc_after=33.822 GiB  reserved_after=41.977 GiB
[36m(run_dp_rank pid=3759696)[0m   t035 all_gather_s0_b0_mb0: peak_alloc=33.822 GiB  peak_reserved=41.977 GiB  alloc_after=33.822 GiB  reserved_after=41.977 GiB
[36m(run_dp_rank pid=3759696)[0m   t035 alloc_full_grads_s0_b-1_mb0: peak_alloc=35.869 GiB  peak_reserved=41.977 GiB  alloc_after=35.869 GiB  reserved_after=41.977 GiB
[36m(run_dp_rank pid=3759696)[0m   t036 backward_s0_b0_mb0: peak_alloc=35.994 GiB  peak_reserved=42.711 GiB  alloc_after=31.119 GiB  reserved_after=42.711 GiB
[36m(run_dp_rank pid=3759696)[0m   t036 send_s2_b0_mb2: peak_alloc=31.119 GiB  peak_reserved=42.711 GiB  alloc_after=31.119 GiB  reserved_after=42.711 GiB
[36m(run_dp_rank pid=3759696)[0m   t036 recv_s2_b0_mb3: peak_alloc=31.142 GiB  peak_reserved=42.711 GiB  alloc_after=31.142 GiB  reserved_after=42.711 GiB
[36m(run_dp_rank pid=3759696)[0m   t036 reduce_scatter_s0_b0_mb0: peak_alloc=32.166 GiB  peak_reserved=42.711 GiB  alloc_after=31.142 GiB  reserved_after=42.711 GiB
[36m(run_dp_rank pid=3759696)[0m   t036 free_full_grads_s0_b-1_mb0: peak_alloc=31.142 GiB  peak_reserved=42.711 GiB  alloc_after=29.095 GiB  reserved_after=42.711 GiB
[36m(run_dp_rank pid=3759696)[0m   t037 free_full_params_s0_b-1_mb0: peak_alloc=29.095 GiB  peak_reserved=42.711 GiB  alloc_after=29.095 GiB  reserved_after=42.711 GiB
[36m(run_dp_rank pid=3759696)[0m   t038 alloc_full_params_s2_b-1_mb0: peak_alloc=29.095 GiB  peak_reserved=42.711 GiB  alloc_after=29.095 GiB  reserved_after=42.711 GiB
[36m(run_dp_rank pid=3759696)[0m   t039 all_gather_s2_b0_mb0: peak_alloc=29.095 GiB  peak_reserved=42.711 GiB  alloc_after=29.095 GiB  reserved_after=42.711 GiB
[36m(run_dp_rank pid=3759696)[0m   t040 forward_s2_b0_mb3: peak_alloc=33.869 GiB  peak_reserved=42.711 GiB  alloc_after=33.822 GiB  reserved_after=42.711 GiB
[36m(run_dp_rank pid=3759696)[0m   t040 recv_s0_b0_mb1: peak_alloc=33.846 GiB  peak_reserved=42.711 GiB  alloc_after=33.846 GiB  reserved_after=42.711 GiB
[36m(run_dp_rank pid=3759696)[0m   t041 free_full_params_s2_b-1_mb0: peak_alloc=33.846 GiB  peak_reserved=42.711 GiB  alloc_after=33.846 GiB  reserved_after=42.711 GiB
[36m(run_dp_rank pid=3759696)[0m   t042 alloc_full_params_s0_b-1_mb0: peak_alloc=33.846 GiB  peak_reserved=42.711 GiB  alloc_after=33.846 GiB  reserved_after=42.711 GiB
[36m(run_dp_rank pid=3759696)[0m   t043 all_gather_s0_b0_mb0: peak_alloc=33.846 GiB  peak_reserved=42.711 GiB  alloc_after=33.846 GiB  reserved_after=42.711 GiB
[36m(run_dp_rank pid=3759696)[0m   t043 alloc_full_grads_s0_b-1_mb0: peak_alloc=35.893 GiB  peak_reserved=42.711 GiB  alloc_after=35.893 GiB  reserved_after=42.711 GiB
[36m(run_dp_rank pid=3759696)[0m   t044 backward_s0_b0_mb1: peak_alloc=36.018 GiB  peak_reserved=42.711 GiB  alloc_after=31.142 GiB  reserved_after=42.711 GiB
[36m(run_dp_rank pid=3759696)[0m   t044 send_s2_b0_mb3: peak_alloc=31.142 GiB  peak_reserved=42.711 GiB  alloc_after=31.142 GiB  reserved_after=42.711 GiB
[36m(run_dp_rank pid=3759696)[0m   t044 recv_s2_b0_mb2: peak_alloc=31.166 GiB  peak_reserved=42.711 GiB  alloc_after=31.166 GiB  reserved_after=42.711 GiB
[36m(run_dp_rank pid=3759696)[0m   t044 reduce_scatter_s0_b0_mb1: peak_alloc=32.189 GiB  peak_reserved=42.711 GiB  alloc_after=31.166 GiB  reserved_after=42.711 GiB
[36m(run_dp_rank pid=3759696)[0m   t044 free_full_grads_s0_b-1_mb0: peak_alloc=31.166 GiB  peak_reserved=42.711 GiB  alloc_after=29.119 GiB  reserved_after=42.711 GiB
[36m(run_dp_rank pid=3759696)[0m   t045 free_full_params_s0_b-1_mb0: peak_alloc=29.119 GiB  peak_reserved=42.711 GiB  alloc_after=29.119 GiB  reserved_after=42.711 GiB
[36m(run_dp_rank pid=3759696)[0m   t046 alloc_full_params_s2_b-1_mb0: peak_alloc=29.119 GiB  peak_reserved=42.711 GiB  alloc_after=29.119 GiB  reserved_after=42.711 GiB
[36m(run_dp_rank pid=3759696)[0m   t047 all_gather_s2_b0_mb0: peak_alloc=29.119 GiB  peak_reserved=42.711 GiB  alloc_after=29.119 GiB  reserved_after=42.711 GiB
[36m(run_dp_rank pid=3759696)[0m   t047 alloc_full_grads_s2_b-1_mb0: peak_alloc=30.432 GiB  peak_reserved=42.711 GiB  alloc_after=30.432 GiB  reserved_after=42.711 GiB
[36m(run_dp_rank pid=3759696)[0m   t048 backward_s2_b0_mb2: peak_alloc=30.557 GiB  peak_reserved=42.711 GiB  alloc_after=25.681 GiB  reserved_after=42.711 GiB
[36m(run_dp_rank pid=3759696)[0m   t048 recv_s2_b0_mb3: peak_alloc=25.705 GiB  peak_reserved=42.711 GiB  alloc_after=25.705 GiB  reserved_after=42.711 GiB
[36m(run_dp_rank pid=3759696)[0m   t052 backward_s2_b0_mb3: peak_alloc=25.830 GiB  peak_reserved=42.711 GiB  alloc_after=20.955 GiB  reserved_after=42.711 GiB
[36m(run_dp_rank pid=3759696)[0m   t052 send_s2_b0_mb2: peak_alloc=20.955 GiB  peak_reserved=42.711 GiB  alloc_after=20.931 GiB  reserved_after=42.711 GiB
[36m(run_dp_rank pid=3759696)[0m   t052 recv_s0_b0_mb2: peak_alloc=20.955 GiB  peak_reserved=42.711 GiB  alloc_after=20.955 GiB  reserved_after=42.711 GiB
[36m(run_dp_rank pid=3759696)[0m   t052 reduce_scatter_s2_b0_mb3: peak_alloc=21.611 GiB  peak_reserved=42.711 GiB  alloc_after=20.955 GiB  reserved_after=42.711 GiB
[36m(run_dp_rank pid=3759696)[0m   t052 free_full_grads_s2_b-1_mb0: peak_alloc=20.955 GiB  peak_reserved=42.711 GiB  alloc_after=19.642 GiB  reserved_after=42.711 GiB
[36m(run_dp_rank pid=3759696)[0m   t053 free_full_params_s2_b-1_mb0: peak_alloc=19.642 GiB  peak_reserved=42.711 GiB  alloc_after=19.642 GiB  reserved_after=42.711 GiB
[36m(run_dp_rank pid=3759696)[0m   t054 alloc_full_params_s0_b-1_mb0: peak_alloc=19.642 GiB  peak_reserved=42.711 GiB  alloc_after=19.642 GiB  reserved_after=42.711 GiB
[36m(run_dp_rank pid=3759696)[0m   t055 all_gather_s0_b0_mb0: peak_alloc=19.642 GiB  peak_reserved=42.711 GiB  alloc_after=19.642 GiB  reserved_after=42.711 GiB
[36m(run_dp_rank pid=3759696)[0m   t055 alloc_full_grads_s0_b-1_mb0: peak_alloc=21.689 GiB  peak_reserved=42.711 GiB  alloc_after=21.689 GiB  reserved_after=42.711 GiB
[36m(run_dp_rank pid=3759696)[0m   t056 backward_s0_b0_mb2: peak_alloc=21.814 GiB  peak_reserved=42.711 GiB  alloc_after=16.939 GiB  reserved_after=42.711 GiB
[36m(run_dp_rank pid=3759696)[0m   t056 send_s2_b0_mb3: peak_alloc=16.939 GiB  peak_reserved=42.711 GiB  alloc_after=16.915 GiB  reserved_after=42.711 GiB
[36m(run_dp_rank pid=3759696)[0m   t056 recv_s0_b0_mb3: peak_alloc=16.939 GiB  peak_reserved=42.711 GiB  alloc_after=16.939 GiB  reserved_after=42.711 GiB
[36m(run_dp_rank pid=3759696)[0m   t060 backward_s0_b0_mb3: peak_alloc=17.064 GiB  peak_reserved=42.711 GiB  alloc_after=12.188 GiB  reserved_after=42.711 GiB
[36m(run_dp_rank pid=3759696)[0m   t060 reduce_scatter_s0_b0_mb3: peak_alloc=13.212 GiB  peak_reserved=42.711 GiB  alloc_after=12.188 GiB  reserved_after=42.711 GiB
[36m(run_dp_rank pid=3759696)[0m   t060 free_full_grads_s0_b-1_mb0: peak_alloc=12.188 GiB  peak_reserved=42.711 GiB  alloc_after=10.142 GiB  reserved_after=42.711 GiB
[36m(run_dp_rank pid=3759696)[0m   t061 free_full_params_s0_b-1_mb0: peak_alloc=10.142 GiB  peak_reserved=42.711 GiB  alloc_after=10.142 GiB  reserved_after=42.711 GiB
[36m(run_dp_rank pid=3759696)[0m   t064 update_s0_b0_mb3: peak_alloc=11.165 GiB  peak_reserved=43.734 GiB  alloc_after=6.782 GiB  reserved_after=43.734 GiB
[36m(run_dp_rank pid=3759696)[0m 
[36m(run_dp_rank pid=3759696)[0m === Rank 3 per-task memory debug ===
[36m(run_dp_rank pid=3759696)[0m   iter start: alloc=8.739 GiB  reserved=38.584 GiB
[36m(run_dp_rank pid=3759696)[0m   t-04 recv_s1_b0_mb0: peak_alloc=8.762 GiB  peak_reserved=38.584 GiB  alloc_after=8.762 GiB  reserved_after=38.584 GiB
[36m(run_dp_rank pid=3759696)[0m   t-02 alloc_full_params_s1_b-1_mb0: peak_alloc=10.075 GiB  peak_reserved=38.584 GiB  alloc_after=10.075 GiB  reserved_after=38.584 GiB
[36m(run_dp_rank pid=3759696)[0m   t-01 all_gather_s1_b0_mb0: peak_alloc=10.075 GiB  peak_reserved=38.584 GiB  alloc_after=10.075 GiB  reserved_after=38.584 GiB
[36m(run_dp_rank pid=3759696)[0m   t000 forward_s1_b0_mb0: peak_alloc=14.848 GiB  peak_reserved=38.584 GiB  alloc_after=14.801 GiB  reserved_after=38.584 GiB
[36m(run_dp_rank pid=3759696)[0m   t000 recv_s1_b0_mb1: peak_alloc=14.825 GiB  peak_reserved=38.584 GiB  alloc_after=14.825 GiB  reserved_after=38.584 GiB
[36m(run_dp_rank pid=3759696)[0m   t004 forward_s1_b0_mb1: peak_alloc=19.599 GiB  peak_reserved=38.584 GiB  alloc_after=19.552 GiB  reserved_after=38.584 GiB
[36m(run_dp_rank pid=3759696)[0m   t004 recv_s3_b0_mb0: peak_alloc=19.575 GiB  peak_reserved=38.584 GiB  alloc_after=19.575 GiB  reserved_after=38.584 GiB
[36m(run_dp_rank pid=3759696)[0m   t004 send_s1_b0_mb0: peak_alloc=19.575 GiB  peak_reserved=38.584 GiB  alloc_after=19.575 GiB  reserved_after=38.584 GiB
[36m(run_dp_rank pid=3759696)[0m   t005 free_full_params_s1_b-1_mb0: peak_alloc=19.575 GiB  peak_reserved=38.584 GiB  alloc_after=19.575 GiB  reserved_after=38.584 GiB
[36m(run_dp_rank pid=3759696)[0m   t006 alloc_full_params_s3_b-1_mb0: peak_alloc=21.622 GiB  peak_reserved=38.584 GiB  alloc_after=21.622 GiB  reserved_after=38.584 GiB
[36m(run_dp_rank pid=3759696)[0m   t007 all_gather_s3_b0_mb0: peak_alloc=21.622 GiB  peak_reserved=38.584 GiB  alloc_after=21.622 GiB  reserved_after=38.584 GiB
[36m(run_dp_rank pid=3759696)[0m   t008 forward_s3_b0_mb0: peak_alloc=29.355 GiB  peak_reserved=38.584 GiB  alloc_after=28.376 GiB  reserved_after=38.584 GiB
[36m(run_dp_rank pid=3759696)[0m   t008 send_s1_b0_mb1: peak_alloc=28.376 GiB  peak_reserved=38.584 GiB  alloc_after=28.376 GiB  reserved_after=38.584 GiB
[36m(run_dp_rank pid=3759696)[0m   t011 alloc_full_grads_s3_b-1_mb0: peak_alloc=30.423 GiB  peak_reserved=38.584 GiB  alloc_after=30.423 GiB  reserved_after=38.584 GiB
[36m(run_dp_rank pid=3759696)[0m   t012 backward_s3_b0_mb0: peak_alloc=36.294 GiB  peak_reserved=42.498 GiB  alloc_after=23.669 GiB  reserved_after=42.498 GiB
[36m(run_dp_rank pid=3759696)[0m   t012 recv_s3_b0_mb1: peak_alloc=23.692 GiB  peak_reserved=42.498 GiB  alloc_after=23.692 GiB  reserved_after=42.498 GiB
[36m(run_dp_rank pid=3759696)[0m   t012 reduce_scatter_s3_b0_mb0: peak_alloc=24.716 GiB  peak_reserved=42.498 GiB  alloc_after=23.692 GiB  reserved_after=42.498 GiB
[36m(run_dp_rank pid=3759696)[0m   t012 free_full_grads_s3_b-1_mb0: peak_alloc=23.692 GiB  peak_reserved=42.498 GiB  alloc_after=21.645 GiB  reserved_after=42.498 GiB
[36m(run_dp_rank pid=3759696)[0m   t016 forward_s3_b0_mb1: peak_alloc=29.378 GiB  peak_reserved=42.498 GiB  alloc_after=28.400 GiB  reserved_after=42.498 GiB
[36m(run_dp_rank pid=3759696)[0m   t016 send_s3_b0_mb0: peak_alloc=28.400 GiB  peak_reserved=42.498 GiB  alloc_after=28.376 GiB  reserved_after=42.498 GiB
[36m(run_dp_rank pid=3759696)[0m   t019 alloc_full_grads_s3_b-1_mb0: peak_alloc=30.423 GiB  peak_reserved=42.498 GiB  alloc_after=30.423 GiB  reserved_after=42.498 GiB
[36m(run_dp_rank pid=3759696)[0m   t020 backward_s3_b0_mb1: peak_alloc=36.294 GiB  peak_reserved=42.498 GiB  alloc_after=23.669 GiB  reserved_after=42.498 GiB
[36m(run_dp_rank pid=3759696)[0m   t020 recv_s1_b0_mb2: peak_alloc=23.692 GiB  peak_reserved=42.498 GiB  alloc_after=23.692 GiB  reserved_after=42.498 GiB
[36m(run_dp_rank pid=3759696)[0m   t020 reduce_scatter_s3_b0_mb1: peak_alloc=24.716 GiB  peak_reserved=42.498 GiB  alloc_after=23.692 GiB  reserved_after=42.498 GiB
[36m(run_dp_rank pid=3759696)[0m   t020 free_full_grads_s3_b-1_mb0: peak_alloc=23.692 GiB  peak_reserved=42.498 GiB  alloc_after=21.645 GiB  reserved_after=42.498 GiB
[36m(run_dp_rank pid=3759696)[0m   t021 free_full_params_s3_b-1_mb0: peak_alloc=21.645 GiB  peak_reserved=42.498 GiB  alloc_after=21.645 GiB  reserved_after=42.498 GiB
[36m(run_dp_rank pid=3759696)[0m   t022 alloc_full_params_s1_b-1_mb0: peak_alloc=21.645 GiB  peak_reserved=42.498 GiB  alloc_after=21.645 GiB  reserved_after=42.498 GiB
[36m(run_dp_rank pid=3759696)[0m   t023 all_gather_s1_b0_mb0: peak_alloc=21.645 GiB  peak_reserved=42.498 GiB  alloc_after=21.645 GiB  reserved_after=42.498 GiB
[36m(run_dp_rank pid=3759696)[0m   t024 forward_s1_b0_mb2: peak_alloc=26.419 GiB  peak_reserved=42.498 GiB  alloc_after=26.372 GiB  reserved_after=42.498 GiB
[36m(run_dp_rank pid=3759696)[0m   t024 recv_s1_b0_mb0: peak_alloc=26.396 GiB  peak_reserved=42.498 GiB  alloc_after=26.396 GiB  reserved_after=42.498 GiB
[36m(run_dp_rank pid=3759696)[0m   t024 send_s3_b0_mb1: peak_alloc=26.396 GiB  peak_reserved=42.498 GiB  alloc_after=26.372 GiB  reserved_after=42.498 GiB
[36m(run_dp_rank pid=3759696)[0m   t027 alloc_full_grads_s1_b-1_mb0: peak_alloc=27.685 GiB  peak_reserved=42.498 GiB  alloc_after=27.685 GiB  reserved_after=42.498 GiB
[36m(run_dp_rank pid=3759696)[0m   t028 backward_s1_b0_mb0: peak_alloc=27.810 GiB  peak_reserved=42.498 GiB  alloc_after=22.935 GiB  reserved_after=42.498 GiB
[36m(run_dp_rank pid=3759696)[0m   t028 recv_s1_b0_mb3: peak_alloc=22.958 GiB  peak_reserved=42.498 GiB  alloc_after=22.958 GiB  reserved_after=42.498 GiB
[36m(run_dp_rank pid=3759696)[0m   t028 send_s1_b0_mb2: peak_alloc=22.958 GiB  peak_reserved=42.498 GiB  alloc_after=22.958 GiB  reserved_after=42.498 GiB
[36m(run_dp_rank pid=3759696)[0m   t028 reduce_scatter_s1_b0_mb0: peak_alloc=23.614 GiB  peak_reserved=42.498 GiB  alloc_after=22.958 GiB  reserved_after=42.498 GiB
[36m(run_dp_rank pid=3759696)[0m   t028 free_full_grads_s1_b-1_mb0: peak_alloc=22.958 GiB  peak_reserved=42.498 GiB  alloc_after=21.645 GiB  reserved_after=42.498 GiB
[36m(run_dp_rank pid=3759696)[0m   t032 forward_s1_b0_mb3: peak_alloc=26.419 GiB  peak_reserved=42.498 GiB  alloc_after=26.372 GiB  reserved_after=42.498 GiB
[36m(run_dp_rank pid=3759696)[0m   t032 recv_s1_b0_mb1: peak_alloc=26.396 GiB  peak_reserved=42.498 GiB  alloc_after=26.396 GiB  reserved_after=42.498 GiB
[36m(run_dp_rank pid=3759696)[0m   t032 send_s1_b0_mb0: peak_alloc=26.396 GiB  peak_reserved=42.498 GiB  alloc_after=26.372 GiB  reserved_after=42.498 GiB
[36m(run_dp_rank pid=3759696)[0m   t035 alloc_full_grads_s1_b-1_mb0: peak_alloc=27.685 GiB  peak_reserved=42.498 GiB  alloc_after=27.685 GiB  reserved_after=42.498 GiB
[36m(run_dp_rank pid=3759696)[0m   t036 backward_s1_b0_mb1: peak_alloc=27.810 GiB  peak_reserved=42.498 GiB  alloc_after=22.935 GiB  reserved_after=42.498 GiB
[36m(run_dp_rank pid=3759696)[0m   t036 recv_s3_b0_mb2: peak_alloc=22.958 GiB  peak_reserved=42.498 GiB  alloc_after=22.958 GiB  reserved_after=42.498 GiB
[36m(run_dp_rank pid=3759696)[0m   t036 send_s1_b0_mb3: peak_alloc=22.958 GiB  peak_reserved=42.498 GiB  alloc_after=22.958 GiB  reserved_after=42.498 GiB
[36m(run_dp_rank pid=3759696)[0m   t036 reduce_scatter_s1_b0_mb1: peak_alloc=23.614 GiB  peak_reserved=42.498 GiB  alloc_after=22.958 GiB  reserved_after=42.498 GiB
[36m(run_dp_rank pid=3759696)[0m   t036 free_full_grads_s1_b-1_mb0: peak_alloc=22.958 GiB  peak_reserved=42.498 GiB  alloc_after=21.645 GiB  reserved_after=42.498 GiB
[36m(run_dp_rank pid=3759696)[0m   t037 free_full_params_s1_b-1_mb0: peak_alloc=21.645 GiB  peak_reserved=42.498 GiB  alloc_after=21.645 GiB  reserved_after=42.498 GiB
[36m(run_dp_rank pid=3759696)[0m   t038 alloc_full_params_s3_b-1_mb0: peak_alloc=21.645 GiB  peak_reserved=42.498 GiB  alloc_after=21.645 GiB  reserved_after=42.498 GiB
[36m(run_dp_rank pid=3759696)[0m   t039 all_gather_s3_b0_mb0: peak_alloc=21.645 GiB  peak_reserved=42.498 GiB  alloc_after=21.645 GiB  reserved_after=42.498 GiB
[36m(run_dp_rank pid=3759696)[0m   t040 forward_s3_b0_mb2: peak_alloc=29.378 GiB  peak_reserved=42.498 GiB  alloc_after=28.400 GiB  reserved_after=42.498 GiB
[36m(run_dp_rank pid=3759696)[0m   t040 send_s1_b0_mb1: peak_alloc=28.400 GiB  peak_reserved=42.498 GiB  alloc_after=28.376 GiB  reserved_after=42.498 GiB
[36m(run_dp_rank pid=3759696)[0m   t043 alloc_full_grads_s3_b-1_mb0: peak_alloc=30.423 GiB  peak_reserved=42.498 GiB  alloc_after=30.423 GiB  reserved_after=42.498 GiB
[36m(run_dp_rank pid=3759696)[0m   t044 backward_s3_b0_mb2: peak_alloc=36.294 GiB  peak_reserved=42.498 GiB  alloc_after=23.669 GiB  reserved_after=42.498 GiB
[36m(run_dp_rank pid=3759696)[0m   t044 recv_s3_b0_mb3: peak_alloc=23.692 GiB  peak_reserved=42.498 GiB  alloc_after=23.692 GiB  reserved_after=42.498 GiB
[36m(run_dp_rank pid=3759696)[0m   t044 reduce_scatter_s3_b0_mb2: peak_alloc=24.716 GiB  peak_reserved=42.498 GiB  alloc_after=23.692 GiB  reserved_after=42.498 GiB
[36m(run_dp_rank pid=3759696)[0m   t044 free_full_grads_s3_b-1_mb0: peak_alloc=23.692 GiB  peak_reserved=42.498 GiB  alloc_after=21.645 GiB  reserved_after=42.498 GiB
[36m(run_dp_rank pid=3759696)[0m   t048 forward_s3_b0_mb3: peak_alloc=29.378 GiB  peak_reserved=42.498 GiB  alloc_after=28.400 GiB  reserved_after=42.498 GiB
[36m(run_dp_rank pid=3759696)[0m   t048 send_s3_b0_mb2: peak_alloc=28.400 GiB  peak_reserved=42.498 GiB  alloc_after=28.376 GiB  reserved_after=42.498 GiB
[36m(run_dp_rank pid=3759696)[0m   t051 alloc_full_grads_s3_b-1_mb0: peak_alloc=30.423 GiB  peak_reserved=42.498 GiB  alloc_after=30.423 GiB  reserved_after=42.498 GiB
[36m(run_dp_rank pid=3759696)[0m   t052 backward_s3_b0_mb3: peak_alloc=36.294 GiB  peak_reserved=42.498 GiB  alloc_after=23.669 GiB  reserved_after=42.498 GiB
[36m(run_dp_rank pid=3759696)[0m   t052 recv_s1_b0_mb2: peak_alloc=23.692 GiB  peak_reserved=42.498 GiB  alloc_after=23.692 GiB  reserved_after=42.498 GiB
[36m(run_dp_rank pid=3759696)[0m   t052 reduce_scatter_s3_b0_mb3: peak_alloc=24.716 GiB  peak_reserved=42.498 GiB  alloc_after=23.692 GiB  reserved_after=42.498 GiB
[36m(run_dp_rank pid=3759696)[0m   t052 free_full_grads_s3_b-1_mb0: peak_alloc=23.692 GiB  peak_reserved=42.498 GiB  alloc_after=21.645 GiB  reserved_after=42.498 GiB
[36m(run_dp_rank pid=3759696)[0m   t053 free_full_params_s3_b-1_mb0: peak_alloc=21.645 GiB  peak_reserved=42.498 GiB  alloc_after=21.645 GiB  reserved_after=42.498 GiB
[36m(run_dp_rank pid=3759696)[0m   t054 alloc_full_params_s1_b-1_mb0: peak_alloc=21.645 GiB  peak_reserved=42.498 GiB  alloc_after=21.645 GiB  reserved_after=42.498 GiB
[36m(run_dp_rank pid=3759696)[0m   t055 all_gather_s1_b0_mb0: peak_alloc=21.645 GiB  peak_reserved=42.498 GiB  alloc_after=21.645 GiB  reserved_after=42.498 GiB
[36m(run_dp_rank pid=3759696)[0m   t055 alloc_full_grads_s1_b-1_mb0: peak_alloc=22.958 GiB  peak_reserved=42.498 GiB  alloc_after=22.958 GiB  reserved_after=42.498 GiB
[36m(run_dp_rank pid=3759696)[0m   t056 backward_s1_b0_mb2: peak_alloc=23.083 GiB  peak_reserved=42.498 GiB  alloc_after=18.208 GiB  reserved_after=42.498 GiB
[36m(run_dp_rank pid=3759696)[0m   t056 recv_s1_b0_mb3: peak_alloc=18.231 GiB  peak_reserved=42.498 GiB  alloc_after=18.231 GiB  reserved_after=42.498 GiB
[36m(run_dp_rank pid=3759696)[0m   t056 send_s3_b0_mb3: peak_alloc=18.231 GiB  peak_reserved=42.498 GiB  alloc_after=18.208 GiB  reserved_after=42.498 GiB
[36m(run_dp_rank pid=3759696)[0m   t060 backward_s1_b0_mb3: peak_alloc=18.333 GiB  peak_reserved=42.498 GiB  alloc_after=13.458 GiB  reserved_after=42.498 GiB
[36m(run_dp_rank pid=3759696)[0m   t060 send_s1_b0_mb2: peak_alloc=13.458 GiB  peak_reserved=42.498 GiB  alloc_after=13.434 GiB  reserved_after=42.498 GiB
[36m(run_dp_rank pid=3759696)[0m   t060 reduce_scatter_s1_b0_mb3: peak_alloc=14.090 GiB  peak_reserved=42.498 GiB  alloc_after=13.434 GiB  reserved_after=42.498 GiB
[36m(run_dp_rank pid=3759696)[0m   t060 free_full_grads_s1_b-1_mb0: peak_alloc=13.434 GiB  peak_reserved=42.498 GiB  alloc_after=12.122 GiB  reserved_after=42.498 GiB
[36m(run_dp_rank pid=3759696)[0m   t061 free_full_params_s1_b-1_mb0: peak_alloc=12.122 GiB  peak_reserved=42.498 GiB  alloc_after=12.122 GiB  reserved_after=42.498 GiB
[36m(run_dp_rank pid=3759696)[0m   t064 update_s1_b0_mb3: peak_alloc=13.145 GiB  peak_reserved=42.498 GiB  alloc_after=8.762 GiB  reserved_after=42.498 GiB
[36m(run_dp_rank pid=3759696)[0m   t064 send_s1_b0_mb3: peak_alloc=8.762 GiB  peak_reserved=42.498 GiB  alloc_after=8.739 GiB  reserved_after=42.498 GiB
